ISO-10303-21;
HEADER;
/* Generated by software containing ST-Developer
 * from STEP Tools, Inc. (www.steptools.com) 
 */

FILE_DESCRIPTION(
/* description */ (''),
/* implementation_level */ '2;1');

FILE_NAME(
/* name */ 'table maia.step',
/* time_stamp */ '2026-01-14T23:27:45+01:00',
/* author */ (''),
/* organization */ (''),
/* preprocessor_version */ 'ST-DEVELOPER v20.1',
/* originating_system */ 'Autodesk Translation Framework v14.21.0.0',
/* authorisation */ '');

FILE_SCHEMA (('AUTOMOTIVE_DESIGN { 1 0 10303 214 3 1 1 }'));
ENDSEC;

DATA;
#10=MECHANICAL_DESIGN_GEOMETRIC_PRESENTATION_REPRESENTATION('',(#236,#237,
#238,#239,#240,#241,#242,#243,#244,#245,#246,#247,#248,#249,#250,#251,#252,
#253,#254,#255,#256,#257,#258,#259,#260,#261,#262,#263,#264,#265,#266,#267,
#268,#269,#270,#271,#272,#273),#12243);
#11=ITEM_DEFINED_TRANSFORMATION($,$,#7743,#8176);
#12=ITEM_DEFINED_TRANSFORMATION($,$,#7756,#8177);
#13=ITEM_DEFINED_TRANSFORMATION($,$,#7767,#8178);
#14=ITEM_DEFINED_TRANSFORMATION($,$,#7779,#8179);
#15=ITEM_DEFINED_TRANSFORMATION($,$,#7790,#8180);
#16=ITEM_DEFINED_TRANSFORMATION($,$,#7803,#8181);
#17=ITEM_DEFINED_TRANSFORMATION($,$,#7814,#8182);
#18=ITEM_DEFINED_TRANSFORMATION($,$,#7821,#8183);
#19=ITEM_DEFINED_TRANSFORMATION($,$,#7832,#8184);
#20=ITEM_DEFINED_TRANSFORMATION($,$,#7839,#8185);
#21=ITEM_DEFINED_TRANSFORMATION($,$,#7848,#8186);
#22=ITEM_DEFINED_TRANSFORMATION($,$,#7857,#8187);
#23=ITEM_DEFINED_TRANSFORMATION($,$,#7866,#8188);
#24=ITEM_DEFINED_TRANSFORMATION($,$,#7897,#8189);
#25=ITEM_DEFINED_TRANSFORMATION($,$,#7946,#8190);
#26=ITEM_DEFINED_TRANSFORMATION($,$,#7953,#8191);
#27=ITEM_DEFINED_TRANSFORMATION($,$,#7960,#8192);
#28=ITEM_DEFINED_TRANSFORMATION($,$,#7967,#8193);
#29=ITEM_DEFINED_TRANSFORMATION($,$,#7985,#8194);
#30=ITEM_DEFINED_TRANSFORMATION($,$,#7999,#8195);
#31=ITEM_DEFINED_TRANSFORMATION($,$,#8027,#8196);
#32=ITEM_DEFINED_TRANSFORMATION($,$,#8034,#8197);
#33=ITEM_DEFINED_TRANSFORMATION($,$,#8052,#8198);
#34=ITEM_DEFINED_TRANSFORMATION($,$,#8066,#8199);
#35=ITEM_DEFINED_TRANSFORMATION($,$,#8073,#8200);
#36=ITEM_DEFINED_TRANSFORMATION($,$,#8080,#8201);
#37=ITEM_DEFINED_TRANSFORMATION($,$,#8089,#8202);
#38=ITEM_DEFINED_TRANSFORMATION($,$,#8096,#8203);
#39=ITEM_DEFINED_TRANSFORMATION($,$,#8105,#8204);
#40=ITEM_DEFINED_TRANSFORMATION($,$,#8114,#8205);
#41=ITEM_DEFINED_TRANSFORMATION($,$,#8124,#8206);
#42=ITEM_DEFINED_TRANSFORMATION($,$,#8134,#8207);
#43=ITEM_DEFINED_TRANSFORMATION($,$,#8141,#8208);
#44=ITEM_DEFINED_TRANSFORMATION($,$,#8148,#8209);
#45=ITEM_DEFINED_TRANSFORMATION($,$,#8155,#8210);
#46=ITEM_DEFINED_TRANSFORMATION($,$,#8162,#8211);
#47=ITEM_DEFINED_TRANSFORMATION($,$,#8169,#8212);
#48=(
REPRESENTATION_RELATIONSHIP($,$,#12362,#12361)
REPRESENTATION_RELATIONSHIP_WITH_TRANSFORMATION(#11)
SHAPE_REPRESENTATION_RELATIONSHIP()
);
#49=(
REPRESENTATION_RELATIONSHIP($,$,#12363,#12361)
REPRESENTATION_RELATIONSHIP_WITH_TRANSFORMATION(#12)
SHAPE_REPRESENTATION_RELATIONSHIP()
);
#50=(
REPRESENTATION_RELATIONSHIP($,$,#12364,#12361)
REPRESENTATION_RELATIONSHIP_WITH_TRANSFORMATION(#13)
SHAPE_REPRESENTATION_RELATIONSHIP()
);
#51=(
REPRESENTATION_RELATIONSHIP($,$,#12365,#12361)
REPRESENTATION_RELATIONSHIP_WITH_TRANSFORMATION(#14)
SHAPE_REPRESENTATION_RELATIONSHIP()
);
#52=(
REPRESENTATION_RELATIONSHIP($,$,#12366,#12361)
REPRESENTATION_RELATIONSHIP_WITH_TRANSFORMATION(#15)
SHAPE_REPRESENTATION_RELATIONSHIP()
);
#53=(
REPRESENTATION_RELATIONSHIP($,$,#12367,#12361)
REPRESENTATION_RELATIONSHIP_WITH_TRANSFORMATION(#16)
SHAPE_REPRESENTATION_RELATIONSHIP()
);
#54=(
REPRESENTATION_RELATIONSHIP($,$,#12368,#12361)
REPRESENTATION_RELATIONSHIP_WITH_TRANSFORMATION(#17)
SHAPE_REPRESENTATION_RELATIONSHIP()
);
#55=(
REPRESENTATION_RELATIONSHIP($,$,#12369,#12361)
REPRESENTATION_RELATIONSHIP_WITH_TRANSFORMATION(#18)
SHAPE_REPRESENTATION_RELATIONSHIP()
);
#56=(
REPRESENTATION_RELATIONSHIP($,$,#12370,#12361)
REPRESENTATION_RELATIONSHIP_WITH_TRANSFORMATION(#19)
SHAPE_REPRESENTATION_RELATIONSHIP()
);
#57=(
REPRESENTATION_RELATIONSHIP($,$,#12371,#12361)
REPRESENTATION_RELATIONSHIP_WITH_TRANSFORMATION(#20)
SHAPE_REPRESENTATION_RELATIONSHIP()
);
#58=(
REPRESENTATION_RELATIONSHIP($,$,#12372,#12361)
REPRESENTATION_RELATIONSHIP_WITH_TRANSFORMATION(#21)
SHAPE_REPRESENTATION_RELATIONSHIP()
);
#59=(
REPRESENTATION_RELATIONSHIP($,$,#12373,#12361)
REPRESENTATION_RELATIONSHIP_WITH_TRANSFORMATION(#22)
SHAPE_REPRESENTATION_RELATIONSHIP()
);
#60=(
REPRESENTATION_RELATIONSHIP($,$,#12374,#12361)
REPRESENTATION_RELATIONSHIP_WITH_TRANSFORMATION(#23)
SHAPE_REPRESENTATION_RELATIONSHIP()
);
#61=(
REPRESENTATION_RELATIONSHIP($,$,#12375,#12361)
REPRESENTATION_RELATIONSHIP_WITH_TRANSFORMATION(#24)
SHAPE_REPRESENTATION_RELATIONSHIP()
);
#62=(
REPRESENTATION_RELATIONSHIP($,$,#12376,#12361)
REPRESENTATION_RELATIONSHIP_WITH_TRANSFORMATION(#25)
SHAPE_REPRESENTATION_RELATIONSHIP()
);
#63=(
REPRESENTATION_RELATIONSHIP($,$,#12377,#12361)
REPRESENTATION_RELATIONSHIP_WITH_TRANSFORMATION(#26)
SHAPE_REPRESENTATION_RELATIONSHIP()
);
#64=(
REPRESENTATION_RELATIONSHIP($,$,#12378,#12361)
REPRESENTATION_RELATIONSHIP_WITH_TRANSFORMATION(#27)
SHAPE_REPRESENTATION_RELATIONSHIP()
);
#65=(
REPRESENTATION_RELATIONSHIP($,$,#12379,#12361)
REPRESENTATION_RELATIONSHIP_WITH_TRANSFORMATION(#28)
SHAPE_REPRESENTATION_RELATIONSHIP()
);
#66=(
REPRESENTATION_RELATIONSHIP($,$,#12380,#12361)
REPRESENTATION_RELATIONSHIP_WITH_TRANSFORMATION(#29)
SHAPE_REPRESENTATION_RELATIONSHIP()
);
#67=(
REPRESENTATION_RELATIONSHIP($,$,#12381,#12361)
REPRESENTATION_RELATIONSHIP_WITH_TRANSFORMATION(#30)
SHAPE_REPRESENTATION_RELATIONSHIP()
);
#68=(
REPRESENTATION_RELATIONSHIP($,$,#12382,#12361)
REPRESENTATION_RELATIONSHIP_WITH_TRANSFORMATION(#31)
SHAPE_REPRESENTATION_RELATIONSHIP()
);
#69=(
REPRESENTATION_RELATIONSHIP($,$,#12383,#12361)
REPRESENTATION_RELATIONSHIP_WITH_TRANSFORMATION(#32)
SHAPE_REPRESENTATION_RELATIONSHIP()
);
#70=(
REPRESENTATION_RELATIONSHIP($,$,#12384,#12361)
REPRESENTATION_RELATIONSHIP_WITH_TRANSFORMATION(#33)
SHAPE_REPRESENTATION_RELATIONSHIP()
);
#71=(
REPRESENTATION_RELATIONSHIP($,$,#12385,#12361)
REPRESENTATION_RELATIONSHIP_WITH_TRANSFORMATION(#34)
SHAPE_REPRESENTATION_RELATIONSHIP()
);
#72=(
REPRESENTATION_RELATIONSHIP($,$,#12386,#12361)
REPRESENTATION_RELATIONSHIP_WITH_TRANSFORMATION(#35)
SHAPE_REPRESENTATION_RELATIONSHIP()
);
#73=(
REPRESENTATION_RELATIONSHIP($,$,#12387,#12361)
REPRESENTATION_RELATIONSHIP_WITH_TRANSFORMATION(#36)
SHAPE_REPRESENTATION_RELATIONSHIP()
);
#74=(
REPRESENTATION_RELATIONSHIP($,$,#12388,#12361)
REPRESENTATION_RELATIONSHIP_WITH_TRANSFORMATION(#37)
SHAPE_REPRESENTATION_RELATIONSHIP()
);
#75=(
REPRESENTATION_RELATIONSHIP($,$,#12389,#12361)
REPRESENTATION_RELATIONSHIP_WITH_TRANSFORMATION(#38)
SHAPE_REPRESENTATION_RELATIONSHIP()
);
#76=(
REPRESENTATION_RELATIONSHIP($,$,#12390,#12361)
REPRESENTATION_RELATIONSHIP_WITH_TRANSFORMATION(#39)
SHAPE_REPRESENTATION_RELATIONSHIP()
);
#77=(
REPRESENTATION_RELATIONSHIP($,$,#12391,#12361)
REPRESENTATION_RELATIONSHIP_WITH_TRANSFORMATION(#40)
SHAPE_REPRESENTATION_RELATIONSHIP()
);
#78=(
REPRESENTATION_RELATIONSHIP($,$,#12392,#12361)
REPRESENTATION_RELATIONSHIP_WITH_TRANSFORMATION(#41)
SHAPE_REPRESENTATION_RELATIONSHIP()
);
#79=(
REPRESENTATION_RELATIONSHIP($,$,#12393,#12361)
REPRESENTATION_RELATIONSHIP_WITH_TRANSFORMATION(#42)
SHAPE_REPRESENTATION_RELATIONSHIP()
);
#80=(
REPRESENTATION_RELATIONSHIP($,$,#12394,#12361)
REPRESENTATION_RELATIONSHIP_WITH_TRANSFORMATION(#43)
SHAPE_REPRESENTATION_RELATIONSHIP()
);
#81=(
REPRESENTATION_RELATIONSHIP($,$,#12395,#12361)
REPRESENTATION_RELATIONSHIP_WITH_TRANSFORMATION(#44)
SHAPE_REPRESENTATION_RELATIONSHIP()
);
#82=(
REPRESENTATION_RELATIONSHIP($,$,#12396,#12361)
REPRESENTATION_RELATIONSHIP_WITH_TRANSFORMATION(#45)
SHAPE_REPRESENTATION_RELATIONSHIP()
);
#83=(
REPRESENTATION_RELATIONSHIP($,$,#12397,#12361)
REPRESENTATION_RELATIONSHIP_WITH_TRANSFORMATION(#46)
SHAPE_REPRESENTATION_RELATIONSHIP()
);
#84=(
REPRESENTATION_RELATIONSHIP($,$,#12398,#12361)
REPRESENTATION_RELATIONSHIP_WITH_TRANSFORMATION(#47)
SHAPE_REPRESENTATION_RELATIONSHIP()
);
#85=CONTEXT_DEPENDENT_SHAPE_REPRESENTATION(#48,#12324);
#86=CONTEXT_DEPENDENT_SHAPE_REPRESENTATION(#49,#12325);
#87=CONTEXT_DEPENDENT_SHAPE_REPRESENTATION(#50,#12326);
#88=CONTEXT_DEPENDENT_SHAPE_REPRESENTATION(#51,#12327);
#89=CONTEXT_DEPENDENT_SHAPE_REPRESENTATION(#52,#12328);
#90=CONTEXT_DEPENDENT_SHAPE_REPRESENTATION(#53,#12329);
#91=CONTEXT_DEPENDENT_SHAPE_REPRESENTATION(#54,#12330);
#92=CONTEXT_DEPENDENT_SHAPE_REPRESENTATION(#55,#12331);
#93=CONTEXT_DEPENDENT_SHAPE_REPRESENTATION(#56,#12332);
#94=CONTEXT_DEPENDENT_SHAPE_REPRESENTATION(#57,#12333);
#95=CONTEXT_DEPENDENT_SHAPE_REPRESENTATION(#58,#12334);
#96=CONTEXT_DEPENDENT_SHAPE_REPRESENTATION(#59,#12335);
#97=CONTEXT_DEPENDENT_SHAPE_REPRESENTATION(#60,#12336);
#98=CONTEXT_DEPENDENT_SHAPE_REPRESENTATION(#61,#12337);
#99=CONTEXT_DEPENDENT_SHAPE_REPRESENTATION(#62,#12338);
#100=CONTEXT_DEPENDENT_SHAPE_REPRESENTATION(#63,#12339);
#101=CONTEXT_DEPENDENT_SHAPE_REPRESENTATION(#64,#12340);
#102=CONTEXT_DEPENDENT_SHAPE_REPRESENTATION(#65,#12341);
#103=CONTEXT_DEPENDENT_SHAPE_REPRESENTATION(#66,#12342);
#104=CONTEXT_DEPENDENT_SHAPE_REPRESENTATION(#67,#12343);
#105=CONTEXT_DEPENDENT_SHAPE_REPRESENTATION(#68,#12344);
#106=CONTEXT_DEPENDENT_SHAPE_REPRESENTATION(#69,#12345);
#107=CONTEXT_DEPENDENT_SHAPE_REPRESENTATION(#70,#12346);
#108=CONTEXT_DEPENDENT_SHAPE_REPRESENTATION(#71,#12347);
#109=CONTEXT_DEPENDENT_SHAPE_REPRESENTATION(#72,#12348);
#110=CONTEXT_DEPENDENT_SHAPE_REPRESENTATION(#73,#12349);
#111=CONTEXT_DEPENDENT_SHAPE_REPRESENTATION(#74,#12350);
#112=CONTEXT_DEPENDENT_SHAPE_REPRESENTATION(#75,#12351);
#113=CONTEXT_DEPENDENT_SHAPE_REPRESENTATION(#76,#12352);
#114=CONTEXT_DEPENDENT_SHAPE_REPRESENTATION(#77,#12353);
#115=CONTEXT_DEPENDENT_SHAPE_REPRESENTATION(#78,#12354);
#116=CONTEXT_DEPENDENT_SHAPE_REPRESENTATION(#79,#12355);
#117=CONTEXT_DEPENDENT_SHAPE_REPRESENTATION(#80,#12356);
#118=CONTEXT_DEPENDENT_SHAPE_REPRESENTATION(#81,#12357);
#119=CONTEXT_DEPENDENT_SHAPE_REPRESENTATION(#82,#12358);
#120=CONTEXT_DEPENDENT_SHAPE_REPRESENTATION(#83,#12359);
#121=CONTEXT_DEPENDENT_SHAPE_REPRESENTATION(#84,#12360);
#122=NEXT_ASSEMBLY_USAGE_OCCURRENCE('Composant1:1','Composant1:1',
'Composant1:1',#12400,#12401,'Composant1:1');
#123=NEXT_ASSEMBLY_USAGE_OCCURRENCE('Composant2:1','Composant2:1',
'Composant2:1',#12400,#12402,'Composant2:1');
#124=NEXT_ASSEMBLY_USAGE_OCCURRENCE('Composant3:1','Composant3:1',
'Composant3:1',#12400,#12403,'Composant3:1');
#125=NEXT_ASSEMBLY_USAGE_OCCURRENCE('Composant5:1','Composant5:1',
'Composant5:1',#12400,#12404,'Composant5:1');
#126=NEXT_ASSEMBLY_USAGE_OCCURRENCE('Composant6:1','Composant6:1',
'Composant6:1',#12400,#12405,'Composant6:1');
#127=NEXT_ASSEMBLY_USAGE_OCCURRENCE('Composant7:1','Composant7:1',
'Composant7:1',#12400,#12406,'Composant7:1');
#128=NEXT_ASSEMBLY_USAGE_OCCURRENCE('Composant9:1','Composant9:1',
'Composant9:1',#12400,#12407,'Composant9:1');
#129=NEXT_ASSEMBLY_USAGE_OCCURRENCE('Composant10:1','Composant10:1',
'Composant10:1',#12400,#12408,'Composant10:1');
#130=NEXT_ASSEMBLY_USAGE_OCCURRENCE('Composant11:1','Composant11:1',
'Composant11:1',#12400,#12409,'Composant11:1');
#131=NEXT_ASSEMBLY_USAGE_OCCURRENCE('Composant12:1','Composant12:1',
'Composant12:1',#12400,#12410,'Composant12:1');
#132=NEXT_ASSEMBLY_USAGE_OCCURRENCE('Composant13:1','Composant13:1',
'Composant13:1',#12400,#12411,'Composant13:1');
#133=NEXT_ASSEMBLY_USAGE_OCCURRENCE('Composant15:1','Composant15:1',
'Composant15:1',#12400,#12412,'Composant15:1');
#134=NEXT_ASSEMBLY_USAGE_OCCURRENCE('Composant16:1','Composant16:1',
'Composant16:1',#12400,#12413,'Composant16:1');
#135=NEXT_ASSEMBLY_USAGE_OCCURRENCE('Composant19:1','Composant19:1',
'Composant19:1',#12400,#12414,'Composant19:1');
#136=NEXT_ASSEMBLY_USAGE_OCCURRENCE('glissiere 1:1','glissiere 1:1',
'glissiere 1:1',#12400,#12415,'glissiere 1:1');
#137=NEXT_ASSEMBLY_USAGE_OCCURRENCE('glissiere 2:1','glissiere 2:1',
'glissiere 2:1',#12400,#12416,'glissiere 2:1');
#138=NEXT_ASSEMBLY_USAGE_OCCURRENCE('glissiere 3:1','glissiere 3:1',
'glissiere 3:1',#12400,#12417,'glissiere 3:1');
#139=NEXT_ASSEMBLY_USAGE_OCCURRENCE('glissiere 4:1','glissiere 4:1',
'glissiere 4:1',#12400,#12418,'glissiere 4:1');
#140=NEXT_ASSEMBLY_USAGE_OCCURRENCE('Composant31:1','Composant31:1',
'Composant31:1',#12400,#12419,'Composant31:1');
#141=NEXT_ASSEMBLY_USAGE_OCCURRENCE('Composant32:1','Composant32:1',
'Composant32:1',#12400,#12420,'Composant32:1');
#142=NEXT_ASSEMBLY_USAGE_OCCURRENCE('Composant34:1','Composant34:1',
'Composant34:1',#12400,#12421,'Composant34:1');
#143=NEXT_ASSEMBLY_USAGE_OCCURRENCE('Composant35:1','Composant35:1',
'Composant35:1',#12400,#12422,'Composant35:1');
#144=NEXT_ASSEMBLY_USAGE_OCCURRENCE('Composant36:1','Composant36:1',
'Composant36:1',#12400,#12423,'Composant36:1');
#145=NEXT_ASSEMBLY_USAGE_OCCURRENCE('Composant38:1','Composant38:1',
'Composant38:1',#12400,#12424,'Composant38:1');
#146=NEXT_ASSEMBLY_USAGE_OCCURRENCE('Composant41:1','Composant41:1',
'Composant41:1',#12400,#12425,'Composant41:1');
#147=NEXT_ASSEMBLY_USAGE_OCCURRENCE('Composant42:1','Composant42:1',
'Composant42:1',#12400,#12426,'Composant42:1');
#148=NEXT_ASSEMBLY_USAGE_OCCURRENCE('Composant43:1','Composant43:1',
'Composant43:1',#12400,#12427,'Composant43:1');
#149=NEXT_ASSEMBLY_USAGE_OCCURRENCE('Composant44:1','Composant44:1',
'Composant44:1',#12400,#12428,'Composant44:1');
#150=NEXT_ASSEMBLY_USAGE_OCCURRENCE('Composant45:1','Composant45:1',
'Composant45:1',#12400,#12429,'Composant45:1');
#151=NEXT_ASSEMBLY_USAGE_OCCURRENCE('Composant46:1','Composant46:1',
'Composant46:1',#12400,#12430,'Composant46:1');
#152=NEXT_ASSEMBLY_USAGE_OCCURRENCE('Composant47:1','Composant47:1',
'Composant47:1',#12400,#12431,'Composant47:1');
#153=NEXT_ASSEMBLY_USAGE_OCCURRENCE('Composant48:1','Composant48:1',
'Composant48:1',#12400,#12432,'Composant48:1');
#154=NEXT_ASSEMBLY_USAGE_OCCURRENCE('Composant49:1','Composant49:1',
'Composant49:1',#12400,#12433,'Composant49:1');
#155=NEXT_ASSEMBLY_USAGE_OCCURRENCE('Composant50:1','Composant50:1',
'Composant50:1',#12400,#12434,'Composant50:1');
#156=NEXT_ASSEMBLY_USAGE_OCCURRENCE('Composant51:1','Composant51:1',
'Composant51:1',#12400,#12435,'Composant51:1');
#157=NEXT_ASSEMBLY_USAGE_OCCURRENCE('Composant52:1','Composant52:1',
'Composant52:1',#12400,#12436,'Composant52:1');
#158=NEXT_ASSEMBLY_USAGE_OCCURRENCE('Composant53:1','Composant53:1',
'Composant53:1',#12400,#12437,'Composant53:1');
#159=FACE_BOUND('',#733,.T.);
#160=FACE_BOUND('',#882,.T.);
#161=FACE_BOUND('',#883,.T.);
#162=SHAPE_REPRESENTATION_RELATIONSHIP('SRR','None',#12362,#199);
#163=SHAPE_REPRESENTATION_RELATIONSHIP('SRR','None',#12363,#200);
#164=SHAPE_REPRESENTATION_RELATIONSHIP('SRR','None',#12364,#201);
#165=SHAPE_REPRESENTATION_RELATIONSHIP('SRR','None',#12365,#202);
#166=SHAPE_REPRESENTATION_RELATIONSHIP('SRR','None',#12366,#203);
#167=SHAPE_REPRESENTATION_RELATIONSHIP('SRR','None',#12367,#204);
#168=SHAPE_REPRESENTATION_RELATIONSHIP('SRR','None',#12368,#205);
#169=SHAPE_REPRESENTATION_RELATIONSHIP('SRR','None',#12369,#206);
#170=SHAPE_REPRESENTATION_RELATIONSHIP('SRR','None',#12370,#207);
#171=SHAPE_REPRESENTATION_RELATIONSHIP('SRR','None',#12371,#208);
#172=SHAPE_REPRESENTATION_RELATIONSHIP('SRR','None',#12372,#209);
#173=SHAPE_REPRESENTATION_RELATIONSHIP('SRR','None',#12373,#210);
#174=SHAPE_REPRESENTATION_RELATIONSHIP('SRR','None',#12374,#211);
#175=SHAPE_REPRESENTATION_RELATIONSHIP('SRR','None',#12375,#212);
#176=SHAPE_REPRESENTATION_RELATIONSHIP('SRR','None',#12376,#213);
#177=SHAPE_REPRESENTATION_RELATIONSHIP('SRR','None',#12377,#214);
#178=SHAPE_REPRESENTATION_RELATIONSHIP('SRR','None',#12378,#215);
#179=SHAPE_REPRESENTATION_RELATIONSHIP('SRR','None',#12379,#216);
#180=SHAPE_REPRESENTATION_RELATIONSHIP('SRR','None',#12380,#217);
#181=SHAPE_REPRESENTATION_RELATIONSHIP('SRR','None',#12381,#218);
#182=SHAPE_REPRESENTATION_RELATIONSHIP('SRR','None',#12382,#219);
#183=SHAPE_REPRESENTATION_RELATIONSHIP('SRR','None',#12383,#220);
#184=SHAPE_REPRESENTATION_RELATIONSHIP('SRR','None',#12384,#221);
#185=SHAPE_REPRESENTATION_RELATIONSHIP('SRR','None',#12385,#222);
#186=SHAPE_REPRESENTATION_RELATIONSHIP('SRR','None',#12386,#223);
#187=SHAPE_REPRESENTATION_RELATIONSHIP('SRR','None',#12387,#224);
#188=SHAPE_REPRESENTATION_RELATIONSHIP('SRR','None',#12388,#225);
#189=SHAPE_REPRESENTATION_RELATIONSHIP('SRR','None',#12389,#226);
#190=SHAPE_REPRESENTATION_RELATIONSHIP('SRR','None',#12390,#227);
#191=SHAPE_REPRESENTATION_RELATIONSHIP('SRR','None',#12391,#228);
#192=SHAPE_REPRESENTATION_RELATIONSHIP('SRR','None',#12392,#229);
#193=SHAPE_REPRESENTATION_RELATIONSHIP('SRR','None',#12393,#230);
#194=SHAPE_REPRESENTATION_RELATIONSHIP('SRR','None',#12394,#231);
#195=SHAPE_REPRESENTATION_RELATIONSHIP('SRR','None',#12395,#232);
#196=SHAPE_REPRESENTATION_RELATIONSHIP('SRR','None',#12396,#233);
#197=SHAPE_REPRESENTATION_RELATIONSHIP('SRR','None',#12397,#234);
#198=SHAPE_REPRESENTATION_RELATIONSHIP('SRR','None',#12398,#235);
#199=ADVANCED_BREP_SHAPE_REPRESENTATION('',(#274),#12206);
#200=ADVANCED_BREP_SHAPE_REPRESENTATION('',(#275),#12207);
#201=ADVANCED_BREP_SHAPE_REPRESENTATION('',(#276),#12208);
#202=ADVANCED_BREP_SHAPE_REPRESENTATION('',(#277),#12209);
#203=ADVANCED_BREP_SHAPE_REPRESENTATION('',(#278),#12210);
#204=ADVANCED_BREP_SHAPE_REPRESENTATION('',(#279),#12211);
#205=ADVANCED_BREP_SHAPE_REPRESENTATION('',(#280),#12212);
#206=ADVANCED_BREP_SHAPE_REPRESENTATION('',(#281),#12213);
#207=ADVANCED_BREP_SHAPE_REPRESENTATION('',(#282),#12214);
#208=ADVANCED_BREP_SHAPE_REPRESENTATION('',(#283),#12215);
#209=ADVANCED_BREP_SHAPE_REPRESENTATION('',(#284),#12216);
#210=ADVANCED_BREP_SHAPE_REPRESENTATION('',(#285),#12217);
#211=ADVANCED_BREP_SHAPE_REPRESENTATION('',(#286),#12218);
#212=ADVANCED_BREP_SHAPE_REPRESENTATION('',(#287),#12219);
#213=ADVANCED_BREP_SHAPE_REPRESENTATION('',(#288),#12220);
#214=ADVANCED_BREP_SHAPE_REPRESENTATION('',(#289),#12221);
#215=ADVANCED_BREP_SHAPE_REPRESENTATION('',(#290),#12222);
#216=ADVANCED_BREP_SHAPE_REPRESENTATION('',(#291),#12223);
#217=ADVANCED_BREP_SHAPE_REPRESENTATION('',(#292),#12224);
#218=ADVANCED_BREP_SHAPE_REPRESENTATION('',(#293),#12225);
#219=ADVANCED_BREP_SHAPE_REPRESENTATION('',(#294),#12226);
#220=ADVANCED_BREP_SHAPE_REPRESENTATION('',(#295),#12227);
#221=ADVANCED_BREP_SHAPE_REPRESENTATION('',(#296),#12228);
#222=ADVANCED_BREP_SHAPE_REPRESENTATION('',(#297),#12229);
#223=ADVANCED_BREP_SHAPE_REPRESENTATION('',(#298),#12230);
#224=ADVANCED_BREP_SHAPE_REPRESENTATION('',(#299),#12231);
#225=ADVANCED_BREP_SHAPE_REPRESENTATION('',(#300),#12232);
#226=ADVANCED_BREP_SHAPE_REPRESENTATION('',(#301),#12233);
#227=ADVANCED_BREP_SHAPE_REPRESENTATION('',(#302),#12234);
#228=ADVANCED_BREP_SHAPE_REPRESENTATION('',(#303),#12235);
#229=ADVANCED_BREP_SHAPE_REPRESENTATION('',(#304),#12236);
#230=ADVANCED_BREP_SHAPE_REPRESENTATION('',(#305),#12237);
#231=ADVANCED_BREP_SHAPE_REPRESENTATION('',(#306),#12238);
#232=ADVANCED_BREP_SHAPE_REPRESENTATION('',(#307),#12239);
#233=ADVANCED_BREP_SHAPE_REPRESENTATION('',(#308),#12240);
#234=ADVANCED_BREP_SHAPE_REPRESENTATION('',(#309),#12241);
#235=ADVANCED_BREP_SHAPE_REPRESENTATION('',(#310),#12242);
#236=STYLED_ITEM('',(#12556),#274);
#237=STYLED_ITEM('',(#12556),#275);
#238=STYLED_ITEM('',(#12556),#6928);
#239=STYLED_ITEM('',(#12556),#276);
#240=STYLED_ITEM('',(#12556),#277);
#241=STYLED_ITEM('',(#12556),#278);
#242=STYLED_ITEM('',(#12556),#279);
#243=STYLED_ITEM('',(#12556),#280);
#244=STYLED_ITEM('',(#12556),#281);
#245=STYLED_ITEM('',(#12556),#282);
#246=STYLED_ITEM('',(#12556),#283);
#247=STYLED_ITEM('',(#12556),#284);
#248=STYLED_ITEM('',(#12556),#285);
#249=STYLED_ITEM('',(#12556),#286);
#250=STYLED_ITEM('',(#12556),#287);
#251=STYLED_ITEM('',(#12556),#288);
#252=STYLED_ITEM('',(#12556),#289);
#253=STYLED_ITEM('',(#12556),#290);
#254=STYLED_ITEM('',(#12556),#291);
#255=STYLED_ITEM('',(#12556),#292);
#256=STYLED_ITEM('',(#12556),#293);
#257=STYLED_ITEM('',(#12556),#294);
#258=STYLED_ITEM('',(#12556),#295);
#259=STYLED_ITEM('',(#12556),#296);
#260=STYLED_ITEM('',(#12556),#297);
#261=STYLED_ITEM('',(#12556),#298);
#262=STYLED_ITEM('',(#12556),#299);
#263=STYLED_ITEM('',(#12556),#300);
#264=STYLED_ITEM('',(#12556),#301);
#265=STYLED_ITEM('',(#12556),#302);
#266=STYLED_ITEM('',(#12556),#303);
#267=STYLED_ITEM('',(#12556),#304);
#268=STYLED_ITEM('',(#12556),#305);
#269=STYLED_ITEM('',(#12556),#306);
#270=STYLED_ITEM('',(#12556),#307);
#271=STYLED_ITEM('',(#12556),#308);
#272=STYLED_ITEM('',(#12556),#309);
#273=STYLED_ITEM('',(#12556),#310);
#274=MANIFOLD_SOLID_BREP('Corps1',#7297);
#275=MANIFOLD_SOLID_BREP('Corps1',#7298);
#276=MANIFOLD_SOLID_BREP('Corps1',#7299);
#277=MANIFOLD_SOLID_BREP('Corps1',#7300);
#278=MANIFOLD_SOLID_BREP('Corps1',#7301);
#279=MANIFOLD_SOLID_BREP('Corps1',#7302);
#280=MANIFOLD_SOLID_BREP('Corps1',#7303);
#281=MANIFOLD_SOLID_BREP('Corps1',#7304);
#282=MANIFOLD_SOLID_BREP('Corps1',#7305);
#283=MANIFOLD_SOLID_BREP('Corps1',#7306);
#284=MANIFOLD_SOLID_BREP('Corps1',#7307);
#285=MANIFOLD_SOLID_BREP('Corps1',#7308);
#286=MANIFOLD_SOLID_BREP('Corps1',#7309);
#287=MANIFOLD_SOLID_BREP('Corps1',#7310);
#288=MANIFOLD_SOLID_BREP('Corps1',#7311);
#289=MANIFOLD_SOLID_BREP('Corps1',#7312);
#290=MANIFOLD_SOLID_BREP('Corps1',#7313);
#291=MANIFOLD_SOLID_BREP('Corps1',#7314);
#292=MANIFOLD_SOLID_BREP('Corps1',#7315);
#293=MANIFOLD_SOLID_BREP('Corps1',#7316);
#294=MANIFOLD_SOLID_BREP('Corps1',#7317);
#295=MANIFOLD_SOLID_BREP('Corps1',#7318);
#296=MANIFOLD_SOLID_BREP('Corps1',#7319);
#297=MANIFOLD_SOLID_BREP('Corps1',#7320);
#298=MANIFOLD_SOLID_BREP('Corps1',#7321);
#299=MANIFOLD_SOLID_BREP('Corps1',#7322);
#300=MANIFOLD_SOLID_BREP('Corps1',#7323);
#301=MANIFOLD_SOLID_BREP('Corps1',#7324);
#302=MANIFOLD_SOLID_BREP('Corps1',#7325);
#303=MANIFOLD_SOLID_BREP('Corps1',#7326);
#304=MANIFOLD_SOLID_BREP('Corps1',#7327);
#305=MANIFOLD_SOLID_BREP('Corps1',#7328);
#306=MANIFOLD_SOLID_BREP('Corps1',#7329);
#307=MANIFOLD_SOLID_BREP('Corps1',#7330);
#308=MANIFOLD_SOLID_BREP('Corps1',#7331);
#309=MANIFOLD_SOLID_BREP('Corps1',#7332);
#310=MANIFOLD_SOLID_BREP('Corps1',#7333);
#311=FACE_OUTER_BOUND('',#707,.T.);
#312=FACE_OUTER_BOUND('',#708,.T.);
#313=FACE_OUTER_BOUND('',#709,.T.);
#314=FACE_OUTER_BOUND('',#710,.T.);
#315=FACE_OUTER_BOUND('',#711,.T.);
#316=FACE_OUTER_BOUND('',#712,.T.);
#317=FACE_OUTER_BOUND('',#713,.T.);
#318=FACE_OUTER_BOUND('',#714,.T.);
#319=FACE_OUTER_BOUND('',#715,.T.);
#320=FACE_OUTER_BOUND('',#716,.T.);
#321=FACE_OUTER_BOUND('',#717,.T.);
#322=FACE_OUTER_BOUND('',#718,.T.);
#323=FACE_OUTER_BOUND('',#719,.T.);
#324=FACE_OUTER_BOUND('',#720,.T.);
#325=FACE_OUTER_BOUND('',#721,.T.);
#326=FACE_OUTER_BOUND('',#722,.T.);
#327=FACE_OUTER_BOUND('',#723,.T.);
#328=FACE_OUTER_BOUND('',#724,.T.);
#329=FACE_OUTER_BOUND('',#725,.T.);
#330=FACE_OUTER_BOUND('',#726,.T.);
#331=FACE_OUTER_BOUND('',#727,.T.);
#332=FACE_OUTER_BOUND('',#728,.T.);
#333=FACE_OUTER_BOUND('',#729,.T.);
#334=FACE_OUTER_BOUND('',#730,.T.);
#335=FACE_OUTER_BOUND('',#731,.T.);
#336=FACE_OUTER_BOUND('',#732,.T.);
#337=FACE_OUTER_BOUND('',#734,.T.);
#338=FACE_OUTER_BOUND('',#735,.T.);
#339=FACE_OUTER_BOUND('',#736,.T.);
#340=FACE_OUTER_BOUND('',#737,.T.);
#341=FACE_OUTER_BOUND('',#738,.T.);
#342=FACE_OUTER_BOUND('',#739,.T.);
#343=FACE_OUTER_BOUND('',#740,.T.);
#344=FACE_OUTER_BOUND('',#741,.T.);
#345=FACE_OUTER_BOUND('',#742,.T.);
#346=FACE_OUTER_BOUND('',#743,.T.);
#347=FACE_OUTER_BOUND('',#744,.T.);
#348=FACE_OUTER_BOUND('',#745,.T.);
#349=FACE_OUTER_BOUND('',#746,.T.);
#350=FACE_OUTER_BOUND('',#747,.T.);
#351=FACE_OUTER_BOUND('',#748,.T.);
#352=FACE_OUTER_BOUND('',#749,.T.);
#353=FACE_OUTER_BOUND('',#750,.T.);
#354=FACE_OUTER_BOUND('',#751,.T.);
#355=FACE_OUTER_BOUND('',#752,.T.);
#356=FACE_OUTER_BOUND('',#753,.T.);
#357=FACE_OUTER_BOUND('',#754,.T.);
#358=FACE_OUTER_BOUND('',#755,.T.);
#359=FACE_OUTER_BOUND('',#756,.T.);
#360=FACE_OUTER_BOUND('',#757,.T.);
#361=FACE_OUTER_BOUND('',#758,.T.);
#362=FACE_OUTER_BOUND('',#759,.T.);
#363=FACE_OUTER_BOUND('',#760,.T.);
#364=FACE_OUTER_BOUND('',#761,.T.);
#365=FACE_OUTER_BOUND('',#762,.T.);
#366=FACE_OUTER_BOUND('',#763,.T.);
#367=FACE_OUTER_BOUND('',#764,.T.);
#368=FACE_OUTER_BOUND('',#765,.T.);
#369=FACE_OUTER_BOUND('',#766,.T.);
#370=FACE_OUTER_BOUND('',#767,.T.);
#371=FACE_OUTER_BOUND('',#768,.T.);
#372=FACE_OUTER_BOUND('',#769,.T.);
#373=FACE_OUTER_BOUND('',#770,.T.);
#374=FACE_OUTER_BOUND('',#771,.T.);
#375=FACE_OUTER_BOUND('',#772,.T.);
#376=FACE_OUTER_BOUND('',#773,.T.);
#377=FACE_OUTER_BOUND('',#774,.T.);
#378=FACE_OUTER_BOUND('',#775,.T.);
#379=FACE_OUTER_BOUND('',#776,.T.);
#380=FACE_OUTER_BOUND('',#777,.T.);
#381=FACE_OUTER_BOUND('',#778,.T.);
#382=FACE_OUTER_BOUND('',#779,.T.);
#383=FACE_OUTER_BOUND('',#780,.T.);
#384=FACE_OUTER_BOUND('',#781,.T.);
#385=FACE_OUTER_BOUND('',#782,.T.);
#386=FACE_OUTER_BOUND('',#783,.T.);
#387=FACE_OUTER_BOUND('',#784,.T.);
#388=FACE_OUTER_BOUND('',#785,.T.);
#389=FACE_OUTER_BOUND('',#786,.T.);
#390=FACE_OUTER_BOUND('',#787,.T.);
#391=FACE_OUTER_BOUND('',#788,.T.);
#392=FACE_OUTER_BOUND('',#789,.T.);
#393=FACE_OUTER_BOUND('',#790,.T.);
#394=FACE_OUTER_BOUND('',#791,.T.);
#395=FACE_OUTER_BOUND('',#792,.T.);
#396=FACE_OUTER_BOUND('',#793,.T.);
#397=FACE_OUTER_BOUND('',#794,.T.);
#398=FACE_OUTER_BOUND('',#795,.T.);
#399=FACE_OUTER_BOUND('',#796,.T.);
#400=FACE_OUTER_BOUND('',#797,.T.);
#401=FACE_OUTER_BOUND('',#798,.T.);
#402=FACE_OUTER_BOUND('',#799,.T.);
#403=FACE_OUTER_BOUND('',#800,.T.);
#404=FACE_OUTER_BOUND('',#801,.T.);
#405=FACE_OUTER_BOUND('',#802,.T.);
#406=FACE_OUTER_BOUND('',#803,.T.);
#407=FACE_OUTER_BOUND('',#804,.T.);
#408=FACE_OUTER_BOUND('',#805,.T.);
#409=FACE_OUTER_BOUND('',#806,.T.);
#410=FACE_OUTER_BOUND('',#807,.T.);
#411=FACE_OUTER_BOUND('',#808,.T.);
#412=FACE_OUTER_BOUND('',#809,.T.);
#413=FACE_OUTER_BOUND('',#810,.T.);
#414=FACE_OUTER_BOUND('',#811,.T.);
#415=FACE_OUTER_BOUND('',#812,.T.);
#416=FACE_OUTER_BOUND('',#813,.T.);
#417=FACE_OUTER_BOUND('',#814,.T.);
#418=FACE_OUTER_BOUND('',#815,.T.);
#419=FACE_OUTER_BOUND('',#816,.T.);
#420=FACE_OUTER_BOUND('',#817,.T.);
#421=FACE_OUTER_BOUND('',#818,.T.);
#422=FACE_OUTER_BOUND('',#819,.T.);
#423=FACE_OUTER_BOUND('',#820,.T.);
#424=FACE_OUTER_BOUND('',#821,.T.);
#425=FACE_OUTER_BOUND('',#822,.T.);
#426=FACE_OUTER_BOUND('',#823,.T.);
#427=FACE_OUTER_BOUND('',#824,.T.);
#428=FACE_OUTER_BOUND('',#825,.T.);
#429=FACE_OUTER_BOUND('',#826,.T.);
#430=FACE_OUTER_BOUND('',#827,.T.);
#431=FACE_OUTER_BOUND('',#828,.T.);
#432=FACE_OUTER_BOUND('',#829,.T.);
#433=FACE_OUTER_BOUND('',#830,.T.);
#434=FACE_OUTER_BOUND('',#831,.T.);
#435=FACE_OUTER_BOUND('',#832,.T.);
#436=FACE_OUTER_BOUND('',#833,.T.);
#437=FACE_OUTER_BOUND('',#834,.T.);
#438=FACE_OUTER_BOUND('',#835,.T.);
#439=FACE_OUTER_BOUND('',#836,.T.);
#440=FACE_OUTER_BOUND('',#837,.T.);
#441=FACE_OUTER_BOUND('',#838,.T.);
#442=FACE_OUTER_BOUND('',#839,.T.);
#443=FACE_OUTER_BOUND('',#840,.T.);
#444=FACE_OUTER_BOUND('',#841,.T.);
#445=FACE_OUTER_BOUND('',#842,.T.);
#446=FACE_OUTER_BOUND('',#843,.T.);
#447=FACE_OUTER_BOUND('',#844,.T.);
#448=FACE_OUTER_BOUND('',#845,.T.);
#449=FACE_OUTER_BOUND('',#846,.T.);
#450=FACE_OUTER_BOUND('',#847,.T.);
#451=FACE_OUTER_BOUND('',#848,.T.);
#452=FACE_OUTER_BOUND('',#849,.T.);
#453=FACE_OUTER_BOUND('',#850,.T.);
#454=FACE_OUTER_BOUND('',#851,.T.);
#455=FACE_OUTER_BOUND('',#852,.T.);
#456=FACE_OUTER_BOUND('',#853,.T.);
#457=FACE_OUTER_BOUND('',#854,.T.);
#458=FACE_OUTER_BOUND('',#855,.T.);
#459=FACE_OUTER_BOUND('',#856,.T.);
#460=FACE_OUTER_BOUND('',#857,.T.);
#461=FACE_OUTER_BOUND('',#858,.T.);
#462=FACE_OUTER_BOUND('',#859,.T.);
#463=FACE_OUTER_BOUND('',#860,.T.);
#464=FACE_OUTER_BOUND('',#861,.T.);
#465=FACE_OUTER_BOUND('',#862,.T.);
#466=FACE_OUTER_BOUND('',#863,.T.);
#467=FACE_OUTER_BOUND('',#864,.T.);
#468=FACE_OUTER_BOUND('',#865,.T.);
#469=FACE_OUTER_BOUND('',#866,.T.);
#470=FACE_OUTER_BOUND('',#867,.T.);
#471=FACE_OUTER_BOUND('',#868,.T.);
#472=FACE_OUTER_BOUND('',#869,.T.);
#473=FACE_OUTER_BOUND('',#870,.T.);
#474=FACE_OUTER_BOUND('',#871,.T.);
#475=FACE_OUTER_BOUND('',#872,.T.);
#476=FACE_OUTER_BOUND('',#873,.T.);
#477=FACE_OUTER_BOUND('',#874,.T.);
#478=FACE_OUTER_BOUND('',#875,.T.);
#479=FACE_OUTER_BOUND('',#876,.T.);
#480=FACE_OUTER_BOUND('',#877,.T.);
#481=FACE_OUTER_BOUND('',#878,.T.);
#482=FACE_OUTER_BOUND('',#879,.T.);
#483=FACE_OUTER_BOUND('',#880,.T.);
#484=FACE_OUTER_BOUND('',#881,.T.);
#485=FACE_OUTER_BOUND('',#884,.T.);
#486=FACE_OUTER_BOUND('',#885,.T.);
#487=FACE_OUTER_BOUND('',#886,.T.);
#488=FACE_OUTER_BOUND('',#887,.T.);
#489=FACE_OUTER_BOUND('',#888,.T.);
#490=FACE_OUTER_BOUND('',#889,.T.);
#491=FACE_OUTER_BOUND('',#890,.T.);
#492=FACE_OUTER_BOUND('',#891,.T.);
#493=FACE_OUTER_BOUND('',#892,.T.);
#494=FACE_OUTER_BOUND('',#893,.T.);
#495=FACE_OUTER_BOUND('',#894,.T.);
#496=FACE_OUTER_BOUND('',#895,.T.);
#497=FACE_OUTER_BOUND('',#896,.T.);
#498=FACE_OUTER_BOUND('',#897,.T.);
#499=FACE_OUTER_BOUND('',#898,.T.);
#500=FACE_OUTER_BOUND('',#899,.T.);
#501=FACE_OUTER_BOUND('',#900,.T.);
#502=FACE_OUTER_BOUND('',#901,.T.);
#503=FACE_OUTER_BOUND('',#902,.T.);
#504=FACE_OUTER_BOUND('',#903,.T.);
#505=FACE_OUTER_BOUND('',#904,.T.);
#506=FACE_OUTER_BOUND('',#905,.T.);
#507=FACE_OUTER_BOUND('',#906,.T.);
#508=FACE_OUTER_BOUND('',#907,.T.);
#509=FACE_OUTER_BOUND('',#908,.T.);
#510=FACE_OUTER_BOUND('',#909,.T.);
#511=FACE_OUTER_BOUND('',#910,.T.);
#512=FACE_OUTER_BOUND('',#911,.T.);
#513=FACE_OUTER_BOUND('',#912,.T.);
#514=FACE_OUTER_BOUND('',#913,.T.);
#515=FACE_OUTER_BOUND('',#914,.T.);
#516=FACE_OUTER_BOUND('',#915,.T.);
#517=FACE_OUTER_BOUND('',#916,.T.);
#518=FACE_OUTER_BOUND('',#917,.T.);
#519=FACE_OUTER_BOUND('',#918,.T.);
#520=FACE_OUTER_BOUND('',#919,.T.);
#521=FACE_OUTER_BOUND('',#920,.T.);
#522=FACE_OUTER_BOUND('',#921,.T.);
#523=FACE_OUTER_BOUND('',#922,.T.);
#524=FACE_OUTER_BOUND('',#923,.T.);
#525=FACE_OUTER_BOUND('',#924,.T.);
#526=FACE_OUTER_BOUND('',#925,.T.);
#527=FACE_OUTER_BOUND('',#926,.T.);
#528=FACE_OUTER_BOUND('',#927,.T.);
#529=FACE_OUTER_BOUND('',#928,.T.);
#530=FACE_OUTER_BOUND('',#929,.T.);
#531=FACE_OUTER_BOUND('',#930,.T.);
#532=FACE_OUTER_BOUND('',#931,.T.);
#533=FACE_OUTER_BOUND('',#932,.T.);
#534=FACE_OUTER_BOUND('',#933,.T.);
#535=FACE_OUTER_BOUND('',#934,.T.);
#536=FACE_OUTER_BOUND('',#935,.T.);
#537=FACE_OUTER_BOUND('',#936,.T.);
#538=FACE_OUTER_BOUND('',#937,.T.);
#539=FACE_OUTER_BOUND('',#938,.T.);
#540=FACE_OUTER_BOUND('',#939,.T.);
#541=FACE_OUTER_BOUND('',#940,.T.);
#542=FACE_OUTER_BOUND('',#941,.T.);
#543=FACE_OUTER_BOUND('',#942,.T.);
#544=FACE_OUTER_BOUND('',#943,.T.);
#545=FACE_OUTER_BOUND('',#944,.T.);
#546=FACE_OUTER_BOUND('',#945,.T.);
#547=FACE_OUTER_BOUND('',#946,.T.);
#548=FACE_OUTER_BOUND('',#947,.T.);
#549=FACE_OUTER_BOUND('',#948,.T.);
#550=FACE_OUTER_BOUND('',#949,.T.);
#551=FACE_OUTER_BOUND('',#950,.T.);
#552=FACE_OUTER_BOUND('',#951,.T.);
#553=FACE_OUTER_BOUND('',#952,.T.);
#554=FACE_OUTER_BOUND('',#953,.T.);
#555=FACE_OUTER_BOUND('',#954,.T.);
#556=FACE_OUTER_BOUND('',#955,.T.);
#557=FACE_OUTER_BOUND('',#956,.T.);
#558=FACE_OUTER_BOUND('',#957,.T.);
#559=FACE_OUTER_BOUND('',#958,.T.);
#560=FACE_OUTER_BOUND('',#959,.T.);
#561=FACE_OUTER_BOUND('',#960,.T.);
#562=FACE_OUTER_BOUND('',#961,.T.);
#563=FACE_OUTER_BOUND('',#962,.T.);
#564=FACE_OUTER_BOUND('',#963,.T.);
#565=FACE_OUTER_BOUND('',#964,.T.);
#566=FACE_OUTER_BOUND('',#965,.T.);
#567=FACE_OUTER_BOUND('',#966,.T.);
#568=FACE_OUTER_BOUND('',#967,.T.);
#569=FACE_OUTER_BOUND('',#968,.T.);
#570=FACE_OUTER_BOUND('',#969,.T.);
#571=FACE_OUTER_BOUND('',#970,.T.);
#572=FACE_OUTER_BOUND('',#971,.T.);
#573=FACE_OUTER_BOUND('',#972,.T.);
#574=FACE_OUTER_BOUND('',#973,.T.);
#575=FACE_OUTER_BOUND('',#974,.T.);
#576=FACE_OUTER_BOUND('',#975,.T.);
#577=FACE_OUTER_BOUND('',#976,.T.);
#578=FACE_OUTER_BOUND('',#977,.T.);
#579=FACE_OUTER_BOUND('',#978,.T.);
#580=FACE_OUTER_BOUND('',#979,.T.);
#581=FACE_OUTER_BOUND('',#980,.T.);
#582=FACE_OUTER_BOUND('',#981,.T.);
#583=FACE_OUTER_BOUND('',#982,.T.);
#584=FACE_OUTER_BOUND('',#983,.T.);
#585=FACE_OUTER_BOUND('',#984,.T.);
#586=FACE_OUTER_BOUND('',#985,.T.);
#587=FACE_OUTER_BOUND('',#986,.T.);
#588=FACE_OUTER_BOUND('',#987,.T.);
#589=FACE_OUTER_BOUND('',#988,.T.);
#590=FACE_OUTER_BOUND('',#989,.T.);
#591=FACE_OUTER_BOUND('',#990,.T.);
#592=FACE_OUTER_BOUND('',#991,.T.);
#593=FACE_OUTER_BOUND('',#992,.T.);
#594=FACE_OUTER_BOUND('',#993,.T.);
#595=FACE_OUTER_BOUND('',#994,.T.);
#596=FACE_OUTER_BOUND('',#995,.T.);
#597=FACE_OUTER_BOUND('',#996,.T.);
#598=FACE_OUTER_BOUND('',#997,.T.);
#599=FACE_OUTER_BOUND('',#998,.T.);
#600=FACE_OUTER_BOUND('',#999,.T.);
#601=FACE_OUTER_BOUND('',#1000,.T.);
#602=FACE_OUTER_BOUND('',#1001,.T.);
#603=FACE_OUTER_BOUND('',#1002,.T.);
#604=FACE_OUTER_BOUND('',#1003,.T.);
#605=FACE_OUTER_BOUND('',#1004,.T.);
#606=FACE_OUTER_BOUND('',#1005,.T.);
#607=FACE_OUTER_BOUND('',#1006,.T.);
#608=FACE_OUTER_BOUND('',#1007,.T.);
#609=FACE_OUTER_BOUND('',#1008,.T.);
#610=FACE_OUTER_BOUND('',#1009,.T.);
#611=FACE_OUTER_BOUND('',#1010,.T.);
#612=FACE_OUTER_BOUND('',#1011,.T.);
#613=FACE_OUTER_BOUND('',#1012,.T.);
#614=FACE_OUTER_BOUND('',#1013,.T.);
#615=FACE_OUTER_BOUND('',#1014,.T.);
#616=FACE_OUTER_BOUND('',#1015,.T.);
#617=FACE_OUTER_BOUND('',#1016,.T.);
#618=FACE_OUTER_BOUND('',#1017,.T.);
#619=FACE_OUTER_BOUND('',#1018,.T.);
#620=FACE_OUTER_BOUND('',#1019,.T.);
#621=FACE_OUTER_BOUND('',#1020,.T.);
#622=FACE_OUTER_BOUND('',#1021,.T.);
#623=FACE_OUTER_BOUND('',#1022,.T.);
#624=FACE_OUTER_BOUND('',#1023,.T.);
#625=FACE_OUTER_BOUND('',#1024,.T.);
#626=FACE_OUTER_BOUND('',#1025,.T.);
#627=FACE_OUTER_BOUND('',#1026,.T.);
#628=FACE_OUTER_BOUND('',#1027,.T.);
#629=FACE_OUTER_BOUND('',#1028,.T.);
#630=FACE_OUTER_BOUND('',#1029,.T.);
#631=FACE_OUTER_BOUND('',#1030,.T.);
#632=FACE_OUTER_BOUND('',#1031,.T.);
#633=FACE_OUTER_BOUND('',#1032,.T.);
#634=FACE_OUTER_BOUND('',#1033,.T.);
#635=FACE_OUTER_BOUND('',#1034,.T.);
#636=FACE_OUTER_BOUND('',#1035,.T.);
#637=FACE_OUTER_BOUND('',#1036,.T.);
#638=FACE_OUTER_BOUND('',#1037,.T.);
#639=FACE_OUTER_BOUND('',#1038,.T.);
#640=FACE_OUTER_BOUND('',#1039,.T.);
#641=FACE_OUTER_BOUND('',#1040,.T.);
#642=FACE_OUTER_BOUND('',#1041,.T.);
#643=FACE_OUTER_BOUND('',#1042,.T.);
#644=FACE_OUTER_BOUND('',#1043,.T.);
#645=FACE_OUTER_BOUND('',#1044,.T.);
#646=FACE_OUTER_BOUND('',#1045,.T.);
#647=FACE_OUTER_BOUND('',#1046,.T.);
#648=FACE_OUTER_BOUND('',#1047,.T.);
#649=FACE_OUTER_BOUND('',#1048,.T.);
#650=FACE_OUTER_BOUND('',#1049,.T.);
#651=FACE_OUTER_BOUND('',#1050,.T.);
#652=FACE_OUTER_BOUND('',#1051,.T.);
#653=FACE_OUTER_BOUND('',#1052,.T.);
#654=FACE_OUTER_BOUND('',#1053,.T.);
#655=FACE_OUTER_BOUND('',#1054,.T.);
#656=FACE_OUTER_BOUND('',#1055,.T.);
#657=FACE_OUTER_BOUND('',#1056,.T.);
#658=FACE_OUTER_BOUND('',#1057,.T.);
#659=FACE_OUTER_BOUND('',#1058,.T.);
#660=FACE_OUTER_BOUND('',#1059,.T.);
#661=FACE_OUTER_BOUND('',#1060,.T.);
#662=FACE_OUTER_BOUND('',#1061,.T.);
#663=FACE_OUTER_BOUND('',#1062,.T.);
#664=FACE_OUTER_BOUND('',#1063,.T.);
#665=FACE_OUTER_BOUND('',#1064,.T.);
#666=FACE_OUTER_BOUND('',#1065,.T.);
#667=FACE_OUTER_BOUND('',#1066,.T.);
#668=FACE_OUTER_BOUND('',#1067,.T.);
#669=FACE_OUTER_BOUND('',#1068,.T.);
#670=FACE_OUTER_BOUND('',#1069,.T.);
#671=FACE_OUTER_BOUND('',#1070,.T.);
#672=FACE_OUTER_BOUND('',#1071,.T.);
#673=FACE_OUTER_BOUND('',#1072,.T.);
#674=FACE_OUTER_BOUND('',#1073,.T.);
#675=FACE_OUTER_BOUND('',#1074,.T.);
#676=FACE_OUTER_BOUND('',#1075,.T.);
#677=FACE_OUTER_BOUND('',#1076,.T.);
#678=FACE_OUTER_BOUND('',#1077,.T.);
#679=FACE_OUTER_BOUND('',#1078,.T.);
#680=FACE_OUTER_BOUND('',#1079,.T.);
#681=FACE_OUTER_BOUND('',#1080,.T.);
#682=FACE_OUTER_BOUND('',#1081,.T.);
#683=FACE_OUTER_BOUND('',#1082,.T.);
#684=FACE_OUTER_BOUND('',#1083,.T.);
#685=FACE_OUTER_BOUND('',#1084,.T.);
#686=FACE_OUTER_BOUND('',#1085,.T.);
#687=FACE_OUTER_BOUND('',#1086,.T.);
#688=FACE_OUTER_BOUND('',#1087,.T.);
#689=FACE_OUTER_BOUND('',#1088,.T.);
#690=FACE_OUTER_BOUND('',#1089,.T.);
#691=FACE_OUTER_BOUND('',#1090,.T.);
#692=FACE_OUTER_BOUND('',#1091,.T.);
#693=FACE_OUTER_BOUND('',#1092,.T.);
#694=FACE_OUTER_BOUND('',#1093,.T.);
#695=FACE_OUTER_BOUND('',#1094,.T.);
#696=FACE_OUTER_BOUND('',#1095,.T.);
#697=FACE_OUTER_BOUND('',#1096,.T.);
#698=FACE_OUTER_BOUND('',#1097,.T.);
#699=FACE_OUTER_BOUND('',#1098,.T.);
#700=FACE_OUTER_BOUND('',#1099,.T.);
#701=FACE_OUTER_BOUND('',#1100,.T.);
#702=FACE_OUTER_BOUND('',#1101,.T.);
#703=FACE_OUTER_BOUND('',#1102,.T.);
#704=FACE_OUTER_BOUND('',#1103,.T.);
#705=FACE_OUTER_BOUND('',#1104,.T.);
#706=FACE_OUTER_BOUND('',#1105,.T.);
#707=EDGE_LOOP('',(#4599,#4600,#4601,#4602));
#708=EDGE_LOOP('',(#4603,#4604,#4605,#4606,#4607,#4608,#4609,#4610));
#709=EDGE_LOOP('',(#4611,#4612,#4613,#4614));
#710=EDGE_LOOP('',(#4615,#4616,#4617,#4618,#4619,#4620));
#711=EDGE_LOOP('',(#4621,#4622,#4623,#4624,#4625));
#712=EDGE_LOOP('',(#4626,#4627,#4628,#4629,#4630));
#713=EDGE_LOOP('',(#4631,#4632,#4633,#4634));
#714=EDGE_LOOP('',(#4635,#4636,#4637,#4638));
#715=EDGE_LOOP('',(#4639,#4640,#4641,#4642));
#716=EDGE_LOOP('',(#4643,#4644,#4645,#4646));
#717=EDGE_LOOP('',(#4647,#4648,#4649,#4650));
#718=EDGE_LOOP('',(#4651,#4652,#4653,#4654));
#719=EDGE_LOOP('',(#4655,#4656,#4657,#4658));
#720=EDGE_LOOP('',(#4659,#4660,#4661,#4662,#4663,#4664,#4665,#4666));
#721=EDGE_LOOP('',(#4667,#4668,#4669,#4670,#4671,#4672,#4673,#4674));
#722=EDGE_LOOP('',(#4675,#4676,#4677,#4678));
#723=EDGE_LOOP('',(#4679,#4680,#4681,#4682));
#724=EDGE_LOOP('',(#4683,#4684,#4685,#4686));
#725=EDGE_LOOP('',(#4687,#4688,#4689,#4690));
#726=EDGE_LOOP('',(#4691,#4692,#4693,#4694));
#727=EDGE_LOOP('',(#4695,#4696,#4697,#4698));
#728=EDGE_LOOP('',(#4699,#4700,#4701,#4702));
#729=EDGE_LOOP('',(#4703,#4704,#4705,#4706));
#730=EDGE_LOOP('',(#4707,#4708,#4709,#4710));
#731=EDGE_LOOP('',(#4711,#4712,#4713,#4714));
#732=EDGE_LOOP('',(#4715,#4716,#4717,#4718));
#733=EDGE_LOOP('',(#4719,#4720,#4721,#4722));
#734=EDGE_LOOP('',(#4723,#4724,#4725,#4726));
#735=EDGE_LOOP('',(#4727,#4728,#4729,#4730));
#736=EDGE_LOOP('',(#4731,#4732,#4733,#4734));
#737=EDGE_LOOP('',(#4735,#4736,#4737,#4738));
#738=EDGE_LOOP('',(#4739,#4740,#4741,#4742));
#739=EDGE_LOOP('',(#4743,#4744,#4745,#4746));
#740=EDGE_LOOP('',(#4747,#4748,#4749,#4750));
#741=EDGE_LOOP('',(#4751,#4752,#4753,#4754));
#742=EDGE_LOOP('',(#4755,#4756,#4757,#4758));
#743=EDGE_LOOP('',(#4759,#4760,#4761,#4762));
#744=EDGE_LOOP('',(#4763,#4764,#4765,#4766));
#745=EDGE_LOOP('',(#4767,#4768,#4769,#4770));
#746=EDGE_LOOP('',(#4771,#4772,#4773,#4774));
#747=EDGE_LOOP('',(#4775,#4776,#4777,#4778,#4779,#4780,#4781,#4782));
#748=EDGE_LOOP('',(#4783,#4784,#4785,#4786));
#749=EDGE_LOOP('',(#4787,#4788,#4789,#4790,#4791,#4792,#4793,#4794));
#750=EDGE_LOOP('',(#4795,#4796,#4797,#4798));
#751=EDGE_LOOP('',(#4799,#4800,#4801,#4802));
#752=EDGE_LOOP('',(#4803,#4804,#4805,#4806));
#753=EDGE_LOOP('',(#4807,#4808,#4809,#4810));
#754=EDGE_LOOP('',(#4811,#4812,#4813,#4814));
#755=EDGE_LOOP('',(#4815,#4816,#4817,#4818));
#756=EDGE_LOOP('',(#4819,#4820,#4821,#4822));
#757=EDGE_LOOP('',(#4823,#4824,#4825,#4826));
#758=EDGE_LOOP('',(#4827,#4828,#4829,#4830));
#759=EDGE_LOOP('',(#4831,#4832,#4833,#4834,#4835,#4836,#4837,#4838,#4839));
#760=EDGE_LOOP('',(#4840,#4841,#4842,#4843));
#761=EDGE_LOOP('',(#4844,#4845,#4846,#4847,#4848,#4849,#4850,#4851,#4852));
#762=EDGE_LOOP('',(#4853,#4854,#4855,#4856,#4857,#4858));
#763=EDGE_LOOP('',(#4859,#4860,#4861,#4862));
#764=EDGE_LOOP('',(#4863,#4864,#4865,#4866,#4867,#4868,#4869,#4870));
#765=EDGE_LOOP('',(#4871,#4872,#4873,#4874,#4875,#4876,#4877,#4878));
#766=EDGE_LOOP('',(#4879,#4880,#4881,#4882));
#767=EDGE_LOOP('',(#4883,#4884,#4885,#4886));
#768=EDGE_LOOP('',(#4887,#4888,#4889,#4890));
#769=EDGE_LOOP('',(#4891,#4892,#4893,#4894));
#770=EDGE_LOOP('',(#4895,#4896,#4897,#4898));
#771=EDGE_LOOP('',(#4899,#4900,#4901,#4902));
#772=EDGE_LOOP('',(#4903,#4904,#4905,#4906));
#773=EDGE_LOOP('',(#4907,#4908,#4909,#4910));
#774=EDGE_LOOP('',(#4911,#4912,#4913,#4914));
#775=EDGE_LOOP('',(#4915,#4916,#4917,#4918));
#776=EDGE_LOOP('',(#4919,#4920,#4921,#4922));
#777=EDGE_LOOP('',(#4923,#4924,#4925,#4926));
#778=EDGE_LOOP('',(#4927,#4928,#4929,#4930));
#779=EDGE_LOOP('',(#4931,#4932,#4933,#4934));
#780=EDGE_LOOP('',(#4935,#4936,#4937,#4938,#4939,#4940,#4941,#4942));
#781=EDGE_LOOP('',(#4943,#4944,#4945,#4946,#4947,#4948,#4949,#4950));
#782=EDGE_LOOP('',(#4951,#4952,#4953,#4954));
#783=EDGE_LOOP('',(#4955,#4956,#4957,#4958));
#784=EDGE_LOOP('',(#4959,#4960,#4961,#4962));
#785=EDGE_LOOP('',(#4963,#4964,#4965,#4966));
#786=EDGE_LOOP('',(#4967,#4968,#4969,#4970));
#787=EDGE_LOOP('',(#4971,#4972,#4973,#4974));
#788=EDGE_LOOP('',(#4975,#4976,#4977,#4978));
#789=EDGE_LOOP('',(#4979,#4980,#4981,#4982));
#790=EDGE_LOOP('',(#4983,#4984,#4985,#4986));
#791=EDGE_LOOP('',(#4987,#4988,#4989,#4990));
#792=EDGE_LOOP('',(#4991,#4992,#4993,#4994));
#793=EDGE_LOOP('',(#4995,#4996,#4997,#4998));
#794=EDGE_LOOP('',(#4999,#5000,#5001,#5002));
#795=EDGE_LOOP('',(#5003,#5004,#5005,#5006));
#796=EDGE_LOOP('',(#5007,#5008,#5009,#5010));
#797=EDGE_LOOP('',(#5011,#5012,#5013,#5014));
#798=EDGE_LOOP('',(#5015,#5016,#5017,#5018,#5019,#5020));
#799=EDGE_LOOP('',(#5021,#5022,#5023,#5024));
#800=EDGE_LOOP('',(#5025,#5026,#5027,#5028,#5029,#5030));
#801=EDGE_LOOP('',(#5031,#5032,#5033,#5034));
#802=EDGE_LOOP('',(#5035,#5036,#5037,#5038));
#803=EDGE_LOOP('',(#5039,#5040,#5041,#5042));
#804=EDGE_LOOP('',(#5043,#5044,#5045,#5046));
#805=EDGE_LOOP('',(#5047,#5048,#5049,#5050));
#806=EDGE_LOOP('',(#5051,#5052,#5053,#5054,#5055,#5056));
#807=EDGE_LOOP('',(#5057,#5058,#5059,#5060));
#808=EDGE_LOOP('',(#5061,#5062,#5063,#5064,#5065,#5066));
#809=EDGE_LOOP('',(#5067,#5068,#5069,#5070));
#810=EDGE_LOOP('',(#5071,#5072,#5073,#5074));
#811=EDGE_LOOP('',(#5075,#5076,#5077,#5078));
#812=EDGE_LOOP('',(#5079,#5080,#5081,#5082));
#813=EDGE_LOOP('',(#5083,#5084,#5085,#5086,#5087,#5088));
#814=EDGE_LOOP('',(#5089,#5090,#5091,#5092));
#815=EDGE_LOOP('',(#5093,#5094,#5095,#5096,#5097,#5098));
#816=EDGE_LOOP('',(#5099,#5100,#5101,#5102));
#817=EDGE_LOOP('',(#5103,#5104,#5105,#5106));
#818=EDGE_LOOP('',(#5107,#5108,#5109,#5110));
#819=EDGE_LOOP('',(#5111,#5112,#5113,#5114));
#820=EDGE_LOOP('',(#5115,#5116,#5117,#5118,#5119,#5120,#5121,#5122,#5123,
#5124,#5125,#5126));
#821=EDGE_LOOP('',(#5127,#5128,#5129,#5130));
#822=EDGE_LOOP('',(#5131,#5132,#5133,#5134));
#823=EDGE_LOOP('',(#5135,#5136,#5137,#5138,#5139,#5140,#5141));
#824=EDGE_LOOP('',(#5142,#5143,#5144,#5145));
#825=EDGE_LOOP('',(#5146,#5147,#5148,#5149));
#826=EDGE_LOOP('',(#5150,#5151,#5152,#5153));
#827=EDGE_LOOP('',(#5154,#5155,#5156,#5157));
#828=EDGE_LOOP('',(#5158,#5159,#5160,#5161,#5162,#5163,#5164,#5165,#5166,
#5167,#5168,#5169));
#829=EDGE_LOOP('',(#5170,#5171,#5172,#5173,#5174,#5175,#5176));
#830=EDGE_LOOP('',(#5177,#5178,#5179,#5180));
#831=EDGE_LOOP('',(#5181,#5182,#5183,#5184));
#832=EDGE_LOOP('',(#5185,#5186,#5187,#5188,#5189,#5190,#5191,#5192));
#833=EDGE_LOOP('',(#5193,#5194,#5195,#5196));
#834=EDGE_LOOP('',(#5197,#5198,#5199,#5200));
#835=EDGE_LOOP('',(#5201,#5202,#5203,#5204));
#836=EDGE_LOOP('',(#5205,#5206,#5207,#5208));
#837=EDGE_LOOP('',(#5209,#5210,#5211,#5212));
#838=EDGE_LOOP('',(#5213,#5214,#5215,#5216));
#839=EDGE_LOOP('',(#5217,#5218,#5219,#5220));
#840=EDGE_LOOP('',(#5221,#5222,#5223,#5224));
#841=EDGE_LOOP('',(#5225,#5226,#5227,#5228));
#842=EDGE_LOOP('',(#5229,#5230,#5231,#5232,#5233,#5234,#5235,#5236,#5237,
#5238,#5239,#5240,#5241,#5242));
#843=EDGE_LOOP('',(#5243,#5244,#5245,#5246));
#844=EDGE_LOOP('',(#5247,#5248,#5249,#5250));
#845=EDGE_LOOP('',(#5251,#5252,#5253,#5254));
#846=EDGE_LOOP('',(#5255,#5256,#5257,#5258));
#847=EDGE_LOOP('',(#5259,#5260,#5261,#5262));
#848=EDGE_LOOP('',(#5263,#5264,#5265,#5266,#5267,#5268,#5269,#5270,#5271,
#5272,#5273,#5274));
#849=EDGE_LOOP('',(#5275,#5276,#5277,#5278));
#850=EDGE_LOOP('',(#5279,#5280,#5281,#5282));
#851=EDGE_LOOP('',(#5283,#5284,#5285,#5286));
#852=EDGE_LOOP('',(#5287,#5288,#5289,#5290));
#853=EDGE_LOOP('',(#5291,#5292,#5293,#5294));
#854=EDGE_LOOP('',(#5295,#5296,#5297,#5298));
#855=EDGE_LOOP('',(#5299,#5300,#5301,#5302));
#856=EDGE_LOOP('',(#5303,#5304,#5305,#5306));
#857=EDGE_LOOP('',(#5307,#5308,#5309,#5310,#5311,#5312,#5313,#5314,#5315,
#5316));
#858=EDGE_LOOP('',(#5317,#5318,#5319,#5320));
#859=EDGE_LOOP('',(#5321,#5322,#5323,#5324));
#860=EDGE_LOOP('',(#5325,#5326,#5327,#5328));
#861=EDGE_LOOP('',(#5329,#5330,#5331,#5332));
#862=EDGE_LOOP('',(#5333,#5334,#5335,#5336,#5337,#5338,#5339,#5340,#5341,
#5342,#5343,#5344,#5345,#5346));
#863=EDGE_LOOP('',(#5347,#5348,#5349,#5350));
#864=EDGE_LOOP('',(#5351,#5352,#5353,#5354,#5355,#5356));
#865=EDGE_LOOP('',(#5357,#5358,#5359,#5360));
#866=EDGE_LOOP('',(#5361,#5362,#5363,#5364,#5365,#5366,#5367,#5368,#5369,
#5370,#5371,#5372));
#867=EDGE_LOOP('',(#5373,#5374,#5375,#5376));
#868=EDGE_LOOP('',(#5377,#5378,#5379,#5380,#5381,#5382,#5383,#5384));
#869=EDGE_LOOP('',(#5385,#5386,#5387,#5388));
#870=EDGE_LOOP('',(#5389,#5390,#5391,#5392,#5393,#5394,#5395,#5396));
#871=EDGE_LOOP('',(#5397,#5398,#5399,#5400));
#872=EDGE_LOOP('',(#5401,#5402,#5403,#5404,#5405,#5406,#5407));
#873=EDGE_LOOP('',(#5408,#5409,#5410,#5411,#5412,#5413,#5414,#5415,#5416,
#5417));
#874=EDGE_LOOP('',(#5418,#5419,#5420,#5421));
#875=EDGE_LOOP('',(#5422,#5423,#5424,#5425));
#876=EDGE_LOOP('',(#5426,#5427,#5428,#5429));
#877=EDGE_LOOP('',(#5430,#5431,#5432,#5433));
#878=EDGE_LOOP('',(#5434,#5435,#5436,#5437));
#879=EDGE_LOOP('',(#5438,#5439,#5440,#5441));
#880=EDGE_LOOP('',(#5442,#5443,#5444,#5445));
#881=EDGE_LOOP('',(#5446,#5447,#5448,#5449));
#882=EDGE_LOOP('',(#5450,#5451,#5452,#5453));
#883=EDGE_LOOP('',(#5454,#5455,#5456,#5457));
#884=EDGE_LOOP('',(#5458,#5459,#5460,#5461));
#885=EDGE_LOOP('',(#5462,#5463,#5464,#5465));
#886=EDGE_LOOP('',(#5466,#5467,#5468,#5469,#5470,#5471,#5472,#5473,#5474,
#5475));
#887=EDGE_LOOP('',(#5476,#5477,#5478,#5479));
#888=EDGE_LOOP('',(#5480,#5481,#5482,#5483));
#889=EDGE_LOOP('',(#5484,#5485,#5486,#5487));
#890=EDGE_LOOP('',(#5488,#5489,#5490,#5491));
#891=EDGE_LOOP('',(#5492,#5493,#5494,#5495,#5496,#5497));
#892=EDGE_LOOP('',(#5498,#5499,#5500,#5501));
#893=EDGE_LOOP('',(#5502,#5503,#5504,#5505,#5506));
#894=EDGE_LOOP('',(#5507,#5508,#5509,#5510));
#895=EDGE_LOOP('',(#5511,#5512,#5513,#5514));
#896=EDGE_LOOP('',(#5515,#5516,#5517,#5518,#5519));
#897=EDGE_LOOP('',(#5520,#5521,#5522,#5523));
#898=EDGE_LOOP('',(#5524,#5525,#5526,#5527,#5528,#5529,#5530));
#899=EDGE_LOOP('',(#5531,#5532,#5533,#5534));
#900=EDGE_LOOP('',(#5535,#5536,#5537,#5538));
#901=EDGE_LOOP('',(#5539,#5540,#5541,#5542));
#902=EDGE_LOOP('',(#5543,#5544,#5545,#5546));
#903=EDGE_LOOP('',(#5547,#5548,#5549,#5550));
#904=EDGE_LOOP('',(#5551,#5552,#5553,#5554));
#905=EDGE_LOOP('',(#5555,#5556,#5557,#5558));
#906=EDGE_LOOP('',(#5559,#5560,#5561,#5562));
#907=EDGE_LOOP('',(#5563,#5564,#5565,#5566));
#908=EDGE_LOOP('',(#5567,#5568,#5569,#5570));
#909=EDGE_LOOP('',(#5571,#5572,#5573,#5574));
#910=EDGE_LOOP('',(#5575,#5576,#5577,#5578));
#911=EDGE_LOOP('',(#5579,#5580,#5581,#5582));
#912=EDGE_LOOP('',(#5583,#5584,#5585,#5586));
#913=EDGE_LOOP('',(#5587,#5588,#5589,#5590));
#914=EDGE_LOOP('',(#5591,#5592,#5593,#5594));
#915=EDGE_LOOP('',(#5595,#5596,#5597,#5598));
#916=EDGE_LOOP('',(#5599,#5600,#5601,#5602));
#917=EDGE_LOOP('',(#5603,#5604,#5605,#5606));
#918=EDGE_LOOP('',(#5607,#5608,#5609,#5610));
#919=EDGE_LOOP('',(#5611,#5612,#5613,#5614));
#920=EDGE_LOOP('',(#5615,#5616,#5617,#5618));
#921=EDGE_LOOP('',(#5619,#5620,#5621,#5622));
#922=EDGE_LOOP('',(#5623,#5624,#5625,#5626));
#923=EDGE_LOOP('',(#5627,#5628,#5629,#5630));
#924=EDGE_LOOP('',(#5631,#5632,#5633,#5634));
#925=EDGE_LOOP('',(#5635,#5636,#5637,#5638));
#926=EDGE_LOOP('',(#5639,#5640,#5641,#5642));
#927=EDGE_LOOP('',(#5643,#5644,#5645,#5646));
#928=EDGE_LOOP('',(#5647,#5648,#5649,#5650,#5651,#5652));
#929=EDGE_LOOP('',(#5653,#5654,#5655,#5656,#5657,#5658,#5659,#5660,#5661,
#5662,#5663,#5664,#5665,#5666));
#930=EDGE_LOOP('',(#5667,#5668,#5669,#5670));
#931=EDGE_LOOP('',(#5671,#5672,#5673,#5674,#5675,#5676,#5677,#5678,#5679,
#5680,#5681,#5682,#5683,#5684));
#932=EDGE_LOOP('',(#5685,#5686,#5687,#5688));
#933=EDGE_LOOP('',(#5689,#5690,#5691,#5692));
#934=EDGE_LOOP('',(#5693,#5694,#5695,#5696));
#935=EDGE_LOOP('',(#5697,#5698,#5699,#5700,#5701,#5702));
#936=EDGE_LOOP('',(#5703,#5704,#5705,#5706,#5707,#5708,#5709,#5710));
#937=EDGE_LOOP('',(#5711,#5712,#5713,#5714));
#938=EDGE_LOOP('',(#5715,#5716,#5717,#5718));
#939=EDGE_LOOP('',(#5719,#5720,#5721,#5722));
#940=EDGE_LOOP('',(#5723,#5724,#5725,#5726));
#941=EDGE_LOOP('',(#5727,#5728,#5729,#5730,#5731,#5732));
#942=EDGE_LOOP('',(#5733,#5734,#5735,#5736,#5737,#5738,#5739,#5740,#5741,
#5742));
#943=EDGE_LOOP('',(#5743,#5744,#5745,#5746));
#944=EDGE_LOOP('',(#5747,#5748,#5749,#5750));
#945=EDGE_LOOP('',(#5751,#5752,#5753,#5754));
#946=EDGE_LOOP('',(#5755,#5756,#5757,#5758));
#947=EDGE_LOOP('',(#5759,#5760,#5761,#5762));
#948=EDGE_LOOP('',(#5763,#5764,#5765,#5766));
#949=EDGE_LOOP('',(#5767,#5768,#5769,#5770));
#950=EDGE_LOOP('',(#5771,#5772,#5773,#5774,#5775,#5776,#5777,#5778,#5779,
#5780));
#951=EDGE_LOOP('',(#5781,#5782,#5783,#5784,#5785,#5786,#5787,#5788,#5789,
#5790,#5791));
#952=EDGE_LOOP('',(#5792,#5793,#5794,#5795));
#953=EDGE_LOOP('',(#5796,#5797,#5798,#5799));
#954=EDGE_LOOP('',(#5800,#5801,#5802,#5803,#5804,#5805));
#955=EDGE_LOOP('',(#5806,#5807,#5808,#5809));
#956=EDGE_LOOP('',(#5810,#5811,#5812,#5813,#5814,#5815,#5816,#5817,#5818,
#5819));
#957=EDGE_LOOP('',(#5820,#5821,#5822,#5823));
#958=EDGE_LOOP('',(#5824,#5825,#5826,#5827));
#959=EDGE_LOOP('',(#5828,#5829,#5830,#5831));
#960=EDGE_LOOP('',(#5832,#5833,#5834,#5835));
#961=EDGE_LOOP('',(#5836,#5837,#5838,#5839));
#962=EDGE_LOOP('',(#5840,#5841,#5842,#5843,#5844,#5845));
#963=EDGE_LOOP('',(#5846,#5847,#5848,#5849,#5850,#5851));
#964=EDGE_LOOP('',(#5852,#5853,#5854,#5855,#5856,#5857,#5858,#5859));
#965=EDGE_LOOP('',(#5860,#5861,#5862,#5863));
#966=EDGE_LOOP('',(#5864,#5865,#5866,#5867));
#967=EDGE_LOOP('',(#5868,#5869,#5870,#5871));
#968=EDGE_LOOP('',(#5872,#5873,#5874,#5875));
#969=EDGE_LOOP('',(#5876,#5877,#5878,#5879,#5880,#5881,#5882,#5883,#5884,
#5885,#5886,#5887,#5888,#5889,#5890,#5891));
#970=EDGE_LOOP('',(#5892,#5893,#5894,#5895));
#971=EDGE_LOOP('',(#5896,#5897,#5898,#5899));
#972=EDGE_LOOP('',(#5900,#5901,#5902,#5903));
#973=EDGE_LOOP('',(#5904,#5905,#5906,#5907,#5908,#5909,#5910,#5911,#5912));
#974=EDGE_LOOP('',(#5913,#5914,#5915,#5916));
#975=EDGE_LOOP('',(#5917,#5918,#5919,#5920));
#976=EDGE_LOOP('',(#5921,#5922,#5923,#5924));
#977=EDGE_LOOP('',(#5925,#5926,#5927,#5928));
#978=EDGE_LOOP('',(#5929,#5930,#5931,#5932));
#979=EDGE_LOOP('',(#5933,#5934,#5935,#5936));
#980=EDGE_LOOP('',(#5937,#5938,#5939,#5940));
#981=EDGE_LOOP('',(#5941,#5942,#5943,#5944));
#982=EDGE_LOOP('',(#5945,#5946,#5947,#5948));
#983=EDGE_LOOP('',(#5949,#5950,#5951,#5952,#5953,#5954));
#984=EDGE_LOOP('',(#5955,#5956,#5957,#5958));
#985=EDGE_LOOP('',(#5959,#5960,#5961,#5962));
#986=EDGE_LOOP('',(#5963,#5964,#5965,#5966));
#987=EDGE_LOOP('',(#5967,#5968,#5969,#5970,#5971,#5972,#5973,#5974));
#988=EDGE_LOOP('',(#5975,#5976,#5977,#5978,#5979,#5980));
#989=EDGE_LOOP('',(#5981,#5982,#5983,#5984));
#990=EDGE_LOOP('',(#5985,#5986,#5987,#5988));
#991=EDGE_LOOP('',(#5989,#5990,#5991,#5992,#5993,#5994));
#992=EDGE_LOOP('',(#5995,#5996,#5997,#5998,#5999,#6000,#6001));
#993=EDGE_LOOP('',(#6002,#6003,#6004,#6005,#6006,#6007,#6008,#6009,#6010,
#6011,#6012,#6013,#6014));
#994=EDGE_LOOP('',(#6015,#6016,#6017,#6018));
#995=EDGE_LOOP('',(#6019,#6020,#6021,#6022,#6023,#6024,#6025));
#996=EDGE_LOOP('',(#6026,#6027,#6028,#6029,#6030));
#997=EDGE_LOOP('',(#6031,#6032,#6033,#6034));
#998=EDGE_LOOP('',(#6035,#6036,#6037,#6038));
#999=EDGE_LOOP('',(#6039,#6040,#6041,#6042));
#1000=EDGE_LOOP('',(#6043,#6044,#6045,#6046,#6047,#6048,#6049,#6050));
#1001=EDGE_LOOP('',(#6051,#6052,#6053,#6054));
#1002=EDGE_LOOP('',(#6055,#6056,#6057,#6058));
#1003=EDGE_LOOP('',(#6059,#6060,#6061,#6062));
#1004=EDGE_LOOP('',(#6063,#6064,#6065,#6066));
#1005=EDGE_LOOP('',(#6067,#6068,#6069,#6070,#6071,#6072));
#1006=EDGE_LOOP('',(#6073,#6074,#6075,#6076));
#1007=EDGE_LOOP('',(#6077,#6078,#6079,#6080,#6081,#6082,#6083,#6084,#6085,
#6086));
#1008=EDGE_LOOP('',(#6087,#6088,#6089,#6090,#6091,#6092));
#1009=EDGE_LOOP('',(#6093,#6094,#6095,#6096));
#1010=EDGE_LOOP('',(#6097,#6098,#6099,#6100));
#1011=EDGE_LOOP('',(#6101,#6102,#6103,#6104));
#1012=EDGE_LOOP('',(#6105,#6106,#6107,#6108));
#1013=EDGE_LOOP('',(#6109,#6110,#6111,#6112));
#1014=EDGE_LOOP('',(#6113,#6114,#6115,#6116));
#1015=EDGE_LOOP('',(#6117,#6118,#6119,#6120));
#1016=EDGE_LOOP('',(#6121,#6122,#6123,#6124));
#1017=EDGE_LOOP('',(#6125,#6126,#6127,#6128));
#1018=EDGE_LOOP('',(#6129,#6130,#6131,#6132));
#1019=EDGE_LOOP('',(#6133,#6134,#6135,#6136));
#1020=EDGE_LOOP('',(#6137,#6138,#6139,#6140));
#1021=EDGE_LOOP('',(#6141,#6142,#6143,#6144));
#1022=EDGE_LOOP('',(#6145,#6146,#6147,#6148));
#1023=EDGE_LOOP('',(#6149,#6150,#6151,#6152));
#1024=EDGE_LOOP('',(#6153,#6154,#6155,#6156));
#1025=EDGE_LOOP('',(#6157,#6158,#6159,#6160,#6161,#6162));
#1026=EDGE_LOOP('',(#6163,#6164,#6165,#6166));
#1027=EDGE_LOOP('',(#6167,#6168,#6169,#6170));
#1028=EDGE_LOOP('',(#6171,#6172,#6173,#6174));
#1029=EDGE_LOOP('',(#6175,#6176,#6177,#6178,#6179,#6180));
#1030=EDGE_LOOP('',(#6181,#6182,#6183,#6184));
#1031=EDGE_LOOP('',(#6185,#6186,#6187,#6188));
#1032=EDGE_LOOP('',(#6189,#6190,#6191,#6192));
#1033=EDGE_LOOP('',(#6193,#6194,#6195,#6196));
#1034=EDGE_LOOP('',(#6197,#6198,#6199,#6200));
#1035=EDGE_LOOP('',(#6201,#6202,#6203,#6204));
#1036=EDGE_LOOP('',(#6205,#6206,#6207,#6208));
#1037=EDGE_LOOP('',(#6209,#6210,#6211,#6212));
#1038=EDGE_LOOP('',(#6213,#6214,#6215,#6216,#6217,#6218));
#1039=EDGE_LOOP('',(#6219,#6220,#6221,#6222));
#1040=EDGE_LOOP('',(#6223,#6224,#6225,#6226));
#1041=EDGE_LOOP('',(#6227,#6228,#6229,#6230));
#1042=EDGE_LOOP('',(#6231,#6232,#6233,#6234));
#1043=EDGE_LOOP('',(#6235,#6236,#6237,#6238,#6239,#6240));
#1044=EDGE_LOOP('',(#6241,#6242,#6243,#6244));
#1045=EDGE_LOOP('',(#6245,#6246,#6247,#6248));
#1046=EDGE_LOOP('',(#6249,#6250,#6251,#6252,#6253,#6254));
#1047=EDGE_LOOP('',(#6255,#6256,#6257,#6258));
#1048=EDGE_LOOP('',(#6259,#6260,#6261,#6262));
#1049=EDGE_LOOP('',(#6263,#6264,#6265,#6266));
#1050=EDGE_LOOP('',(#6267,#6268,#6269,#6270));
#1051=EDGE_LOOP('',(#6271,#6272,#6273,#6274,#6275,#6276));
#1052=EDGE_LOOP('',(#6277,#6278,#6279,#6280));
#1053=EDGE_LOOP('',(#6281,#6282,#6283,#6284));
#1054=EDGE_LOOP('',(#6285,#6286,#6287,#6288));
#1055=EDGE_LOOP('',(#6289,#6290,#6291,#6292,#6293,#6294,#6295));
#1056=EDGE_LOOP('',(#6296,#6297,#6298,#6299,#6300,#6301,#6302));
#1057=EDGE_LOOP('',(#6303,#6304,#6305,#6306));
#1058=EDGE_LOOP('',(#6307,#6308,#6309,#6310));
#1059=EDGE_LOOP('',(#6311,#6312,#6313,#6314));
#1060=EDGE_LOOP('',(#6315,#6316,#6317,#6318));
#1061=EDGE_LOOP('',(#6319,#6320,#6321,#6322));
#1062=EDGE_LOOP('',(#6323,#6324,#6325,#6326));
#1063=EDGE_LOOP('',(#6327,#6328,#6329,#6330));
#1064=EDGE_LOOP('',(#6331,#6332,#6333,#6334,#6335,#6336,#6337));
#1065=EDGE_LOOP('',(#6338,#6339,#6340,#6341));
#1066=EDGE_LOOP('',(#6342,#6343,#6344,#6345));
#1067=EDGE_LOOP('',(#6346,#6347,#6348,#6349));
#1068=EDGE_LOOP('',(#6350,#6351,#6352,#6353));
#1069=EDGE_LOOP('',(#6354,#6355,#6356,#6357,#6358,#6359,#6360));
#1070=EDGE_LOOP('',(#6361,#6362,#6363,#6364));
#1071=EDGE_LOOP('',(#6365,#6366,#6367,#6368));
#1072=EDGE_LOOP('',(#6369,#6370,#6371,#6372));
#1073=EDGE_LOOP('',(#6373,#6374,#6375,#6376));
#1074=EDGE_LOOP('',(#6377,#6378,#6379,#6380));
#1075=EDGE_LOOP('',(#6381,#6382,#6383,#6384));
#1076=EDGE_LOOP('',(#6385,#6386,#6387,#6388));
#1077=EDGE_LOOP('',(#6389,#6390,#6391,#6392));
#1078=EDGE_LOOP('',(#6393,#6394,#6395,#6396));
#1079=EDGE_LOOP('',(#6397,#6398,#6399,#6400));
#1080=EDGE_LOOP('',(#6401,#6402,#6403,#6404));
#1081=EDGE_LOOP('',(#6405,#6406,#6407,#6408));
#1082=EDGE_LOOP('',(#6409,#6410,#6411,#6412));
#1083=EDGE_LOOP('',(#6413,#6414,#6415,#6416));
#1084=EDGE_LOOP('',(#6417,#6418,#6419,#6420));
#1085=EDGE_LOOP('',(#6421,#6422,#6423,#6424));
#1086=EDGE_LOOP('',(#6425,#6426,#6427,#6428));
#1087=EDGE_LOOP('',(#6429,#6430,#6431,#6432));
#1088=EDGE_LOOP('',(#6433,#6434,#6435,#6436));
#1089=EDGE_LOOP('',(#6437,#6438,#6439,#6440));
#1090=EDGE_LOOP('',(#6441,#6442,#6443,#6444));
#1091=EDGE_LOOP('',(#6445,#6446,#6447,#6448));
#1092=EDGE_LOOP('',(#6449,#6450,#6451,#6452));
#1093=EDGE_LOOP('',(#6453,#6454,#6455,#6456));
#1094=EDGE_LOOP('',(#6457,#6458,#6459,#6460));
#1095=EDGE_LOOP('',(#6461,#6462,#6463,#6464));
#1096=EDGE_LOOP('',(#6465,#6466,#6467,#6468));
#1097=EDGE_LOOP('',(#6469,#6470,#6471,#6472));
#1098=EDGE_LOOP('',(#6473,#6474,#6475,#6476));
#1099=EDGE_LOOP('',(#6477,#6478,#6479,#6480));
#1100=EDGE_LOOP('',(#6481,#6482,#6483,#6484));
#1101=EDGE_LOOP('',(#6485,#6486,#6487,#6488));
#1102=EDGE_LOOP('',(#6489,#6490,#6491,#6492));
#1103=EDGE_LOOP('',(#6493,#6494,#6495,#6496));
#1104=EDGE_LOOP('',(#6497,#6498,#6499,#6500));
#1105=EDGE_LOOP('',(#6501,#6502,#6503,#6504));
#1106=LINE('',#10113,#2059);
#1107=LINE('',#10115,#2060);
#1108=LINE('',#10117,#2061);
#1109=LINE('',#10118,#2062);
#1110=LINE('',#10121,#2063);
#1111=LINE('',#10123,#2064);
#1112=LINE('',#10125,#2065);
#1113=LINE('',#10127,#2066);
#1114=LINE('',#10129,#2067);
#1115=LINE('',#10131,#2068);
#1116=LINE('',#10132,#2069);
#1117=LINE('',#10136,#2070);
#1118=LINE('',#10138,#2071);
#1119=LINE('',#10140,#2072);
#1120=LINE('',#10141,#2073);
#1121=LINE('',#10144,#2074);
#1122=LINE('',#10146,#2075);
#1123=LINE('',#10148,#2076);
#1124=LINE('',#10150,#2077);
#1125=LINE('',#10151,#2078);
#1126=LINE('',#10153,#2079);
#1127=LINE('',#10154,#2080);
#1128=LINE('',#10156,#2081);
#1129=LINE('',#10157,#2082);
#1130=LINE('',#10159,#2083);
#1131=LINE('',#10161,#2084);
#1132=LINE('',#10163,#2085);
#1133=LINE('',#10166,#2086);
#1134=LINE('',#10172,#2087);
#1135=LINE('',#10174,#2088);
#1136=LINE('',#10176,#2089);
#1137=LINE('',#10177,#2090);
#1138=LINE('',#10180,#2091);
#1139=LINE('',#10182,#2092);
#1140=LINE('',#10184,#2093);
#1141=LINE('',#10186,#2094);
#1142=LINE('',#10188,#2095);
#1143=LINE('',#10190,#2096);
#1144=LINE('',#10191,#2097);
#1145=LINE('',#10194,#2098);
#1146=LINE('',#10196,#2099);
#1147=LINE('',#10197,#2100);
#1148=LINE('',#10199,#2101);
#1149=LINE('',#10201,#2102);
#1150=LINE('',#10202,#2103);
#1151=LINE('',#10204,#2104);
#1152=LINE('',#10206,#2105);
#1153=LINE('',#10210,#2106);
#1154=LINE('',#10211,#2107);
#1155=LINE('',#10214,#2108);
#1156=LINE('',#10215,#2109);
#1157=LINE('',#10217,#2110);
#1158=LINE('',#10223,#2111);
#1159=LINE('',#10225,#2112);
#1160=LINE('',#10227,#2113);
#1161=LINE('',#10228,#2114);
#1162=LINE('',#10231,#2115);
#1163=LINE('',#10233,#2116);
#1164=LINE('',#10234,#2117);
#1165=LINE('',#10237,#2118);
#1166=LINE('',#10238,#2119);
#1167=LINE('',#10242,#2120);
#1168=LINE('',#10244,#2121);
#1169=LINE('',#10246,#2122);
#1170=LINE('',#10247,#2123);
#1171=LINE('',#10249,#2124);
#1172=LINE('',#10250,#2125);
#1173=LINE('',#10252,#2126);
#1174=LINE('',#10256,#2127);
#1175=LINE('',#10258,#2128);
#1176=LINE('',#10260,#2129);
#1177=LINE('',#10261,#2130);
#1178=LINE('',#10263,#2131);
#1179=LINE('',#10264,#2132);
#1180=LINE('',#10266,#2133);
#1181=LINE('',#10269,#2134);
#1182=LINE('',#10275,#2135);
#1183=LINE('',#10277,#2136);
#1184=LINE('',#10279,#2137);
#1185=LINE('',#10280,#2138);
#1186=LINE('',#10284,#2139);
#1187=LINE('',#10286,#2140);
#1188=LINE('',#10288,#2141);
#1189=LINE('',#10289,#2142);
#1190=LINE('',#10293,#2143);
#1191=LINE('',#10295,#2144);
#1192=LINE('',#10297,#2145);
#1193=LINE('',#10298,#2146);
#1194=LINE('',#10302,#2147);
#1195=LINE('',#10304,#2148);
#1196=LINE('',#10306,#2149);
#1197=LINE('',#10307,#2150);
#1198=LINE('',#10309,#2151);
#1199=LINE('',#10310,#2152);
#1200=LINE('',#10312,#2153);
#1201=LINE('',#10313,#2154);
#1202=LINE('',#10315,#2155);
#1203=LINE('',#10316,#2156);
#1204=LINE('',#10318,#2157);
#1205=LINE('',#10320,#2158);
#1206=LINE('',#10326,#2159);
#1207=LINE('',#10328,#2160);
#1208=LINE('',#10330,#2161);
#1209=LINE('',#10331,#2162);
#1210=LINE('',#10335,#2163);
#1211=LINE('',#10337,#2164);
#1212=LINE('',#10339,#2165);
#1213=LINE('',#10340,#2166);
#1214=LINE('',#10344,#2167);
#1215=LINE('',#10346,#2168);
#1216=LINE('',#10348,#2169);
#1217=LINE('',#10349,#2170);
#1218=LINE('',#10353,#2171);
#1219=LINE('',#10355,#2172);
#1220=LINE('',#10357,#2173);
#1221=LINE('',#10358,#2174);
#1222=LINE('',#10360,#2175);
#1223=LINE('',#10361,#2176);
#1224=LINE('',#10365,#2177);
#1225=LINE('',#10367,#2178);
#1226=LINE('',#10369,#2179);
#1227=LINE('',#10370,#2180);
#1228=LINE('',#10372,#2181);
#1229=LINE('',#10373,#2182);
#1230=LINE('',#10375,#2183);
#1231=LINE('',#10376,#2184);
#1232=LINE('',#10378,#2185);
#1233=LINE('',#10379,#2186);
#1234=LINE('',#10381,#2187);
#1235=LINE('',#10383,#2188);
#1236=LINE('',#10389,#2189);
#1237=LINE('',#10391,#2190);
#1238=LINE('',#10393,#2191);
#1239=LINE('',#10394,#2192);
#1240=LINE('',#10397,#2193);
#1241=LINE('',#10399,#2194);
#1242=LINE('',#10401,#2195);
#1243=LINE('',#10403,#2196);
#1244=LINE('',#10405,#2197);
#1245=LINE('',#10407,#2198);
#1246=LINE('',#10408,#2199);
#1247=LINE('',#10411,#2200);
#1248=LINE('',#10413,#2201);
#1249=LINE('',#10415,#2202);
#1250=LINE('',#10416,#2203);
#1251=LINE('',#10418,#2204);
#1252=LINE('',#10419,#2205);
#1253=LINE('',#10422,#2206);
#1254=LINE('',#10424,#2207);
#1255=LINE('',#10425,#2208);
#1256=LINE('',#10427,#2209);
#1257=LINE('',#10429,#2210);
#1258=LINE('',#10431,#2211);
#1259=LINE('',#10434,#2212);
#1260=LINE('',#10440,#2213);
#1261=LINE('',#10442,#2214);
#1262=LINE('',#10444,#2215);
#1263=LINE('',#10445,#2216);
#1264=LINE('',#10448,#2217);
#1265=LINE('',#10450,#2218);
#1266=LINE('',#10451,#2219);
#1267=LINE('',#10454,#2220);
#1268=LINE('',#10455,#2221);
#1269=LINE('',#10458,#2222);
#1270=LINE('',#10459,#2223);
#1271=LINE('',#10461,#2224);
#1272=LINE('',#10467,#2225);
#1273=LINE('',#10469,#2226);
#1274=LINE('',#10471,#2227);
#1275=LINE('',#10472,#2228);
#1276=LINE('',#10475,#2229);
#1277=LINE('',#10477,#2230);
#1278=LINE('',#10479,#2231);
#1279=LINE('',#10481,#2232);
#1280=LINE('',#10483,#2233);
#1281=LINE('',#10485,#2234);
#1282=LINE('',#10486,#2235);
#1283=LINE('',#10489,#2236);
#1284=LINE('',#10491,#2237);
#1285=LINE('',#10492,#2238);
#1286=LINE('',#10494,#2239);
#1287=LINE('',#10496,#2240);
#1288=LINE('',#10497,#2241);
#1289=LINE('',#10499,#2242);
#1290=LINE('',#10501,#2243);
#1291=LINE('',#10505,#2244);
#1292=LINE('',#10507,#2245);
#1293=LINE('',#10508,#2246);
#1294=LINE('',#10510,#2247);
#1295=LINE('',#10512,#2248);
#1296=LINE('',#10518,#2249);
#1297=LINE('',#10520,#2250);
#1298=LINE('',#10522,#2251);
#1299=LINE('',#10523,#2252);
#1300=LINE('',#10526,#2253);
#1301=LINE('',#10528,#2254);
#1302=LINE('',#10529,#2255);
#1303=LINE('',#10532,#2256);
#1304=LINE('',#10533,#2257);
#1305=LINE('',#10536,#2258);
#1306=LINE('',#10537,#2259);
#1307=LINE('',#10539,#2260);
#1308=LINE('',#10545,#2261);
#1309=LINE('',#10547,#2262);
#1310=LINE('',#10549,#2263);
#1311=LINE('',#10550,#2264);
#1312=LINE('',#10553,#2265);
#1313=LINE('',#10555,#2266);
#1314=LINE('',#10556,#2267);
#1315=LINE('',#10559,#2268);
#1316=LINE('',#10561,#2269);
#1317=LINE('',#10562,#2270);
#1318=LINE('',#10565,#2271);
#1319=LINE('',#10567,#2272);
#1320=LINE('',#10568,#2273);
#1321=LINE('',#10571,#2274);
#1322=LINE('',#10572,#2275);
#1323=LINE('',#10575,#2276);
#1324=LINE('',#10576,#2277);
#1325=LINE('',#10578,#2278);
#1326=LINE('',#10584,#2279);
#1327=LINE('',#10586,#2280);
#1328=LINE('',#10588,#2281);
#1329=LINE('',#10589,#2282);
#1330=LINE('',#10592,#2283);
#1331=LINE('',#10594,#2284);
#1332=LINE('',#10595,#2285);
#1333=LINE('',#10598,#2286);
#1334=LINE('',#10600,#2287);
#1335=LINE('',#10601,#2288);
#1336=LINE('',#10604,#2289);
#1337=LINE('',#10606,#2290);
#1338=LINE('',#10607,#2291);
#1339=LINE('',#10610,#2292);
#1340=LINE('',#10611,#2293);
#1341=LINE('',#10614,#2294);
#1342=LINE('',#10615,#2295);
#1343=LINE('',#10617,#2296);
#1344=LINE('',#10623,#2297);
#1345=LINE('',#10625,#2298);
#1346=LINE('',#10627,#2299);
#1347=LINE('',#10628,#2300);
#1348=LINE('',#10631,#2301);
#1349=LINE('',#10633,#2302);
#1350=LINE('',#10634,#2303);
#1351=LINE('',#10637,#2304);
#1352=LINE('',#10639,#2305);
#1353=LINE('',#10641,#2306);
#1354=LINE('',#10642,#2307);
#1355=LINE('',#10645,#2308);
#1356=LINE('',#10646,#2309);
#1357=LINE('',#10649,#2310);
#1358=LINE('',#10651,#2311);
#1359=LINE('',#10652,#2312);
#1360=LINE('',#10654,#2313);
#1361=LINE('',#10656,#2314);
#1362=LINE('',#10662,#2315);
#1363=LINE('',#10664,#2316);
#1364=LINE('',#10666,#2317);
#1365=LINE('',#10667,#2318);
#1366=LINE('',#10670,#2319);
#1367=LINE('',#10672,#2320);
#1368=LINE('',#10674,#2321);
#1369=LINE('',#10676,#2322);
#1370=LINE('',#10678,#2323);
#1371=LINE('',#10680,#2324);
#1372=LINE('',#10682,#2325);
#1373=LINE('',#10684,#2326);
#1374=LINE('',#10686,#2327);
#1375=LINE('',#10688,#2328);
#1376=LINE('',#10689,#2329);
#1377=LINE('',#10692,#2330);
#1378=LINE('',#10693,#2331);
#1379=LINE('',#10696,#2332);
#1380=LINE('',#10698,#2333);
#1381=LINE('',#10699,#2334);
#1382=LINE('',#10702,#2335);
#1383=LINE('',#10704,#2336);
#1384=LINE('',#10706,#2337);
#1385=LINE('',#10708,#2338);
#1386=LINE('',#10709,#2339);
#1387=LINE('',#10712,#2340);
#1388=LINE('',#10714,#2341);
#1389=LINE('',#10715,#2342);
#1390=LINE('',#10718,#2343);
#1391=LINE('',#10720,#2344);
#1392=LINE('',#10721,#2345);
#1393=LINE('',#10724,#2346);
#1394=LINE('',#10726,#2347);
#1395=LINE('',#10727,#2348);
#1396=LINE('',#10729,#2349);
#1397=LINE('',#10730,#2350);
#1398=LINE('',#10733,#2351);
#1399=LINE('',#10735,#2352);
#1400=LINE('',#10737,#2353);
#1401=LINE('',#10739,#2354);
#1402=LINE('',#10740,#2355);
#1403=LINE('',#10743,#2356);
#1404=LINE('',#10745,#2357);
#1405=LINE('',#10747,#2358);
#1406=LINE('',#10748,#2359);
#1407=LINE('',#10751,#2360);
#1408=LINE('',#10752,#2361);
#1409=LINE('',#10754,#2362);
#1410=LINE('',#10755,#2363);
#1411=LINE('',#10757,#2364);
#1412=LINE('',#10762,#2365);
#1413=LINE('',#10764,#2366);
#1414=LINE('',#10766,#2367);
#1415=LINE('',#10767,#2368);
#1416=LINE('',#10770,#2369);
#1417=LINE('',#10772,#2370);
#1418=LINE('',#10773,#2371);
#1419=LINE('',#10776,#2372);
#1420=LINE('',#10777,#2373);
#1421=LINE('',#10780,#2374);
#1422=LINE('',#10781,#2375);
#1423=LINE('',#10785,#2376);
#1424=LINE('',#10787,#2377);
#1425=LINE('',#10789,#2378);
#1426=LINE('',#10790,#2379);
#1427=LINE('',#10793,#2380);
#1428=LINE('',#10795,#2381);
#1429=LINE('',#10796,#2382);
#1430=LINE('',#10799,#2383);
#1431=LINE('',#10800,#2384);
#1432=LINE('',#10803,#2385);
#1433=LINE('',#10804,#2386);
#1434=LINE('',#10806,#2387);
#1435=LINE('',#10807,#2388);
#1436=LINE('',#10809,#2389);
#1437=LINE('',#10811,#2390);
#1438=LINE('',#10813,#2391);
#1439=LINE('',#10814,#2392);
#1440=LINE('',#10815,#2393);
#1441=LINE('',#10817,#2394);
#1442=LINE('',#10818,#2395);
#1443=LINE('',#10821,#2396);
#1444=LINE('',#10829,#2397);
#1445=LINE('',#10831,#2398);
#1446=LINE('',#10833,#2399);
#1447=LINE('',#10834,#2400);
#1448=LINE('',#10837,#2401);
#1449=LINE('',#10839,#2402);
#1450=LINE('',#10840,#2403);
#1451=LINE('',#10843,#2404);
#1452=LINE('',#10845,#2405);
#1453=LINE('',#10846,#2406);
#1454=LINE('',#10849,#2407);
#1455=LINE('',#10851,#2408);
#1456=LINE('',#10852,#2409);
#1457=LINE('',#10855,#2410);
#1458=LINE('',#10857,#2411);
#1459=LINE('',#10858,#2412);
#1460=LINE('',#10861,#2413);
#1461=LINE('',#10863,#2414);
#1462=LINE('',#10864,#2415);
#1463=LINE('',#10867,#2416);
#1464=LINE('',#10869,#2417);
#1465=LINE('',#10870,#2418);
#1466=LINE('',#10874,#2419);
#1467=LINE('',#10876,#2420);
#1468=LINE('',#10878,#2421);
#1469=LINE('',#10879,#2422);
#1470=LINE('',#10881,#2423);
#1471=LINE('',#10882,#2424);
#1472=LINE('',#10885,#2425);
#1473=LINE('',#10887,#2426);
#1474=LINE('',#10889,#2427);
#1475=LINE('',#10890,#2428);
#1476=LINE('',#10893,#2429);
#1477=LINE('',#10895,#2430);
#1478=LINE('',#10897,#2431);
#1479=LINE('',#10898,#2432);
#1480=LINE('',#10901,#2433);
#1481=LINE('',#10903,#2434);
#1482=LINE('',#10904,#2435);
#1483=LINE('',#10908,#2436);
#1484=LINE('',#10910,#2437);
#1485=LINE('',#10912,#2438);
#1486=LINE('',#10913,#2439);
#1487=LINE('',#10916,#2440);
#1488=LINE('',#10917,#2441);
#1489=LINE('',#10919,#2442);
#1490=LINE('',#10921,#2443);
#1491=LINE('',#10923,#2444);
#1492=LINE('',#10924,#2445);
#1493=LINE('',#10927,#2446);
#1494=LINE('',#10928,#2447);
#1495=LINE('',#10932,#2448);
#1496=LINE('',#10934,#2449);
#1497=LINE('',#10936,#2450);
#1498=LINE('',#10937,#2451);
#1499=LINE('',#10938,#2452);
#1500=LINE('',#10940,#2453);
#1501=LINE('',#10941,#2454);
#1502=LINE('',#10944,#2455);
#1503=LINE('',#10946,#2456);
#1504=LINE('',#10948,#2457);
#1505=LINE('',#10950,#2458);
#1506=LINE('',#10952,#2459);
#1507=LINE('',#10954,#2460);
#1508=LINE('',#10956,#2461);
#1509=LINE('',#10958,#2462);
#1510=LINE('',#10959,#2463);
#1511=LINE('',#10962,#2464);
#1512=LINE('',#10963,#2465);
#1513=LINE('',#10965,#2466);
#1514=LINE('',#10967,#2467);
#1515=LINE('',#10969,#2468);
#1516=LINE('',#10970,#2469);
#1517=LINE('',#10973,#2470);
#1518=LINE('',#10975,#2471);
#1519=LINE('',#10976,#2472);
#1520=LINE('',#10978,#2473);
#1521=LINE('',#10979,#2474);
#1522=LINE('',#10984,#2475);
#1523=LINE('',#10986,#2476);
#1524=LINE('',#10988,#2477);
#1525=LINE('',#10990,#2478);
#1526=LINE('',#10991,#2479);
#1527=LINE('',#10995,#2480);
#1528=LINE('',#10997,#2481);
#1529=LINE('',#10999,#2482);
#1530=LINE('',#11000,#2483);
#1531=LINE('',#11003,#2484);
#1532=LINE('',#11005,#2485);
#1533=LINE('',#11006,#2486);
#1534=LINE('',#11009,#2487);
#1535=LINE('',#11010,#2488);
#1536=LINE('',#11014,#2489);
#1537=LINE('',#11016,#2490);
#1538=LINE('',#11018,#2491);
#1539=LINE('',#11019,#2492);
#1540=LINE('',#11022,#2493);
#1541=LINE('',#11024,#2494);
#1542=LINE('',#11025,#2495);
#1543=LINE('',#11028,#2496);
#1544=LINE('',#11029,#2497);
#1545=LINE('',#11032,#2498);
#1546=LINE('',#11034,#2499);
#1547=LINE('',#11035,#2500);
#1548=LINE('',#11038,#2501);
#1549=LINE('',#11039,#2502);
#1550=LINE('',#11041,#2503);
#1551=LINE('',#11042,#2504);
#1552=LINE('',#11044,#2505);
#1553=LINE('',#11045,#2506);
#1554=LINE('',#11048,#2507);
#1555=LINE('',#11050,#2508);
#1556=LINE('',#11052,#2509);
#1557=LINE('',#11053,#2510);
#1558=LINE('',#11056,#2511);
#1559=LINE('',#11058,#2512);
#1560=LINE('',#11059,#2513);
#1561=LINE('',#11061,#2514);
#1562=LINE('',#11062,#2515);
#1563=LINE('',#11064,#2516);
#1564=LINE('',#11067,#2517);
#1565=LINE('',#11072,#2518);
#1566=LINE('',#11073,#2519);
#1567=LINE('',#11074,#2520);
#1568=LINE('',#11076,#2521);
#1569=LINE('',#11077,#2522);
#1570=LINE('',#11079,#2523);
#1571=LINE('',#11081,#2524);
#1572=LINE('',#11090,#2525);
#1573=LINE('',#11092,#2526);
#1574=LINE('',#11094,#2527);
#1575=LINE('',#11095,#2528);
#1576=LINE('',#11098,#2529);
#1577=LINE('',#11100,#2530);
#1578=LINE('',#11101,#2531);
#1579=LINE('',#11104,#2532);
#1580=LINE('',#11106,#2533);
#1581=LINE('',#11107,#2534);
#1582=LINE('',#11109,#2535);
#1583=LINE('',#11110,#2536);
#1584=LINE('',#11117,#2537);
#1585=LINE('',#11119,#2538);
#1586=LINE('',#11121,#2539);
#1587=LINE('',#11122,#2540);
#1588=LINE('',#11125,#2541);
#1589=LINE('',#11127,#2542);
#1590=LINE('',#11128,#2543);
#1591=LINE('',#11131,#2544);
#1592=LINE('',#11133,#2545);
#1593=LINE('',#11134,#2546);
#1594=LINE('',#11136,#2547);
#1595=LINE('',#11137,#2548);
#1596=LINE('',#11144,#2549);
#1597=LINE('',#11146,#2550);
#1598=LINE('',#11148,#2551);
#1599=LINE('',#11149,#2552);
#1600=LINE('',#11152,#2553);
#1601=LINE('',#11154,#2554);
#1602=LINE('',#11155,#2555);
#1603=LINE('',#11158,#2556);
#1604=LINE('',#11160,#2557);
#1605=LINE('',#11161,#2558);
#1606=LINE('',#11163,#2559);
#1607=LINE('',#11164,#2560);
#1608=LINE('',#11171,#2561);
#1609=LINE('',#11173,#2562);
#1610=LINE('',#11175,#2563);
#1611=LINE('',#11176,#2564);
#1612=LINE('',#11179,#2565);
#1613=LINE('',#11181,#2566);
#1614=LINE('',#11182,#2567);
#1615=LINE('',#11185,#2568);
#1616=LINE('',#11187,#2569);
#1617=LINE('',#11188,#2570);
#1618=LINE('',#11190,#2571);
#1619=LINE('',#11194,#2572);
#1620=LINE('',#11196,#2573);
#1621=LINE('',#11198,#2574);
#1622=LINE('',#11199,#2575);
#1623=LINE('',#11202,#2576);
#1624=LINE('',#11204,#2577);
#1625=LINE('',#11205,#2578);
#1626=LINE('',#11208,#2579);
#1627=LINE('',#11209,#2580);
#1628=LINE('',#11213,#2581);
#1629=LINE('',#11215,#2582);
#1630=LINE('',#11217,#2583);
#1631=LINE('',#11218,#2584);
#1632=LINE('',#11221,#2585);
#1633=LINE('',#11223,#2586);
#1634=LINE('',#11224,#2587);
#1635=LINE('',#11227,#2588);
#1636=LINE('',#11229,#2589);
#1637=LINE('',#11230,#2590);
#1638=LINE('',#11232,#2591);
#1639=LINE('',#11235,#2592);
#1640=LINE('',#11237,#2593);
#1641=LINE('',#11239,#2594);
#1642=LINE('',#11240,#2595);
#1643=LINE('',#11243,#2596);
#1644=LINE('',#11245,#2597);
#1645=LINE('',#11246,#2598);
#1646=LINE('',#11247,#2599);
#1647=LINE('',#11248,#2600);
#1648=LINE('',#11252,#2601);
#1649=LINE('',#11253,#2602);
#1650=LINE('',#11254,#2603);
#1651=LINE('',#11256,#2604);
#1652=LINE('',#11258,#2605);
#1653=LINE('',#11264,#2606);
#1654=LINE('',#11266,#2607);
#1655=LINE('',#11268,#2608);
#1656=LINE('',#11269,#2609);
#1657=LINE('',#11273,#2610);
#1658=LINE('',#11275,#2611);
#1659=LINE('',#11277,#2612);
#1660=LINE('',#11279,#2613);
#1661=LINE('',#11281,#2614);
#1662=LINE('',#11282,#2615);
#1663=LINE('',#11284,#2616);
#1664=LINE('',#11286,#2617);
#1665=LINE('',#11288,#2618);
#1666=LINE('',#11290,#2619);
#1667=LINE('',#11292,#2620);
#1668=LINE('',#11293,#2621);
#1669=LINE('',#11296,#2622);
#1670=LINE('',#11298,#2623);
#1671=LINE('',#11299,#2624);
#1672=LINE('',#11303,#2625);
#1673=LINE('',#11304,#2626);
#1674=LINE('',#11305,#2627);
#1675=LINE('',#11308,#2628);
#1676=LINE('',#11310,#2629);
#1677=LINE('',#11311,#2630);
#1678=LINE('',#11313,#2631);
#1679=LINE('',#11316,#2632);
#1680=LINE('',#11318,#2633);
#1681=LINE('',#11319,#2634);
#1682=LINE('',#11321,#2635);
#1683=LINE('',#11322,#2636);
#1684=LINE('',#11323,#2637);
#1685=LINE('',#11327,#2638);
#1686=LINE('',#11333,#2639);
#1687=LINE('',#11335,#2640);
#1688=LINE('',#11337,#2641);
#1689=LINE('',#11338,#2642);
#1690=LINE('',#11341,#2643);
#1691=LINE('',#11343,#2644);
#1692=LINE('',#11344,#2645);
#1693=LINE('',#11347,#2646);
#1694=LINE('',#11348,#2647);
#1695=LINE('',#11352,#2648);
#1696=LINE('',#11354,#2649);
#1697=LINE('',#11356,#2650);
#1698=LINE('',#11358,#2651);
#1699=LINE('',#11360,#2652);
#1700=LINE('',#11362,#2653);
#1701=LINE('',#11364,#2654);
#1702=LINE('',#11366,#2655);
#1703=LINE('',#11368,#2656);
#1704=LINE('',#11369,#2657);
#1705=LINE('',#11373,#2658);
#1706=LINE('',#11375,#2659);
#1707=LINE('',#11377,#2660);
#1708=LINE('',#11379,#2661);
#1709=LINE('',#11381,#2662);
#1710=LINE('',#11382,#2663);
#1711=LINE('',#11384,#2664);
#1712=LINE('',#11386,#2665);
#1713=LINE('',#11388,#2666);
#1714=LINE('',#11389,#2667);
#1715=LINE('',#11392,#2668);
#1716=LINE('',#11394,#2669);
#1717=LINE('',#11395,#2670);
#1718=LINE('',#11399,#2671);
#1719=LINE('',#11400,#2672);
#1720=LINE('',#11401,#2673);
#1721=LINE('',#11404,#2674);
#1722=LINE('',#11406,#2675);
#1723=LINE('',#11407,#2676);
#1724=LINE('',#11410,#2677);
#1725=LINE('',#11411,#2678);
#1726=LINE('',#11414,#2679);
#1727=LINE('',#11416,#2680);
#1728=LINE('',#11418,#2681);
#1729=LINE('',#11420,#2682);
#1730=LINE('',#11422,#2683);
#1731=LINE('',#11424,#2684);
#1732=LINE('',#11426,#2685);
#1733=LINE('',#11427,#2686);
#1734=LINE('',#11429,#2687);
#1735=LINE('',#11431,#2688);
#1736=LINE('',#11434,#2689);
#1737=LINE('',#11435,#2690);
#1738=LINE('',#11438,#2691);
#1739=LINE('',#11440,#2692);
#1740=LINE('',#11441,#2693);
#1741=LINE('',#11444,#2694);
#1742=LINE('',#11446,#2695);
#1743=LINE('',#11447,#2696);
#1744=LINE('',#11450,#2697);
#1745=LINE('',#11451,#2698);
#1746=LINE('',#11453,#2699);
#1747=LINE('',#11454,#2700);
#1748=LINE('',#11457,#2701);
#1749=LINE('',#11459,#2702);
#1750=LINE('',#11460,#2703);
#1751=LINE('',#11461,#2704);
#1752=LINE('',#11464,#2705);
#1753=LINE('',#11466,#2706);
#1754=LINE('',#11467,#2707);
#1755=LINE('',#11469,#2708);
#1756=LINE('',#11471,#2709);
#1757=LINE('',#11475,#2710);
#1758=LINE('',#11477,#2711);
#1759=LINE('',#11478,#2712);
#1760=LINE('',#11479,#2713);
#1761=LINE('',#11481,#2714);
#1762=LINE('',#11483,#2715);
#1763=LINE('',#11490,#2716);
#1764=LINE('',#11492,#2717);
#1765=LINE('',#11494,#2718);
#1766=LINE('',#11495,#2719);
#1767=LINE('',#11499,#2720);
#1768=LINE('',#11501,#2721);
#1769=LINE('',#11503,#2722);
#1770=LINE('',#11504,#2723);
#1771=LINE('',#11506,#2724);
#1772=LINE('',#11507,#2725);
#1773=LINE('',#11509,#2726);
#1774=LINE('',#11510,#2727);
#1775=LINE('',#11517,#2728);
#1776=LINE('',#11519,#2729);
#1777=LINE('',#11521,#2730);
#1778=LINE('',#11522,#2731);
#1779=LINE('',#11525,#2732);
#1780=LINE('',#11527,#2733);
#1781=LINE('',#11528,#2734);
#1782=LINE('',#11531,#2735);
#1783=LINE('',#11532,#2736);
#1784=LINE('',#11536,#2737);
#1785=LINE('',#11538,#2738);
#1786=LINE('',#11540,#2739);
#1787=LINE('',#11542,#2740);
#1788=LINE('',#11544,#2741);
#1789=LINE('',#11545,#2742);
#1790=LINE('',#11548,#2743);
#1791=LINE('',#11550,#2744);
#1792=LINE('',#11551,#2745);
#1793=LINE('',#11555,#2746);
#1794=LINE('',#11557,#2747);
#1795=LINE('',#11559,#2748);
#1796=LINE('',#11560,#2749);
#1797=LINE('',#11563,#2750);
#1798=LINE('',#11565,#2751);
#1799=LINE('',#11566,#2752);
#1800=LINE('',#11569,#2753);
#1801=LINE('',#11571,#2754);
#1802=LINE('',#11573,#2755);
#1803=LINE('',#11574,#2756);
#1804=LINE('',#11577,#2757);
#1805=LINE('',#11579,#2758);
#1806=LINE('',#11581,#2759);
#1807=LINE('',#11582,#2760);
#1808=LINE('',#11586,#2761);
#1809=LINE('',#11587,#2762);
#1810=LINE('',#11588,#2763);
#1811=LINE('',#11590,#2764);
#1812=LINE('',#11593,#2765);
#1813=LINE('',#11595,#2766);
#1814=LINE('',#11596,#2767);
#1815=LINE('',#11598,#2768);
#1816=LINE('',#11599,#2769);
#1817=LINE('',#11602,#2770);
#1818=LINE('',#11603,#2771);
#1819=LINE('',#11604,#2772);
#1820=LINE('',#11605,#2773);
#1821=LINE('',#11607,#2774);
#1822=LINE('',#11614,#2775);
#1823=LINE('',#11616,#2776);
#1824=LINE('',#11618,#2777);
#1825=LINE('',#11619,#2778);
#1826=LINE('',#11622,#2779);
#1827=LINE('',#11624,#2780);
#1828=LINE('',#11625,#2781);
#1829=LINE('',#11628,#2782);
#1830=LINE('',#11629,#2783);
#1831=LINE('',#11632,#2784);
#1832=LINE('',#11634,#2785);
#1833=LINE('',#11636,#2786);
#1834=LINE('',#11638,#2787);
#1835=LINE('',#11640,#2788);
#1836=LINE('',#11641,#2789);
#1837=LINE('',#11643,#2790);
#1838=LINE('',#11647,#2791);
#1839=LINE('',#11649,#2792);
#1840=LINE('',#11651,#2793);
#1841=LINE('',#11652,#2794);
#1842=LINE('',#11655,#2795);
#1843=LINE('',#11657,#2796);
#1844=LINE('',#11658,#2797);
#1845=LINE('',#11661,#2798);
#1846=LINE('',#11663,#2799);
#1847=LINE('',#11664,#2800);
#1848=LINE('',#11666,#2801);
#1849=LINE('',#11668,#2802);
#1850=LINE('',#11670,#2803);
#1851=LINE('',#11671,#2804);
#1852=LINE('',#11673,#2805);
#1853=LINE('',#11675,#2806);
#1854=LINE('',#11677,#2807);
#1855=LINE('',#11683,#2808);
#1856=LINE('',#11685,#2809);
#1857=LINE('',#11687,#2810);
#1858=LINE('',#11688,#2811);
#1859=LINE('',#11692,#2812);
#1860=LINE('',#11694,#2813);
#1861=LINE('',#11696,#2814);
#1862=LINE('',#11697,#2815);
#1863=LINE('',#11699,#2816);
#1864=LINE('',#11700,#2817);
#1865=LINE('',#11702,#2818);
#1866=LINE('',#11703,#2819);
#1867=LINE('',#11710,#2820);
#1868=LINE('',#11712,#2821);
#1869=LINE('',#11714,#2822);
#1870=LINE('',#11715,#2823);
#1871=LINE('',#11718,#2824);
#1872=LINE('',#11720,#2825);
#1873=LINE('',#11721,#2826);
#1874=LINE('',#11724,#2827);
#1875=LINE('',#11725,#2828);
#1876=LINE('',#11728,#2829);
#1877=LINE('',#11729,#2830);
#1878=LINE('',#11731,#2831);
#1879=LINE('',#11737,#2832);
#1880=LINE('',#11739,#2833);
#1881=LINE('',#11741,#2834);
#1882=LINE('',#11742,#2835);
#1883=LINE('',#11745,#2836);
#1884=LINE('',#11747,#2837);
#1885=LINE('',#11748,#2838);
#1886=LINE('',#11751,#2839);
#1887=LINE('',#11753,#2840);
#1888=LINE('',#11754,#2841);
#1889=LINE('',#11757,#2842);
#1890=LINE('',#11759,#2843);
#1891=LINE('',#11760,#2844);
#1892=LINE('',#11763,#2845);
#1893=LINE('',#11764,#2846);
#1894=LINE('',#11767,#2847);
#1895=LINE('',#11768,#2848);
#1896=LINE('',#11770,#2849);
#1897=LINE('',#11776,#2850);
#1898=LINE('',#11778,#2851);
#1899=LINE('',#11780,#2852);
#1900=LINE('',#11781,#2853);
#1901=LINE('',#11785,#2854);
#1902=LINE('',#11787,#2855);
#1903=LINE('',#11789,#2856);
#1904=LINE('',#11790,#2857);
#1905=LINE('',#11792,#2858);
#1906=LINE('',#11793,#2859);
#1907=LINE('',#11795,#2860);
#1908=LINE('',#11797,#2861);
#1909=LINE('',#11803,#2862);
#1910=LINE('',#11805,#2863);
#1911=LINE('',#11807,#2864);
#1912=LINE('',#11808,#2865);
#1913=LINE('',#11811,#2866);
#1914=LINE('',#11813,#2867);
#1915=LINE('',#11814,#2868);
#1916=LINE('',#11817,#2869);
#1917=LINE('',#11819,#2870);
#1918=LINE('',#11821,#2871);
#1919=LINE('',#11822,#2872);
#1920=LINE('',#11825,#2873);
#1921=LINE('',#11826,#2874);
#1922=LINE('',#11829,#2875);
#1923=LINE('',#11830,#2876);
#1924=LINE('',#11833,#2877);
#1925=LINE('',#11834,#2878);
#1926=LINE('',#11836,#2879);
#1927=LINE('',#11842,#2880);
#1928=LINE('',#11844,#2881);
#1929=LINE('',#11846,#2882);
#1930=LINE('',#11847,#2883);
#1931=LINE('',#11850,#2884);
#1932=LINE('',#11852,#2885);
#1933=LINE('',#11853,#2886);
#1934=LINE('',#11856,#2887);
#1935=LINE('',#11858,#2888);
#1936=LINE('',#11860,#2889);
#1937=LINE('',#11861,#2890);
#1938=LINE('',#11864,#2891);
#1939=LINE('',#11865,#2892);
#1940=LINE('',#11868,#2893);
#1941=LINE('',#11869,#2894);
#1942=LINE('',#11872,#2895);
#1943=LINE('',#11873,#2896);
#1944=LINE('',#11875,#2897);
#1945=LINE('',#11881,#2898);
#1946=LINE('',#11883,#2899);
#1947=LINE('',#11885,#2900);
#1948=LINE('',#11886,#2901);
#1949=LINE('',#11889,#2902);
#1950=LINE('',#11891,#2903);
#1951=LINE('',#11892,#2904);
#1952=LINE('',#11895,#2905);
#1953=LINE('',#11897,#2906);
#1954=LINE('',#11898,#2907);
#1955=LINE('',#11901,#2908);
#1956=LINE('',#11903,#2909);
#1957=LINE('',#11905,#2910);
#1958=LINE('',#11906,#2911);
#1959=LINE('',#11909,#2912);
#1960=LINE('',#11911,#2913);
#1961=LINE('',#11913,#2914);
#1962=LINE('',#11914,#2915);
#1963=LINE('',#11916,#2916);
#1964=LINE('',#11917,#2917);
#1965=LINE('',#11920,#2918);
#1966=LINE('',#11926,#2919);
#1967=LINE('',#11928,#2920);
#1968=LINE('',#11930,#2921);
#1969=LINE('',#11931,#2922);
#1970=LINE('',#11934,#2923);
#1971=LINE('',#11936,#2924);
#1972=LINE('',#11937,#2925);
#1973=LINE('',#11940,#2926);
#1974=LINE('',#11942,#2927);
#1975=LINE('',#11943,#2928);
#1976=LINE('',#11946,#2929);
#1977=LINE('',#11948,#2930);
#1978=LINE('',#11950,#2931);
#1979=LINE('',#11951,#2932);
#1980=LINE('',#11954,#2933);
#1981=LINE('',#11955,#2934);
#1982=LINE('',#11958,#2935);
#1983=LINE('',#11959,#2936);
#1984=LINE('',#11962,#2937);
#1985=LINE('',#11963,#2938);
#1986=LINE('',#11965,#2939);
#1987=LINE('',#11971,#2940);
#1988=LINE('',#11973,#2941);
#1989=LINE('',#11975,#2942);
#1990=LINE('',#11976,#2943);
#1991=LINE('',#11979,#2944);
#1992=LINE('',#11981,#2945);
#1993=LINE('',#11982,#2946);
#1994=LINE('',#11985,#2947);
#1995=LINE('',#11986,#2948);
#1996=LINE('',#11989,#2949);
#1997=LINE('',#11990,#2950);
#1998=LINE('',#11992,#2951);
#1999=LINE('',#11998,#2952);
#2000=LINE('',#12000,#2953);
#2001=LINE('',#12002,#2954);
#2002=LINE('',#12003,#2955);
#2003=LINE('',#12006,#2956);
#2004=LINE('',#12008,#2957);
#2005=LINE('',#12009,#2958);
#2006=LINE('',#12012,#2959);
#2007=LINE('',#12013,#2960);
#2008=LINE('',#12016,#2961);
#2009=LINE('',#12017,#2962);
#2010=LINE('',#12019,#2963);
#2011=LINE('',#12025,#2964);
#2012=LINE('',#12027,#2965);
#2013=LINE('',#12029,#2966);
#2014=LINE('',#12030,#2967);
#2015=LINE('',#12033,#2968);
#2016=LINE('',#12035,#2969);
#2017=LINE('',#12036,#2970);
#2018=LINE('',#12039,#2971);
#2019=LINE('',#12041,#2972);
#2020=LINE('',#12042,#2973);
#2021=LINE('',#12044,#2974);
#2022=LINE('',#12045,#2975);
#2023=LINE('',#12052,#2976);
#2024=LINE('',#12054,#2977);
#2025=LINE('',#12056,#2978);
#2026=LINE('',#12057,#2979);
#2027=LINE('',#12060,#2980);
#2028=LINE('',#12062,#2981);
#2029=LINE('',#12063,#2982);
#2030=LINE('',#12066,#2983);
#2031=LINE('',#12068,#2984);
#2032=LINE('',#12069,#2985);
#2033=LINE('',#12071,#2986);
#2034=LINE('',#12072,#2987);
#2035=LINE('',#12079,#2988);
#2036=LINE('',#12081,#2989);
#2037=LINE('',#12083,#2990);
#2038=LINE('',#12084,#2991);
#2039=LINE('',#12087,#2992);
#2040=LINE('',#12089,#2993);
#2041=LINE('',#12090,#2994);
#2042=LINE('',#12093,#2995);
#2043=LINE('',#12094,#2996);
#2044=LINE('',#12097,#2997);
#2045=LINE('',#12098,#2998);
#2046=LINE('',#12100,#2999);
#2047=LINE('',#12106,#3000);
#2048=LINE('',#12108,#3001);
#2049=LINE('',#12110,#3002);
#2050=LINE('',#12111,#3003);
#2051=LINE('',#12114,#3004);
#2052=LINE('',#12116,#3005);
#2053=LINE('',#12117,#3006);
#2054=LINE('',#12120,#3007);
#2055=LINE('',#12122,#3008);
#2056=LINE('',#12123,#3009);
#2057=LINE('',#12125,#3010);
#2058=LINE('',#12126,#3011);
#2059=VECTOR('',#8219,10.);
#2060=VECTOR('',#8220,10.);
#2061=VECTOR('',#8221,10.);
#2062=VECTOR('',#8222,10.);
#2063=VECTOR('',#8225,10.);
#2064=VECTOR('',#8226,10.);
#2065=VECTOR('',#8227,10.);
#2066=VECTOR('',#8228,10.);
#2067=VECTOR('',#8229,10.);
#2068=VECTOR('',#8230,10.);
#2069=VECTOR('',#8231,10.);
#2070=VECTOR('',#8234,10.);
#2071=VECTOR('',#8235,10.);
#2072=VECTOR('',#8236,10.);
#2073=VECTOR('',#8237,10.);
#2074=VECTOR('',#8240,10.);
#2075=VECTOR('',#8241,10.);
#2076=VECTOR('',#8242,10.);
#2077=VECTOR('',#8243,10.);
#2078=VECTOR('',#8244,10.);
#2079=VECTOR('',#8247,10.);
#2080=VECTOR('',#8248,10.);
#2081=VECTOR('',#8251,10.);
#2082=VECTOR('',#8252,10.);
#2083=VECTOR('',#8255,10.);
#2084=VECTOR('',#8258,10.);
#2085=VECTOR('',#8261,10.);
#2086=VECTOR('',#8266,10.);
#2087=VECTOR('',#8273,10.);
#2088=VECTOR('',#8274,10.);
#2089=VECTOR('',#8275,10.);
#2090=VECTOR('',#8276,10.);
#2091=VECTOR('',#8279,10.);
#2092=VECTOR('',#8280,10.);
#2093=VECTOR('',#8281,10.);
#2094=VECTOR('',#8282,10.);
#2095=VECTOR('',#8283,10.);
#2096=VECTOR('',#8284,10.);
#2097=VECTOR('',#8285,10.);
#2098=VECTOR('',#8288,10.);
#2099=VECTOR('',#8289,10.);
#2100=VECTOR('',#8290,10.);
#2101=VECTOR('',#8291,10.);
#2102=VECTOR('',#8292,10.);
#2103=VECTOR('',#8293,10.);
#2104=VECTOR('',#8296,10.);
#2105=VECTOR('',#8299,10.);
#2106=VECTOR('',#8304,10.);
#2107=VECTOR('',#8305,10.);
#2108=VECTOR('',#8308,10.);
#2109=VECTOR('',#8309,10.);
#2110=VECTOR('',#8312,10.);
#2111=VECTOR('',#8319,10.);
#2112=VECTOR('',#8320,10.);
#2113=VECTOR('',#8321,10.);
#2114=VECTOR('',#8322,10.);
#2115=VECTOR('',#8325,10.);
#2116=VECTOR('',#8326,10.);
#2117=VECTOR('',#8327,10.);
#2118=VECTOR('',#8330,10.);
#2119=VECTOR('',#8331,10.);
#2120=VECTOR('',#8334,10.);
#2121=VECTOR('',#8335,10.);
#2122=VECTOR('',#8336,10.);
#2123=VECTOR('',#8337,10.);
#2124=VECTOR('',#8338,10.);
#2125=VECTOR('',#8339,10.);
#2126=VECTOR('',#8342,10.);
#2127=VECTOR('',#8345,10.);
#2128=VECTOR('',#8346,10.);
#2129=VECTOR('',#8347,10.);
#2130=VECTOR('',#8348,10.);
#2131=VECTOR('',#8351,10.);
#2132=VECTOR('',#8352,10.);
#2133=VECTOR('',#8355,10.);
#2134=VECTOR('',#8360,10.);
#2135=VECTOR('',#8367,10.);
#2136=VECTOR('',#8368,10.);
#2137=VECTOR('',#8369,10.);
#2138=VECTOR('',#8370,10.);
#2139=VECTOR('',#8373,10.);
#2140=VECTOR('',#8374,10.);
#2141=VECTOR('',#8375,10.);
#2142=VECTOR('',#8376,10.);
#2143=VECTOR('',#8379,10.);
#2144=VECTOR('',#8380,10.);
#2145=VECTOR('',#8381,10.);
#2146=VECTOR('',#8382,10.);
#2147=VECTOR('',#8385,10.);
#2148=VECTOR('',#8386,10.);
#2149=VECTOR('',#8387,10.);
#2150=VECTOR('',#8388,10.);
#2151=VECTOR('',#8391,10.);
#2152=VECTOR('',#8392,10.);
#2153=VECTOR('',#8395,10.);
#2154=VECTOR('',#8396,10.);
#2155=VECTOR('',#8399,10.);
#2156=VECTOR('',#8400,10.);
#2157=VECTOR('',#8403,10.);
#2158=VECTOR('',#8406,10.);
#2159=VECTOR('',#8413,10.);
#2160=VECTOR('',#8414,10.);
#2161=VECTOR('',#8415,10.);
#2162=VECTOR('',#8416,10.);
#2163=VECTOR('',#8419,10.);
#2164=VECTOR('',#8420,10.);
#2165=VECTOR('',#8421,10.);
#2166=VECTOR('',#8422,10.);
#2167=VECTOR('',#8425,10.);
#2168=VECTOR('',#8426,10.);
#2169=VECTOR('',#8427,10.);
#2170=VECTOR('',#8428,10.);
#2171=VECTOR('',#8431,10.);
#2172=VECTOR('',#8432,10.);
#2173=VECTOR('',#8433,10.);
#2174=VECTOR('',#8434,10.);
#2175=VECTOR('',#8437,10.);
#2176=VECTOR('',#8438,10.);
#2177=VECTOR('',#8441,10.);
#2178=VECTOR('',#8442,10.);
#2179=VECTOR('',#8443,10.);
#2180=VECTOR('',#8444,10.);
#2181=VECTOR('',#8447,10.);
#2182=VECTOR('',#8448,10.);
#2183=VECTOR('',#8451,10.);
#2184=VECTOR('',#8452,10.);
#2185=VECTOR('',#8455,10.);
#2186=VECTOR('',#8456,10.);
#2187=VECTOR('',#8459,10.);
#2188=VECTOR('',#8462,10.);
#2189=VECTOR('',#8469,10.);
#2190=VECTOR('',#8470,10.);
#2191=VECTOR('',#8471,10.);
#2192=VECTOR('',#8472,10.);
#2193=VECTOR('',#8475,10.);
#2194=VECTOR('',#8476,10.);
#2195=VECTOR('',#8477,10.);
#2196=VECTOR('',#8478,10.);
#2197=VECTOR('',#8479,10.);
#2198=VECTOR('',#8480,10.);
#2199=VECTOR('',#8481,10.);
#2200=VECTOR('',#8484,10.);
#2201=VECTOR('',#8485,10.);
#2202=VECTOR('',#8486,10.);
#2203=VECTOR('',#8487,10.);
#2204=VECTOR('',#8488,10.);
#2205=VECTOR('',#8489,10.);
#2206=VECTOR('',#8492,10.);
#2207=VECTOR('',#8493,10.);
#2208=VECTOR('',#8494,10.);
#2209=VECTOR('',#8497,10.);
#2210=VECTOR('',#8500,10.);
#2211=VECTOR('',#8503,10.);
#2212=VECTOR('',#8508,10.);
#2213=VECTOR('',#8515,10.);
#2214=VECTOR('',#8516,10.);
#2215=VECTOR('',#8517,10.);
#2216=VECTOR('',#8518,10.);
#2217=VECTOR('',#8521,10.);
#2218=VECTOR('',#8522,10.);
#2219=VECTOR('',#8523,10.);
#2220=VECTOR('',#8526,10.);
#2221=VECTOR('',#8527,10.);
#2222=VECTOR('',#8530,10.);
#2223=VECTOR('',#8531,10.);
#2224=VECTOR('',#8534,10.);
#2225=VECTOR('',#8541,10.);
#2226=VECTOR('',#8542,10.);
#2227=VECTOR('',#8543,10.);
#2228=VECTOR('',#8544,10.);
#2229=VECTOR('',#8547,10.);
#2230=VECTOR('',#8548,10.);
#2231=VECTOR('',#8549,10.);
#2232=VECTOR('',#8550,10.);
#2233=VECTOR('',#8551,10.);
#2234=VECTOR('',#8552,10.);
#2235=VECTOR('',#8553,10.);
#2236=VECTOR('',#8556,10.);
#2237=VECTOR('',#8557,10.);
#2238=VECTOR('',#8558,10.);
#2239=VECTOR('',#8559,10.);
#2240=VECTOR('',#8560,10.);
#2241=VECTOR('',#8561,10.);
#2242=VECTOR('',#8564,10.);
#2243=VECTOR('',#8567,10.);
#2244=VECTOR('',#8572,10.);
#2245=VECTOR('',#8573,10.);
#2246=VECTOR('',#8574,10.);
#2247=VECTOR('',#8577,10.);
#2248=VECTOR('',#8580,10.);
#2249=VECTOR('',#8587,10.);
#2250=VECTOR('',#8588,10.);
#2251=VECTOR('',#8589,10.);
#2252=VECTOR('',#8590,10.);
#2253=VECTOR('',#8593,10.);
#2254=VECTOR('',#8594,10.);
#2255=VECTOR('',#8595,10.);
#2256=VECTOR('',#8598,10.);
#2257=VECTOR('',#8599,10.);
#2258=VECTOR('',#8602,10.);
#2259=VECTOR('',#8603,10.);
#2260=VECTOR('',#8606,10.);
#2261=VECTOR('',#8613,10.);
#2262=VECTOR('',#8614,10.);
#2263=VECTOR('',#8615,10.);
#2264=VECTOR('',#8616,10.);
#2265=VECTOR('',#8619,10.);
#2266=VECTOR('',#8620,10.);
#2267=VECTOR('',#8621,10.);
#2268=VECTOR('',#8624,10.);
#2269=VECTOR('',#8625,10.);
#2270=VECTOR('',#8626,10.);
#2271=VECTOR('',#8629,10.);
#2272=VECTOR('',#8630,10.);
#2273=VECTOR('',#8631,10.);
#2274=VECTOR('',#8634,10.);
#2275=VECTOR('',#8635,10.);
#2276=VECTOR('',#8638,10.);
#2277=VECTOR('',#8639,10.);
#2278=VECTOR('',#8642,10.);
#2279=VECTOR('',#8649,10.);
#2280=VECTOR('',#8650,10.);
#2281=VECTOR('',#8651,10.);
#2282=VECTOR('',#8652,10.);
#2283=VECTOR('',#8655,10.);
#2284=VECTOR('',#8656,10.);
#2285=VECTOR('',#8657,10.);
#2286=VECTOR('',#8660,10.);
#2287=VECTOR('',#8661,10.);
#2288=VECTOR('',#8662,10.);
#2289=VECTOR('',#8665,10.);
#2290=VECTOR('',#8666,10.);
#2291=VECTOR('',#8667,10.);
#2292=VECTOR('',#8670,10.);
#2293=VECTOR('',#8671,10.);
#2294=VECTOR('',#8674,10.);
#2295=VECTOR('',#8675,10.);
#2296=VECTOR('',#8678,10.);
#2297=VECTOR('',#8685,10.);
#2298=VECTOR('',#8686,10.);
#2299=VECTOR('',#8687,10.);
#2300=VECTOR('',#8688,10.);
#2301=VECTOR('',#8691,10.);
#2302=VECTOR('',#8692,10.);
#2303=VECTOR('',#8693,10.);
#2304=VECTOR('',#8696,10.);
#2305=VECTOR('',#8697,10.);
#2306=VECTOR('',#8698,10.);
#2307=VECTOR('',#8699,10.);
#2308=VECTOR('',#8702,10.);
#2309=VECTOR('',#8703,10.);
#2310=VECTOR('',#8706,10.);
#2311=VECTOR('',#8707,10.);
#2312=VECTOR('',#8708,10.);
#2313=VECTOR('',#8711,10.);
#2314=VECTOR('',#8714,10.);
#2315=VECTOR('',#8721,10.);
#2316=VECTOR('',#8722,10.);
#2317=VECTOR('',#8723,10.);
#2318=VECTOR('',#8724,10.);
#2319=VECTOR('',#8727,10.);
#2320=VECTOR('',#8728,10.);
#2321=VECTOR('',#8729,10.);
#2322=VECTOR('',#8730,10.);
#2323=VECTOR('',#8731,10.);
#2324=VECTOR('',#8732,10.);
#2325=VECTOR('',#8733,10.);
#2326=VECTOR('',#8734,10.);
#2327=VECTOR('',#8735,10.);
#2328=VECTOR('',#8736,10.);
#2329=VECTOR('',#8737,10.);
#2330=VECTOR('',#8740,10.);
#2331=VECTOR('',#8741,10.);
#2332=VECTOR('',#8744,10.);
#2333=VECTOR('',#8745,10.);
#2334=VECTOR('',#8746,10.);
#2335=VECTOR('',#8749,10.);
#2336=VECTOR('',#8750,10.);
#2337=VECTOR('',#8751,10.);
#2338=VECTOR('',#8752,10.);
#2339=VECTOR('',#8753,10.);
#2340=VECTOR('',#8756,10.);
#2341=VECTOR('',#8757,10.);
#2342=VECTOR('',#8758,10.);
#2343=VECTOR('',#8761,10.);
#2344=VECTOR('',#8762,10.);
#2345=VECTOR('',#8763,10.);
#2346=VECTOR('',#8766,10.);
#2347=VECTOR('',#8767,10.);
#2348=VECTOR('',#8768,10.);
#2349=VECTOR('',#8771,10.);
#2350=VECTOR('',#8772,10.);
#2351=VECTOR('',#8775,10.);
#2352=VECTOR('',#8776,10.);
#2353=VECTOR('',#8777,10.);
#2354=VECTOR('',#8778,10.);
#2355=VECTOR('',#8779,10.);
#2356=VECTOR('',#8782,10.);
#2357=VECTOR('',#8783,10.);
#2358=VECTOR('',#8784,10.);
#2359=VECTOR('',#8785,10.);
#2360=VECTOR('',#8788,10.);
#2361=VECTOR('',#8789,10.);
#2362=VECTOR('',#8792,10.);
#2363=VECTOR('',#8793,10.);
#2364=VECTOR('',#8796,10.);
#2365=VECTOR('',#8801,10.);
#2366=VECTOR('',#8802,10.);
#2367=VECTOR('',#8803,10.);
#2368=VECTOR('',#8804,10.);
#2369=VECTOR('',#8807,10.);
#2370=VECTOR('',#8808,10.);
#2371=VECTOR('',#8809,10.);
#2372=VECTOR('',#8812,10.);
#2373=VECTOR('',#8813,10.);
#2374=VECTOR('',#8816,10.);
#2375=VECTOR('',#8817,10.);
#2376=VECTOR('',#8820,10.);
#2377=VECTOR('',#8821,10.);
#2378=VECTOR('',#8822,10.);
#2379=VECTOR('',#8823,10.);
#2380=VECTOR('',#8826,10.);
#2381=VECTOR('',#8827,10.);
#2382=VECTOR('',#8828,10.);
#2383=VECTOR('',#8831,10.);
#2384=VECTOR('',#8832,10.);
#2385=VECTOR('',#8835,10.);
#2386=VECTOR('',#8836,10.);
#2387=VECTOR('',#8839,10.);
#2388=VECTOR('',#8840,10.);
#2389=VECTOR('',#8841,10.);
#2390=VECTOR('',#8842,10.);
#2391=VECTOR('',#8843,10.);
#2392=VECTOR('',#8844,10.);
#2393=VECTOR('',#8845,10.);
#2394=VECTOR('',#8848,10.);
#2395=VECTOR('',#8849,10.);
#2396=VECTOR('',#8854,10.);
#2397=VECTOR('',#8865,10.);
#2398=VECTOR('',#8866,10.);
#2399=VECTOR('',#8867,10.);
#2400=VECTOR('',#8868,10.);
#2401=VECTOR('',#8871,10.);
#2402=VECTOR('',#8872,10.);
#2403=VECTOR('',#8873,10.);
#2404=VECTOR('',#8876,10.);
#2405=VECTOR('',#8877,10.);
#2406=VECTOR('',#8878,10.);
#2407=VECTOR('',#8881,10.);
#2408=VECTOR('',#8882,10.);
#2409=VECTOR('',#8883,10.);
#2410=VECTOR('',#8886,10.);
#2411=VECTOR('',#8887,10.);
#2412=VECTOR('',#8888,10.);
#2413=VECTOR('',#8891,10.);
#2414=VECTOR('',#8892,10.);
#2415=VECTOR('',#8893,10.);
#2416=VECTOR('',#8896,10.);
#2417=VECTOR('',#8897,10.);
#2418=VECTOR('',#8898,10.);
#2419=VECTOR('',#8901,10.);
#2420=VECTOR('',#8902,10.);
#2421=VECTOR('',#8903,10.);
#2422=VECTOR('',#8904,10.);
#2423=VECTOR('',#8907,10.);
#2424=VECTOR('',#8908,10.);
#2425=VECTOR('',#8911,10.);
#2426=VECTOR('',#8912,10.);
#2427=VECTOR('',#8913,10.);
#2428=VECTOR('',#8914,10.);
#2429=VECTOR('',#8917,10.);
#2430=VECTOR('',#8918,10.);
#2431=VECTOR('',#8919,10.);
#2432=VECTOR('',#8920,10.);
#2433=VECTOR('',#8923,10.);
#2434=VECTOR('',#8924,10.);
#2435=VECTOR('',#8925,10.);
#2436=VECTOR('',#8928,10.);
#2437=VECTOR('',#8929,10.);
#2438=VECTOR('',#8930,10.);
#2439=VECTOR('',#8931,10.);
#2440=VECTOR('',#8934,10.);
#2441=VECTOR('',#8935,10.);
#2442=VECTOR('',#8936,10.);
#2443=VECTOR('',#8937,10.);
#2444=VECTOR('',#8938,10.);
#2445=VECTOR('',#8939,10.);
#2446=VECTOR('',#8942,10.);
#2447=VECTOR('',#8943,10.);
#2448=VECTOR('',#8946,10.);
#2449=VECTOR('',#8947,10.);
#2450=VECTOR('',#8948,10.);
#2451=VECTOR('',#8949,10.);
#2452=VECTOR('',#8950,10.);
#2453=VECTOR('',#8953,10.);
#2454=VECTOR('',#8954,10.);
#2455=VECTOR('',#8957,10.);
#2456=VECTOR('',#8958,10.);
#2457=VECTOR('',#8959,10.);
#2458=VECTOR('',#8960,10.);
#2459=VECTOR('',#8961,10.);
#2460=VECTOR('',#8962,10.);
#2461=VECTOR('',#8963,10.);
#2462=VECTOR('',#8964,10.);
#2463=VECTOR('',#8965,10.);
#2464=VECTOR('',#8968,10.);
#2465=VECTOR('',#8969,10.);
#2466=VECTOR('',#8972,10.);
#2467=VECTOR('',#8973,10.);
#2468=VECTOR('',#8974,10.);
#2469=VECTOR('',#8975,10.);
#2470=VECTOR('',#8978,10.);
#2471=VECTOR('',#8979,10.);
#2472=VECTOR('',#8980,10.);
#2473=VECTOR('',#8983,10.);
#2474=VECTOR('',#8984,10.);
#2475=VECTOR('',#8991,10.);
#2476=VECTOR('',#8992,10.);
#2477=VECTOR('',#8993,10.);
#2478=VECTOR('',#8994,10.);
#2479=VECTOR('',#8995,10.);
#2480=VECTOR('',#8998,10.);
#2481=VECTOR('',#8999,10.);
#2482=VECTOR('',#9000,10.);
#2483=VECTOR('',#9001,10.);
#2484=VECTOR('',#9004,10.);
#2485=VECTOR('',#9005,10.);
#2486=VECTOR('',#9006,10.);
#2487=VECTOR('',#9009,10.);
#2488=VECTOR('',#9010,10.);
#2489=VECTOR('',#9013,10.);
#2490=VECTOR('',#9014,10.);
#2491=VECTOR('',#9015,10.);
#2492=VECTOR('',#9016,10.);
#2493=VECTOR('',#9019,10.);
#2494=VECTOR('',#9020,10.);
#2495=VECTOR('',#9021,10.);
#2496=VECTOR('',#9024,10.);
#2497=VECTOR('',#9025,10.);
#2498=VECTOR('',#9028,10.);
#2499=VECTOR('',#9029,10.);
#2500=VECTOR('',#9030,10.);
#2501=VECTOR('',#9033,10.);
#2502=VECTOR('',#9034,10.);
#2503=VECTOR('',#9035,10.);
#2504=VECTOR('',#9036,10.);
#2505=VECTOR('',#9037,10.);
#2506=VECTOR('',#9038,10.);
#2507=VECTOR('',#9041,10.);
#2508=VECTOR('',#9042,10.);
#2509=VECTOR('',#9043,10.);
#2510=VECTOR('',#9044,10.);
#2511=VECTOR('',#9047,10.);
#2512=VECTOR('',#9048,10.);
#2513=VECTOR('',#9049,10.);
#2514=VECTOR('',#9052,10.);
#2515=VECTOR('',#9053,10.);
#2516=VECTOR('',#9056,10.);
#2517=VECTOR('',#9061,10.);
#2518=VECTOR('',#9066,10.);
#2519=VECTOR('',#9067,10.);
#2520=VECTOR('',#9068,10.);
#2521=VECTOR('',#9071,10.);
#2522=VECTOR('',#9072,10.);
#2523=VECTOR('',#9075,10.);
#2524=VECTOR('',#9078,10.);
#2525=VECTOR('',#9091,10.);
#2526=VECTOR('',#9092,10.);
#2527=VECTOR('',#9093,10.);
#2528=VECTOR('',#9094,10.);
#2529=VECTOR('',#9097,10.);
#2530=VECTOR('',#9098,10.);
#2531=VECTOR('',#9099,10.);
#2532=VECTOR('',#9102,10.);
#2533=VECTOR('',#9103,10.);
#2534=VECTOR('',#9104,10.);
#2535=VECTOR('',#9107,10.);
#2536=VECTOR('',#9108,10.);
#2537=VECTOR('',#9117,10.);
#2538=VECTOR('',#9118,10.);
#2539=VECTOR('',#9119,10.);
#2540=VECTOR('',#9120,10.);
#2541=VECTOR('',#9123,10.);
#2542=VECTOR('',#9124,10.);
#2543=VECTOR('',#9125,10.);
#2544=VECTOR('',#9128,10.);
#2545=VECTOR('',#9129,10.);
#2546=VECTOR('',#9130,10.);
#2547=VECTOR('',#9133,10.);
#2548=VECTOR('',#9134,10.);
#2549=VECTOR('',#9143,10.);
#2550=VECTOR('',#9144,10.);
#2551=VECTOR('',#9145,10.);
#2552=VECTOR('',#9146,10.);
#2553=VECTOR('',#9149,10.);
#2554=VECTOR('',#9150,10.);
#2555=VECTOR('',#9151,10.);
#2556=VECTOR('',#9154,10.);
#2557=VECTOR('',#9155,10.);
#2558=VECTOR('',#9156,10.);
#2559=VECTOR('',#9159,10.);
#2560=VECTOR('',#9160,10.);
#2561=VECTOR('',#9169,10.);
#2562=VECTOR('',#9170,10.);
#2563=VECTOR('',#9171,10.);
#2564=VECTOR('',#9172,10.);
#2565=VECTOR('',#9175,10.);
#2566=VECTOR('',#9176,10.);
#2567=VECTOR('',#9177,10.);
#2568=VECTOR('',#9180,10.);
#2569=VECTOR('',#9181,10.);
#2570=VECTOR('',#9182,10.);
#2571=VECTOR('',#9185,10.);
#2572=VECTOR('',#9188,10.);
#2573=VECTOR('',#9189,10.);
#2574=VECTOR('',#9190,10.);
#2575=VECTOR('',#9191,10.);
#2576=VECTOR('',#9194,10.);
#2577=VECTOR('',#9195,10.);
#2578=VECTOR('',#9196,10.);
#2579=VECTOR('',#9199,10.);
#2580=VECTOR('',#9200,10.);
#2581=VECTOR('',#9203,10.);
#2582=VECTOR('',#9204,10.);
#2583=VECTOR('',#9205,10.);
#2584=VECTOR('',#9206,10.);
#2585=VECTOR('',#9209,10.);
#2586=VECTOR('',#9210,10.);
#2587=VECTOR('',#9211,10.);
#2588=VECTOR('',#9214,10.);
#2589=VECTOR('',#9215,10.);
#2590=VECTOR('',#9216,10.);
#2591=VECTOR('',#9219,10.);
#2592=VECTOR('',#9222,10.);
#2593=VECTOR('',#9223,10.);
#2594=VECTOR('',#9224,10.);
#2595=VECTOR('',#9225,10.);
#2596=VECTOR('',#9228,10.);
#2597=VECTOR('',#9229,10.);
#2598=VECTOR('',#9230,10.);
#2599=VECTOR('',#9231,10.);
#2600=VECTOR('',#9232,10.);
#2601=VECTOR('',#9235,10.);
#2602=VECTOR('',#9236,10.);
#2603=VECTOR('',#9237,10.);
#2604=VECTOR('',#9240,10.);
#2605=VECTOR('',#9243,10.);
#2606=VECTOR('',#9250,10.);
#2607=VECTOR('',#9251,10.);
#2608=VECTOR('',#9252,10.);
#2609=VECTOR('',#9253,10.);
#2610=VECTOR('',#9256,10.);
#2611=VECTOR('',#9257,10.);
#2612=VECTOR('',#9258,10.);
#2613=VECTOR('',#9259,10.);
#2614=VECTOR('',#9260,10.);
#2615=VECTOR('',#9261,10.);
#2616=VECTOR('',#9264,10.);
#2617=VECTOR('',#9265,10.);
#2618=VECTOR('',#9266,10.);
#2619=VECTOR('',#9267,10.);
#2620=VECTOR('',#9268,10.);
#2621=VECTOR('',#9269,10.);
#2622=VECTOR('',#9272,10.);
#2623=VECTOR('',#9273,10.);
#2624=VECTOR('',#9274,10.);
#2625=VECTOR('',#9277,10.);
#2626=VECTOR('',#9278,10.);
#2627=VECTOR('',#9279,10.);
#2628=VECTOR('',#9282,10.);
#2629=VECTOR('',#9283,10.);
#2630=VECTOR('',#9284,10.);
#2631=VECTOR('',#9287,10.);
#2632=VECTOR('',#9290,10.);
#2633=VECTOR('',#9291,10.);
#2634=VECTOR('',#9292,10.);
#2635=VECTOR('',#9295,10.);
#2636=VECTOR('',#9296,10.);
#2637=VECTOR('',#9297,10.);
#2638=VECTOR('',#9304,10.);
#2639=VECTOR('',#9311,10.);
#2640=VECTOR('',#9312,10.);
#2641=VECTOR('',#9313,10.);
#2642=VECTOR('',#9314,10.);
#2643=VECTOR('',#9317,10.);
#2644=VECTOR('',#9318,10.);
#2645=VECTOR('',#9319,10.);
#2646=VECTOR('',#9322,10.);
#2647=VECTOR('',#9323,10.);
#2648=VECTOR('',#9326,10.);
#2649=VECTOR('',#9327,10.);
#2650=VECTOR('',#9328,10.);
#2651=VECTOR('',#9329,10.);
#2652=VECTOR('',#9330,10.);
#2653=VECTOR('',#9331,10.);
#2654=VECTOR('',#9332,10.);
#2655=VECTOR('',#9333,10.);
#2656=VECTOR('',#9334,10.);
#2657=VECTOR('',#9335,10.);
#2658=VECTOR('',#9338,10.);
#2659=VECTOR('',#9339,10.);
#2660=VECTOR('',#9340,10.);
#2661=VECTOR('',#9341,10.);
#2662=VECTOR('',#9342,10.);
#2663=VECTOR('',#9343,10.);
#2664=VECTOR('',#9344,10.);
#2665=VECTOR('',#9345,10.);
#2666=VECTOR('',#9346,10.);
#2667=VECTOR('',#9347,10.);
#2668=VECTOR('',#9350,10.);
#2669=VECTOR('',#9351,10.);
#2670=VECTOR('',#9352,10.);
#2671=VECTOR('',#9355,10.);
#2672=VECTOR('',#9356,10.);
#2673=VECTOR('',#9357,10.);
#2674=VECTOR('',#9360,10.);
#2675=VECTOR('',#9361,10.);
#2676=VECTOR('',#9362,10.);
#2677=VECTOR('',#9365,10.);
#2678=VECTOR('',#9366,10.);
#2679=VECTOR('',#9369,10.);
#2680=VECTOR('',#9370,10.);
#2681=VECTOR('',#9371,10.);
#2682=VECTOR('',#9372,10.);
#2683=VECTOR('',#9373,10.);
#2684=VECTOR('',#9374,10.);
#2685=VECTOR('',#9375,10.);
#2686=VECTOR('',#9376,10.);
#2687=VECTOR('',#9379,10.);
#2688=VECTOR('',#9382,10.);
#2689=VECTOR('',#9385,10.);
#2690=VECTOR('',#9386,10.);
#2691=VECTOR('',#9389,10.);
#2692=VECTOR('',#9390,10.);
#2693=VECTOR('',#9391,10.);
#2694=VECTOR('',#9394,10.);
#2695=VECTOR('',#9395,10.);
#2696=VECTOR('',#9396,10.);
#2697=VECTOR('',#9399,10.);
#2698=VECTOR('',#9400,10.);
#2699=VECTOR('',#9403,10.);
#2700=VECTOR('',#9404,10.);
#2701=VECTOR('',#9407,10.);
#2702=VECTOR('',#9408,10.);
#2703=VECTOR('',#9409,10.);
#2704=VECTOR('',#9410,10.);
#2705=VECTOR('',#9413,10.);
#2706=VECTOR('',#9414,10.);
#2707=VECTOR('',#9415,10.);
#2708=VECTOR('',#9418,10.);
#2709=VECTOR('',#9421,10.);
#2710=VECTOR('',#9426,10.);
#2711=VECTOR('',#9427,10.);
#2712=VECTOR('',#9428,10.);
#2713=VECTOR('',#9429,10.);
#2714=VECTOR('',#9432,10.);
#2715=VECTOR('',#9435,10.);
#2716=VECTOR('',#9444,10.);
#2717=VECTOR('',#9445,10.);
#2718=VECTOR('',#9446,10.);
#2719=VECTOR('',#9447,10.);
#2720=VECTOR('',#9450,10.);
#2721=VECTOR('',#9451,10.);
#2722=VECTOR('',#9452,10.);
#2723=VECTOR('',#9453,10.);
#2724=VECTOR('',#9456,10.);
#2725=VECTOR('',#9457,10.);
#2726=VECTOR('',#9460,10.);
#2727=VECTOR('',#9461,10.);
#2728=VECTOR('',#9470,10.);
#2729=VECTOR('',#9471,10.);
#2730=VECTOR('',#9472,10.);
#2731=VECTOR('',#9473,10.);
#2732=VECTOR('',#9476,10.);
#2733=VECTOR('',#9477,10.);
#2734=VECTOR('',#9478,10.);
#2735=VECTOR('',#9481,10.);
#2736=VECTOR('',#9482,10.);
#2737=VECTOR('',#9485,10.);
#2738=VECTOR('',#9486,10.);
#2739=VECTOR('',#9487,10.);
#2740=VECTOR('',#9488,10.);
#2741=VECTOR('',#9489,10.);
#2742=VECTOR('',#9490,10.);
#2743=VECTOR('',#9493,10.);
#2744=VECTOR('',#9494,10.);
#2745=VECTOR('',#9495,10.);
#2746=VECTOR('',#9498,10.);
#2747=VECTOR('',#9499,10.);
#2748=VECTOR('',#9500,10.);
#2749=VECTOR('',#9501,10.);
#2750=VECTOR('',#9504,10.);
#2751=VECTOR('',#9505,10.);
#2752=VECTOR('',#9506,10.);
#2753=VECTOR('',#9509,10.);
#2754=VECTOR('',#9510,10.);
#2755=VECTOR('',#9511,10.);
#2756=VECTOR('',#9512,10.);
#2757=VECTOR('',#9515,10.);
#2758=VECTOR('',#9516,10.);
#2759=VECTOR('',#9517,10.);
#2760=VECTOR('',#9518,10.);
#2761=VECTOR('',#9521,10.);
#2762=VECTOR('',#9522,10.);
#2763=VECTOR('',#9523,10.);
#2764=VECTOR('',#9526,10.);
#2765=VECTOR('',#9529,10.);
#2766=VECTOR('',#9530,10.);
#2767=VECTOR('',#9531,10.);
#2768=VECTOR('',#9534,10.);
#2769=VECTOR('',#9535,10.);
#2770=VECTOR('',#9538,10.);
#2771=VECTOR('',#9539,10.);
#2772=VECTOR('',#9540,10.);
#2773=VECTOR('',#9541,10.);
#2774=VECTOR('',#9544,10.);
#2775=VECTOR('',#9553,10.);
#2776=VECTOR('',#9554,10.);
#2777=VECTOR('',#9555,10.);
#2778=VECTOR('',#9556,10.);
#2779=VECTOR('',#9559,10.);
#2780=VECTOR('',#9560,10.);
#2781=VECTOR('',#9561,10.);
#2782=VECTOR('',#9564,10.);
#2783=VECTOR('',#9565,10.);
#2784=VECTOR('',#9568,10.);
#2785=VECTOR('',#9569,10.);
#2786=VECTOR('',#9570,10.);
#2787=VECTOR('',#9571,10.);
#2788=VECTOR('',#9572,10.);
#2789=VECTOR('',#9573,10.);
#2790=VECTOR('',#9576,10.);
#2791=VECTOR('',#9579,10.);
#2792=VECTOR('',#9580,10.);
#2793=VECTOR('',#9581,10.);
#2794=VECTOR('',#9582,10.);
#2795=VECTOR('',#9585,10.);
#2796=VECTOR('',#9586,10.);
#2797=VECTOR('',#9587,10.);
#2798=VECTOR('',#9590,10.);
#2799=VECTOR('',#9591,10.);
#2800=VECTOR('',#9592,10.);
#2801=VECTOR('',#9595,10.);
#2802=VECTOR('',#9596,10.);
#2803=VECTOR('',#9597,10.);
#2804=VECTOR('',#9598,10.);
#2805=VECTOR('',#9601,10.);
#2806=VECTOR('',#9604,10.);
#2807=VECTOR('',#9607,10.);
#2808=VECTOR('',#9614,10.);
#2809=VECTOR('',#9615,10.);
#2810=VECTOR('',#9616,10.);
#2811=VECTOR('',#9617,10.);
#2812=VECTOR('',#9620,10.);
#2813=VECTOR('',#9621,10.);
#2814=VECTOR('',#9622,10.);
#2815=VECTOR('',#9623,10.);
#2816=VECTOR('',#9626,10.);
#2817=VECTOR('',#9627,10.);
#2818=VECTOR('',#9630,10.);
#2819=VECTOR('',#9631,10.);
#2820=VECTOR('',#9640,10.);
#2821=VECTOR('',#9641,10.);
#2822=VECTOR('',#9642,10.);
#2823=VECTOR('',#9643,10.);
#2824=VECTOR('',#9646,10.);
#2825=VECTOR('',#9647,10.);
#2826=VECTOR('',#9648,10.);
#2827=VECTOR('',#9651,10.);
#2828=VECTOR('',#9652,10.);
#2829=VECTOR('',#9655,10.);
#2830=VECTOR('',#9656,10.);
#2831=VECTOR('',#9659,10.);
#2832=VECTOR('',#9666,10.);
#2833=VECTOR('',#9667,10.);
#2834=VECTOR('',#9668,10.);
#2835=VECTOR('',#9669,10.);
#2836=VECTOR('',#9672,10.);
#2837=VECTOR('',#9673,10.);
#2838=VECTOR('',#9674,10.);
#2839=VECTOR('',#9677,10.);
#2840=VECTOR('',#9678,10.);
#2841=VECTOR('',#9679,10.);
#2842=VECTOR('',#9682,10.);
#2843=VECTOR('',#9683,10.);
#2844=VECTOR('',#9684,10.);
#2845=VECTOR('',#9687,10.);
#2846=VECTOR('',#9688,10.);
#2847=VECTOR('',#9691,10.);
#2848=VECTOR('',#9692,10.);
#2849=VECTOR('',#9695,10.);
#2850=VECTOR('',#9702,10.);
#2851=VECTOR('',#9703,10.);
#2852=VECTOR('',#9704,10.);
#2853=VECTOR('',#9705,10.);
#2854=VECTOR('',#9708,10.);
#2855=VECTOR('',#9709,10.);
#2856=VECTOR('',#9710,10.);
#2857=VECTOR('',#9711,10.);
#2858=VECTOR('',#9714,10.);
#2859=VECTOR('',#9715,10.);
#2860=VECTOR('',#9718,10.);
#2861=VECTOR('',#9721,10.);
#2862=VECTOR('',#9728,10.);
#2863=VECTOR('',#9729,10.);
#2864=VECTOR('',#9730,10.);
#2865=VECTOR('',#9731,10.);
#2866=VECTOR('',#9734,10.);
#2867=VECTOR('',#9735,10.);
#2868=VECTOR('',#9736,10.);
#2869=VECTOR('',#9739,10.);
#2870=VECTOR('',#9740,10.);
#2871=VECTOR('',#9741,10.);
#2872=VECTOR('',#9742,10.);
#2873=VECTOR('',#9745,10.);
#2874=VECTOR('',#9746,10.);
#2875=VECTOR('',#9749,10.);
#2876=VECTOR('',#9750,10.);
#2877=VECTOR('',#9753,10.);
#2878=VECTOR('',#9754,10.);
#2879=VECTOR('',#9757,10.);
#2880=VECTOR('',#9764,10.);
#2881=VECTOR('',#9765,10.);
#2882=VECTOR('',#9766,10.);
#2883=VECTOR('',#9767,10.);
#2884=VECTOR('',#9770,10.);
#2885=VECTOR('',#9771,10.);
#2886=VECTOR('',#9772,10.);
#2887=VECTOR('',#9775,10.);
#2888=VECTOR('',#9776,10.);
#2889=VECTOR('',#9777,10.);
#2890=VECTOR('',#9778,10.);
#2891=VECTOR('',#9781,10.);
#2892=VECTOR('',#9782,10.);
#2893=VECTOR('',#9785,10.);
#2894=VECTOR('',#9786,10.);
#2895=VECTOR('',#9789,10.);
#2896=VECTOR('',#9790,10.);
#2897=VECTOR('',#9793,10.);
#2898=VECTOR('',#9800,10.);
#2899=VECTOR('',#9801,10.);
#2900=VECTOR('',#9802,10.);
#2901=VECTOR('',#9803,10.);
#2902=VECTOR('',#9806,10.);
#2903=VECTOR('',#9807,10.);
#2904=VECTOR('',#9808,10.);
#2905=VECTOR('',#9811,10.);
#2906=VECTOR('',#9812,10.);
#2907=VECTOR('',#9813,10.);
#2908=VECTOR('',#9816,10.);
#2909=VECTOR('',#9817,10.);
#2910=VECTOR('',#9818,10.);
#2911=VECTOR('',#9819,10.);
#2912=VECTOR('',#9822,10.);
#2913=VECTOR('',#9823,10.);
#2914=VECTOR('',#9824,10.);
#2915=VECTOR('',#9825,10.);
#2916=VECTOR('',#9828,10.);
#2917=VECTOR('',#9829,10.);
#2918=VECTOR('',#9834,10.);
#2919=VECTOR('',#9841,10.);
#2920=VECTOR('',#9842,10.);
#2921=VECTOR('',#9843,10.);
#2922=VECTOR('',#9844,10.);
#2923=VECTOR('',#9847,10.);
#2924=VECTOR('',#9848,10.);
#2925=VECTOR('',#9849,10.);
#2926=VECTOR('',#9852,10.);
#2927=VECTOR('',#9853,10.);
#2928=VECTOR('',#9854,10.);
#2929=VECTOR('',#9857,10.);
#2930=VECTOR('',#9858,10.);
#2931=VECTOR('',#9859,10.);
#2932=VECTOR('',#9860,10.);
#2933=VECTOR('',#9863,10.);
#2934=VECTOR('',#9864,10.);
#2935=VECTOR('',#9867,10.);
#2936=VECTOR('',#9868,10.);
#2937=VECTOR('',#9871,10.);
#2938=VECTOR('',#9872,10.);
#2939=VECTOR('',#9875,10.);
#2940=VECTOR('',#9882,10.);
#2941=VECTOR('',#9883,10.);
#2942=VECTOR('',#9884,10.);
#2943=VECTOR('',#9885,10.);
#2944=VECTOR('',#9888,10.);
#2945=VECTOR('',#9889,10.);
#2946=VECTOR('',#9890,10.);
#2947=VECTOR('',#9893,10.);
#2948=VECTOR('',#9894,10.);
#2949=VECTOR('',#9897,10.);
#2950=VECTOR('',#9898,10.);
#2951=VECTOR('',#9901,10.);
#2952=VECTOR('',#9908,10.);
#2953=VECTOR('',#9909,10.);
#2954=VECTOR('',#9910,10.);
#2955=VECTOR('',#9911,10.);
#2956=VECTOR('',#9914,10.);
#2957=VECTOR('',#9915,10.);
#2958=VECTOR('',#9916,10.);
#2959=VECTOR('',#9919,10.);
#2960=VECTOR('',#9920,10.);
#2961=VECTOR('',#9923,10.);
#2962=VECTOR('',#9924,10.);
#2963=VECTOR('',#9927,10.);
#2964=VECTOR('',#9934,10.);
#2965=VECTOR('',#9935,10.);
#2966=VECTOR('',#9936,10.);
#2967=VECTOR('',#9937,10.);
#2968=VECTOR('',#9940,10.);
#2969=VECTOR('',#9941,10.);
#2970=VECTOR('',#9942,10.);
#2971=VECTOR('',#9945,10.);
#2972=VECTOR('',#9946,10.);
#2973=VECTOR('',#9947,10.);
#2974=VECTOR('',#9950,10.);
#2975=VECTOR('',#9951,10.);
#2976=VECTOR('',#9960,10.);
#2977=VECTOR('',#9961,10.);
#2978=VECTOR('',#9962,10.);
#2979=VECTOR('',#9963,10.);
#2980=VECTOR('',#9966,10.);
#2981=VECTOR('',#9967,10.);
#2982=VECTOR('',#9968,10.);
#2983=VECTOR('',#9971,10.);
#2984=VECTOR('',#9972,10.);
#2985=VECTOR('',#9973,10.);
#2986=VECTOR('',#9976,10.);
#2987=VECTOR('',#9977,10.);
#2988=VECTOR('',#9986,10.);
#2989=VECTOR('',#9987,10.);
#2990=VECTOR('',#9988,10.);
#2991=VECTOR('',#9989,10.);
#2992=VECTOR('',#9992,10.);
#2993=VECTOR('',#9993,10.);
#2994=VECTOR('',#9994,10.);
#2995=VECTOR('',#9997,10.);
#2996=VECTOR('',#9998,10.);
#2997=VECTOR('',#10001,10.);
#2998=VECTOR('',#10002,10.);
#2999=VECTOR('',#10005,10.);
#3000=VECTOR('',#10012,10.);
#3001=VECTOR('',#10013,10.);
#3002=VECTOR('',#10014,10.);
#3003=VECTOR('',#10015,10.);
#3004=VECTOR('',#10018,10.);
#3005=VECTOR('',#10019,10.);
#3006=VECTOR('',#10020,10.);
#3007=VECTOR('',#10023,10.);
#3008=VECTOR('',#10024,10.);
#3009=VECTOR('',#10025,10.);
#3010=VECTOR('',#10028,10.);
#3011=VECTOR('',#10029,10.);
#3012=VERTEX_POINT('',#10111);
#3013=VERTEX_POINT('',#10112);
#3014=VERTEX_POINT('',#10114);
#3015=VERTEX_POINT('',#10116);
#3016=VERTEX_POINT('',#10120);
#3017=VERTEX_POINT('',#10122);
#3018=VERTEX_POINT('',#10124);
#3019=VERTEX_POINT('',#10126);
#3020=VERTEX_POINT('',#10128);
#3021=VERTEX_POINT('',#10130);
#3022=VERTEX_POINT('',#10134);
#3023=VERTEX_POINT('',#10135);
#3024=VERTEX_POINT('',#10137);
#3025=VERTEX_POINT('',#10139);
#3026=VERTEX_POINT('',#10143);
#3027=VERTEX_POINT('',#10145);
#3028=VERTEX_POINT('',#10147);
#3029=VERTEX_POINT('',#10149);
#3030=VERTEX_POINT('',#10170);
#3031=VERTEX_POINT('',#10171);
#3032=VERTEX_POINT('',#10173);
#3033=VERTEX_POINT('',#10175);
#3034=VERTEX_POINT('',#10179);
#3035=VERTEX_POINT('',#10181);
#3036=VERTEX_POINT('',#10183);
#3037=VERTEX_POINT('',#10185);
#3038=VERTEX_POINT('',#10187);
#3039=VERTEX_POINT('',#10189);
#3040=VERTEX_POINT('',#10193);
#3041=VERTEX_POINT('',#10195);
#3042=VERTEX_POINT('',#10198);
#3043=VERTEX_POINT('',#10200);
#3044=VERTEX_POINT('',#10209);
#3045=VERTEX_POINT('',#10213);
#3046=VERTEX_POINT('',#10221);
#3047=VERTEX_POINT('',#10222);
#3048=VERTEX_POINT('',#10224);
#3049=VERTEX_POINT('',#10226);
#3050=VERTEX_POINT('',#10230);
#3051=VERTEX_POINT('',#10232);
#3052=VERTEX_POINT('',#10236);
#3053=VERTEX_POINT('',#10240);
#3054=VERTEX_POINT('',#10241);
#3055=VERTEX_POINT('',#10243);
#3056=VERTEX_POINT('',#10245);
#3057=VERTEX_POINT('',#10248);
#3058=VERTEX_POINT('',#10254);
#3059=VERTEX_POINT('',#10255);
#3060=VERTEX_POINT('',#10257);
#3061=VERTEX_POINT('',#10259);
#3062=VERTEX_POINT('',#10273);
#3063=VERTEX_POINT('',#10274);
#3064=VERTEX_POINT('',#10276);
#3065=VERTEX_POINT('',#10278);
#3066=VERTEX_POINT('',#10282);
#3067=VERTEX_POINT('',#10283);
#3068=VERTEX_POINT('',#10285);
#3069=VERTEX_POINT('',#10287);
#3070=VERTEX_POINT('',#10291);
#3071=VERTEX_POINT('',#10292);
#3072=VERTEX_POINT('',#10294);
#3073=VERTEX_POINT('',#10296);
#3074=VERTEX_POINT('',#10300);
#3075=VERTEX_POINT('',#10301);
#3076=VERTEX_POINT('',#10303);
#3077=VERTEX_POINT('',#10305);
#3078=VERTEX_POINT('',#10324);
#3079=VERTEX_POINT('',#10325);
#3080=VERTEX_POINT('',#10327);
#3081=VERTEX_POINT('',#10329);
#3082=VERTEX_POINT('',#10333);
#3083=VERTEX_POINT('',#10334);
#3084=VERTEX_POINT('',#10336);
#3085=VERTEX_POINT('',#10338);
#3086=VERTEX_POINT('',#10342);
#3087=VERTEX_POINT('',#10343);
#3088=VERTEX_POINT('',#10345);
#3089=VERTEX_POINT('',#10347);
#3090=VERTEX_POINT('',#10351);
#3091=VERTEX_POINT('',#10352);
#3092=VERTEX_POINT('',#10354);
#3093=VERTEX_POINT('',#10356);
#3094=VERTEX_POINT('',#10363);
#3095=VERTEX_POINT('',#10364);
#3096=VERTEX_POINT('',#10366);
#3097=VERTEX_POINT('',#10368);
#3098=VERTEX_POINT('',#10387);
#3099=VERTEX_POINT('',#10388);
#3100=VERTEX_POINT('',#10390);
#3101=VERTEX_POINT('',#10392);
#3102=VERTEX_POINT('',#10396);
#3103=VERTEX_POINT('',#10398);
#3104=VERTEX_POINT('',#10400);
#3105=VERTEX_POINT('',#10402);
#3106=VERTEX_POINT('',#10404);
#3107=VERTEX_POINT('',#10406);
#3108=VERTEX_POINT('',#10410);
#3109=VERTEX_POINT('',#10412);
#3110=VERTEX_POINT('',#10414);
#3111=VERTEX_POINT('',#10417);
#3112=VERTEX_POINT('',#10421);
#3113=VERTEX_POINT('',#10423);
#3114=VERTEX_POINT('',#10438);
#3115=VERTEX_POINT('',#10439);
#3116=VERTEX_POINT('',#10441);
#3117=VERTEX_POINT('',#10443);
#3118=VERTEX_POINT('',#10447);
#3119=VERTEX_POINT('',#10449);
#3120=VERTEX_POINT('',#10453);
#3121=VERTEX_POINT('',#10457);
#3122=VERTEX_POINT('',#10465);
#3123=VERTEX_POINT('',#10466);
#3124=VERTEX_POINT('',#10468);
#3125=VERTEX_POINT('',#10470);
#3126=VERTEX_POINT('',#10474);
#3127=VERTEX_POINT('',#10476);
#3128=VERTEX_POINT('',#10478);
#3129=VERTEX_POINT('',#10480);
#3130=VERTEX_POINT('',#10482);
#3131=VERTEX_POINT('',#10484);
#3132=VERTEX_POINT('',#10488);
#3133=VERTEX_POINT('',#10490);
#3134=VERTEX_POINT('',#10493);
#3135=VERTEX_POINT('',#10495);
#3136=VERTEX_POINT('',#10504);
#3137=VERTEX_POINT('',#10506);
#3138=VERTEX_POINT('',#10516);
#3139=VERTEX_POINT('',#10517);
#3140=VERTEX_POINT('',#10519);
#3141=VERTEX_POINT('',#10521);
#3142=VERTEX_POINT('',#10525);
#3143=VERTEX_POINT('',#10527);
#3144=VERTEX_POINT('',#10531);
#3145=VERTEX_POINT('',#10535);
#3146=VERTEX_POINT('',#10543);
#3147=VERTEX_POINT('',#10544);
#3148=VERTEX_POINT('',#10546);
#3149=VERTEX_POINT('',#10548);
#3150=VERTEX_POINT('',#10552);
#3151=VERTEX_POINT('',#10554);
#3152=VERTEX_POINT('',#10558);
#3153=VERTEX_POINT('',#10560);
#3154=VERTEX_POINT('',#10564);
#3155=VERTEX_POINT('',#10566);
#3156=VERTEX_POINT('',#10570);
#3157=VERTEX_POINT('',#10574);
#3158=VERTEX_POINT('',#10582);
#3159=VERTEX_POINT('',#10583);
#3160=VERTEX_POINT('',#10585);
#3161=VERTEX_POINT('',#10587);
#3162=VERTEX_POINT('',#10591);
#3163=VERTEX_POINT('',#10593);
#3164=VERTEX_POINT('',#10597);
#3165=VERTEX_POINT('',#10599);
#3166=VERTEX_POINT('',#10603);
#3167=VERTEX_POINT('',#10605);
#3168=VERTEX_POINT('',#10609);
#3169=VERTEX_POINT('',#10613);
#3170=VERTEX_POINT('',#10621);
#3171=VERTEX_POINT('',#10622);
#3172=VERTEX_POINT('',#10624);
#3173=VERTEX_POINT('',#10626);
#3174=VERTEX_POINT('',#10630);
#3175=VERTEX_POINT('',#10632);
#3176=VERTEX_POINT('',#10636);
#3177=VERTEX_POINT('',#10638);
#3178=VERTEX_POINT('',#10640);
#3179=VERTEX_POINT('',#10644);
#3180=VERTEX_POINT('',#10648);
#3181=VERTEX_POINT('',#10650);
#3182=VERTEX_POINT('',#10660);
#3183=VERTEX_POINT('',#10661);
#3184=VERTEX_POINT('',#10663);
#3185=VERTEX_POINT('',#10665);
#3186=VERTEX_POINT('',#10669);
#3187=VERTEX_POINT('',#10671);
#3188=VERTEX_POINT('',#10673);
#3189=VERTEX_POINT('',#10675);
#3190=VERTEX_POINT('',#10677);
#3191=VERTEX_POINT('',#10679);
#3192=VERTEX_POINT('',#10681);
#3193=VERTEX_POINT('',#10683);
#3194=VERTEX_POINT('',#10685);
#3195=VERTEX_POINT('',#10687);
#3196=VERTEX_POINT('',#10691);
#3197=VERTEX_POINT('',#10695);
#3198=VERTEX_POINT('',#10697);
#3199=VERTEX_POINT('',#10701);
#3200=VERTEX_POINT('',#10703);
#3201=VERTEX_POINT('',#10705);
#3202=VERTEX_POINT('',#10707);
#3203=VERTEX_POINT('',#10711);
#3204=VERTEX_POINT('',#10713);
#3205=VERTEX_POINT('',#10717);
#3206=VERTEX_POINT('',#10719);
#3207=VERTEX_POINT('',#10723);
#3208=VERTEX_POINT('',#10725);
#3209=VERTEX_POINT('',#10732);
#3210=VERTEX_POINT('',#10734);
#3211=VERTEX_POINT('',#10736);
#3212=VERTEX_POINT('',#10738);
#3213=VERTEX_POINT('',#10742);
#3214=VERTEX_POINT('',#10744);
#3215=VERTEX_POINT('',#10746);
#3216=VERTEX_POINT('',#10750);
#3217=VERTEX_POINT('',#10760);
#3218=VERTEX_POINT('',#10761);
#3219=VERTEX_POINT('',#10763);
#3220=VERTEX_POINT('',#10765);
#3221=VERTEX_POINT('',#10769);
#3222=VERTEX_POINT('',#10771);
#3223=VERTEX_POINT('',#10775);
#3224=VERTEX_POINT('',#10779);
#3225=VERTEX_POINT('',#10783);
#3226=VERTEX_POINT('',#10784);
#3227=VERTEX_POINT('',#10786);
#3228=VERTEX_POINT('',#10788);
#3229=VERTEX_POINT('',#10792);
#3230=VERTEX_POINT('',#10794);
#3231=VERTEX_POINT('',#10798);
#3232=VERTEX_POINT('',#10802);
#3233=VERTEX_POINT('',#10808);
#3234=VERTEX_POINT('',#10810);
#3235=VERTEX_POINT('',#10812);
#3236=VERTEX_POINT('',#10827);
#3237=VERTEX_POINT('',#10828);
#3238=VERTEX_POINT('',#10830);
#3239=VERTEX_POINT('',#10832);
#3240=VERTEX_POINT('',#10836);
#3241=VERTEX_POINT('',#10838);
#3242=VERTEX_POINT('',#10842);
#3243=VERTEX_POINT('',#10844);
#3244=VERTEX_POINT('',#10848);
#3245=VERTEX_POINT('',#10850);
#3246=VERTEX_POINT('',#10854);
#3247=VERTEX_POINT('',#10856);
#3248=VERTEX_POINT('',#10860);
#3249=VERTEX_POINT('',#10862);
#3250=VERTEX_POINT('',#10866);
#3251=VERTEX_POINT('',#10868);
#3252=VERTEX_POINT('',#10872);
#3253=VERTEX_POINT('',#10873);
#3254=VERTEX_POINT('',#10875);
#3255=VERTEX_POINT('',#10877);
#3256=VERTEX_POINT('',#10884);
#3257=VERTEX_POINT('',#10886);
#3258=VERTEX_POINT('',#10888);
#3259=VERTEX_POINT('',#10892);
#3260=VERTEX_POINT('',#10894);
#3261=VERTEX_POINT('',#10896);
#3262=VERTEX_POINT('',#10900);
#3263=VERTEX_POINT('',#10902);
#3264=VERTEX_POINT('',#10906);
#3265=VERTEX_POINT('',#10907);
#3266=VERTEX_POINT('',#10909);
#3267=VERTEX_POINT('',#10911);
#3268=VERTEX_POINT('',#10915);
#3269=VERTEX_POINT('',#10918);
#3270=VERTEX_POINT('',#10920);
#3271=VERTEX_POINT('',#10922);
#3272=VERTEX_POINT('',#10926);
#3273=VERTEX_POINT('',#10930);
#3274=VERTEX_POINT('',#10931);
#3275=VERTEX_POINT('',#10933);
#3276=VERTEX_POINT('',#10935);
#3277=VERTEX_POINT('',#10943);
#3278=VERTEX_POINT('',#10945);
#3279=VERTEX_POINT('',#10947);
#3280=VERTEX_POINT('',#10949);
#3281=VERTEX_POINT('',#10951);
#3282=VERTEX_POINT('',#10953);
#3283=VERTEX_POINT('',#10955);
#3284=VERTEX_POINT('',#10957);
#3285=VERTEX_POINT('',#10961);
#3286=VERTEX_POINT('',#10966);
#3287=VERTEX_POINT('',#10968);
#3288=VERTEX_POINT('',#10972);
#3289=VERTEX_POINT('',#10974);
#3290=VERTEX_POINT('',#10983);
#3291=VERTEX_POINT('',#10985);
#3292=VERTEX_POINT('',#10987);
#3293=VERTEX_POINT('',#10989);
#3294=VERTEX_POINT('',#10993);
#3295=VERTEX_POINT('',#10994);
#3296=VERTEX_POINT('',#10996);
#3297=VERTEX_POINT('',#10998);
#3298=VERTEX_POINT('',#11002);
#3299=VERTEX_POINT('',#11004);
#3300=VERTEX_POINT('',#11008);
#3301=VERTEX_POINT('',#11012);
#3302=VERTEX_POINT('',#11013);
#3303=VERTEX_POINT('',#11015);
#3304=VERTEX_POINT('',#11017);
#3305=VERTEX_POINT('',#11021);
#3306=VERTEX_POINT('',#11023);
#3307=VERTEX_POINT('',#11027);
#3308=VERTEX_POINT('',#11031);
#3309=VERTEX_POINT('',#11033);
#3310=VERTEX_POINT('',#11037);
#3311=VERTEX_POINT('',#11040);
#3312=VERTEX_POINT('',#11043);
#3313=VERTEX_POINT('',#11047);
#3314=VERTEX_POINT('',#11049);
#3315=VERTEX_POINT('',#11051);
#3316=VERTEX_POINT('',#11055);
#3317=VERTEX_POINT('',#11057);
#3318=VERTEX_POINT('',#11070);
#3319=VERTEX_POINT('',#11071);
#3320=VERTEX_POINT('',#11088);
#3321=VERTEX_POINT('',#11089);
#3322=VERTEX_POINT('',#11091);
#3323=VERTEX_POINT('',#11093);
#3324=VERTEX_POINT('',#11097);
#3325=VERTEX_POINT('',#11099);
#3326=VERTEX_POINT('',#11103);
#3327=VERTEX_POINT('',#11105);
#3328=VERTEX_POINT('',#11115);
#3329=VERTEX_POINT('',#11116);
#3330=VERTEX_POINT('',#11118);
#3331=VERTEX_POINT('',#11120);
#3332=VERTEX_POINT('',#11124);
#3333=VERTEX_POINT('',#11126);
#3334=VERTEX_POINT('',#11130);
#3335=VERTEX_POINT('',#11132);
#3336=VERTEX_POINT('',#11142);
#3337=VERTEX_POINT('',#11143);
#3338=VERTEX_POINT('',#11145);
#3339=VERTEX_POINT('',#11147);
#3340=VERTEX_POINT('',#11151);
#3341=VERTEX_POINT('',#11153);
#3342=VERTEX_POINT('',#11157);
#3343=VERTEX_POINT('',#11159);
#3344=VERTEX_POINT('',#11169);
#3345=VERTEX_POINT('',#11170);
#3346=VERTEX_POINT('',#11172);
#3347=VERTEX_POINT('',#11174);
#3348=VERTEX_POINT('',#11178);
#3349=VERTEX_POINT('',#11180);
#3350=VERTEX_POINT('',#11184);
#3351=VERTEX_POINT('',#11186);
#3352=VERTEX_POINT('',#11192);
#3353=VERTEX_POINT('',#11193);
#3354=VERTEX_POINT('',#11195);
#3355=VERTEX_POINT('',#11197);
#3356=VERTEX_POINT('',#11201);
#3357=VERTEX_POINT('',#11203);
#3358=VERTEX_POINT('',#11207);
#3359=VERTEX_POINT('',#11211);
#3360=VERTEX_POINT('',#11212);
#3361=VERTEX_POINT('',#11214);
#3362=VERTEX_POINT('',#11216);
#3363=VERTEX_POINT('',#11220);
#3364=VERTEX_POINT('',#11222);
#3365=VERTEX_POINT('',#11226);
#3366=VERTEX_POINT('',#11228);
#3367=VERTEX_POINT('',#11234);
#3368=VERTEX_POINT('',#11236);
#3369=VERTEX_POINT('',#11238);
#3370=VERTEX_POINT('',#11242);
#3371=VERTEX_POINT('',#11244);
#3372=VERTEX_POINT('',#11250);
#3373=VERTEX_POINT('',#11251);
#3374=VERTEX_POINT('',#11262);
#3375=VERTEX_POINT('',#11263);
#3376=VERTEX_POINT('',#11265);
#3377=VERTEX_POINT('',#11267);
#3378=VERTEX_POINT('',#11271);
#3379=VERTEX_POINT('',#11272);
#3380=VERTEX_POINT('',#11274);
#3381=VERTEX_POINT('',#11276);
#3382=VERTEX_POINT('',#11278);
#3383=VERTEX_POINT('',#11280);
#3384=VERTEX_POINT('',#11285);
#3385=VERTEX_POINT('',#11287);
#3386=VERTEX_POINT('',#11289);
#3387=VERTEX_POINT('',#11291);
#3388=VERTEX_POINT('',#11295);
#3389=VERTEX_POINT('',#11297);
#3390=VERTEX_POINT('',#11301);
#3391=VERTEX_POINT('',#11302);
#3392=VERTEX_POINT('',#11307);
#3393=VERTEX_POINT('',#11309);
#3394=VERTEX_POINT('',#11315);
#3395=VERTEX_POINT('',#11317);
#3396=VERTEX_POINT('',#11331);
#3397=VERTEX_POINT('',#11332);
#3398=VERTEX_POINT('',#11334);
#3399=VERTEX_POINT('',#11336);
#3400=VERTEX_POINT('',#11340);
#3401=VERTEX_POINT('',#11342);
#3402=VERTEX_POINT('',#11346);
#3403=VERTEX_POINT('',#11350);
#3404=VERTEX_POINT('',#11351);
#3405=VERTEX_POINT('',#11353);
#3406=VERTEX_POINT('',#11355);
#3407=VERTEX_POINT('',#11357);
#3408=VERTEX_POINT('',#11359);
#3409=VERTEX_POINT('',#11361);
#3410=VERTEX_POINT('',#11363);
#3411=VERTEX_POINT('',#11365);
#3412=VERTEX_POINT('',#11367);
#3413=VERTEX_POINT('',#11371);
#3414=VERTEX_POINT('',#11372);
#3415=VERTEX_POINT('',#11374);
#3416=VERTEX_POINT('',#11376);
#3417=VERTEX_POINT('',#11378);
#3418=VERTEX_POINT('',#11380);
#3419=VERTEX_POINT('',#11383);
#3420=VERTEX_POINT('',#11385);
#3421=VERTEX_POINT('',#11387);
#3422=VERTEX_POINT('',#11391);
#3423=VERTEX_POINT('',#11393);
#3424=VERTEX_POINT('',#11397);
#3425=VERTEX_POINT('',#11398);
#3426=VERTEX_POINT('',#11403);
#3427=VERTEX_POINT('',#11405);
#3428=VERTEX_POINT('',#11409);
#3429=VERTEX_POINT('',#11413);
#3430=VERTEX_POINT('',#11415);
#3431=VERTEX_POINT('',#11417);
#3432=VERTEX_POINT('',#11419);
#3433=VERTEX_POINT('',#11421);
#3434=VERTEX_POINT('',#11423);
#3435=VERTEX_POINT('',#11425);
#3436=VERTEX_POINT('',#11433);
#3437=VERTEX_POINT('',#11437);
#3438=VERTEX_POINT('',#11439);
#3439=VERTEX_POINT('',#11443);
#3440=VERTEX_POINT('',#11445);
#3441=VERTEX_POINT('',#11449);
#3442=VERTEX_POINT('',#11456);
#3443=VERTEX_POINT('',#11458);
#3444=VERTEX_POINT('',#11463);
#3445=VERTEX_POINT('',#11465);
#3446=VERTEX_POINT('',#11474);
#3447=VERTEX_POINT('',#11476);
#3448=VERTEX_POINT('',#11488);
#3449=VERTEX_POINT('',#11489);
#3450=VERTEX_POINT('',#11491);
#3451=VERTEX_POINT('',#11493);
#3452=VERTEX_POINT('',#11497);
#3453=VERTEX_POINT('',#11498);
#3454=VERTEX_POINT('',#11500);
#3455=VERTEX_POINT('',#11502);
#3456=VERTEX_POINT('',#11515);
#3457=VERTEX_POINT('',#11516);
#3458=VERTEX_POINT('',#11518);
#3459=VERTEX_POINT('',#11520);
#3460=VERTEX_POINT('',#11524);
#3461=VERTEX_POINT('',#11526);
#3462=VERTEX_POINT('',#11530);
#3463=VERTEX_POINT('',#11534);
#3464=VERTEX_POINT('',#11535);
#3465=VERTEX_POINT('',#11537);
#3466=VERTEX_POINT('',#11539);
#3467=VERTEX_POINT('',#11541);
#3468=VERTEX_POINT('',#11543);
#3469=VERTEX_POINT('',#11547);
#3470=VERTEX_POINT('',#11549);
#3471=VERTEX_POINT('',#11553);
#3472=VERTEX_POINT('',#11554);
#3473=VERTEX_POINT('',#11556);
#3474=VERTEX_POINT('',#11558);
#3475=VERTEX_POINT('',#11562);
#3476=VERTEX_POINT('',#11564);
#3477=VERTEX_POINT('',#11568);
#3478=VERTEX_POINT('',#11570);
#3479=VERTEX_POINT('',#11572);
#3480=VERTEX_POINT('',#11576);
#3481=VERTEX_POINT('',#11578);
#3482=VERTEX_POINT('',#11580);
#3483=VERTEX_POINT('',#11584);
#3484=VERTEX_POINT('',#11585);
#3485=VERTEX_POINT('',#11592);
#3486=VERTEX_POINT('',#11594);
#3487=VERTEX_POINT('',#11601);
#3488=VERTEX_POINT('',#11612);
#3489=VERTEX_POINT('',#11613);
#3490=VERTEX_POINT('',#11615);
#3491=VERTEX_POINT('',#11617);
#3492=VERTEX_POINT('',#11621);
#3493=VERTEX_POINT('',#11623);
#3494=VERTEX_POINT('',#11627);
#3495=VERTEX_POINT('',#11631);
#3496=VERTEX_POINT('',#11633);
#3497=VERTEX_POINT('',#11635);
#3498=VERTEX_POINT('',#11637);
#3499=VERTEX_POINT('',#11639);
#3500=VERTEX_POINT('',#11645);
#3501=VERTEX_POINT('',#11646);
#3502=VERTEX_POINT('',#11648);
#3503=VERTEX_POINT('',#11650);
#3504=VERTEX_POINT('',#11654);
#3505=VERTEX_POINT('',#11656);
#3506=VERTEX_POINT('',#11660);
#3507=VERTEX_POINT('',#11662);
#3508=VERTEX_POINT('',#11667);
#3509=VERTEX_POINT('',#11669);
#3510=VERTEX_POINT('',#11681);
#3511=VERTEX_POINT('',#11682);
#3512=VERTEX_POINT('',#11684);
#3513=VERTEX_POINT('',#11686);
#3514=VERTEX_POINT('',#11690);
#3515=VERTEX_POINT('',#11691);
#3516=VERTEX_POINT('',#11693);
#3517=VERTEX_POINT('',#11695);
#3518=VERTEX_POINT('',#11708);
#3519=VERTEX_POINT('',#11709);
#3520=VERTEX_POINT('',#11711);
#3521=VERTEX_POINT('',#11713);
#3522=VERTEX_POINT('',#11717);
#3523=VERTEX_POINT('',#11719);
#3524=VERTEX_POINT('',#11723);
#3525=VERTEX_POINT('',#11727);
#3526=VERTEX_POINT('',#11735);
#3527=VERTEX_POINT('',#11736);
#3528=VERTEX_POINT('',#11738);
#3529=VERTEX_POINT('',#11740);
#3530=VERTEX_POINT('',#11744);
#3531=VERTEX_POINT('',#11746);
#3532=VERTEX_POINT('',#11750);
#3533=VERTEX_POINT('',#11752);
#3534=VERTEX_POINT('',#11756);
#3535=VERTEX_POINT('',#11758);
#3536=VERTEX_POINT('',#11762);
#3537=VERTEX_POINT('',#11766);
#3538=VERTEX_POINT('',#11774);
#3539=VERTEX_POINT('',#11775);
#3540=VERTEX_POINT('',#11777);
#3541=VERTEX_POINT('',#11779);
#3542=VERTEX_POINT('',#11783);
#3543=VERTEX_POINT('',#11784);
#3544=VERTEX_POINT('',#11786);
#3545=VERTEX_POINT('',#11788);
#3546=VERTEX_POINT('',#11801);
#3547=VERTEX_POINT('',#11802);
#3548=VERTEX_POINT('',#11804);
#3549=VERTEX_POINT('',#11806);
#3550=VERTEX_POINT('',#11810);
#3551=VERTEX_POINT('',#11812);
#3552=VERTEX_POINT('',#11816);
#3553=VERTEX_POINT('',#11818);
#3554=VERTEX_POINT('',#11820);
#3555=VERTEX_POINT('',#11824);
#3556=VERTEX_POINT('',#11828);
#3557=VERTEX_POINT('',#11832);
#3558=VERTEX_POINT('',#11840);
#3559=VERTEX_POINT('',#11841);
#3560=VERTEX_POINT('',#11843);
#3561=VERTEX_POINT('',#11845);
#3562=VERTEX_POINT('',#11849);
#3563=VERTEX_POINT('',#11851);
#3564=VERTEX_POINT('',#11855);
#3565=VERTEX_POINT('',#11857);
#3566=VERTEX_POINT('',#11859);
#3567=VERTEX_POINT('',#11863);
#3568=VERTEX_POINT('',#11867);
#3569=VERTEX_POINT('',#11871);
#3570=VERTEX_POINT('',#11879);
#3571=VERTEX_POINT('',#11880);
#3572=VERTEX_POINT('',#11882);
#3573=VERTEX_POINT('',#11884);
#3574=VERTEX_POINT('',#11888);
#3575=VERTEX_POINT('',#11890);
#3576=VERTEX_POINT('',#11894);
#3577=VERTEX_POINT('',#11896);
#3578=VERTEX_POINT('',#11900);
#3579=VERTEX_POINT('',#11902);
#3580=VERTEX_POINT('',#11904);
#3581=VERTEX_POINT('',#11908);
#3582=VERTEX_POINT('',#11910);
#3583=VERTEX_POINT('',#11912);
#3584=VERTEX_POINT('',#11924);
#3585=VERTEX_POINT('',#11925);
#3586=VERTEX_POINT('',#11927);
#3587=VERTEX_POINT('',#11929);
#3588=VERTEX_POINT('',#11933);
#3589=VERTEX_POINT('',#11935);
#3590=VERTEX_POINT('',#11939);
#3591=VERTEX_POINT('',#11941);
#3592=VERTEX_POINT('',#11945);
#3593=VERTEX_POINT('',#11947);
#3594=VERTEX_POINT('',#11949);
#3595=VERTEX_POINT('',#11953);
#3596=VERTEX_POINT('',#11957);
#3597=VERTEX_POINT('',#11961);
#3598=VERTEX_POINT('',#11969);
#3599=VERTEX_POINT('',#11970);
#3600=VERTEX_POINT('',#11972);
#3601=VERTEX_POINT('',#11974);
#3602=VERTEX_POINT('',#11978);
#3603=VERTEX_POINT('',#11980);
#3604=VERTEX_POINT('',#11984);
#3605=VERTEX_POINT('',#11988);
#3606=VERTEX_POINT('',#11996);
#3607=VERTEX_POINT('',#11997);
#3608=VERTEX_POINT('',#11999);
#3609=VERTEX_POINT('',#12001);
#3610=VERTEX_POINT('',#12005);
#3611=VERTEX_POINT('',#12007);
#3612=VERTEX_POINT('',#12011);
#3613=VERTEX_POINT('',#12015);
#3614=VERTEX_POINT('',#12023);
#3615=VERTEX_POINT('',#12024);
#3616=VERTEX_POINT('',#12026);
#3617=VERTEX_POINT('',#12028);
#3618=VERTEX_POINT('',#12032);
#3619=VERTEX_POINT('',#12034);
#3620=VERTEX_POINT('',#12038);
#3621=VERTEX_POINT('',#12040);
#3622=VERTEX_POINT('',#12050);
#3623=VERTEX_POINT('',#12051);
#3624=VERTEX_POINT('',#12053);
#3625=VERTEX_POINT('',#12055);
#3626=VERTEX_POINT('',#12059);
#3627=VERTEX_POINT('',#12061);
#3628=VERTEX_POINT('',#12065);
#3629=VERTEX_POINT('',#12067);
#3630=VERTEX_POINT('',#12077);
#3631=VERTEX_POINT('',#12078);
#3632=VERTEX_POINT('',#12080);
#3633=VERTEX_POINT('',#12082);
#3634=VERTEX_POINT('',#12086);
#3635=VERTEX_POINT('',#12088);
#3636=VERTEX_POINT('',#12092);
#3637=VERTEX_POINT('',#12096);
#3638=VERTEX_POINT('',#12104);
#3639=VERTEX_POINT('',#12105);
#3640=VERTEX_POINT('',#12107);
#3641=VERTEX_POINT('',#12109);
#3642=VERTEX_POINT('',#12113);
#3643=VERTEX_POINT('',#12115);
#3644=VERTEX_POINT('',#12119);
#3645=VERTEX_POINT('',#12121);
#3646=EDGE_CURVE('',#3012,#3013,#1106,.T.);
#3647=EDGE_CURVE('',#3014,#3012,#1107,.T.);
#3648=EDGE_CURVE('',#3015,#3014,#1108,.T.);
#3649=EDGE_CURVE('',#3013,#3015,#1109,.T.);
#3650=EDGE_CURVE('',#3016,#3015,#1110,.T.);
#3651=EDGE_CURVE('',#3014,#3017,#1111,.T.);
#3652=EDGE_CURVE('',#3017,#3018,#1112,.T.);
#3653=EDGE_CURVE('',#3019,#3018,#1113,.T.);
#3654=EDGE_CURVE('',#3019,#3020,#1114,.T.);
#3655=EDGE_CURVE('',#3020,#3021,#1115,.T.);
#3656=EDGE_CURVE('',#3021,#3016,#1116,.T.);
#3657=EDGE_CURVE('',#3022,#3023,#1117,.T.);
#3658=EDGE_CURVE('',#3022,#3024,#1118,.T.);
#3659=EDGE_CURVE('',#3025,#3024,#1119,.T.);
#3660=EDGE_CURVE('',#3025,#3023,#1120,.T.);
#3661=EDGE_CURVE('',#3023,#3026,#1121,.T.);
#3662=EDGE_CURVE('',#3027,#3026,#1122,.T.);
#3663=EDGE_CURVE('',#3028,#3027,#1123,.T.);
#3664=EDGE_CURVE('',#3028,#3029,#1124,.T.);
#3665=EDGE_CURVE('',#3029,#3022,#1125,.T.);
#3666=EDGE_CURVE('',#3018,#3029,#1126,.T.);
#3667=EDGE_CURVE('',#3024,#3017,#1127,.T.);
#3668=EDGE_CURVE('',#3016,#3025,#1128,.T.);
#3669=EDGE_CURVE('',#3026,#3021,#1129,.T.);
#3670=EDGE_CURVE('',#3012,#3024,#1130,.T.);
#3671=EDGE_CURVE('',#3027,#3020,#1131,.T.);
#3672=EDGE_CURVE('',#3025,#3013,#1132,.T.);
#3673=EDGE_CURVE('',#3019,#3028,#1133,.T.);
#3674=EDGE_CURVE('',#3030,#3031,#1134,.T.);
#3675=EDGE_CURVE('',#3032,#3030,#1135,.T.);
#3676=EDGE_CURVE('',#3033,#3032,#1136,.T.);
#3677=EDGE_CURVE('',#3031,#3033,#1137,.T.);
#3678=EDGE_CURVE('',#3034,#3033,#1138,.T.);
#3679=EDGE_CURVE('',#3032,#3035,#1139,.T.);
#3680=EDGE_CURVE('',#3035,#3036,#1140,.T.);
#3681=EDGE_CURVE('',#3037,#3036,#1141,.T.);
#3682=EDGE_CURVE('',#3038,#3037,#1142,.T.);
#3683=EDGE_CURVE('',#3038,#3039,#1143,.T.);
#3684=EDGE_CURVE('',#3039,#3034,#1144,.T.);
#3685=EDGE_CURVE('',#3040,#3035,#1145,.T.);
#3686=EDGE_CURVE('',#3041,#3040,#1146,.T.);
#3687=EDGE_CURVE('',#3034,#3041,#1147,.T.);
#3688=EDGE_CURVE('',#3042,#3039,#1148,.T.);
#3689=EDGE_CURVE('',#3043,#3042,#1149,.T.);
#3690=EDGE_CURVE('',#3036,#3043,#1150,.T.);
#3691=EDGE_CURVE('',#3041,#3031,#1151,.T.);
#3692=EDGE_CURVE('',#3030,#3040,#1152,.T.);
#3693=EDGE_CURVE('',#3044,#3043,#1153,.T.);
#3694=EDGE_CURVE('',#3037,#3044,#1154,.T.);
#3695=EDGE_CURVE('',#3045,#3042,#1155,.T.);
#3696=EDGE_CURVE('',#3044,#3045,#1156,.T.);
#3697=EDGE_CURVE('',#3045,#3038,#1157,.T.);
#3698=EDGE_CURVE('',#3046,#3047,#1158,.T.);
#3699=EDGE_CURVE('',#3048,#3046,#1159,.T.);
#3700=EDGE_CURVE('',#3049,#3048,#1160,.T.);
#3701=EDGE_CURVE('',#3047,#3049,#1161,.T.);
#3702=EDGE_CURVE('',#3050,#3046,#1162,.T.);
#3703=EDGE_CURVE('',#3051,#3050,#1163,.T.);
#3704=EDGE_CURVE('',#3051,#3048,#1164,.T.);
#3705=EDGE_CURVE('',#3052,#3047,#1165,.T.);
#3706=EDGE_CURVE('',#3050,#3052,#1166,.T.);
#3707=EDGE_CURVE('',#3053,#3054,#1167,.T.);
#3708=EDGE_CURVE('',#3054,#3055,#1168,.T.);
#3709=EDGE_CURVE('',#3056,#3055,#1169,.T.);
#3710=EDGE_CURVE('',#3053,#3056,#1170,.T.);
#3711=EDGE_CURVE('',#3052,#3057,#1171,.T.);
#3712=EDGE_CURVE('',#3057,#3051,#1172,.T.);
#3713=EDGE_CURVE('',#3057,#3049,#1173,.T.);
#3714=EDGE_CURVE('',#3058,#3059,#1174,.T.);
#3715=EDGE_CURVE('',#3060,#3058,#1175,.T.);
#3716=EDGE_CURVE('',#3061,#3060,#1176,.T.);
#3717=EDGE_CURVE('',#3059,#3061,#1177,.T.);
#3718=EDGE_CURVE('',#3060,#3056,#1178,.T.);
#3719=EDGE_CURVE('',#3055,#3061,#1179,.T.);
#3720=EDGE_CURVE('',#3058,#3053,#1180,.T.);
#3721=EDGE_CURVE('',#3054,#3059,#1181,.T.);
#3722=EDGE_CURVE('',#3062,#3063,#1182,.T.);
#3723=EDGE_CURVE('',#3063,#3064,#1183,.T.);
#3724=EDGE_CURVE('',#3064,#3065,#1184,.T.);
#3725=EDGE_CURVE('',#3065,#3062,#1185,.T.);
#3726=EDGE_CURVE('',#3066,#3067,#1186,.T.);
#3727=EDGE_CURVE('',#3067,#3068,#1187,.T.);
#3728=EDGE_CURVE('',#3068,#3069,#1188,.T.);
#3729=EDGE_CURVE('',#3069,#3066,#1189,.T.);
#3730=EDGE_CURVE('',#3070,#3071,#1190,.T.);
#3731=EDGE_CURVE('',#3071,#3072,#1191,.T.);
#3732=EDGE_CURVE('',#3073,#3072,#1192,.T.);
#3733=EDGE_CURVE('',#3073,#3070,#1193,.T.);
#3734=EDGE_CURVE('',#3074,#3075,#1194,.T.);
#3735=EDGE_CURVE('',#3075,#3076,#1195,.T.);
#3736=EDGE_CURVE('',#3077,#3076,#1196,.T.);
#3737=EDGE_CURVE('',#3077,#3074,#1197,.T.);
#3738=EDGE_CURVE('',#3067,#3072,#1198,.T.);
#3739=EDGE_CURVE('',#3073,#3066,#1199,.T.);
#3740=EDGE_CURVE('',#3063,#3076,#1200,.T.);
#3741=EDGE_CURVE('',#3077,#3062,#1201,.T.);
#3742=EDGE_CURVE('',#3069,#3064,#1202,.T.);
#3743=EDGE_CURVE('',#3075,#3070,#1203,.T.);
#3744=EDGE_CURVE('',#3071,#3074,#1204,.T.);
#3745=EDGE_CURVE('',#3068,#3065,#1205,.T.);
#3746=EDGE_CURVE('',#3078,#3079,#1206,.T.);
#3747=EDGE_CURVE('',#3079,#3080,#1207,.T.);
#3748=EDGE_CURVE('',#3080,#3081,#1208,.T.);
#3749=EDGE_CURVE('',#3081,#3078,#1209,.T.);
#3750=EDGE_CURVE('',#3082,#3083,#1210,.T.);
#3751=EDGE_CURVE('',#3083,#3084,#1211,.T.);
#3752=EDGE_CURVE('',#3084,#3085,#1212,.T.);
#3753=EDGE_CURVE('',#3085,#3082,#1213,.T.);
#3754=EDGE_CURVE('',#3086,#3087,#1214,.T.);
#3755=EDGE_CURVE('',#3086,#3088,#1215,.T.);
#3756=EDGE_CURVE('',#3089,#3088,#1216,.T.);
#3757=EDGE_CURVE('',#3087,#3089,#1217,.T.);
#3758=EDGE_CURVE('',#3090,#3091,#1218,.T.);
#3759=EDGE_CURVE('',#3092,#3090,#1219,.T.);
#3760=EDGE_CURVE('',#3093,#3092,#1220,.T.);
#3761=EDGE_CURVE('',#3091,#3093,#1221,.T.);
#3762=EDGE_CURVE('',#3088,#3093,#1222,.T.);
#3763=EDGE_CURVE('',#3089,#3092,#1223,.T.);
#3764=EDGE_CURVE('',#3094,#3095,#1224,.T.);
#3765=EDGE_CURVE('',#3095,#3096,#1225,.T.);
#3766=EDGE_CURVE('',#3097,#3096,#1226,.T.);
#3767=EDGE_CURVE('',#3097,#3094,#1227,.T.);
#3768=EDGE_CURVE('',#3083,#3092,#1228,.T.);
#3769=EDGE_CURVE('',#3089,#3082,#1229,.T.);
#3770=EDGE_CURVE('',#3079,#3096,#1230,.T.);
#3771=EDGE_CURVE('',#3097,#3078,#1231,.T.);
#3772=EDGE_CURVE('',#3094,#3091,#1232,.T.);
#3773=EDGE_CURVE('',#3084,#3081,#1233,.T.);
#3774=EDGE_CURVE('',#3085,#3080,#1234,.T.);
#3775=EDGE_CURVE('',#3086,#3095,#1235,.T.);
#3776=EDGE_CURVE('',#3098,#3099,#1236,.T.);
#3777=EDGE_CURVE('',#3100,#3098,#1237,.T.);
#3778=EDGE_CURVE('',#3101,#3100,#1238,.T.);
#3779=EDGE_CURVE('',#3099,#3101,#1239,.T.);
#3780=EDGE_CURVE('',#3102,#3101,#1240,.T.);
#3781=EDGE_CURVE('',#3100,#3103,#1241,.T.);
#3782=EDGE_CURVE('',#3103,#3104,#1242,.T.);
#3783=EDGE_CURVE('',#3104,#3105,#1243,.T.);
#3784=EDGE_CURVE('',#3106,#3105,#1244,.T.);
#3785=EDGE_CURVE('',#3107,#3106,#1245,.T.);
#3786=EDGE_CURVE('',#3107,#3102,#1246,.T.);
#3787=EDGE_CURVE('',#3102,#3108,#1247,.T.);
#3788=EDGE_CURVE('',#3109,#3107,#1248,.T.);
#3789=EDGE_CURVE('',#3110,#3109,#1249,.T.);
#3790=EDGE_CURVE('',#3104,#3110,#1250,.T.);
#3791=EDGE_CURVE('',#3111,#3103,#1251,.T.);
#3792=EDGE_CURVE('',#3108,#3111,#1252,.T.);
#3793=EDGE_CURVE('',#3109,#3112,#1253,.T.);
#3794=EDGE_CURVE('',#3113,#3112,#1254,.T.);
#3795=EDGE_CURVE('',#3110,#3113,#1255,.T.);
#3796=EDGE_CURVE('',#3112,#3106,#1256,.T.);
#3797=EDGE_CURVE('',#3108,#3099,#1257,.T.);
#3798=EDGE_CURVE('',#3098,#3111,#1258,.T.);
#3799=EDGE_CURVE('',#3105,#3113,#1259,.T.);
#3800=EDGE_CURVE('',#3114,#3115,#1260,.T.);
#3801=EDGE_CURVE('',#3116,#3114,#1261,.T.);
#3802=EDGE_CURVE('',#3117,#3116,#1262,.T.);
#3803=EDGE_CURVE('',#3115,#3117,#1263,.T.);
#3804=EDGE_CURVE('',#3114,#3118,#1264,.T.);
#3805=EDGE_CURVE('',#3118,#3119,#1265,.T.);
#3806=EDGE_CURVE('',#3119,#3116,#1266,.T.);
#3807=EDGE_CURVE('',#3120,#3115,#1267,.T.);
#3808=EDGE_CURVE('',#3120,#3118,#1268,.T.);
#3809=EDGE_CURVE('',#3117,#3121,#1269,.T.);
#3810=EDGE_CURVE('',#3121,#3120,#1270,.T.);
#3811=EDGE_CURVE('',#3119,#3121,#1271,.T.);
#3812=EDGE_CURVE('',#3122,#3123,#1272,.T.);
#3813=EDGE_CURVE('',#3124,#3122,#1273,.T.);
#3814=EDGE_CURVE('',#3125,#3124,#1274,.T.);
#3815=EDGE_CURVE('',#3123,#3125,#1275,.T.);
#3816=EDGE_CURVE('',#3126,#3125,#1276,.T.);
#3817=EDGE_CURVE('',#3124,#3127,#1277,.T.);
#3818=EDGE_CURVE('',#3127,#3128,#1278,.T.);
#3819=EDGE_CURVE('',#3128,#3129,#1279,.T.);
#3820=EDGE_CURVE('',#3130,#3129,#1280,.T.);
#3821=EDGE_CURVE('',#3131,#3130,#1281,.T.);
#3822=EDGE_CURVE('',#3131,#3126,#1282,.T.);
#3823=EDGE_CURVE('',#3132,#3127,#1283,.T.);
#3824=EDGE_CURVE('',#3133,#3132,#1284,.T.);
#3825=EDGE_CURVE('',#3126,#3133,#1285,.T.);
#3826=EDGE_CURVE('',#3134,#3131,#1286,.T.);
#3827=EDGE_CURVE('',#3135,#3134,#1287,.T.);
#3828=EDGE_CURVE('',#3128,#3135,#1288,.T.);
#3829=EDGE_CURVE('',#3133,#3123,#1289,.T.);
#3830=EDGE_CURVE('',#3122,#3132,#1290,.T.);
#3831=EDGE_CURVE('',#3134,#3136,#1291,.T.);
#3832=EDGE_CURVE('',#3137,#3136,#1292,.T.);
#3833=EDGE_CURVE('',#3135,#3137,#1293,.T.);
#3834=EDGE_CURVE('',#3136,#3130,#1294,.T.);
#3835=EDGE_CURVE('',#3129,#3137,#1295,.T.);
#3836=EDGE_CURVE('',#3138,#3139,#1296,.T.);
#3837=EDGE_CURVE('',#3140,#3138,#1297,.T.);
#3838=EDGE_CURVE('',#3141,#3140,#1298,.T.);
#3839=EDGE_CURVE('',#3139,#3141,#1299,.T.);
#3840=EDGE_CURVE('',#3140,#3142,#1300,.T.);
#3841=EDGE_CURVE('',#3142,#3143,#1301,.T.);
#3842=EDGE_CURVE('',#3143,#3141,#1302,.T.);
#3843=EDGE_CURVE('',#3138,#3144,#1303,.T.);
#3844=EDGE_CURVE('',#3144,#3142,#1304,.T.);
#3845=EDGE_CURVE('',#3145,#3143,#1305,.T.);
#3846=EDGE_CURVE('',#3145,#3139,#1306,.T.);
#3847=EDGE_CURVE('',#3144,#3145,#1307,.T.);
#3848=EDGE_CURVE('',#3146,#3147,#1308,.T.);
#3849=EDGE_CURVE('',#3147,#3148,#1309,.T.);
#3850=EDGE_CURVE('',#3148,#3149,#1310,.T.);
#3851=EDGE_CURVE('',#3146,#3149,#1311,.T.);
#3852=EDGE_CURVE('',#3150,#3149,#1312,.T.);
#3853=EDGE_CURVE('',#3151,#3150,#1313,.T.);
#3854=EDGE_CURVE('',#3146,#3151,#1314,.T.);
#3855=EDGE_CURVE('',#3150,#3152,#1315,.T.);
#3856=EDGE_CURVE('',#3153,#3152,#1316,.T.);
#3857=EDGE_CURVE('',#3151,#3153,#1317,.T.);
#3858=EDGE_CURVE('',#3154,#3148,#1318,.T.);
#3859=EDGE_CURVE('',#3155,#3154,#1319,.T.);
#3860=EDGE_CURVE('',#3152,#3155,#1320,.T.);
#3861=EDGE_CURVE('',#3147,#3156,#1321,.T.);
#3862=EDGE_CURVE('',#3156,#3154,#1322,.T.);
#3863=EDGE_CURVE('',#3157,#3153,#1323,.T.);
#3864=EDGE_CURVE('',#3157,#3156,#1324,.T.);
#3865=EDGE_CURVE('',#3155,#3157,#1325,.T.);
#3866=EDGE_CURVE('',#3158,#3159,#1326,.T.);
#3867=EDGE_CURVE('',#3160,#3159,#1327,.T.);
#3868=EDGE_CURVE('',#3160,#3161,#1328,.T.);
#3869=EDGE_CURVE('',#3161,#3158,#1329,.T.);
#3870=EDGE_CURVE('',#3162,#3159,#1330,.T.);
#3871=EDGE_CURVE('',#3163,#3162,#1331,.T.);
#3872=EDGE_CURVE('',#3160,#3163,#1332,.T.);
#3873=EDGE_CURVE('',#3162,#3164,#1333,.T.);
#3874=EDGE_CURVE('',#3165,#3164,#1334,.T.);
#3875=EDGE_CURVE('',#3163,#3165,#1335,.T.);
#3876=EDGE_CURVE('',#3166,#3158,#1336,.T.);
#3877=EDGE_CURVE('',#3167,#3166,#1337,.T.);
#3878=EDGE_CURVE('',#3164,#3167,#1338,.T.);
#3879=EDGE_CURVE('',#3161,#3168,#1339,.T.);
#3880=EDGE_CURVE('',#3168,#3166,#1340,.T.);
#3881=EDGE_CURVE('',#3169,#3165,#1341,.T.);
#3882=EDGE_CURVE('',#3168,#3169,#1342,.T.);
#3883=EDGE_CURVE('',#3167,#3169,#1343,.T.);
#3884=EDGE_CURVE('',#3170,#3171,#1344,.T.);
#3885=EDGE_CURVE('',#3172,#3171,#1345,.T.);
#3886=EDGE_CURVE('',#3172,#3173,#1346,.T.);
#3887=EDGE_CURVE('',#3173,#3170,#1347,.T.);
#3888=EDGE_CURVE('',#3174,#3171,#1348,.T.);
#3889=EDGE_CURVE('',#3175,#3174,#1349,.T.);
#3890=EDGE_CURVE('',#3172,#3175,#1350,.T.);
#3891=EDGE_CURVE('',#3176,#3170,#1351,.T.);
#3892=EDGE_CURVE('',#3177,#3176,#1352,.T.);
#3893=EDGE_CURVE('',#3178,#3177,#1353,.T.);
#3894=EDGE_CURVE('',#3174,#3178,#1354,.T.);
#3895=EDGE_CURVE('',#3173,#3179,#1355,.T.);
#3896=EDGE_CURVE('',#3179,#3176,#1356,.T.);
#3897=EDGE_CURVE('',#3180,#3175,#1357,.T.);
#3898=EDGE_CURVE('',#3181,#3180,#1358,.T.);
#3899=EDGE_CURVE('',#3179,#3181,#1359,.T.);
#3900=EDGE_CURVE('',#3180,#3178,#1360,.T.);
#3901=EDGE_CURVE('',#3177,#3181,#1361,.T.);
#3902=EDGE_CURVE('',#3182,#3183,#1362,.T.);
#3903=EDGE_CURVE('',#3182,#3184,#1363,.T.);
#3904=EDGE_CURVE('',#3185,#3184,#1364,.T.);
#3905=EDGE_CURVE('',#3183,#3185,#1365,.T.);
#3906=EDGE_CURVE('',#3186,#3183,#1366,.T.);
#3907=EDGE_CURVE('',#3187,#3186,#1367,.T.);
#3908=EDGE_CURVE('',#3188,#3187,#1368,.T.);
#3909=EDGE_CURVE('',#3188,#3189,#1369,.T.);
#3910=EDGE_CURVE('',#3190,#3189,#1370,.T.);
#3911=EDGE_CURVE('',#3191,#3190,#1371,.T.);
#3912=EDGE_CURVE('',#3192,#3191,#1372,.T.);
#3913=EDGE_CURVE('',#3193,#3192,#1373,.T.);
#3914=EDGE_CURVE('',#3193,#3194,#1374,.T.);
#3915=EDGE_CURVE('',#3195,#3194,#1375,.T.);
#3916=EDGE_CURVE('',#3182,#3195,#1376,.T.);
#3917=EDGE_CURVE('',#3196,#3185,#1377,.T.);
#3918=EDGE_CURVE('',#3186,#3196,#1378,.T.);
#3919=EDGE_CURVE('',#3197,#3188,#1379,.T.);
#3920=EDGE_CURVE('',#3198,#3197,#1380,.T.);
#3921=EDGE_CURVE('',#3189,#3198,#1381,.T.);
#3922=EDGE_CURVE('',#3195,#3199,#1382,.T.);
#3923=EDGE_CURVE('',#3200,#3199,#1383,.T.);
#3924=EDGE_CURVE('',#3200,#3201,#1384,.T.);
#3925=EDGE_CURVE('',#3201,#3202,#1385,.T.);
#3926=EDGE_CURVE('',#3184,#3202,#1386,.T.);
#3927=EDGE_CURVE('',#3203,#3199,#1387,.T.);
#3928=EDGE_CURVE('',#3204,#3203,#1388,.T.);
#3929=EDGE_CURVE('',#3204,#3200,#1389,.T.);
#3930=EDGE_CURVE('',#3205,#3193,#1390,.T.);
#3931=EDGE_CURVE('',#3206,#3205,#1391,.T.);
#3932=EDGE_CURVE('',#3194,#3206,#1392,.T.);
#3933=EDGE_CURVE('',#3205,#3207,#1393,.T.);
#3934=EDGE_CURVE('',#3207,#3208,#1394,.T.);
#3935=EDGE_CURVE('',#3206,#3208,#1395,.T.);
#3936=EDGE_CURVE('',#3192,#3207,#1396,.T.);
#3937=EDGE_CURVE('',#3208,#3191,#1397,.T.);
#3938=EDGE_CURVE('',#3209,#3190,#1398,.T.);
#3939=EDGE_CURVE('',#3209,#3210,#1399,.T.);
#3940=EDGE_CURVE('',#3210,#3211,#1400,.T.);
#3941=EDGE_CURVE('',#3212,#3211,#1401,.T.);
#3942=EDGE_CURVE('',#3203,#3212,#1402,.T.);
#3943=EDGE_CURVE('',#3213,#3198,#1403,.T.);
#3944=EDGE_CURVE('',#3213,#3214,#1404,.T.);
#3945=EDGE_CURVE('',#3214,#3215,#1405,.T.);
#3946=EDGE_CURVE('',#3215,#3209,#1406,.T.);
#3947=EDGE_CURVE('',#3216,#3187,#1407,.T.);
#3948=EDGE_CURVE('',#3197,#3216,#1408,.T.);
#3949=EDGE_CURVE('',#3213,#3202,#1409,.T.);
#3950=EDGE_CURVE('',#3201,#3214,#1410,.T.);
#3951=EDGE_CURVE('',#3196,#3216,#1411,.T.);
#3952=EDGE_CURVE('',#3217,#3218,#1412,.T.);
#3953=EDGE_CURVE('',#3219,#3218,#1413,.T.);
#3954=EDGE_CURVE('',#3220,#3219,#1414,.T.);
#3955=EDGE_CURVE('',#3217,#3220,#1415,.T.);
#3956=EDGE_CURVE('',#3221,#3219,#1416,.T.);
#3957=EDGE_CURVE('',#3221,#3222,#1417,.T.);
#3958=EDGE_CURVE('',#3222,#3220,#1418,.T.);
#3959=EDGE_CURVE('',#3217,#3223,#1419,.T.);
#3960=EDGE_CURVE('',#3223,#3222,#1420,.T.);
#3961=EDGE_CURVE('',#3223,#3224,#1421,.T.);
#3962=EDGE_CURVE('',#3224,#3221,#1422,.T.);
#3963=EDGE_CURVE('',#3225,#3226,#1423,.T.);
#3964=EDGE_CURVE('',#3227,#3225,#1424,.T.);
#3965=EDGE_CURVE('',#3228,#3227,#1425,.T.);
#3966=EDGE_CURVE('',#3226,#3228,#1426,.T.);
#3967=EDGE_CURVE('',#3229,#3227,#1427,.T.);
#3968=EDGE_CURVE('',#3229,#3230,#1428,.T.);
#3969=EDGE_CURVE('',#3230,#3228,#1429,.T.);
#3970=EDGE_CURVE('',#3226,#3231,#1430,.T.);
#3971=EDGE_CURVE('',#3231,#3230,#1431,.T.);
#3972=EDGE_CURVE('',#3232,#3231,#1432,.T.);
#3973=EDGE_CURVE('',#3232,#3229,#1433,.T.);
#3974=EDGE_CURVE('',#3232,#3218,#1434,.T.);
#3975=EDGE_CURVE('',#3200,#3225,#1435,.T.);
#3976=EDGE_CURVE('',#3233,#3204,#1436,.T.);
#3977=EDGE_CURVE('',#3234,#3233,#1437,.T.);
#3978=EDGE_CURVE('',#3235,#3234,#1438,.T.);
#3979=EDGE_CURVE('',#3215,#3235,#1439,.T.);
#3980=EDGE_CURVE('',#3224,#3215,#1440,.T.);
#3981=EDGE_CURVE('',#3211,#3234,#1441,.T.);
#3982=EDGE_CURVE('',#3210,#3235,#1442,.T.);
#3983=EDGE_CURVE('',#3233,#3212,#1443,.T.);
#3984=EDGE_CURVE('',#3236,#3237,#1444,.T.);
#3985=EDGE_CURVE('',#3237,#3238,#1445,.T.);
#3986=EDGE_CURVE('',#3238,#3239,#1446,.T.);
#3987=EDGE_CURVE('',#3236,#3239,#1447,.T.);
#3988=EDGE_CURVE('',#3240,#3236,#1448,.T.);
#3989=EDGE_CURVE('',#3239,#3241,#1449,.T.);
#3990=EDGE_CURVE('',#3240,#3241,#1450,.T.);
#3991=EDGE_CURVE('',#3242,#3240,#1451,.T.);
#3992=EDGE_CURVE('',#3241,#3243,#1452,.T.);
#3993=EDGE_CURVE('',#3242,#3243,#1453,.T.);
#3994=EDGE_CURVE('',#3244,#3242,#1454,.T.);
#3995=EDGE_CURVE('',#3243,#3245,#1455,.T.);
#3996=EDGE_CURVE('',#3244,#3245,#1456,.T.);
#3997=EDGE_CURVE('',#3246,#3244,#1457,.T.);
#3998=EDGE_CURVE('',#3245,#3247,#1458,.T.);
#3999=EDGE_CURVE('',#3246,#3247,#1459,.T.);
#4000=EDGE_CURVE('',#3248,#3246,#1460,.T.);
#4001=EDGE_CURVE('',#3247,#3249,#1461,.T.);
#4002=EDGE_CURVE('',#3248,#3249,#1462,.T.);
#4003=EDGE_CURVE('',#3237,#3250,#1463,.T.);
#4004=EDGE_CURVE('',#3250,#3251,#1464,.T.);
#4005=EDGE_CURVE('',#3251,#3238,#1465,.T.);
#4006=EDGE_CURVE('',#3252,#3253,#1466,.T.);
#4007=EDGE_CURVE('',#3253,#3254,#1467,.T.);
#4008=EDGE_CURVE('',#3254,#3255,#1468,.T.);
#4009=EDGE_CURVE('',#3252,#3255,#1469,.T.);
#4010=EDGE_CURVE('',#3255,#3251,#1470,.T.);
#4011=EDGE_CURVE('',#3249,#3254,#1471,.T.);
#4012=EDGE_CURVE('',#3256,#3253,#1472,.T.);
#4013=EDGE_CURVE('',#3253,#3257,#1473,.T.);
#4014=EDGE_CURVE('',#3258,#3257,#1474,.T.);
#4015=EDGE_CURVE('',#3258,#3256,#1475,.T.);
#4016=EDGE_CURVE('',#3259,#3252,#1476,.T.);
#4017=EDGE_CURVE('',#3259,#3260,#1477,.T.);
#4018=EDGE_CURVE('',#3260,#3261,#1478,.T.);
#4019=EDGE_CURVE('',#3261,#3252,#1479,.T.);
#4020=EDGE_CURVE('',#3261,#3262,#1480,.T.);
#4021=EDGE_CURVE('',#3263,#3260,#1481,.T.);
#4022=EDGE_CURVE('',#3262,#3263,#1482,.T.);
#4023=EDGE_CURVE('',#3264,#3265,#1483,.T.);
#4024=EDGE_CURVE('',#3264,#3266,#1484,.T.);
#4025=EDGE_CURVE('',#3267,#3266,#1485,.T.);
#4026=EDGE_CURVE('',#3265,#3267,#1486,.T.);
#4027=EDGE_CURVE('',#3268,#3265,#1487,.T.);
#4028=EDGE_CURVE('',#3250,#3268,#1488,.T.);
#4029=EDGE_CURVE('',#3269,#3248,#1489,.T.);
#4030=EDGE_CURVE('',#3270,#3269,#1490,.T.);
#4031=EDGE_CURVE('',#3271,#3270,#1491,.T.);
#4032=EDGE_CURVE('',#3264,#3271,#1492,.T.);
#4033=EDGE_CURVE('',#3267,#3272,#1493,.T.);
#4034=EDGE_CURVE('',#3268,#3272,#1494,.T.);
#4035=EDGE_CURVE('',#3273,#3274,#1495,.T.);
#4036=EDGE_CURVE('',#3275,#3273,#1496,.T.);
#4037=EDGE_CURVE('',#3276,#3275,#1497,.T.);
#4038=EDGE_CURVE('',#3256,#3276,#1498,.T.);
#4039=EDGE_CURVE('',#3274,#3258,#1499,.T.);
#4040=EDGE_CURVE('',#3270,#3275,#1500,.T.);
#4041=EDGE_CURVE('',#3276,#3269,#1501,.T.);
#4042=EDGE_CURVE('',#3273,#3277,#1502,.T.);
#4043=EDGE_CURVE('',#3277,#3278,#1503,.T.);
#4044=EDGE_CURVE('',#3279,#3278,#1504,.T.);
#4045=EDGE_CURVE('',#3280,#3279,#1505,.T.);
#4046=EDGE_CURVE('',#3280,#3281,#1506,.T.);
#4047=EDGE_CURVE('',#3282,#3281,#1507,.T.);
#4048=EDGE_CURVE('',#3283,#3282,#1508,.T.);
#4049=EDGE_CURVE('',#3284,#3283,#1509,.T.);
#4050=EDGE_CURVE('',#3271,#3284,#1510,.T.);
#4051=EDGE_CURVE('',#3285,#3274,#1511,.T.);
#4052=EDGE_CURVE('',#3285,#3277,#1512,.T.);
#4053=EDGE_CURVE('',#3272,#3259,#1513,.T.);
#4054=EDGE_CURVE('',#3266,#3286,#1514,.T.);
#4055=EDGE_CURVE('',#3286,#3287,#1515,.T.);
#4056=EDGE_CURVE('',#3287,#3263,#1516,.T.);
#4057=EDGE_CURVE('',#3288,#3286,#1517,.T.);
#4058=EDGE_CURVE('',#3289,#3288,#1518,.T.);
#4059=EDGE_CURVE('',#3287,#3289,#1519,.T.);
#4060=EDGE_CURVE('',#3278,#3262,#1520,.T.);
#4061=EDGE_CURVE('',#3257,#3285,#1521,.T.);
#4062=EDGE_CURVE('',#3284,#3290,#1522,.T.);
#4063=EDGE_CURVE('',#3291,#3290,#1523,.T.);
#4064=EDGE_CURVE('',#3292,#3291,#1524,.T.);
#4065=EDGE_CURVE('',#3293,#3292,#1525,.T.);
#4066=EDGE_CURVE('',#3293,#3288,#1526,.T.);
#4067=EDGE_CURVE('',#3294,#3295,#1527,.T.);
#4068=EDGE_CURVE('',#3296,#3294,#1528,.T.);
#4069=EDGE_CURVE('',#3297,#3296,#1529,.T.);
#4070=EDGE_CURVE('',#3295,#3297,#1530,.T.);
#4071=EDGE_CURVE('',#3296,#3298,#1531,.T.);
#4072=EDGE_CURVE('',#3299,#3298,#1532,.T.);
#4073=EDGE_CURVE('',#3299,#3297,#1533,.T.);
#4074=EDGE_CURVE('',#3300,#3294,#1534,.T.);
#4075=EDGE_CURVE('',#3298,#3300,#1535,.T.);
#4076=EDGE_CURVE('',#3301,#3302,#1536,.T.);
#4077=EDGE_CURVE('',#3303,#3301,#1537,.T.);
#4078=EDGE_CURVE('',#3304,#3303,#1538,.T.);
#4079=EDGE_CURVE('',#3302,#3304,#1539,.T.);
#4080=EDGE_CURVE('',#3303,#3305,#1540,.T.);
#4081=EDGE_CURVE('',#3306,#3305,#1541,.T.);
#4082=EDGE_CURVE('',#3306,#3304,#1542,.T.);
#4083=EDGE_CURVE('',#3307,#3301,#1543,.T.);
#4084=EDGE_CURVE('',#3305,#3307,#1544,.T.);
#4085=EDGE_CURVE('',#3293,#3308,#1545,.T.);
#4086=EDGE_CURVE('',#3309,#3292,#1546,.T.);
#4087=EDGE_CURVE('',#3308,#3309,#1547,.T.);
#4088=EDGE_CURVE('',#3291,#3310,#1548,.T.);
#4089=EDGE_CURVE('',#3310,#3309,#1549,.T.);
#4090=EDGE_CURVE('',#3307,#3311,#1550,.T.);
#4091=EDGE_CURVE('',#3311,#3306,#1551,.T.);
#4092=EDGE_CURVE('',#3300,#3312,#1552,.T.);
#4093=EDGE_CURVE('',#3312,#3299,#1553,.T.);
#4094=EDGE_CURVE('',#3313,#3310,#1554,.T.);
#4095=EDGE_CURVE('',#3310,#3314,#1555,.T.);
#4096=EDGE_CURVE('',#3315,#3314,#1556,.T.);
#4097=EDGE_CURVE('',#3313,#3315,#1557,.T.);
#4098=EDGE_CURVE('',#3316,#3290,#1558,.T.);
#4099=EDGE_CURVE('',#3317,#3316,#1559,.T.);
#4100=EDGE_CURVE('',#3317,#3291,#1560,.T.);
#4101=EDGE_CURVE('',#3289,#3308,#1561,.T.);
#4102=EDGE_CURVE('',#3313,#3279,#1562,.T.);
#4103=EDGE_CURVE('',#3295,#3312,#1563,.T.);
#4104=EDGE_CURVE('',#3302,#3311,#1564,.T.);
#4105=EDGE_CURVE('',#3318,#3319,#1565,.T.);
#4106=EDGE_CURVE('',#3314,#3318,#1566,.T.);
#4107=EDGE_CURVE('',#3319,#3317,#1567,.T.);
#4108=EDGE_CURVE('',#3319,#3282,#1568,.T.);
#4109=EDGE_CURVE('',#3281,#3318,#1569,.T.);
#4110=EDGE_CURVE('',#3283,#3316,#1570,.T.);
#4111=EDGE_CURVE('',#3315,#3280,#1571,.T.);
#4112=EDGE_CURVE('',#3320,#3321,#1572,.T.);
#4113=EDGE_CURVE('',#3320,#3322,#1573,.T.);
#4114=EDGE_CURVE('',#3323,#3322,#1574,.T.);
#4115=EDGE_CURVE('',#3321,#3323,#1575,.T.);
#4116=EDGE_CURVE('',#3321,#3324,#1576,.T.);
#4117=EDGE_CURVE('',#3325,#3323,#1577,.T.);
#4118=EDGE_CURVE('',#3324,#3325,#1578,.T.);
#4119=EDGE_CURVE('',#3324,#3326,#1579,.T.);
#4120=EDGE_CURVE('',#3327,#3325,#1580,.T.);
#4121=EDGE_CURVE('',#3326,#3327,#1581,.T.);
#4122=EDGE_CURVE('',#3326,#3320,#1582,.T.);
#4123=EDGE_CURVE('',#3322,#3327,#1583,.T.);
#4124=EDGE_CURVE('',#3328,#3329,#1584,.T.);
#4125=EDGE_CURVE('',#3329,#3330,#1585,.T.);
#4126=EDGE_CURVE('',#3331,#3330,#1586,.T.);
#4127=EDGE_CURVE('',#3328,#3331,#1587,.T.);
#4128=EDGE_CURVE('',#3332,#3328,#1588,.T.);
#4129=EDGE_CURVE('',#3333,#3331,#1589,.T.);
#4130=EDGE_CURVE('',#3332,#3333,#1590,.T.);
#4131=EDGE_CURVE('',#3334,#3332,#1591,.T.);
#4132=EDGE_CURVE('',#3335,#3333,#1592,.T.);
#4133=EDGE_CURVE('',#3334,#3335,#1593,.T.);
#4134=EDGE_CURVE('',#3329,#3334,#1594,.T.);
#4135=EDGE_CURVE('',#3330,#3335,#1595,.T.);
#4136=EDGE_CURVE('',#3336,#3337,#1596,.T.);
#4137=EDGE_CURVE('',#3337,#3338,#1597,.T.);
#4138=EDGE_CURVE('',#3339,#3338,#1598,.T.);
#4139=EDGE_CURVE('',#3336,#3339,#1599,.T.);
#4140=EDGE_CURVE('',#3340,#3336,#1600,.T.);
#4141=EDGE_CURVE('',#3341,#3339,#1601,.T.);
#4142=EDGE_CURVE('',#3340,#3341,#1602,.T.);
#4143=EDGE_CURVE('',#3342,#3340,#1603,.T.);
#4144=EDGE_CURVE('',#3343,#3341,#1604,.T.);
#4145=EDGE_CURVE('',#3342,#3343,#1605,.T.);
#4146=EDGE_CURVE('',#3337,#3342,#1606,.T.);
#4147=EDGE_CURVE('',#3338,#3343,#1607,.T.);
#4148=EDGE_CURVE('',#3344,#3345,#1608,.T.);
#4149=EDGE_CURVE('',#3344,#3346,#1609,.T.);
#4150=EDGE_CURVE('',#3346,#3347,#1610,.T.);
#4151=EDGE_CURVE('',#3345,#3347,#1611,.T.);
#4152=EDGE_CURVE('',#3345,#3348,#1612,.T.);
#4153=EDGE_CURVE('',#3347,#3349,#1613,.T.);
#4154=EDGE_CURVE('',#3348,#3349,#1614,.T.);
#4155=EDGE_CURVE('',#3350,#3344,#1615,.T.);
#4156=EDGE_CURVE('',#3351,#3350,#1616,.T.);
#4157=EDGE_CURVE('',#3351,#3346,#1617,.T.);
#4158=EDGE_CURVE('',#3349,#3351,#1618,.T.);
#4159=EDGE_CURVE('',#3352,#3353,#1619,.T.);
#4160=EDGE_CURVE('',#3354,#3352,#1620,.T.);
#4161=EDGE_CURVE('',#3355,#3354,#1621,.T.);
#4162=EDGE_CURVE('',#3353,#3355,#1622,.T.);
#4163=EDGE_CURVE('',#3356,#3352,#1623,.T.);
#4164=EDGE_CURVE('',#3357,#3356,#1624,.T.);
#4165=EDGE_CURVE('',#3357,#3354,#1625,.T.);
#4166=EDGE_CURVE('',#3358,#3357,#1626,.T.);
#4167=EDGE_CURVE('',#3355,#3358,#1627,.T.);
#4168=EDGE_CURVE('',#3359,#3360,#1628,.T.);
#4169=EDGE_CURVE('',#3359,#3361,#1629,.T.);
#4170=EDGE_CURVE('',#3361,#3362,#1630,.T.);
#4171=EDGE_CURVE('',#3360,#3362,#1631,.T.);
#4172=EDGE_CURVE('',#3360,#3363,#1632,.T.);
#4173=EDGE_CURVE('',#3362,#3364,#1633,.T.);
#4174=EDGE_CURVE('',#3363,#3364,#1634,.T.);
#4175=EDGE_CURVE('',#3365,#3359,#1635,.T.);
#4176=EDGE_CURVE('',#3366,#3365,#1636,.T.);
#4177=EDGE_CURVE('',#3366,#3361,#1637,.T.);
#4178=EDGE_CURVE('',#3364,#3366,#1638,.T.);
#4179=EDGE_CURVE('',#3367,#3358,#1639,.T.);
#4180=EDGE_CURVE('',#3368,#3367,#1640,.T.);
#4181=EDGE_CURVE('',#3369,#3368,#1641,.T.);
#4182=EDGE_CURVE('',#3369,#3353,#1642,.T.);
#4183=EDGE_CURVE('',#3348,#3370,#1643,.T.);
#4184=EDGE_CURVE('',#3370,#3371,#1644,.T.);
#4185=EDGE_CURVE('',#3371,#3367,#1645,.T.);
#4186=EDGE_CURVE('',#3356,#3365,#1646,.T.);
#4187=EDGE_CURVE('',#3363,#3350,#1647,.T.);
#4188=EDGE_CURVE('',#3372,#3373,#1648,.T.);
#4189=EDGE_CURVE('',#3372,#3371,#1649,.T.);
#4190=EDGE_CURVE('',#3373,#3370,#1650,.T.);
#4191=EDGE_CURVE('',#3373,#3369,#1651,.T.);
#4192=EDGE_CURVE('',#3368,#3372,#1652,.T.);
#4193=EDGE_CURVE('',#3374,#3375,#1653,.T.);
#4194=EDGE_CURVE('',#3376,#3374,#1654,.T.);
#4195=EDGE_CURVE('',#3377,#3376,#1655,.T.);
#4196=EDGE_CURVE('',#3375,#3377,#1656,.T.);
#4197=EDGE_CURVE('',#3378,#3379,#1657,.T.);
#4198=EDGE_CURVE('',#3379,#3380,#1658,.T.);
#4199=EDGE_CURVE('',#3381,#3380,#1659,.T.);
#4200=EDGE_CURVE('',#3382,#3381,#1660,.T.);
#4201=EDGE_CURVE('',#3383,#3382,#1661,.T.);
#4202=EDGE_CURVE('',#3383,#3378,#1662,.T.);
#4203=EDGE_CURVE('',#3379,#3374,#1663,.T.);
#4204=EDGE_CURVE('',#3375,#3384,#1664,.T.);
#4205=EDGE_CURVE('',#3384,#3385,#1665,.T.);
#4206=EDGE_CURVE('',#3385,#3386,#1666,.T.);
#4207=EDGE_CURVE('',#3386,#3387,#1667,.T.);
#4208=EDGE_CURVE('',#3380,#3387,#1668,.T.);
#4209=EDGE_CURVE('',#3388,#3383,#1669,.T.);
#4210=EDGE_CURVE('',#3382,#3389,#1670,.T.);
#4211=EDGE_CURVE('',#3389,#3388,#1671,.T.);
#4212=EDGE_CURVE('',#3390,#3391,#1672,.T.);
#4213=EDGE_CURVE('',#3391,#3385,#1673,.T.);
#4214=EDGE_CURVE('',#3390,#3384,#1674,.T.);
#4215=EDGE_CURVE('',#3388,#3392,#1675,.T.);
#4216=EDGE_CURVE('',#3393,#3389,#1676,.T.);
#4217=EDGE_CURVE('',#3393,#3392,#1677,.T.);
#4218=EDGE_CURVE('',#3390,#3377,#1678,.T.);
#4219=EDGE_CURVE('',#3381,#3394,#1679,.T.);
#4220=EDGE_CURVE('',#3394,#3395,#1680,.T.);
#4221=EDGE_CURVE('',#3395,#3393,#1681,.T.);
#4222=EDGE_CURVE('',#3392,#3378,#1682,.T.);
#4223=EDGE_CURVE('',#3386,#3395,#1683,.T.);
#4224=EDGE_CURVE('',#3376,#3391,#1684,.T.);
#4225=EDGE_CURVE('',#3394,#3387,#1685,.T.);
#4226=EDGE_CURVE('',#3396,#3397,#1686,.T.);
#4227=EDGE_CURVE('',#3398,#3396,#1687,.T.);
#4228=EDGE_CURVE('',#3399,#3398,#1688,.T.);
#4229=EDGE_CURVE('',#3399,#3397,#1689,.T.);
#4230=EDGE_CURVE('',#3400,#3398,#1690,.T.);
#4231=EDGE_CURVE('',#3401,#3400,#1691,.T.);
#4232=EDGE_CURVE('',#3401,#3399,#1692,.T.);
#4233=EDGE_CURVE('',#3402,#3396,#1693,.T.);
#4234=EDGE_CURVE('',#3402,#3400,#1694,.T.);
#4235=EDGE_CURVE('',#3403,#3404,#1695,.T.);
#4236=EDGE_CURVE('',#3404,#3405,#1696,.T.);
#4237=EDGE_CURVE('',#3405,#3406,#1697,.T.);
#4238=EDGE_CURVE('',#3406,#3407,#1698,.T.);
#4239=EDGE_CURVE('',#3407,#3408,#1699,.T.);
#4240=EDGE_CURVE('',#3408,#3409,#1700,.T.);
#4241=EDGE_CURVE('',#3409,#3410,#1701,.T.);
#4242=EDGE_CURVE('',#3410,#3411,#1702,.T.);
#4243=EDGE_CURVE('',#3411,#3412,#1703,.T.);
#4244=EDGE_CURVE('',#3412,#3403,#1704,.T.);
#4245=EDGE_CURVE('',#3413,#3414,#1705,.T.);
#4246=EDGE_CURVE('',#3414,#3415,#1706,.T.);
#4247=EDGE_CURVE('',#3415,#3416,#1707,.T.);
#4248=EDGE_CURVE('',#3417,#3416,#1708,.T.);
#4249=EDGE_CURVE('',#3417,#3418,#1709,.T.);
#4250=EDGE_CURVE('',#3410,#3418,#1710,.T.);
#4251=EDGE_CURVE('',#3409,#3419,#1711,.T.);
#4252=EDGE_CURVE('',#3419,#3420,#1712,.T.);
#4253=EDGE_CURVE('',#3420,#3421,#1713,.T.);
#4254=EDGE_CURVE('',#3421,#3413,#1714,.T.);
#4255=EDGE_CURVE('',#3422,#3407,#1715,.T.);
#4256=EDGE_CURVE('',#3406,#3423,#1716,.T.);
#4257=EDGE_CURVE('',#3423,#3422,#1717,.T.);
#4258=EDGE_CURVE('',#3424,#3425,#1718,.T.);
#4259=EDGE_CURVE('',#3422,#3424,#1719,.T.);
#4260=EDGE_CURVE('',#3425,#3423,#1720,.T.);
#4261=EDGE_CURVE('',#3426,#3405,#1721,.T.);
#4262=EDGE_CURVE('',#3427,#3426,#1722,.T.);
#4263=EDGE_CURVE('',#3425,#3427,#1723,.T.);
#4264=EDGE_CURVE('',#3411,#3428,#1724,.T.);
#4265=EDGE_CURVE('',#3418,#3428,#1725,.T.);
#4266=EDGE_CURVE('',#3428,#3429,#1726,.T.);
#4267=EDGE_CURVE('',#3429,#3430,#1727,.T.);
#4268=EDGE_CURVE('',#3431,#3430,#1728,.T.);
#4269=EDGE_CURVE('',#3432,#3431,#1729,.T.);
#4270=EDGE_CURVE('',#3432,#3433,#1730,.T.);
#4271=EDGE_CURVE('',#3433,#3434,#1731,.T.);
#4272=EDGE_CURVE('',#3434,#3435,#1732,.T.);
#4273=EDGE_CURVE('',#3435,#3412,#1733,.T.);
#4274=EDGE_CURVE('',#3429,#3417,#1734,.T.);
#4275=EDGE_CURVE('',#3430,#3416,#1735,.T.);
#4276=EDGE_CURVE('',#3402,#3436,#1736,.T.);
#4277=EDGE_CURVE('',#3436,#3401,#1737,.T.);
#4278=EDGE_CURVE('',#3437,#3414,#1738,.T.);
#4279=EDGE_CURVE('',#3437,#3438,#1739,.T.);
#4280=EDGE_CURVE('',#3415,#3438,#1740,.T.);
#4281=EDGE_CURVE('',#3402,#3439,#1741,.T.);
#4282=EDGE_CURVE('',#3439,#3440,#1742,.T.);
#4283=EDGE_CURVE('',#3440,#3436,#1743,.T.);
#4284=EDGE_CURVE('',#3438,#3441,#1744,.T.);
#4285=EDGE_CURVE('',#3431,#3441,#1745,.T.);
#4286=EDGE_CURVE('',#3441,#3440,#1746,.T.);
#4287=EDGE_CURVE('',#3440,#3434,#1747,.T.);
#4288=EDGE_CURVE('',#3413,#3442,#1748,.T.);
#4289=EDGE_CURVE('',#3442,#3443,#1749,.T.);
#4290=EDGE_CURVE('',#3443,#3419,#1750,.T.);
#4291=EDGE_CURVE('',#3437,#3408,#1751,.T.);
#4292=EDGE_CURVE('',#3420,#3444,#1752,.T.);
#4293=EDGE_CURVE('',#3445,#3444,#1753,.T.);
#4294=EDGE_CURVE('',#3445,#3421,#1754,.T.);
#4295=EDGE_CURVE('',#3444,#3443,#1755,.T.);
#4296=EDGE_CURVE('',#3445,#3442,#1756,.T.);
#4297=EDGE_CURVE('',#3424,#3446,#1757,.T.);
#4298=EDGE_CURVE('',#3446,#3447,#1758,.T.);
#4299=EDGE_CURVE('',#3447,#3404,#1759,.T.);
#4300=EDGE_CURVE('',#3397,#3403,#1760,.T.);
#4301=EDGE_CURVE('',#3446,#3427,#1761,.T.);
#4302=EDGE_CURVE('',#3447,#3426,#1762,.T.);
#4303=EDGE_CURVE('',#3448,#3449,#1763,.T.);
#4304=EDGE_CURVE('',#3449,#3450,#1764,.T.);
#4305=EDGE_CURVE('',#3450,#3451,#1765,.T.);
#4306=EDGE_CURVE('',#3451,#3448,#1766,.T.);
#4307=EDGE_CURVE('',#3452,#3453,#1767,.T.);
#4308=EDGE_CURVE('',#3453,#3454,#1768,.T.);
#4309=EDGE_CURVE('',#3454,#3455,#1769,.T.);
#4310=EDGE_CURVE('',#3455,#3452,#1770,.T.);
#4311=EDGE_CURVE('',#3450,#3453,#1771,.T.);
#4312=EDGE_CURVE('',#3454,#3449,#1772,.T.);
#4313=EDGE_CURVE('',#3452,#3451,#1773,.T.);
#4314=EDGE_CURVE('',#3448,#3455,#1774,.T.);
#4315=EDGE_CURVE('',#3456,#3457,#1775,.T.);
#4316=EDGE_CURVE('',#3456,#3458,#1776,.T.);
#4317=EDGE_CURVE('',#3459,#3458,#1777,.T.);
#4318=EDGE_CURVE('',#3457,#3459,#1778,.T.);
#4319=EDGE_CURVE('',#3459,#3460,#1779,.T.);
#4320=EDGE_CURVE('',#3460,#3461,#1780,.T.);
#4321=EDGE_CURVE('',#3461,#3457,#1781,.T.);
#4322=EDGE_CURVE('',#3458,#3462,#1782,.T.);
#4323=EDGE_CURVE('',#3460,#3462,#1783,.T.);
#4324=EDGE_CURVE('',#3463,#3464,#1784,.T.);
#4325=EDGE_CURVE('',#3465,#3464,#1785,.T.);
#4326=EDGE_CURVE('',#3466,#3465,#1786,.T.);
#4327=EDGE_CURVE('',#3467,#3466,#1787,.T.);
#4328=EDGE_CURVE('',#3467,#3468,#1788,.T.);
#4329=EDGE_CURVE('',#3468,#3463,#1789,.T.);
#4330=EDGE_CURVE('',#3464,#3469,#1790,.T.);
#4331=EDGE_CURVE('',#3470,#3469,#1791,.T.);
#4332=EDGE_CURVE('',#3465,#3470,#1792,.T.);
#4333=EDGE_CURVE('',#3471,#3472,#1793,.T.);
#4334=EDGE_CURVE('',#3472,#3473,#1794,.T.);
#4335=EDGE_CURVE('',#3473,#3474,#1795,.T.);
#4336=EDGE_CURVE('',#3474,#3471,#1796,.T.);
#4337=EDGE_CURVE('',#3475,#3467,#1797,.T.);
#4338=EDGE_CURVE('',#3476,#3475,#1798,.T.);
#4339=EDGE_CURVE('',#3476,#3468,#1799,.T.);
#4340=EDGE_CURVE('',#3477,#3470,#1800,.T.);
#4341=EDGE_CURVE('',#3478,#3477,#1801,.T.);
#4342=EDGE_CURVE('',#3479,#3478,#1802,.T.);
#4343=EDGE_CURVE('',#3479,#3475,#1803,.T.);
#4344=EDGE_CURVE('',#3480,#3479,#1804,.T.);
#4345=EDGE_CURVE('',#3480,#3481,#1805,.T.);
#4346=EDGE_CURVE('',#3481,#3482,#1806,.T.);
#4347=EDGE_CURVE('',#3482,#3476,#1807,.T.);
#4348=EDGE_CURVE('',#3483,#3484,#1808,.T.);
#4349=EDGE_CURVE('',#3478,#3484,#1809,.T.);
#4350=EDGE_CURVE('',#3483,#3477,#1810,.T.);
#4351=EDGE_CURVE('',#3484,#3480,#1811,.T.);
#4352=EDGE_CURVE('',#3469,#3485,#1812,.T.);
#4353=EDGE_CURVE('',#3485,#3486,#1813,.T.);
#4354=EDGE_CURVE('',#3486,#3483,#1814,.T.);
#4355=EDGE_CURVE('',#3474,#3486,#1815,.T.);
#4356=EDGE_CURVE('',#3481,#3473,#1816,.T.);
#4357=EDGE_CURVE('',#3487,#3482,#1817,.T.);
#4358=EDGE_CURVE('',#3487,#3472,#1818,.T.);
#4359=EDGE_CURVE('',#3462,#3471,#1819,.T.);
#4360=EDGE_CURVE('',#3485,#3456,#1820,.T.);
#4361=EDGE_CURVE('',#3471,#3461,#1821,.T.);
#4362=EDGE_CURVE('',#3488,#3489,#1822,.T.);
#4363=EDGE_CURVE('',#3490,#3488,#1823,.T.);
#4364=EDGE_CURVE('',#3491,#3490,#1824,.T.);
#4365=EDGE_CURVE('',#3489,#3491,#1825,.T.);
#4366=EDGE_CURVE('',#3492,#3490,#1826,.T.);
#4367=EDGE_CURVE('',#3493,#3492,#1827,.T.);
#4368=EDGE_CURVE('',#3493,#3491,#1828,.T.);
#4369=EDGE_CURVE('',#3494,#3488,#1829,.T.);
#4370=EDGE_CURVE('',#3494,#3492,#1830,.T.);
#4371=EDGE_CURVE('',#3489,#3495,#1831,.T.);
#4372=EDGE_CURVE('',#3496,#3495,#1832,.T.);
#4373=EDGE_CURVE('',#3497,#3496,#1833,.T.);
#4374=EDGE_CURVE('',#3497,#3498,#1834,.T.);
#4375=EDGE_CURVE('',#3498,#3499,#1835,.T.);
#4376=EDGE_CURVE('',#3499,#3494,#1836,.T.);
#4377=EDGE_CURVE('',#3499,#3493,#1837,.T.);
#4378=EDGE_CURVE('',#3500,#3501,#1838,.T.);
#4379=EDGE_CURVE('',#3502,#3500,#1839,.T.);
#4380=EDGE_CURVE('',#3502,#3503,#1840,.T.);
#4381=EDGE_CURVE('',#3501,#3503,#1841,.T.);
#4382=EDGE_CURVE('',#3504,#3498,#1842,.T.);
#4383=EDGE_CURVE('',#3505,#3497,#1843,.T.);
#4384=EDGE_CURVE('',#3505,#3504,#1844,.T.);
#4385=EDGE_CURVE('',#3506,#3502,#1845,.T.);
#4386=EDGE_CURVE('',#3507,#3500,#1846,.T.);
#4387=EDGE_CURVE('',#3506,#3507,#1847,.T.);
#4388=EDGE_CURVE('',#3503,#3504,#1848,.T.);
#4389=EDGE_CURVE('',#3508,#3505,#1849,.T.);
#4390=EDGE_CURVE('',#3509,#3508,#1850,.T.);
#4391=EDGE_CURVE('',#3501,#3509,#1851,.T.);
#4392=EDGE_CURVE('',#3508,#3496,#1852,.T.);
#4393=EDGE_CURVE('',#3495,#3506,#1853,.T.);
#4394=EDGE_CURVE('',#3507,#3509,#1854,.T.);
#4395=EDGE_CURVE('',#3510,#3511,#1855,.T.);
#4396=EDGE_CURVE('',#3511,#3512,#1856,.T.);
#4397=EDGE_CURVE('',#3512,#3513,#1857,.T.);
#4398=EDGE_CURVE('',#3513,#3510,#1858,.T.);
#4399=EDGE_CURVE('',#3514,#3515,#1859,.T.);
#4400=EDGE_CURVE('',#3515,#3516,#1860,.T.);
#4401=EDGE_CURVE('',#3516,#3517,#1861,.T.);
#4402=EDGE_CURVE('',#3517,#3514,#1862,.T.);
#4403=EDGE_CURVE('',#3510,#3517,#1863,.T.);
#4404=EDGE_CURVE('',#3514,#3513,#1864,.T.);
#4405=EDGE_CURVE('',#3512,#3515,#1865,.T.);
#4406=EDGE_CURVE('',#3516,#3511,#1866,.T.);
#4407=EDGE_CURVE('',#3518,#3519,#1867,.T.);
#4408=EDGE_CURVE('',#3520,#3518,#1868,.T.);
#4409=EDGE_CURVE('',#3521,#3520,#1869,.T.);
#4410=EDGE_CURVE('',#3519,#3521,#1870,.T.);
#4411=EDGE_CURVE('',#3522,#3520,#1871,.T.);
#4412=EDGE_CURVE('',#3522,#3523,#1872,.T.);
#4413=EDGE_CURVE('',#3521,#3523,#1873,.T.);
#4414=EDGE_CURVE('',#3518,#3524,#1874,.T.);
#4415=EDGE_CURVE('',#3524,#3522,#1875,.T.);
#4416=EDGE_CURVE('',#3525,#3519,#1876,.T.);
#4417=EDGE_CURVE('',#3524,#3525,#1877,.T.);
#4418=EDGE_CURVE('',#3523,#3525,#1878,.T.);
#4419=EDGE_CURVE('',#3526,#3527,#1879,.T.);
#4420=EDGE_CURVE('',#3527,#3528,#1880,.T.);
#4421=EDGE_CURVE('',#3528,#3529,#1881,.T.);
#4422=EDGE_CURVE('',#3526,#3529,#1882,.T.);
#4423=EDGE_CURVE('',#3530,#3529,#1883,.T.);
#4424=EDGE_CURVE('',#3531,#3530,#1884,.T.);
#4425=EDGE_CURVE('',#3526,#3531,#1885,.T.);
#4426=EDGE_CURVE('',#3530,#3532,#1886,.T.);
#4427=EDGE_CURVE('',#3533,#3532,#1887,.T.);
#4428=EDGE_CURVE('',#3533,#3531,#1888,.T.);
#4429=EDGE_CURVE('',#3534,#3528,#1889,.T.);
#4430=EDGE_CURVE('',#3535,#3534,#1890,.T.);
#4431=EDGE_CURVE('',#3532,#3535,#1891,.T.);
#4432=EDGE_CURVE('',#3527,#3536,#1892,.T.);
#4433=EDGE_CURVE('',#3536,#3534,#1893,.T.);
#4434=EDGE_CURVE('',#3537,#3535,#1894,.T.);
#4435=EDGE_CURVE('',#3533,#3537,#1895,.T.);
#4436=EDGE_CURVE('',#3537,#3536,#1896,.T.);
#4437=EDGE_CURVE('',#3538,#3539,#1897,.T.);
#4438=EDGE_CURVE('',#3539,#3540,#1898,.T.);
#4439=EDGE_CURVE('',#3540,#3541,#1899,.T.);
#4440=EDGE_CURVE('',#3541,#3538,#1900,.T.);
#4441=EDGE_CURVE('',#3542,#3543,#1901,.T.);
#4442=EDGE_CURVE('',#3543,#3544,#1902,.T.);
#4443=EDGE_CURVE('',#3544,#3545,#1903,.T.);
#4444=EDGE_CURVE('',#3545,#3542,#1904,.T.);
#4445=EDGE_CURVE('',#3543,#3538,#1905,.T.);
#4446=EDGE_CURVE('',#3542,#3539,#1906,.T.);
#4447=EDGE_CURVE('',#3544,#3541,#1907,.T.);
#4448=EDGE_CURVE('',#3545,#3540,#1908,.T.);
#4449=EDGE_CURVE('',#3546,#3547,#1909,.T.);
#4450=EDGE_CURVE('',#3547,#3548,#1910,.T.);
#4451=EDGE_CURVE('',#3548,#3549,#1911,.T.);
#4452=EDGE_CURVE('',#3546,#3549,#1912,.T.);
#4453=EDGE_CURVE('',#3550,#3549,#1913,.T.);
#4454=EDGE_CURVE('',#3551,#3550,#1914,.T.);
#4455=EDGE_CURVE('',#3546,#3551,#1915,.T.);
#4456=EDGE_CURVE('',#3551,#3552,#1916,.T.);
#4457=EDGE_CURVE('',#3553,#3552,#1917,.T.);
#4458=EDGE_CURVE('',#3554,#3553,#1918,.T.);
#4459=EDGE_CURVE('',#3554,#3547,#1919,.T.);
#4460=EDGE_CURVE('',#3555,#3550,#1920,.T.);
#4461=EDGE_CURVE('',#3552,#3555,#1921,.T.);
#4462=EDGE_CURVE('',#3555,#3556,#1922,.T.);
#4463=EDGE_CURVE('',#3556,#3553,#1923,.T.);
#4464=EDGE_CURVE('',#3557,#3554,#1924,.T.);
#4465=EDGE_CURVE('',#3548,#3557,#1925,.T.);
#4466=EDGE_CURVE('',#3557,#3556,#1926,.T.);
#4467=EDGE_CURVE('',#3558,#3559,#1927,.T.);
#4468=EDGE_CURVE('',#3560,#3559,#1928,.T.);
#4469=EDGE_CURVE('',#3560,#3561,#1929,.T.);
#4470=EDGE_CURVE('',#3561,#3558,#1930,.T.);
#4471=EDGE_CURVE('',#3562,#3559,#1931,.T.);
#4472=EDGE_CURVE('',#3563,#3562,#1932,.T.);
#4473=EDGE_CURVE('',#3560,#3563,#1933,.T.);
#4474=EDGE_CURVE('',#3558,#3564,#1934,.T.);
#4475=EDGE_CURVE('',#3564,#3565,#1935,.T.);
#4476=EDGE_CURVE('',#3566,#3565,#1936,.T.);
#4477=EDGE_CURVE('',#3562,#3566,#1937,.T.);
#4478=EDGE_CURVE('',#3561,#3567,#1938,.T.);
#4479=EDGE_CURVE('',#3567,#3564,#1939,.T.);
#4480=EDGE_CURVE('',#3567,#3568,#1940,.T.);
#4481=EDGE_CURVE('',#3565,#3568,#1941,.T.);
#4482=EDGE_CURVE('',#3569,#3566,#1942,.T.);
#4483=EDGE_CURVE('',#3568,#3569,#1943,.T.);
#4484=EDGE_CURVE('',#3563,#3569,#1944,.T.);
#4485=EDGE_CURVE('',#3570,#3571,#1945,.T.);
#4486=EDGE_CURVE('',#3570,#3572,#1946,.T.);
#4487=EDGE_CURVE('',#3573,#3572,#1947,.T.);
#4488=EDGE_CURVE('',#3571,#3573,#1948,.T.);
#4489=EDGE_CURVE('',#3574,#3573,#1949,.T.);
#4490=EDGE_CURVE('',#3572,#3575,#1950,.T.);
#4491=EDGE_CURVE('',#3574,#3575,#1951,.T.);
#4492=EDGE_CURVE('',#3576,#3575,#1952,.T.);
#4493=EDGE_CURVE('',#3577,#3576,#1953,.T.);
#4494=EDGE_CURVE('',#3574,#3577,#1954,.T.);
#4495=EDGE_CURVE('',#3570,#3578,#1955,.T.);
#4496=EDGE_CURVE('',#3578,#3579,#1956,.T.);
#4497=EDGE_CURVE('',#3579,#3580,#1957,.T.);
#4498=EDGE_CURVE('',#3580,#3576,#1958,.T.);
#4499=EDGE_CURVE('',#3577,#3581,#1959,.T.);
#4500=EDGE_CURVE('',#3581,#3582,#1960,.T.);
#4501=EDGE_CURVE('',#3582,#3583,#1961,.T.);
#4502=EDGE_CURVE('',#3583,#3571,#1962,.T.);
#4503=EDGE_CURVE('',#3579,#3582,#1963,.T.);
#4504=EDGE_CURVE('',#3580,#3581,#1964,.T.);
#4505=EDGE_CURVE('',#3578,#3583,#1965,.T.);
#4506=EDGE_CURVE('',#3584,#3585,#1966,.T.);
#4507=EDGE_CURVE('',#3584,#3586,#1967,.T.);
#4508=EDGE_CURVE('',#3587,#3586,#1968,.T.);
#4509=EDGE_CURVE('',#3585,#3587,#1969,.T.);
#4510=EDGE_CURVE('',#3586,#3588,#1970,.T.);
#4511=EDGE_CURVE('',#3589,#3588,#1971,.T.);
#4512=EDGE_CURVE('',#3589,#3587,#1972,.T.);
#4513=EDGE_CURVE('',#3590,#3588,#1973,.T.);
#4514=EDGE_CURVE('',#3591,#3590,#1974,.T.);
#4515=EDGE_CURVE('',#3589,#3591,#1975,.T.);
#4516=EDGE_CURVE('',#3584,#3592,#1976,.T.);
#4517=EDGE_CURVE('',#3592,#3593,#1977,.T.);
#4518=EDGE_CURVE('',#3593,#3594,#1978,.T.);
#4519=EDGE_CURVE('',#3594,#3590,#1979,.T.);
#4520=EDGE_CURVE('',#3585,#3595,#1980,.T.);
#4521=EDGE_CURVE('',#3595,#3592,#1981,.T.);
#4522=EDGE_CURVE('',#3595,#3596,#1982,.T.);
#4523=EDGE_CURVE('',#3596,#3593,#1983,.T.);
#4524=EDGE_CURVE('',#3597,#3594,#1984,.T.);
#4525=EDGE_CURVE('',#3597,#3591,#1985,.T.);
#4526=EDGE_CURVE('',#3596,#3597,#1986,.T.);
#4527=EDGE_CURVE('',#3598,#3599,#1987,.T.);
#4528=EDGE_CURVE('',#3600,#3598,#1988,.T.);
#4529=EDGE_CURVE('',#3601,#3600,#1989,.T.);
#4530=EDGE_CURVE('',#3599,#3601,#1990,.T.);
#4531=EDGE_CURVE('',#3602,#3598,#1991,.T.);
#4532=EDGE_CURVE('',#3602,#3603,#1992,.T.);
#4533=EDGE_CURVE('',#3603,#3600,#1993,.T.);
#4534=EDGE_CURVE('',#3604,#3599,#1994,.T.);
#4535=EDGE_CURVE('',#3604,#3602,#1995,.T.);
#4536=EDGE_CURVE('',#3605,#3601,#1996,.T.);
#4537=EDGE_CURVE('',#3605,#3604,#1997,.T.);
#4538=EDGE_CURVE('',#3603,#3605,#1998,.T.);
#4539=EDGE_CURVE('',#3606,#3607,#1999,.T.);
#4540=EDGE_CURVE('',#3608,#3606,#2000,.T.);
#4541=EDGE_CURVE('',#3609,#3608,#2001,.T.);
#4542=EDGE_CURVE('',#3607,#3609,#2002,.T.);
#4543=EDGE_CURVE('',#3610,#3606,#2003,.T.);
#4544=EDGE_CURVE('',#3611,#3610,#2004,.T.);
#4545=EDGE_CURVE('',#3611,#3608,#2005,.T.);
#4546=EDGE_CURVE('',#3612,#3607,#2006,.T.);
#4547=EDGE_CURVE('',#3610,#3612,#2007,.T.);
#4548=EDGE_CURVE('',#3613,#3609,#2008,.T.);
#4549=EDGE_CURVE('',#3612,#3613,#2009,.T.);
#4550=EDGE_CURVE('',#3613,#3611,#2010,.T.);
#4551=EDGE_CURVE('',#3614,#3615,#2011,.T.);
#4552=EDGE_CURVE('',#3614,#3616,#2012,.T.);
#4553=EDGE_CURVE('',#3617,#3616,#2013,.T.);
#4554=EDGE_CURVE('',#3615,#3617,#2014,.T.);
#4555=EDGE_CURVE('',#3615,#3618,#2015,.T.);
#4556=EDGE_CURVE('',#3619,#3617,#2016,.T.);
#4557=EDGE_CURVE('',#3618,#3619,#2017,.T.);
#4558=EDGE_CURVE('',#3618,#3620,#2018,.T.);
#4559=EDGE_CURVE('',#3621,#3619,#2019,.T.);
#4560=EDGE_CURVE('',#3620,#3621,#2020,.T.);
#4561=EDGE_CURVE('',#3620,#3614,#2021,.T.);
#4562=EDGE_CURVE('',#3616,#3621,#2022,.T.);
#4563=EDGE_CURVE('',#3622,#3623,#2023,.T.);
#4564=EDGE_CURVE('',#3623,#3624,#2024,.T.);
#4565=EDGE_CURVE('',#3625,#3624,#2025,.T.);
#4566=EDGE_CURVE('',#3622,#3625,#2026,.T.);
#4567=EDGE_CURVE('',#3626,#3622,#2027,.T.);
#4568=EDGE_CURVE('',#3627,#3625,#2028,.T.);
#4569=EDGE_CURVE('',#3626,#3627,#2029,.T.);
#4570=EDGE_CURVE('',#3628,#3626,#2030,.T.);
#4571=EDGE_CURVE('',#3629,#3627,#2031,.T.);
#4572=EDGE_CURVE('',#3628,#3629,#2032,.T.);
#4573=EDGE_CURVE('',#3623,#3628,#2033,.T.);
#4574=EDGE_CURVE('',#3624,#3629,#2034,.T.);
#4575=EDGE_CURVE('',#3630,#3631,#2035,.T.);
#4576=EDGE_CURVE('',#3631,#3632,#2036,.T.);
#4577=EDGE_CURVE('',#3632,#3633,#2037,.T.);
#4578=EDGE_CURVE('',#3633,#3630,#2038,.T.);
#4579=EDGE_CURVE('',#3634,#3631,#2039,.T.);
#4580=EDGE_CURVE('',#3635,#3634,#2040,.T.);
#4581=EDGE_CURVE('',#3635,#3632,#2041,.T.);
#4582=EDGE_CURVE('',#3636,#3635,#2042,.T.);
#4583=EDGE_CURVE('',#3636,#3633,#2043,.T.);
#4584=EDGE_CURVE('',#3637,#3636,#2044,.T.);
#4585=EDGE_CURVE('',#3630,#3637,#2045,.T.);
#4586=EDGE_CURVE('',#3634,#3637,#2046,.T.);
#4587=EDGE_CURVE('',#3638,#3639,#2047,.T.);
#4588=EDGE_CURVE('',#3638,#3640,#2048,.T.);
#4589=EDGE_CURVE('',#3641,#3640,#2049,.T.);
#4590=EDGE_CURVE('',#3639,#3641,#2050,.T.);
#4591=EDGE_CURVE('',#3639,#3642,#2051,.T.);
#4592=EDGE_CURVE('',#3643,#3641,#2052,.T.);
#4593=EDGE_CURVE('',#3642,#3643,#2053,.T.);
#4594=EDGE_CURVE('',#3642,#3644,#2054,.T.);
#4595=EDGE_CURVE('',#3645,#3643,#2055,.T.);
#4596=EDGE_CURVE('',#3644,#3645,#2056,.T.);
#4597=EDGE_CURVE('',#3644,#3638,#2057,.T.);
#4598=EDGE_CURVE('',#3640,#3645,#2058,.T.);
#4599=ORIENTED_EDGE('',*,*,#3646,.F.);
#4600=ORIENTED_EDGE('',*,*,#3647,.F.);
#4601=ORIENTED_EDGE('',*,*,#3648,.F.);
#4602=ORIENTED_EDGE('',*,*,#3649,.F.);
#4603=ORIENTED_EDGE('',*,*,#3650,.T.);
#4604=ORIENTED_EDGE('',*,*,#3648,.T.);
#4605=ORIENTED_EDGE('',*,*,#3651,.T.);
#4606=ORIENTED_EDGE('',*,*,#3652,.T.);
#4607=ORIENTED_EDGE('',*,*,#3653,.F.);
#4608=ORIENTED_EDGE('',*,*,#3654,.T.);
#4609=ORIENTED_EDGE('',*,*,#3655,.T.);
#4610=ORIENTED_EDGE('',*,*,#3656,.T.);
#4611=ORIENTED_EDGE('',*,*,#3657,.F.);
#4612=ORIENTED_EDGE('',*,*,#3658,.T.);
#4613=ORIENTED_EDGE('',*,*,#3659,.F.);
#4614=ORIENTED_EDGE('',*,*,#3660,.T.);
#4615=ORIENTED_EDGE('',*,*,#3657,.T.);
#4616=ORIENTED_EDGE('',*,*,#3661,.T.);
#4617=ORIENTED_EDGE('',*,*,#3662,.F.);
#4618=ORIENTED_EDGE('',*,*,#3663,.F.);
#4619=ORIENTED_EDGE('',*,*,#3664,.T.);
#4620=ORIENTED_EDGE('',*,*,#3665,.T.);
#4621=ORIENTED_EDGE('',*,*,#3658,.F.);
#4622=ORIENTED_EDGE('',*,*,#3665,.F.);
#4623=ORIENTED_EDGE('',*,*,#3666,.F.);
#4624=ORIENTED_EDGE('',*,*,#3652,.F.);
#4625=ORIENTED_EDGE('',*,*,#3667,.F.);
#4626=ORIENTED_EDGE('',*,*,#3668,.F.);
#4627=ORIENTED_EDGE('',*,*,#3656,.F.);
#4628=ORIENTED_EDGE('',*,*,#3669,.F.);
#4629=ORIENTED_EDGE('',*,*,#3661,.F.);
#4630=ORIENTED_EDGE('',*,*,#3660,.F.);
#4631=ORIENTED_EDGE('',*,*,#3667,.T.);
#4632=ORIENTED_EDGE('',*,*,#3651,.F.);
#4633=ORIENTED_EDGE('',*,*,#3647,.T.);
#4634=ORIENTED_EDGE('',*,*,#3670,.T.);
#4635=ORIENTED_EDGE('',*,*,#3669,.T.);
#4636=ORIENTED_EDGE('',*,*,#3655,.F.);
#4637=ORIENTED_EDGE('',*,*,#3671,.F.);
#4638=ORIENTED_EDGE('',*,*,#3662,.T.);
#4639=ORIENTED_EDGE('',*,*,#3659,.T.);
#4640=ORIENTED_EDGE('',*,*,#3670,.F.);
#4641=ORIENTED_EDGE('',*,*,#3646,.T.);
#4642=ORIENTED_EDGE('',*,*,#3672,.F.);
#4643=ORIENTED_EDGE('',*,*,#3668,.T.);
#4644=ORIENTED_EDGE('',*,*,#3672,.T.);
#4645=ORIENTED_EDGE('',*,*,#3649,.T.);
#4646=ORIENTED_EDGE('',*,*,#3650,.F.);
#4647=ORIENTED_EDGE('',*,*,#3666,.T.);
#4648=ORIENTED_EDGE('',*,*,#3664,.F.);
#4649=ORIENTED_EDGE('',*,*,#3673,.F.);
#4650=ORIENTED_EDGE('',*,*,#3653,.T.);
#4651=ORIENTED_EDGE('',*,*,#3673,.T.);
#4652=ORIENTED_EDGE('',*,*,#3663,.T.);
#4653=ORIENTED_EDGE('',*,*,#3671,.T.);
#4654=ORIENTED_EDGE('',*,*,#3654,.F.);
#4655=ORIENTED_EDGE('',*,*,#3674,.F.);
#4656=ORIENTED_EDGE('',*,*,#3675,.F.);
#4657=ORIENTED_EDGE('',*,*,#3676,.F.);
#4658=ORIENTED_EDGE('',*,*,#3677,.F.);
#4659=ORIENTED_EDGE('',*,*,#3678,.T.);
#4660=ORIENTED_EDGE('',*,*,#3676,.T.);
#4661=ORIENTED_EDGE('',*,*,#3679,.T.);
#4662=ORIENTED_EDGE('',*,*,#3680,.T.);
#4663=ORIENTED_EDGE('',*,*,#3681,.F.);
#4664=ORIENTED_EDGE('',*,*,#3682,.F.);
#4665=ORIENTED_EDGE('',*,*,#3683,.T.);
#4666=ORIENTED_EDGE('',*,*,#3684,.T.);
#4667=ORIENTED_EDGE('',*,*,#3685,.F.);
#4668=ORIENTED_EDGE('',*,*,#3686,.F.);
#4669=ORIENTED_EDGE('',*,*,#3687,.F.);
#4670=ORIENTED_EDGE('',*,*,#3684,.F.);
#4671=ORIENTED_EDGE('',*,*,#3688,.F.);
#4672=ORIENTED_EDGE('',*,*,#3689,.F.);
#4673=ORIENTED_EDGE('',*,*,#3690,.F.);
#4674=ORIENTED_EDGE('',*,*,#3680,.F.);
#4675=ORIENTED_EDGE('',*,*,#3687,.T.);
#4676=ORIENTED_EDGE('',*,*,#3691,.T.);
#4677=ORIENTED_EDGE('',*,*,#3677,.T.);
#4678=ORIENTED_EDGE('',*,*,#3678,.F.);
#4679=ORIENTED_EDGE('',*,*,#3686,.T.);
#4680=ORIENTED_EDGE('',*,*,#3692,.F.);
#4681=ORIENTED_EDGE('',*,*,#3674,.T.);
#4682=ORIENTED_EDGE('',*,*,#3691,.F.);
#4683=ORIENTED_EDGE('',*,*,#3685,.T.);
#4684=ORIENTED_EDGE('',*,*,#3679,.F.);
#4685=ORIENTED_EDGE('',*,*,#3675,.T.);
#4686=ORIENTED_EDGE('',*,*,#3692,.T.);
#4687=ORIENTED_EDGE('',*,*,#3690,.T.);
#4688=ORIENTED_EDGE('',*,*,#3693,.F.);
#4689=ORIENTED_EDGE('',*,*,#3694,.F.);
#4690=ORIENTED_EDGE('',*,*,#3681,.T.);
#4691=ORIENTED_EDGE('',*,*,#3689,.T.);
#4692=ORIENTED_EDGE('',*,*,#3695,.F.);
#4693=ORIENTED_EDGE('',*,*,#3696,.F.);
#4694=ORIENTED_EDGE('',*,*,#3693,.T.);
#4695=ORIENTED_EDGE('',*,*,#3688,.T.);
#4696=ORIENTED_EDGE('',*,*,#3683,.F.);
#4697=ORIENTED_EDGE('',*,*,#3697,.F.);
#4698=ORIENTED_EDGE('',*,*,#3695,.T.);
#4699=ORIENTED_EDGE('',*,*,#3682,.T.);
#4700=ORIENTED_EDGE('',*,*,#3694,.T.);
#4701=ORIENTED_EDGE('',*,*,#3696,.T.);
#4702=ORIENTED_EDGE('',*,*,#3697,.T.);
#4703=ORIENTED_EDGE('',*,*,#3698,.F.);
#4704=ORIENTED_EDGE('',*,*,#3699,.F.);
#4705=ORIENTED_EDGE('',*,*,#3700,.F.);
#4706=ORIENTED_EDGE('',*,*,#3701,.F.);
#4707=ORIENTED_EDGE('',*,*,#3699,.T.);
#4708=ORIENTED_EDGE('',*,*,#3702,.F.);
#4709=ORIENTED_EDGE('',*,*,#3703,.F.);
#4710=ORIENTED_EDGE('',*,*,#3704,.T.);
#4711=ORIENTED_EDGE('',*,*,#3698,.T.);
#4712=ORIENTED_EDGE('',*,*,#3705,.F.);
#4713=ORIENTED_EDGE('',*,*,#3706,.F.);
#4714=ORIENTED_EDGE('',*,*,#3702,.T.);
#4715=ORIENTED_EDGE('',*,*,#3707,.T.);
#4716=ORIENTED_EDGE('',*,*,#3708,.T.);
#4717=ORIENTED_EDGE('',*,*,#3709,.F.);
#4718=ORIENTED_EDGE('',*,*,#3710,.F.);
#4719=ORIENTED_EDGE('',*,*,#3706,.T.);
#4720=ORIENTED_EDGE('',*,*,#3711,.T.);
#4721=ORIENTED_EDGE('',*,*,#3712,.T.);
#4722=ORIENTED_EDGE('',*,*,#3703,.T.);
#4723=ORIENTED_EDGE('',*,*,#3701,.T.);
#4724=ORIENTED_EDGE('',*,*,#3713,.F.);
#4725=ORIENTED_EDGE('',*,*,#3711,.F.);
#4726=ORIENTED_EDGE('',*,*,#3705,.T.);
#4727=ORIENTED_EDGE('',*,*,#3714,.F.);
#4728=ORIENTED_EDGE('',*,*,#3715,.F.);
#4729=ORIENTED_EDGE('',*,*,#3716,.F.);
#4730=ORIENTED_EDGE('',*,*,#3717,.F.);
#4731=ORIENTED_EDGE('',*,*,#3716,.T.);
#4732=ORIENTED_EDGE('',*,*,#3718,.T.);
#4733=ORIENTED_EDGE('',*,*,#3709,.T.);
#4734=ORIENTED_EDGE('',*,*,#3719,.T.);
#4735=ORIENTED_EDGE('',*,*,#3715,.T.);
#4736=ORIENTED_EDGE('',*,*,#3720,.T.);
#4737=ORIENTED_EDGE('',*,*,#3710,.T.);
#4738=ORIENTED_EDGE('',*,*,#3718,.F.);
#4739=ORIENTED_EDGE('',*,*,#3700,.T.);
#4740=ORIENTED_EDGE('',*,*,#3704,.F.);
#4741=ORIENTED_EDGE('',*,*,#3712,.F.);
#4742=ORIENTED_EDGE('',*,*,#3713,.T.);
#4743=ORIENTED_EDGE('',*,*,#3717,.T.);
#4744=ORIENTED_EDGE('',*,*,#3719,.F.);
#4745=ORIENTED_EDGE('',*,*,#3708,.F.);
#4746=ORIENTED_EDGE('',*,*,#3721,.T.);
#4747=ORIENTED_EDGE('',*,*,#3714,.T.);
#4748=ORIENTED_EDGE('',*,*,#3721,.F.);
#4749=ORIENTED_EDGE('',*,*,#3707,.F.);
#4750=ORIENTED_EDGE('',*,*,#3720,.F.);
#4751=ORIENTED_EDGE('',*,*,#3722,.T.);
#4752=ORIENTED_EDGE('',*,*,#3723,.T.);
#4753=ORIENTED_EDGE('',*,*,#3724,.T.);
#4754=ORIENTED_EDGE('',*,*,#3725,.T.);
#4755=ORIENTED_EDGE('',*,*,#3726,.T.);
#4756=ORIENTED_EDGE('',*,*,#3727,.T.);
#4757=ORIENTED_EDGE('',*,*,#3728,.T.);
#4758=ORIENTED_EDGE('',*,*,#3729,.T.);
#4759=ORIENTED_EDGE('',*,*,#3730,.T.);
#4760=ORIENTED_EDGE('',*,*,#3731,.T.);
#4761=ORIENTED_EDGE('',*,*,#3732,.F.);
#4762=ORIENTED_EDGE('',*,*,#3733,.T.);
#4763=ORIENTED_EDGE('',*,*,#3734,.T.);
#4764=ORIENTED_EDGE('',*,*,#3735,.T.);
#4765=ORIENTED_EDGE('',*,*,#3736,.F.);
#4766=ORIENTED_EDGE('',*,*,#3737,.T.);
#4767=ORIENTED_EDGE('',*,*,#3732,.T.);
#4768=ORIENTED_EDGE('',*,*,#3738,.F.);
#4769=ORIENTED_EDGE('',*,*,#3726,.F.);
#4770=ORIENTED_EDGE('',*,*,#3739,.F.);
#4771=ORIENTED_EDGE('',*,*,#3736,.T.);
#4772=ORIENTED_EDGE('',*,*,#3740,.F.);
#4773=ORIENTED_EDGE('',*,*,#3722,.F.);
#4774=ORIENTED_EDGE('',*,*,#3741,.F.);
#4775=ORIENTED_EDGE('',*,*,#3739,.T.);
#4776=ORIENTED_EDGE('',*,*,#3729,.F.);
#4777=ORIENTED_EDGE('',*,*,#3742,.T.);
#4778=ORIENTED_EDGE('',*,*,#3723,.F.);
#4779=ORIENTED_EDGE('',*,*,#3740,.T.);
#4780=ORIENTED_EDGE('',*,*,#3735,.F.);
#4781=ORIENTED_EDGE('',*,*,#3743,.T.);
#4782=ORIENTED_EDGE('',*,*,#3733,.F.);
#4783=ORIENTED_EDGE('',*,*,#3743,.F.);
#4784=ORIENTED_EDGE('',*,*,#3734,.F.);
#4785=ORIENTED_EDGE('',*,*,#3744,.F.);
#4786=ORIENTED_EDGE('',*,*,#3730,.F.);
#4787=ORIENTED_EDGE('',*,*,#3744,.T.);
#4788=ORIENTED_EDGE('',*,*,#3737,.F.);
#4789=ORIENTED_EDGE('',*,*,#3741,.T.);
#4790=ORIENTED_EDGE('',*,*,#3725,.F.);
#4791=ORIENTED_EDGE('',*,*,#3745,.F.);
#4792=ORIENTED_EDGE('',*,*,#3727,.F.);
#4793=ORIENTED_EDGE('',*,*,#3738,.T.);
#4794=ORIENTED_EDGE('',*,*,#3731,.F.);
#4795=ORIENTED_EDGE('',*,*,#3745,.T.);
#4796=ORIENTED_EDGE('',*,*,#3724,.F.);
#4797=ORIENTED_EDGE('',*,*,#3742,.F.);
#4798=ORIENTED_EDGE('',*,*,#3728,.F.);
#4799=ORIENTED_EDGE('',*,*,#3746,.T.);
#4800=ORIENTED_EDGE('',*,*,#3747,.T.);
#4801=ORIENTED_EDGE('',*,*,#3748,.T.);
#4802=ORIENTED_EDGE('',*,*,#3749,.T.);
#4803=ORIENTED_EDGE('',*,*,#3750,.T.);
#4804=ORIENTED_EDGE('',*,*,#3751,.T.);
#4805=ORIENTED_EDGE('',*,*,#3752,.T.);
#4806=ORIENTED_EDGE('',*,*,#3753,.T.);
#4807=ORIENTED_EDGE('',*,*,#3754,.F.);
#4808=ORIENTED_EDGE('',*,*,#3755,.T.);
#4809=ORIENTED_EDGE('',*,*,#3756,.F.);
#4810=ORIENTED_EDGE('',*,*,#3757,.F.);
#4811=ORIENTED_EDGE('',*,*,#3758,.F.);
#4812=ORIENTED_EDGE('',*,*,#3759,.F.);
#4813=ORIENTED_EDGE('',*,*,#3760,.F.);
#4814=ORIENTED_EDGE('',*,*,#3761,.F.);
#4815=ORIENTED_EDGE('',*,*,#3762,.T.);
#4816=ORIENTED_EDGE('',*,*,#3760,.T.);
#4817=ORIENTED_EDGE('',*,*,#3763,.F.);
#4818=ORIENTED_EDGE('',*,*,#3756,.T.);
#4819=ORIENTED_EDGE('',*,*,#3764,.T.);
#4820=ORIENTED_EDGE('',*,*,#3765,.T.);
#4821=ORIENTED_EDGE('',*,*,#3766,.F.);
#4822=ORIENTED_EDGE('',*,*,#3767,.T.);
#4823=ORIENTED_EDGE('',*,*,#3763,.T.);
#4824=ORIENTED_EDGE('',*,*,#3768,.F.);
#4825=ORIENTED_EDGE('',*,*,#3750,.F.);
#4826=ORIENTED_EDGE('',*,*,#3769,.F.);
#4827=ORIENTED_EDGE('',*,*,#3766,.T.);
#4828=ORIENTED_EDGE('',*,*,#3770,.F.);
#4829=ORIENTED_EDGE('',*,*,#3746,.F.);
#4830=ORIENTED_EDGE('',*,*,#3771,.F.);
#4831=ORIENTED_EDGE('',*,*,#3768,.T.);
#4832=ORIENTED_EDGE('',*,*,#3759,.T.);
#4833=ORIENTED_EDGE('',*,*,#3758,.T.);
#4834=ORIENTED_EDGE('',*,*,#3772,.F.);
#4835=ORIENTED_EDGE('',*,*,#3767,.F.);
#4836=ORIENTED_EDGE('',*,*,#3771,.T.);
#4837=ORIENTED_EDGE('',*,*,#3749,.F.);
#4838=ORIENTED_EDGE('',*,*,#3773,.F.);
#4839=ORIENTED_EDGE('',*,*,#3751,.F.);
#4840=ORIENTED_EDGE('',*,*,#3773,.T.);
#4841=ORIENTED_EDGE('',*,*,#3748,.F.);
#4842=ORIENTED_EDGE('',*,*,#3774,.F.);
#4843=ORIENTED_EDGE('',*,*,#3752,.F.);
#4844=ORIENTED_EDGE('',*,*,#3757,.T.);
#4845=ORIENTED_EDGE('',*,*,#3769,.T.);
#4846=ORIENTED_EDGE('',*,*,#3753,.F.);
#4847=ORIENTED_EDGE('',*,*,#3774,.T.);
#4848=ORIENTED_EDGE('',*,*,#3747,.F.);
#4849=ORIENTED_EDGE('',*,*,#3770,.T.);
#4850=ORIENTED_EDGE('',*,*,#3765,.F.);
#4851=ORIENTED_EDGE('',*,*,#3775,.F.);
#4852=ORIENTED_EDGE('',*,*,#3754,.T.);
#4853=ORIENTED_EDGE('',*,*,#3775,.T.);
#4854=ORIENTED_EDGE('',*,*,#3764,.F.);
#4855=ORIENTED_EDGE('',*,*,#3772,.T.);
#4856=ORIENTED_EDGE('',*,*,#3761,.T.);
#4857=ORIENTED_EDGE('',*,*,#3762,.F.);
#4858=ORIENTED_EDGE('',*,*,#3755,.F.);
#4859=ORIENTED_EDGE('',*,*,#3776,.F.);
#4860=ORIENTED_EDGE('',*,*,#3777,.F.);
#4861=ORIENTED_EDGE('',*,*,#3778,.F.);
#4862=ORIENTED_EDGE('',*,*,#3779,.F.);
#4863=ORIENTED_EDGE('',*,*,#3780,.T.);
#4864=ORIENTED_EDGE('',*,*,#3778,.T.);
#4865=ORIENTED_EDGE('',*,*,#3781,.T.);
#4866=ORIENTED_EDGE('',*,*,#3782,.T.);
#4867=ORIENTED_EDGE('',*,*,#3783,.T.);
#4868=ORIENTED_EDGE('',*,*,#3784,.F.);
#4869=ORIENTED_EDGE('',*,*,#3785,.F.);
#4870=ORIENTED_EDGE('',*,*,#3786,.T.);
#4871=ORIENTED_EDGE('',*,*,#3787,.F.);
#4872=ORIENTED_EDGE('',*,*,#3786,.F.);
#4873=ORIENTED_EDGE('',*,*,#3788,.F.);
#4874=ORIENTED_EDGE('',*,*,#3789,.F.);
#4875=ORIENTED_EDGE('',*,*,#3790,.F.);
#4876=ORIENTED_EDGE('',*,*,#3782,.F.);
#4877=ORIENTED_EDGE('',*,*,#3791,.F.);
#4878=ORIENTED_EDGE('',*,*,#3792,.F.);
#4879=ORIENTED_EDGE('',*,*,#3789,.T.);
#4880=ORIENTED_EDGE('',*,*,#3793,.T.);
#4881=ORIENTED_EDGE('',*,*,#3794,.F.);
#4882=ORIENTED_EDGE('',*,*,#3795,.F.);
#4883=ORIENTED_EDGE('',*,*,#3788,.T.);
#4884=ORIENTED_EDGE('',*,*,#3785,.T.);
#4885=ORIENTED_EDGE('',*,*,#3796,.F.);
#4886=ORIENTED_EDGE('',*,*,#3793,.F.);
#4887=ORIENTED_EDGE('',*,*,#3787,.T.);
#4888=ORIENTED_EDGE('',*,*,#3797,.T.);
#4889=ORIENTED_EDGE('',*,*,#3779,.T.);
#4890=ORIENTED_EDGE('',*,*,#3780,.F.);
#4891=ORIENTED_EDGE('',*,*,#3792,.T.);
#4892=ORIENTED_EDGE('',*,*,#3798,.F.);
#4893=ORIENTED_EDGE('',*,*,#3776,.T.);
#4894=ORIENTED_EDGE('',*,*,#3797,.F.);
#4895=ORIENTED_EDGE('',*,*,#3791,.T.);
#4896=ORIENTED_EDGE('',*,*,#3781,.F.);
#4897=ORIENTED_EDGE('',*,*,#3777,.T.);
#4898=ORIENTED_EDGE('',*,*,#3798,.T.);
#4899=ORIENTED_EDGE('',*,*,#3790,.T.);
#4900=ORIENTED_EDGE('',*,*,#3795,.T.);
#4901=ORIENTED_EDGE('',*,*,#3799,.F.);
#4902=ORIENTED_EDGE('',*,*,#3783,.F.);
#4903=ORIENTED_EDGE('',*,*,#3796,.T.);
#4904=ORIENTED_EDGE('',*,*,#3784,.T.);
#4905=ORIENTED_EDGE('',*,*,#3799,.T.);
#4906=ORIENTED_EDGE('',*,*,#3794,.T.);
#4907=ORIENTED_EDGE('',*,*,#3800,.F.);
#4908=ORIENTED_EDGE('',*,*,#3801,.F.);
#4909=ORIENTED_EDGE('',*,*,#3802,.F.);
#4910=ORIENTED_EDGE('',*,*,#3803,.F.);
#4911=ORIENTED_EDGE('',*,*,#3801,.T.);
#4912=ORIENTED_EDGE('',*,*,#3804,.T.);
#4913=ORIENTED_EDGE('',*,*,#3805,.T.);
#4914=ORIENTED_EDGE('',*,*,#3806,.T.);
#4915=ORIENTED_EDGE('',*,*,#3800,.T.);
#4916=ORIENTED_EDGE('',*,*,#3807,.F.);
#4917=ORIENTED_EDGE('',*,*,#3808,.T.);
#4918=ORIENTED_EDGE('',*,*,#3804,.F.);
#4919=ORIENTED_EDGE('',*,*,#3803,.T.);
#4920=ORIENTED_EDGE('',*,*,#3809,.T.);
#4921=ORIENTED_EDGE('',*,*,#3810,.T.);
#4922=ORIENTED_EDGE('',*,*,#3807,.T.);
#4923=ORIENTED_EDGE('',*,*,#3802,.T.);
#4924=ORIENTED_EDGE('',*,*,#3806,.F.);
#4925=ORIENTED_EDGE('',*,*,#3811,.T.);
#4926=ORIENTED_EDGE('',*,*,#3809,.F.);
#4927=ORIENTED_EDGE('',*,*,#3808,.F.);
#4928=ORIENTED_EDGE('',*,*,#3810,.F.);
#4929=ORIENTED_EDGE('',*,*,#3811,.F.);
#4930=ORIENTED_EDGE('',*,*,#3805,.F.);
#4931=ORIENTED_EDGE('',*,*,#3812,.F.);
#4932=ORIENTED_EDGE('',*,*,#3813,.F.);
#4933=ORIENTED_EDGE('',*,*,#3814,.F.);
#4934=ORIENTED_EDGE('',*,*,#3815,.F.);
#4935=ORIENTED_EDGE('',*,*,#3816,.T.);
#4936=ORIENTED_EDGE('',*,*,#3814,.T.);
#4937=ORIENTED_EDGE('',*,*,#3817,.T.);
#4938=ORIENTED_EDGE('',*,*,#3818,.T.);
#4939=ORIENTED_EDGE('',*,*,#3819,.T.);
#4940=ORIENTED_EDGE('',*,*,#3820,.F.);
#4941=ORIENTED_EDGE('',*,*,#3821,.F.);
#4942=ORIENTED_EDGE('',*,*,#3822,.T.);
#4943=ORIENTED_EDGE('',*,*,#3823,.F.);
#4944=ORIENTED_EDGE('',*,*,#3824,.F.);
#4945=ORIENTED_EDGE('',*,*,#3825,.F.);
#4946=ORIENTED_EDGE('',*,*,#3822,.F.);
#4947=ORIENTED_EDGE('',*,*,#3826,.F.);
#4948=ORIENTED_EDGE('',*,*,#3827,.F.);
#4949=ORIENTED_EDGE('',*,*,#3828,.F.);
#4950=ORIENTED_EDGE('',*,*,#3818,.F.);
#4951=ORIENTED_EDGE('',*,*,#3825,.T.);
#4952=ORIENTED_EDGE('',*,*,#3829,.T.);
#4953=ORIENTED_EDGE('',*,*,#3815,.T.);
#4954=ORIENTED_EDGE('',*,*,#3816,.F.);
#4955=ORIENTED_EDGE('',*,*,#3824,.T.);
#4956=ORIENTED_EDGE('',*,*,#3830,.F.);
#4957=ORIENTED_EDGE('',*,*,#3812,.T.);
#4958=ORIENTED_EDGE('',*,*,#3829,.F.);
#4959=ORIENTED_EDGE('',*,*,#3823,.T.);
#4960=ORIENTED_EDGE('',*,*,#3817,.F.);
#4961=ORIENTED_EDGE('',*,*,#3813,.T.);
#4962=ORIENTED_EDGE('',*,*,#3830,.T.);
#4963=ORIENTED_EDGE('',*,*,#3827,.T.);
#4964=ORIENTED_EDGE('',*,*,#3831,.T.);
#4965=ORIENTED_EDGE('',*,*,#3832,.F.);
#4966=ORIENTED_EDGE('',*,*,#3833,.F.);
#4967=ORIENTED_EDGE('',*,*,#3826,.T.);
#4968=ORIENTED_EDGE('',*,*,#3821,.T.);
#4969=ORIENTED_EDGE('',*,*,#3834,.F.);
#4970=ORIENTED_EDGE('',*,*,#3831,.F.);
#4971=ORIENTED_EDGE('',*,*,#3828,.T.);
#4972=ORIENTED_EDGE('',*,*,#3833,.T.);
#4973=ORIENTED_EDGE('',*,*,#3835,.F.);
#4974=ORIENTED_EDGE('',*,*,#3819,.F.);
#4975=ORIENTED_EDGE('',*,*,#3835,.T.);
#4976=ORIENTED_EDGE('',*,*,#3832,.T.);
#4977=ORIENTED_EDGE('',*,*,#3834,.T.);
#4978=ORIENTED_EDGE('',*,*,#3820,.T.);
#4979=ORIENTED_EDGE('',*,*,#3836,.F.);
#4980=ORIENTED_EDGE('',*,*,#3837,.F.);
#4981=ORIENTED_EDGE('',*,*,#3838,.F.);
#4982=ORIENTED_EDGE('',*,*,#3839,.F.);
#4983=ORIENTED_EDGE('',*,*,#3838,.T.);
#4984=ORIENTED_EDGE('',*,*,#3840,.T.);
#4985=ORIENTED_EDGE('',*,*,#3841,.T.);
#4986=ORIENTED_EDGE('',*,*,#3842,.T.);
#4987=ORIENTED_EDGE('',*,*,#3837,.T.);
#4988=ORIENTED_EDGE('',*,*,#3843,.T.);
#4989=ORIENTED_EDGE('',*,*,#3844,.T.);
#4990=ORIENTED_EDGE('',*,*,#3840,.F.);
#4991=ORIENTED_EDGE('',*,*,#3839,.T.);
#4992=ORIENTED_EDGE('',*,*,#3842,.F.);
#4993=ORIENTED_EDGE('',*,*,#3845,.F.);
#4994=ORIENTED_EDGE('',*,*,#3846,.T.);
#4995=ORIENTED_EDGE('',*,*,#3847,.T.);
#4996=ORIENTED_EDGE('',*,*,#3845,.T.);
#4997=ORIENTED_EDGE('',*,*,#3841,.F.);
#4998=ORIENTED_EDGE('',*,*,#3844,.F.);
#4999=ORIENTED_EDGE('',*,*,#3836,.T.);
#5000=ORIENTED_EDGE('',*,*,#3846,.F.);
#5001=ORIENTED_EDGE('',*,*,#3847,.F.);
#5002=ORIENTED_EDGE('',*,*,#3843,.F.);
#5003=ORIENTED_EDGE('',*,*,#3848,.T.);
#5004=ORIENTED_EDGE('',*,*,#3849,.T.);
#5005=ORIENTED_EDGE('',*,*,#3850,.T.);
#5006=ORIENTED_EDGE('',*,*,#3851,.F.);
#5007=ORIENTED_EDGE('',*,*,#3851,.T.);
#5008=ORIENTED_EDGE('',*,*,#3852,.F.);
#5009=ORIENTED_EDGE('',*,*,#3853,.F.);
#5010=ORIENTED_EDGE('',*,*,#3854,.F.);
#5011=ORIENTED_EDGE('',*,*,#3853,.T.);
#5012=ORIENTED_EDGE('',*,*,#3855,.T.);
#5013=ORIENTED_EDGE('',*,*,#3856,.F.);
#5014=ORIENTED_EDGE('',*,*,#3857,.F.);
#5015=ORIENTED_EDGE('',*,*,#3852,.T.);
#5016=ORIENTED_EDGE('',*,*,#3850,.F.);
#5017=ORIENTED_EDGE('',*,*,#3858,.F.);
#5018=ORIENTED_EDGE('',*,*,#3859,.F.);
#5019=ORIENTED_EDGE('',*,*,#3860,.F.);
#5020=ORIENTED_EDGE('',*,*,#3855,.F.);
#5021=ORIENTED_EDGE('',*,*,#3861,.T.);
#5022=ORIENTED_EDGE('',*,*,#3862,.T.);
#5023=ORIENTED_EDGE('',*,*,#3858,.T.);
#5024=ORIENTED_EDGE('',*,*,#3849,.F.);
#5025=ORIENTED_EDGE('',*,*,#3854,.T.);
#5026=ORIENTED_EDGE('',*,*,#3857,.T.);
#5027=ORIENTED_EDGE('',*,*,#3863,.F.);
#5028=ORIENTED_EDGE('',*,*,#3864,.T.);
#5029=ORIENTED_EDGE('',*,*,#3861,.F.);
#5030=ORIENTED_EDGE('',*,*,#3848,.F.);
#5031=ORIENTED_EDGE('',*,*,#3860,.T.);
#5032=ORIENTED_EDGE('',*,*,#3865,.T.);
#5033=ORIENTED_EDGE('',*,*,#3863,.T.);
#5034=ORIENTED_EDGE('',*,*,#3856,.T.);
#5035=ORIENTED_EDGE('',*,*,#3859,.T.);
#5036=ORIENTED_EDGE('',*,*,#3862,.F.);
#5037=ORIENTED_EDGE('',*,*,#3864,.F.);
#5038=ORIENTED_EDGE('',*,*,#3865,.F.);
#5039=ORIENTED_EDGE('',*,*,#3866,.T.);
#5040=ORIENTED_EDGE('',*,*,#3867,.F.);
#5041=ORIENTED_EDGE('',*,*,#3868,.T.);
#5042=ORIENTED_EDGE('',*,*,#3869,.T.);
#5043=ORIENTED_EDGE('',*,*,#3867,.T.);
#5044=ORIENTED_EDGE('',*,*,#3870,.F.);
#5045=ORIENTED_EDGE('',*,*,#3871,.F.);
#5046=ORIENTED_EDGE('',*,*,#3872,.F.);
#5047=ORIENTED_EDGE('',*,*,#3871,.T.);
#5048=ORIENTED_EDGE('',*,*,#3873,.T.);
#5049=ORIENTED_EDGE('',*,*,#3874,.F.);
#5050=ORIENTED_EDGE('',*,*,#3875,.F.);
#5051=ORIENTED_EDGE('',*,*,#3870,.T.);
#5052=ORIENTED_EDGE('',*,*,#3866,.F.);
#5053=ORIENTED_EDGE('',*,*,#3876,.F.);
#5054=ORIENTED_EDGE('',*,*,#3877,.F.);
#5055=ORIENTED_EDGE('',*,*,#3878,.F.);
#5056=ORIENTED_EDGE('',*,*,#3873,.F.);
#5057=ORIENTED_EDGE('',*,*,#3879,.T.);
#5058=ORIENTED_EDGE('',*,*,#3880,.T.);
#5059=ORIENTED_EDGE('',*,*,#3876,.T.);
#5060=ORIENTED_EDGE('',*,*,#3869,.F.);
#5061=ORIENTED_EDGE('',*,*,#3872,.T.);
#5062=ORIENTED_EDGE('',*,*,#3875,.T.);
#5063=ORIENTED_EDGE('',*,*,#3881,.F.);
#5064=ORIENTED_EDGE('',*,*,#3882,.F.);
#5065=ORIENTED_EDGE('',*,*,#3879,.F.);
#5066=ORIENTED_EDGE('',*,*,#3868,.F.);
#5067=ORIENTED_EDGE('',*,*,#3878,.T.);
#5068=ORIENTED_EDGE('',*,*,#3883,.T.);
#5069=ORIENTED_EDGE('',*,*,#3881,.T.);
#5070=ORIENTED_EDGE('',*,*,#3874,.T.);
#5071=ORIENTED_EDGE('',*,*,#3877,.T.);
#5072=ORIENTED_EDGE('',*,*,#3880,.F.);
#5073=ORIENTED_EDGE('',*,*,#3882,.T.);
#5074=ORIENTED_EDGE('',*,*,#3883,.F.);
#5075=ORIENTED_EDGE('',*,*,#3884,.T.);
#5076=ORIENTED_EDGE('',*,*,#3885,.F.);
#5077=ORIENTED_EDGE('',*,*,#3886,.T.);
#5078=ORIENTED_EDGE('',*,*,#3887,.T.);
#5079=ORIENTED_EDGE('',*,*,#3885,.T.);
#5080=ORIENTED_EDGE('',*,*,#3888,.F.);
#5081=ORIENTED_EDGE('',*,*,#3889,.F.);
#5082=ORIENTED_EDGE('',*,*,#3890,.F.);
#5083=ORIENTED_EDGE('',*,*,#3888,.T.);
#5084=ORIENTED_EDGE('',*,*,#3884,.F.);
#5085=ORIENTED_EDGE('',*,*,#3891,.F.);
#5086=ORIENTED_EDGE('',*,*,#3892,.F.);
#5087=ORIENTED_EDGE('',*,*,#3893,.F.);
#5088=ORIENTED_EDGE('',*,*,#3894,.F.);
#5089=ORIENTED_EDGE('',*,*,#3895,.T.);
#5090=ORIENTED_EDGE('',*,*,#3896,.T.);
#5091=ORIENTED_EDGE('',*,*,#3891,.T.);
#5092=ORIENTED_EDGE('',*,*,#3887,.F.);
#5093=ORIENTED_EDGE('',*,*,#3890,.T.);
#5094=ORIENTED_EDGE('',*,*,#3897,.F.);
#5095=ORIENTED_EDGE('',*,*,#3898,.F.);
#5096=ORIENTED_EDGE('',*,*,#3899,.F.);
#5097=ORIENTED_EDGE('',*,*,#3895,.F.);
#5098=ORIENTED_EDGE('',*,*,#3886,.F.);
#5099=ORIENTED_EDGE('',*,*,#3889,.T.);
#5100=ORIENTED_EDGE('',*,*,#3894,.T.);
#5101=ORIENTED_EDGE('',*,*,#3900,.F.);
#5102=ORIENTED_EDGE('',*,*,#3897,.T.);
#5103=ORIENTED_EDGE('',*,*,#3899,.T.);
#5104=ORIENTED_EDGE('',*,*,#3901,.F.);
#5105=ORIENTED_EDGE('',*,*,#3892,.T.);
#5106=ORIENTED_EDGE('',*,*,#3896,.F.);
#5107=ORIENTED_EDGE('',*,*,#3898,.T.);
#5108=ORIENTED_EDGE('',*,*,#3900,.T.);
#5109=ORIENTED_EDGE('',*,*,#3893,.T.);
#5110=ORIENTED_EDGE('',*,*,#3901,.T.);
#5111=ORIENTED_EDGE('',*,*,#3902,.F.);
#5112=ORIENTED_EDGE('',*,*,#3903,.T.);
#5113=ORIENTED_EDGE('',*,*,#3904,.F.);
#5114=ORIENTED_EDGE('',*,*,#3905,.F.);
#5115=ORIENTED_EDGE('',*,*,#3902,.T.);
#5116=ORIENTED_EDGE('',*,*,#3906,.F.);
#5117=ORIENTED_EDGE('',*,*,#3907,.F.);
#5118=ORIENTED_EDGE('',*,*,#3908,.F.);
#5119=ORIENTED_EDGE('',*,*,#3909,.T.);
#5120=ORIENTED_EDGE('',*,*,#3910,.F.);
#5121=ORIENTED_EDGE('',*,*,#3911,.F.);
#5122=ORIENTED_EDGE('',*,*,#3912,.F.);
#5123=ORIENTED_EDGE('',*,*,#3913,.F.);
#5124=ORIENTED_EDGE('',*,*,#3914,.T.);
#5125=ORIENTED_EDGE('',*,*,#3915,.F.);
#5126=ORIENTED_EDGE('',*,*,#3916,.F.);
#5127=ORIENTED_EDGE('',*,*,#3905,.T.);
#5128=ORIENTED_EDGE('',*,*,#3917,.F.);
#5129=ORIENTED_EDGE('',*,*,#3918,.F.);
#5130=ORIENTED_EDGE('',*,*,#3906,.T.);
#5131=ORIENTED_EDGE('',*,*,#3909,.F.);
#5132=ORIENTED_EDGE('',*,*,#3919,.F.);
#5133=ORIENTED_EDGE('',*,*,#3920,.F.);
#5134=ORIENTED_EDGE('',*,*,#3921,.F.);
#5135=ORIENTED_EDGE('',*,*,#3916,.T.);
#5136=ORIENTED_EDGE('',*,*,#3922,.T.);
#5137=ORIENTED_EDGE('',*,*,#3923,.F.);
#5138=ORIENTED_EDGE('',*,*,#3924,.T.);
#5139=ORIENTED_EDGE('',*,*,#3925,.T.);
#5140=ORIENTED_EDGE('',*,*,#3926,.F.);
#5141=ORIENTED_EDGE('',*,*,#3903,.F.);
#5142=ORIENTED_EDGE('',*,*,#3923,.T.);
#5143=ORIENTED_EDGE('',*,*,#3927,.F.);
#5144=ORIENTED_EDGE('',*,*,#3928,.F.);
#5145=ORIENTED_EDGE('',*,*,#3929,.T.);
#5146=ORIENTED_EDGE('',*,*,#3930,.F.);
#5147=ORIENTED_EDGE('',*,*,#3931,.F.);
#5148=ORIENTED_EDGE('',*,*,#3932,.F.);
#5149=ORIENTED_EDGE('',*,*,#3914,.F.);
#5150=ORIENTED_EDGE('',*,*,#3931,.T.);
#5151=ORIENTED_EDGE('',*,*,#3933,.T.);
#5152=ORIENTED_EDGE('',*,*,#3934,.T.);
#5153=ORIENTED_EDGE('',*,*,#3935,.F.);
#5154=ORIENTED_EDGE('',*,*,#3936,.F.);
#5155=ORIENTED_EDGE('',*,*,#3912,.T.);
#5156=ORIENTED_EDGE('',*,*,#3937,.F.);
#5157=ORIENTED_EDGE('',*,*,#3934,.F.);
#5158=ORIENTED_EDGE('',*,*,#3932,.T.);
#5159=ORIENTED_EDGE('',*,*,#3935,.T.);
#5160=ORIENTED_EDGE('',*,*,#3937,.T.);
#5161=ORIENTED_EDGE('',*,*,#3911,.T.);
#5162=ORIENTED_EDGE('',*,*,#3938,.F.);
#5163=ORIENTED_EDGE('',*,*,#3939,.T.);
#5164=ORIENTED_EDGE('',*,*,#3940,.T.);
#5165=ORIENTED_EDGE('',*,*,#3941,.F.);
#5166=ORIENTED_EDGE('',*,*,#3942,.F.);
#5167=ORIENTED_EDGE('',*,*,#3927,.T.);
#5168=ORIENTED_EDGE('',*,*,#3922,.F.);
#5169=ORIENTED_EDGE('',*,*,#3915,.T.);
#5170=ORIENTED_EDGE('',*,*,#3910,.T.);
#5171=ORIENTED_EDGE('',*,*,#3921,.T.);
#5172=ORIENTED_EDGE('',*,*,#3943,.F.);
#5173=ORIENTED_EDGE('',*,*,#3944,.T.);
#5174=ORIENTED_EDGE('',*,*,#3945,.T.);
#5175=ORIENTED_EDGE('',*,*,#3946,.T.);
#5176=ORIENTED_EDGE('',*,*,#3938,.T.);
#5177=ORIENTED_EDGE('',*,*,#3919,.T.);
#5178=ORIENTED_EDGE('',*,*,#3908,.T.);
#5179=ORIENTED_EDGE('',*,*,#3947,.F.);
#5180=ORIENTED_EDGE('',*,*,#3948,.F.);
#5181=ORIENTED_EDGE('',*,*,#3944,.F.);
#5182=ORIENTED_EDGE('',*,*,#3949,.T.);
#5183=ORIENTED_EDGE('',*,*,#3925,.F.);
#5184=ORIENTED_EDGE('',*,*,#3950,.T.);
#5185=ORIENTED_EDGE('',*,*,#3948,.T.);
#5186=ORIENTED_EDGE('',*,*,#3951,.F.);
#5187=ORIENTED_EDGE('',*,*,#3917,.T.);
#5188=ORIENTED_EDGE('',*,*,#3904,.T.);
#5189=ORIENTED_EDGE('',*,*,#3926,.T.);
#5190=ORIENTED_EDGE('',*,*,#3949,.F.);
#5191=ORIENTED_EDGE('',*,*,#3943,.T.);
#5192=ORIENTED_EDGE('',*,*,#3920,.T.);
#5193=ORIENTED_EDGE('',*,*,#3947,.T.);
#5194=ORIENTED_EDGE('',*,*,#3907,.T.);
#5195=ORIENTED_EDGE('',*,*,#3918,.T.);
#5196=ORIENTED_EDGE('',*,*,#3951,.T.);
#5197=ORIENTED_EDGE('',*,*,#3952,.T.);
#5198=ORIENTED_EDGE('',*,*,#3953,.F.);
#5199=ORIENTED_EDGE('',*,*,#3954,.F.);
#5200=ORIENTED_EDGE('',*,*,#3955,.F.);
#5201=ORIENTED_EDGE('',*,*,#3956,.F.);
#5202=ORIENTED_EDGE('',*,*,#3957,.T.);
#5203=ORIENTED_EDGE('',*,*,#3958,.T.);
#5204=ORIENTED_EDGE('',*,*,#3954,.T.);
#5205=ORIENTED_EDGE('',*,*,#3959,.F.);
#5206=ORIENTED_EDGE('',*,*,#3955,.T.);
#5207=ORIENTED_EDGE('',*,*,#3958,.F.);
#5208=ORIENTED_EDGE('',*,*,#3960,.F.);
#5209=ORIENTED_EDGE('',*,*,#3961,.F.);
#5210=ORIENTED_EDGE('',*,*,#3960,.T.);
#5211=ORIENTED_EDGE('',*,*,#3957,.F.);
#5212=ORIENTED_EDGE('',*,*,#3962,.F.);
#5213=ORIENTED_EDGE('',*,*,#3963,.F.);
#5214=ORIENTED_EDGE('',*,*,#3964,.F.);
#5215=ORIENTED_EDGE('',*,*,#3965,.F.);
#5216=ORIENTED_EDGE('',*,*,#3966,.F.);
#5217=ORIENTED_EDGE('',*,*,#3967,.F.);
#5218=ORIENTED_EDGE('',*,*,#3968,.T.);
#5219=ORIENTED_EDGE('',*,*,#3969,.T.);
#5220=ORIENTED_EDGE('',*,*,#3965,.T.);
#5221=ORIENTED_EDGE('',*,*,#3970,.F.);
#5222=ORIENTED_EDGE('',*,*,#3966,.T.);
#5223=ORIENTED_EDGE('',*,*,#3969,.F.);
#5224=ORIENTED_EDGE('',*,*,#3971,.F.);
#5225=ORIENTED_EDGE('',*,*,#3972,.T.);
#5226=ORIENTED_EDGE('',*,*,#3971,.T.);
#5227=ORIENTED_EDGE('',*,*,#3968,.F.);
#5228=ORIENTED_EDGE('',*,*,#3973,.F.);
#5229=ORIENTED_EDGE('',*,*,#3953,.T.);
#5230=ORIENTED_EDGE('',*,*,#3974,.F.);
#5231=ORIENTED_EDGE('',*,*,#3973,.T.);
#5232=ORIENTED_EDGE('',*,*,#3967,.T.);
#5233=ORIENTED_EDGE('',*,*,#3964,.T.);
#5234=ORIENTED_EDGE('',*,*,#3975,.F.);
#5235=ORIENTED_EDGE('',*,*,#3929,.F.);
#5236=ORIENTED_EDGE('',*,*,#3976,.F.);
#5237=ORIENTED_EDGE('',*,*,#3977,.F.);
#5238=ORIENTED_EDGE('',*,*,#3978,.F.);
#5239=ORIENTED_EDGE('',*,*,#3979,.F.);
#5240=ORIENTED_EDGE('',*,*,#3980,.F.);
#5241=ORIENTED_EDGE('',*,*,#3962,.T.);
#5242=ORIENTED_EDGE('',*,*,#3956,.T.);
#5243=ORIENTED_EDGE('',*,*,#3978,.T.);
#5244=ORIENTED_EDGE('',*,*,#3981,.F.);
#5245=ORIENTED_EDGE('',*,*,#3940,.F.);
#5246=ORIENTED_EDGE('',*,*,#3982,.T.);
#5247=ORIENTED_EDGE('',*,*,#3979,.T.);
#5248=ORIENTED_EDGE('',*,*,#3982,.F.);
#5249=ORIENTED_EDGE('',*,*,#3939,.F.);
#5250=ORIENTED_EDGE('',*,*,#3946,.F.);
#5251=ORIENTED_EDGE('',*,*,#3976,.T.);
#5252=ORIENTED_EDGE('',*,*,#3928,.T.);
#5253=ORIENTED_EDGE('',*,*,#3942,.T.);
#5254=ORIENTED_EDGE('',*,*,#3983,.F.);
#5255=ORIENTED_EDGE('',*,*,#3981,.T.);
#5256=ORIENTED_EDGE('',*,*,#3977,.T.);
#5257=ORIENTED_EDGE('',*,*,#3983,.T.);
#5258=ORIENTED_EDGE('',*,*,#3941,.T.);
#5259=ORIENTED_EDGE('',*,*,#3933,.F.);
#5260=ORIENTED_EDGE('',*,*,#3930,.T.);
#5261=ORIENTED_EDGE('',*,*,#3913,.T.);
#5262=ORIENTED_EDGE('',*,*,#3936,.T.);
#5263=ORIENTED_EDGE('',*,*,#3945,.F.);
#5264=ORIENTED_EDGE('',*,*,#3950,.F.);
#5265=ORIENTED_EDGE('',*,*,#3924,.F.);
#5266=ORIENTED_EDGE('',*,*,#3975,.T.);
#5267=ORIENTED_EDGE('',*,*,#3963,.T.);
#5268=ORIENTED_EDGE('',*,*,#3970,.T.);
#5269=ORIENTED_EDGE('',*,*,#3972,.F.);
#5270=ORIENTED_EDGE('',*,*,#3974,.T.);
#5271=ORIENTED_EDGE('',*,*,#3952,.F.);
#5272=ORIENTED_EDGE('',*,*,#3959,.T.);
#5273=ORIENTED_EDGE('',*,*,#3961,.T.);
#5274=ORIENTED_EDGE('',*,*,#3980,.T.);
#5275=ORIENTED_EDGE('',*,*,#3984,.T.);
#5276=ORIENTED_EDGE('',*,*,#3985,.T.);
#5277=ORIENTED_EDGE('',*,*,#3986,.T.);
#5278=ORIENTED_EDGE('',*,*,#3987,.F.);
#5279=ORIENTED_EDGE('',*,*,#3988,.T.);
#5280=ORIENTED_EDGE('',*,*,#3987,.T.);
#5281=ORIENTED_EDGE('',*,*,#3989,.T.);
#5282=ORIENTED_EDGE('',*,*,#3990,.F.);
#5283=ORIENTED_EDGE('',*,*,#3991,.T.);
#5284=ORIENTED_EDGE('',*,*,#3990,.T.);
#5285=ORIENTED_EDGE('',*,*,#3992,.T.);
#5286=ORIENTED_EDGE('',*,*,#3993,.F.);
#5287=ORIENTED_EDGE('',*,*,#3994,.T.);
#5288=ORIENTED_EDGE('',*,*,#3993,.T.);
#5289=ORIENTED_EDGE('',*,*,#3995,.T.);
#5290=ORIENTED_EDGE('',*,*,#3996,.F.);
#5291=ORIENTED_EDGE('',*,*,#3997,.T.);
#5292=ORIENTED_EDGE('',*,*,#3996,.T.);
#5293=ORIENTED_EDGE('',*,*,#3998,.T.);
#5294=ORIENTED_EDGE('',*,*,#3999,.F.);
#5295=ORIENTED_EDGE('',*,*,#4000,.T.);
#5296=ORIENTED_EDGE('',*,*,#3999,.T.);
#5297=ORIENTED_EDGE('',*,*,#4001,.T.);
#5298=ORIENTED_EDGE('',*,*,#4002,.F.);
#5299=ORIENTED_EDGE('',*,*,#4003,.T.);
#5300=ORIENTED_EDGE('',*,*,#4004,.T.);
#5301=ORIENTED_EDGE('',*,*,#4005,.T.);
#5302=ORIENTED_EDGE('',*,*,#3985,.F.);
#5303=ORIENTED_EDGE('',*,*,#4006,.T.);
#5304=ORIENTED_EDGE('',*,*,#4007,.T.);
#5305=ORIENTED_EDGE('',*,*,#4008,.T.);
#5306=ORIENTED_EDGE('',*,*,#4009,.F.);
#5307=ORIENTED_EDGE('',*,*,#3986,.F.);
#5308=ORIENTED_EDGE('',*,*,#4005,.F.);
#5309=ORIENTED_EDGE('',*,*,#4010,.F.);
#5310=ORIENTED_EDGE('',*,*,#4008,.F.);
#5311=ORIENTED_EDGE('',*,*,#4011,.F.);
#5312=ORIENTED_EDGE('',*,*,#4001,.F.);
#5313=ORIENTED_EDGE('',*,*,#3998,.F.);
#5314=ORIENTED_EDGE('',*,*,#3995,.F.);
#5315=ORIENTED_EDGE('',*,*,#3992,.F.);
#5316=ORIENTED_EDGE('',*,*,#3989,.F.);
#5317=ORIENTED_EDGE('',*,*,#4012,.T.);
#5318=ORIENTED_EDGE('',*,*,#4013,.T.);
#5319=ORIENTED_EDGE('',*,*,#4014,.F.);
#5320=ORIENTED_EDGE('',*,*,#4015,.T.);
#5321=ORIENTED_EDGE('',*,*,#4016,.F.);
#5322=ORIENTED_EDGE('',*,*,#4017,.T.);
#5323=ORIENTED_EDGE('',*,*,#4018,.T.);
#5324=ORIENTED_EDGE('',*,*,#4019,.T.);
#5325=ORIENTED_EDGE('',*,*,#4020,.F.);
#5326=ORIENTED_EDGE('',*,*,#4018,.F.);
#5327=ORIENTED_EDGE('',*,*,#4021,.F.);
#5328=ORIENTED_EDGE('',*,*,#4022,.F.);
#5329=ORIENTED_EDGE('',*,*,#4023,.F.);
#5330=ORIENTED_EDGE('',*,*,#4024,.T.);
#5331=ORIENTED_EDGE('',*,*,#4025,.F.);
#5332=ORIENTED_EDGE('',*,*,#4026,.F.);
#5333=ORIENTED_EDGE('',*,*,#4023,.T.);
#5334=ORIENTED_EDGE('',*,*,#4027,.F.);
#5335=ORIENTED_EDGE('',*,*,#4028,.F.);
#5336=ORIENTED_EDGE('',*,*,#4003,.F.);
#5337=ORIENTED_EDGE('',*,*,#3984,.F.);
#5338=ORIENTED_EDGE('',*,*,#3988,.F.);
#5339=ORIENTED_EDGE('',*,*,#3991,.F.);
#5340=ORIENTED_EDGE('',*,*,#3994,.F.);
#5341=ORIENTED_EDGE('',*,*,#3997,.F.);
#5342=ORIENTED_EDGE('',*,*,#4000,.F.);
#5343=ORIENTED_EDGE('',*,*,#4029,.F.);
#5344=ORIENTED_EDGE('',*,*,#4030,.F.);
#5345=ORIENTED_EDGE('',*,*,#4031,.F.);
#5346=ORIENTED_EDGE('',*,*,#4032,.F.);
#5347=ORIENTED_EDGE('',*,*,#4026,.T.);
#5348=ORIENTED_EDGE('',*,*,#4033,.T.);
#5349=ORIENTED_EDGE('',*,*,#4034,.F.);
#5350=ORIENTED_EDGE('',*,*,#4027,.T.);
#5351=ORIENTED_EDGE('',*,*,#4035,.F.);
#5352=ORIENTED_EDGE('',*,*,#4036,.F.);
#5353=ORIENTED_EDGE('',*,*,#4037,.F.);
#5354=ORIENTED_EDGE('',*,*,#4038,.F.);
#5355=ORIENTED_EDGE('',*,*,#4015,.F.);
#5356=ORIENTED_EDGE('',*,*,#4039,.F.);
#5357=ORIENTED_EDGE('',*,*,#4037,.T.);
#5358=ORIENTED_EDGE('',*,*,#4040,.F.);
#5359=ORIENTED_EDGE('',*,*,#4030,.T.);
#5360=ORIENTED_EDGE('',*,*,#4041,.F.);
#5361=ORIENTED_EDGE('',*,*,#4036,.T.);
#5362=ORIENTED_EDGE('',*,*,#4042,.T.);
#5363=ORIENTED_EDGE('',*,*,#4043,.T.);
#5364=ORIENTED_EDGE('',*,*,#4044,.F.);
#5365=ORIENTED_EDGE('',*,*,#4045,.F.);
#5366=ORIENTED_EDGE('',*,*,#4046,.T.);
#5367=ORIENTED_EDGE('',*,*,#4047,.F.);
#5368=ORIENTED_EDGE('',*,*,#4048,.F.);
#5369=ORIENTED_EDGE('',*,*,#4049,.F.);
#5370=ORIENTED_EDGE('',*,*,#4050,.F.);
#5371=ORIENTED_EDGE('',*,*,#4031,.T.);
#5372=ORIENTED_EDGE('',*,*,#4040,.T.);
#5373=ORIENTED_EDGE('',*,*,#4035,.T.);
#5374=ORIENTED_EDGE('',*,*,#4051,.F.);
#5375=ORIENTED_EDGE('',*,*,#4052,.T.);
#5376=ORIENTED_EDGE('',*,*,#4042,.F.);
#5377=ORIENTED_EDGE('',*,*,#4017,.F.);
#5378=ORIENTED_EDGE('',*,*,#4053,.F.);
#5379=ORIENTED_EDGE('',*,*,#4033,.F.);
#5380=ORIENTED_EDGE('',*,*,#4025,.T.);
#5381=ORIENTED_EDGE('',*,*,#4054,.T.);
#5382=ORIENTED_EDGE('',*,*,#4055,.T.);
#5383=ORIENTED_EDGE('',*,*,#4056,.T.);
#5384=ORIENTED_EDGE('',*,*,#4021,.T.);
#5385=ORIENTED_EDGE('',*,*,#4055,.F.);
#5386=ORIENTED_EDGE('',*,*,#4057,.F.);
#5387=ORIENTED_EDGE('',*,*,#4058,.F.);
#5388=ORIENTED_EDGE('',*,*,#4059,.F.);
#5389=ORIENTED_EDGE('',*,*,#4020,.T.);
#5390=ORIENTED_EDGE('',*,*,#4060,.F.);
#5391=ORIENTED_EDGE('',*,*,#4043,.F.);
#5392=ORIENTED_EDGE('',*,*,#4052,.F.);
#5393=ORIENTED_EDGE('',*,*,#4061,.F.);
#5394=ORIENTED_EDGE('',*,*,#4013,.F.);
#5395=ORIENTED_EDGE('',*,*,#4006,.F.);
#5396=ORIENTED_EDGE('',*,*,#4019,.F.);
#5397=ORIENTED_EDGE('',*,*,#4039,.T.);
#5398=ORIENTED_EDGE('',*,*,#4014,.T.);
#5399=ORIENTED_EDGE('',*,*,#4061,.T.);
#5400=ORIENTED_EDGE('',*,*,#4051,.T.);
#5401=ORIENTED_EDGE('',*,*,#4053,.T.);
#5402=ORIENTED_EDGE('',*,*,#4016,.T.);
#5403=ORIENTED_EDGE('',*,*,#4009,.T.);
#5404=ORIENTED_EDGE('',*,*,#4010,.T.);
#5405=ORIENTED_EDGE('',*,*,#4004,.F.);
#5406=ORIENTED_EDGE('',*,*,#4028,.T.);
#5407=ORIENTED_EDGE('',*,*,#4034,.T.);
#5408=ORIENTED_EDGE('',*,*,#4032,.T.);
#5409=ORIENTED_EDGE('',*,*,#4050,.T.);
#5410=ORIENTED_EDGE('',*,*,#4062,.T.);
#5411=ORIENTED_EDGE('',*,*,#4063,.F.);
#5412=ORIENTED_EDGE('',*,*,#4064,.F.);
#5413=ORIENTED_EDGE('',*,*,#4065,.F.);
#5414=ORIENTED_EDGE('',*,*,#4066,.T.);
#5415=ORIENTED_EDGE('',*,*,#4057,.T.);
#5416=ORIENTED_EDGE('',*,*,#4054,.F.);
#5417=ORIENTED_EDGE('',*,*,#4024,.F.);
#5418=ORIENTED_EDGE('',*,*,#4067,.F.);
#5419=ORIENTED_EDGE('',*,*,#4068,.F.);
#5420=ORIENTED_EDGE('',*,*,#4069,.F.);
#5421=ORIENTED_EDGE('',*,*,#4070,.F.);
#5422=ORIENTED_EDGE('',*,*,#4069,.T.);
#5423=ORIENTED_EDGE('',*,*,#4071,.T.);
#5424=ORIENTED_EDGE('',*,*,#4072,.F.);
#5425=ORIENTED_EDGE('',*,*,#4073,.T.);
#5426=ORIENTED_EDGE('',*,*,#4068,.T.);
#5427=ORIENTED_EDGE('',*,*,#4074,.F.);
#5428=ORIENTED_EDGE('',*,*,#4075,.F.);
#5429=ORIENTED_EDGE('',*,*,#4071,.F.);
#5430=ORIENTED_EDGE('',*,*,#4076,.F.);
#5431=ORIENTED_EDGE('',*,*,#4077,.F.);
#5432=ORIENTED_EDGE('',*,*,#4078,.F.);
#5433=ORIENTED_EDGE('',*,*,#4079,.F.);
#5434=ORIENTED_EDGE('',*,*,#4078,.T.);
#5435=ORIENTED_EDGE('',*,*,#4080,.T.);
#5436=ORIENTED_EDGE('',*,*,#4081,.F.);
#5437=ORIENTED_EDGE('',*,*,#4082,.T.);
#5438=ORIENTED_EDGE('',*,*,#4077,.T.);
#5439=ORIENTED_EDGE('',*,*,#4083,.F.);
#5440=ORIENTED_EDGE('',*,*,#4084,.F.);
#5441=ORIENTED_EDGE('',*,*,#4080,.F.);
#5442=ORIENTED_EDGE('',*,*,#4085,.F.);
#5443=ORIENTED_EDGE('',*,*,#4065,.T.);
#5444=ORIENTED_EDGE('',*,*,#4086,.F.);
#5445=ORIENTED_EDGE('',*,*,#4087,.F.);
#5446=ORIENTED_EDGE('',*,*,#4064,.T.);
#5447=ORIENTED_EDGE('',*,*,#4088,.T.);
#5448=ORIENTED_EDGE('',*,*,#4089,.T.);
#5449=ORIENTED_EDGE('',*,*,#4086,.T.);
#5450=ORIENTED_EDGE('',*,*,#4084,.T.);
#5451=ORIENTED_EDGE('',*,*,#4090,.T.);
#5452=ORIENTED_EDGE('',*,*,#4091,.T.);
#5453=ORIENTED_EDGE('',*,*,#4081,.T.);
#5454=ORIENTED_EDGE('',*,*,#4075,.T.);
#5455=ORIENTED_EDGE('',*,*,#4092,.T.);
#5456=ORIENTED_EDGE('',*,*,#4093,.T.);
#5457=ORIENTED_EDGE('',*,*,#4072,.T.);
#5458=ORIENTED_EDGE('',*,*,#4094,.T.);
#5459=ORIENTED_EDGE('',*,*,#4095,.T.);
#5460=ORIENTED_EDGE('',*,*,#4096,.F.);
#5461=ORIENTED_EDGE('',*,*,#4097,.F.);
#5462=ORIENTED_EDGE('',*,*,#4063,.T.);
#5463=ORIENTED_EDGE('',*,*,#4098,.F.);
#5464=ORIENTED_EDGE('',*,*,#4099,.F.);
#5465=ORIENTED_EDGE('',*,*,#4100,.T.);
#5466=ORIENTED_EDGE('',*,*,#4060,.T.);
#5467=ORIENTED_EDGE('',*,*,#4022,.T.);
#5468=ORIENTED_EDGE('',*,*,#4056,.F.);
#5469=ORIENTED_EDGE('',*,*,#4059,.T.);
#5470=ORIENTED_EDGE('',*,*,#4101,.T.);
#5471=ORIENTED_EDGE('',*,*,#4087,.T.);
#5472=ORIENTED_EDGE('',*,*,#4089,.F.);
#5473=ORIENTED_EDGE('',*,*,#4094,.F.);
#5474=ORIENTED_EDGE('',*,*,#4102,.T.);
#5475=ORIENTED_EDGE('',*,*,#4044,.T.);
#5476=ORIENTED_EDGE('',*,*,#4070,.T.);
#5477=ORIENTED_EDGE('',*,*,#4073,.F.);
#5478=ORIENTED_EDGE('',*,*,#4093,.F.);
#5479=ORIENTED_EDGE('',*,*,#4103,.F.);
#5480=ORIENTED_EDGE('',*,*,#4067,.T.);
#5481=ORIENTED_EDGE('',*,*,#4103,.T.);
#5482=ORIENTED_EDGE('',*,*,#4092,.F.);
#5483=ORIENTED_EDGE('',*,*,#4074,.T.);
#5484=ORIENTED_EDGE('',*,*,#4079,.T.);
#5485=ORIENTED_EDGE('',*,*,#4082,.F.);
#5486=ORIENTED_EDGE('',*,*,#4091,.F.);
#5487=ORIENTED_EDGE('',*,*,#4104,.F.);
#5488=ORIENTED_EDGE('',*,*,#4076,.T.);
#5489=ORIENTED_EDGE('',*,*,#4104,.T.);
#5490=ORIENTED_EDGE('',*,*,#4090,.F.);
#5491=ORIENTED_EDGE('',*,*,#4083,.T.);
#5492=ORIENTED_EDGE('',*,*,#4105,.F.);
#5493=ORIENTED_EDGE('',*,*,#4106,.F.);
#5494=ORIENTED_EDGE('',*,*,#4095,.F.);
#5495=ORIENTED_EDGE('',*,*,#4088,.F.);
#5496=ORIENTED_EDGE('',*,*,#4100,.F.);
#5497=ORIENTED_EDGE('',*,*,#4107,.F.);
#5498=ORIENTED_EDGE('',*,*,#4105,.T.);
#5499=ORIENTED_EDGE('',*,*,#4108,.T.);
#5500=ORIENTED_EDGE('',*,*,#4047,.T.);
#5501=ORIENTED_EDGE('',*,*,#4109,.T.);
#5502=ORIENTED_EDGE('',*,*,#4099,.T.);
#5503=ORIENTED_EDGE('',*,*,#4110,.F.);
#5504=ORIENTED_EDGE('',*,*,#4048,.T.);
#5505=ORIENTED_EDGE('',*,*,#4108,.F.);
#5506=ORIENTED_EDGE('',*,*,#4107,.T.);
#5507=ORIENTED_EDGE('',*,*,#4097,.T.);
#5508=ORIENTED_EDGE('',*,*,#4111,.T.);
#5509=ORIENTED_EDGE('',*,*,#4045,.T.);
#5510=ORIENTED_EDGE('',*,*,#4102,.F.);
#5511=ORIENTED_EDGE('',*,*,#4098,.T.);
#5512=ORIENTED_EDGE('',*,*,#4062,.F.);
#5513=ORIENTED_EDGE('',*,*,#4049,.T.);
#5514=ORIENTED_EDGE('',*,*,#4110,.T.);
#5515=ORIENTED_EDGE('',*,*,#4096,.T.);
#5516=ORIENTED_EDGE('',*,*,#4106,.T.);
#5517=ORIENTED_EDGE('',*,*,#4109,.F.);
#5518=ORIENTED_EDGE('',*,*,#4046,.F.);
#5519=ORIENTED_EDGE('',*,*,#4111,.F.);
#5520=ORIENTED_EDGE('',*,*,#4085,.T.);
#5521=ORIENTED_EDGE('',*,*,#4101,.F.);
#5522=ORIENTED_EDGE('',*,*,#4058,.T.);
#5523=ORIENTED_EDGE('',*,*,#4066,.F.);
#5524=ORIENTED_EDGE('',*,*,#4038,.T.);
#5525=ORIENTED_EDGE('',*,*,#4041,.T.);
#5526=ORIENTED_EDGE('',*,*,#4029,.T.);
#5527=ORIENTED_EDGE('',*,*,#4002,.T.);
#5528=ORIENTED_EDGE('',*,*,#4011,.T.);
#5529=ORIENTED_EDGE('',*,*,#4007,.F.);
#5530=ORIENTED_EDGE('',*,*,#4012,.F.);
#5531=ORIENTED_EDGE('',*,*,#4112,.F.);
#5532=ORIENTED_EDGE('',*,*,#4113,.T.);
#5533=ORIENTED_EDGE('',*,*,#4114,.F.);
#5534=ORIENTED_EDGE('',*,*,#4115,.F.);
#5535=ORIENTED_EDGE('',*,*,#4116,.F.);
#5536=ORIENTED_EDGE('',*,*,#4115,.T.);
#5537=ORIENTED_EDGE('',*,*,#4117,.F.);
#5538=ORIENTED_EDGE('',*,*,#4118,.F.);
#5539=ORIENTED_EDGE('',*,*,#4119,.F.);
#5540=ORIENTED_EDGE('',*,*,#4118,.T.);
#5541=ORIENTED_EDGE('',*,*,#4120,.F.);
#5542=ORIENTED_EDGE('',*,*,#4121,.F.);
#5543=ORIENTED_EDGE('',*,*,#4122,.F.);
#5544=ORIENTED_EDGE('',*,*,#4121,.T.);
#5545=ORIENTED_EDGE('',*,*,#4123,.F.);
#5546=ORIENTED_EDGE('',*,*,#4113,.F.);
#5547=ORIENTED_EDGE('',*,*,#4123,.T.);
#5548=ORIENTED_EDGE('',*,*,#4120,.T.);
#5549=ORIENTED_EDGE('',*,*,#4117,.T.);
#5550=ORIENTED_EDGE('',*,*,#4114,.T.);
#5551=ORIENTED_EDGE('',*,*,#4122,.T.);
#5552=ORIENTED_EDGE('',*,*,#4112,.T.);
#5553=ORIENTED_EDGE('',*,*,#4116,.T.);
#5554=ORIENTED_EDGE('',*,*,#4119,.T.);
#5555=ORIENTED_EDGE('',*,*,#4124,.T.);
#5556=ORIENTED_EDGE('',*,*,#4125,.T.);
#5557=ORIENTED_EDGE('',*,*,#4126,.F.);
#5558=ORIENTED_EDGE('',*,*,#4127,.F.);
#5559=ORIENTED_EDGE('',*,*,#4128,.T.);
#5560=ORIENTED_EDGE('',*,*,#4127,.T.);
#5561=ORIENTED_EDGE('',*,*,#4129,.F.);
#5562=ORIENTED_EDGE('',*,*,#4130,.F.);
#5563=ORIENTED_EDGE('',*,*,#4131,.T.);
#5564=ORIENTED_EDGE('',*,*,#4130,.T.);
#5565=ORIENTED_EDGE('',*,*,#4132,.F.);
#5566=ORIENTED_EDGE('',*,*,#4133,.F.);
#5567=ORIENTED_EDGE('',*,*,#4134,.T.);
#5568=ORIENTED_EDGE('',*,*,#4133,.T.);
#5569=ORIENTED_EDGE('',*,*,#4135,.F.);
#5570=ORIENTED_EDGE('',*,*,#4125,.F.);
#5571=ORIENTED_EDGE('',*,*,#4135,.T.);
#5572=ORIENTED_EDGE('',*,*,#4132,.T.);
#5573=ORIENTED_EDGE('',*,*,#4129,.T.);
#5574=ORIENTED_EDGE('',*,*,#4126,.T.);
#5575=ORIENTED_EDGE('',*,*,#4134,.F.);
#5576=ORIENTED_EDGE('',*,*,#4124,.F.);
#5577=ORIENTED_EDGE('',*,*,#4128,.F.);
#5578=ORIENTED_EDGE('',*,*,#4131,.F.);
#5579=ORIENTED_EDGE('',*,*,#4136,.T.);
#5580=ORIENTED_EDGE('',*,*,#4137,.T.);
#5581=ORIENTED_EDGE('',*,*,#4138,.F.);
#5582=ORIENTED_EDGE('',*,*,#4139,.F.);
#5583=ORIENTED_EDGE('',*,*,#4140,.T.);
#5584=ORIENTED_EDGE('',*,*,#4139,.T.);
#5585=ORIENTED_EDGE('',*,*,#4141,.F.);
#5586=ORIENTED_EDGE('',*,*,#4142,.F.);
#5587=ORIENTED_EDGE('',*,*,#4143,.T.);
#5588=ORIENTED_EDGE('',*,*,#4142,.T.);
#5589=ORIENTED_EDGE('',*,*,#4144,.F.);
#5590=ORIENTED_EDGE('',*,*,#4145,.F.);
#5591=ORIENTED_EDGE('',*,*,#4146,.T.);
#5592=ORIENTED_EDGE('',*,*,#4145,.T.);
#5593=ORIENTED_EDGE('',*,*,#4147,.F.);
#5594=ORIENTED_EDGE('',*,*,#4137,.F.);
#5595=ORIENTED_EDGE('',*,*,#4147,.T.);
#5596=ORIENTED_EDGE('',*,*,#4144,.T.);
#5597=ORIENTED_EDGE('',*,*,#4141,.T.);
#5598=ORIENTED_EDGE('',*,*,#4138,.T.);
#5599=ORIENTED_EDGE('',*,*,#4146,.F.);
#5600=ORIENTED_EDGE('',*,*,#4136,.F.);
#5601=ORIENTED_EDGE('',*,*,#4140,.F.);
#5602=ORIENTED_EDGE('',*,*,#4143,.F.);
#5603=ORIENTED_EDGE('',*,*,#4148,.F.);
#5604=ORIENTED_EDGE('',*,*,#4149,.T.);
#5605=ORIENTED_EDGE('',*,*,#4150,.T.);
#5606=ORIENTED_EDGE('',*,*,#4151,.F.);
#5607=ORIENTED_EDGE('',*,*,#4152,.F.);
#5608=ORIENTED_EDGE('',*,*,#4151,.T.);
#5609=ORIENTED_EDGE('',*,*,#4153,.T.);
#5610=ORIENTED_EDGE('',*,*,#4154,.F.);
#5611=ORIENTED_EDGE('',*,*,#4155,.F.);
#5612=ORIENTED_EDGE('',*,*,#4156,.F.);
#5613=ORIENTED_EDGE('',*,*,#4157,.T.);
#5614=ORIENTED_EDGE('',*,*,#4149,.F.);
#5615=ORIENTED_EDGE('',*,*,#4158,.F.);
#5616=ORIENTED_EDGE('',*,*,#4153,.F.);
#5617=ORIENTED_EDGE('',*,*,#4150,.F.);
#5618=ORIENTED_EDGE('',*,*,#4157,.F.);
#5619=ORIENTED_EDGE('',*,*,#4159,.F.);
#5620=ORIENTED_EDGE('',*,*,#4160,.F.);
#5621=ORIENTED_EDGE('',*,*,#4161,.F.);
#5622=ORIENTED_EDGE('',*,*,#4162,.F.);
#5623=ORIENTED_EDGE('',*,*,#4163,.F.);
#5624=ORIENTED_EDGE('',*,*,#4164,.F.);
#5625=ORIENTED_EDGE('',*,*,#4165,.T.);
#5626=ORIENTED_EDGE('',*,*,#4160,.T.);
#5627=ORIENTED_EDGE('',*,*,#4166,.F.);
#5628=ORIENTED_EDGE('',*,*,#4167,.F.);
#5629=ORIENTED_EDGE('',*,*,#4161,.T.);
#5630=ORIENTED_EDGE('',*,*,#4165,.F.);
#5631=ORIENTED_EDGE('',*,*,#4168,.F.);
#5632=ORIENTED_EDGE('',*,*,#4169,.T.);
#5633=ORIENTED_EDGE('',*,*,#4170,.T.);
#5634=ORIENTED_EDGE('',*,*,#4171,.F.);
#5635=ORIENTED_EDGE('',*,*,#4172,.F.);
#5636=ORIENTED_EDGE('',*,*,#4171,.T.);
#5637=ORIENTED_EDGE('',*,*,#4173,.T.);
#5638=ORIENTED_EDGE('',*,*,#4174,.F.);
#5639=ORIENTED_EDGE('',*,*,#4175,.F.);
#5640=ORIENTED_EDGE('',*,*,#4176,.F.);
#5641=ORIENTED_EDGE('',*,*,#4177,.T.);
#5642=ORIENTED_EDGE('',*,*,#4169,.F.);
#5643=ORIENTED_EDGE('',*,*,#4178,.F.);
#5644=ORIENTED_EDGE('',*,*,#4173,.F.);
#5645=ORIENTED_EDGE('',*,*,#4170,.F.);
#5646=ORIENTED_EDGE('',*,*,#4177,.F.);
#5647=ORIENTED_EDGE('',*,*,#4162,.T.);
#5648=ORIENTED_EDGE('',*,*,#4167,.T.);
#5649=ORIENTED_EDGE('',*,*,#4179,.F.);
#5650=ORIENTED_EDGE('',*,*,#4180,.F.);
#5651=ORIENTED_EDGE('',*,*,#4181,.F.);
#5652=ORIENTED_EDGE('',*,*,#4182,.T.);
#5653=ORIENTED_EDGE('',*,*,#4155,.T.);
#5654=ORIENTED_EDGE('',*,*,#4148,.T.);
#5655=ORIENTED_EDGE('',*,*,#4152,.T.);
#5656=ORIENTED_EDGE('',*,*,#4183,.T.);
#5657=ORIENTED_EDGE('',*,*,#4184,.T.);
#5658=ORIENTED_EDGE('',*,*,#4185,.T.);
#5659=ORIENTED_EDGE('',*,*,#4179,.T.);
#5660=ORIENTED_EDGE('',*,*,#4166,.T.);
#5661=ORIENTED_EDGE('',*,*,#4164,.T.);
#5662=ORIENTED_EDGE('',*,*,#4186,.T.);
#5663=ORIENTED_EDGE('',*,*,#4175,.T.);
#5664=ORIENTED_EDGE('',*,*,#4168,.T.);
#5665=ORIENTED_EDGE('',*,*,#4172,.T.);
#5666=ORIENTED_EDGE('',*,*,#4187,.T.);
#5667=ORIENTED_EDGE('',*,*,#4188,.F.);
#5668=ORIENTED_EDGE('',*,*,#4189,.T.);
#5669=ORIENTED_EDGE('',*,*,#4184,.F.);
#5670=ORIENTED_EDGE('',*,*,#4190,.F.);
#5671=ORIENTED_EDGE('',*,*,#4156,.T.);
#5672=ORIENTED_EDGE('',*,*,#4187,.F.);
#5673=ORIENTED_EDGE('',*,*,#4174,.T.);
#5674=ORIENTED_EDGE('',*,*,#4178,.T.);
#5675=ORIENTED_EDGE('',*,*,#4176,.T.);
#5676=ORIENTED_EDGE('',*,*,#4186,.F.);
#5677=ORIENTED_EDGE('',*,*,#4163,.T.);
#5678=ORIENTED_EDGE('',*,*,#4159,.T.);
#5679=ORIENTED_EDGE('',*,*,#4182,.F.);
#5680=ORIENTED_EDGE('',*,*,#4191,.F.);
#5681=ORIENTED_EDGE('',*,*,#4190,.T.);
#5682=ORIENTED_EDGE('',*,*,#4183,.F.);
#5683=ORIENTED_EDGE('',*,*,#4154,.T.);
#5684=ORIENTED_EDGE('',*,*,#4158,.T.);
#5685=ORIENTED_EDGE('',*,*,#4192,.F.);
#5686=ORIENTED_EDGE('',*,*,#4180,.T.);
#5687=ORIENTED_EDGE('',*,*,#4185,.F.);
#5688=ORIENTED_EDGE('',*,*,#4189,.F.);
#5689=ORIENTED_EDGE('',*,*,#4192,.T.);
#5690=ORIENTED_EDGE('',*,*,#4188,.T.);
#5691=ORIENTED_EDGE('',*,*,#4191,.T.);
#5692=ORIENTED_EDGE('',*,*,#4181,.T.);
#5693=ORIENTED_EDGE('',*,*,#4193,.F.);
#5694=ORIENTED_EDGE('',*,*,#4194,.F.);
#5695=ORIENTED_EDGE('',*,*,#4195,.F.);
#5696=ORIENTED_EDGE('',*,*,#4196,.F.);
#5697=ORIENTED_EDGE('',*,*,#4197,.T.);
#5698=ORIENTED_EDGE('',*,*,#4198,.T.);
#5699=ORIENTED_EDGE('',*,*,#4199,.F.);
#5700=ORIENTED_EDGE('',*,*,#4200,.F.);
#5701=ORIENTED_EDGE('',*,*,#4201,.F.);
#5702=ORIENTED_EDGE('',*,*,#4202,.T.);
#5703=ORIENTED_EDGE('',*,*,#4203,.T.);
#5704=ORIENTED_EDGE('',*,*,#4193,.T.);
#5705=ORIENTED_EDGE('',*,*,#4204,.T.);
#5706=ORIENTED_EDGE('',*,*,#4205,.T.);
#5707=ORIENTED_EDGE('',*,*,#4206,.T.);
#5708=ORIENTED_EDGE('',*,*,#4207,.T.);
#5709=ORIENTED_EDGE('',*,*,#4208,.F.);
#5710=ORIENTED_EDGE('',*,*,#4198,.F.);
#5711=ORIENTED_EDGE('',*,*,#4209,.T.);
#5712=ORIENTED_EDGE('',*,*,#4201,.T.);
#5713=ORIENTED_EDGE('',*,*,#4210,.T.);
#5714=ORIENTED_EDGE('',*,*,#4211,.T.);
#5715=ORIENTED_EDGE('',*,*,#4212,.T.);
#5716=ORIENTED_EDGE('',*,*,#4213,.T.);
#5717=ORIENTED_EDGE('',*,*,#4205,.F.);
#5718=ORIENTED_EDGE('',*,*,#4214,.F.);
#5719=ORIENTED_EDGE('',*,*,#4215,.F.);
#5720=ORIENTED_EDGE('',*,*,#4211,.F.);
#5721=ORIENTED_EDGE('',*,*,#4216,.F.);
#5722=ORIENTED_EDGE('',*,*,#4217,.T.);
#5723=ORIENTED_EDGE('',*,*,#4196,.T.);
#5724=ORIENTED_EDGE('',*,*,#4218,.F.);
#5725=ORIENTED_EDGE('',*,*,#4214,.T.);
#5726=ORIENTED_EDGE('',*,*,#4204,.F.);
#5727=ORIENTED_EDGE('',*,*,#4200,.T.);
#5728=ORIENTED_EDGE('',*,*,#4219,.T.);
#5729=ORIENTED_EDGE('',*,*,#4220,.T.);
#5730=ORIENTED_EDGE('',*,*,#4221,.T.);
#5731=ORIENTED_EDGE('',*,*,#4216,.T.);
#5732=ORIENTED_EDGE('',*,*,#4210,.F.);
#5733=ORIENTED_EDGE('',*,*,#4197,.F.);
#5734=ORIENTED_EDGE('',*,*,#4222,.F.);
#5735=ORIENTED_EDGE('',*,*,#4217,.F.);
#5736=ORIENTED_EDGE('',*,*,#4221,.F.);
#5737=ORIENTED_EDGE('',*,*,#4223,.F.);
#5738=ORIENTED_EDGE('',*,*,#4206,.F.);
#5739=ORIENTED_EDGE('',*,*,#4213,.F.);
#5740=ORIENTED_EDGE('',*,*,#4224,.F.);
#5741=ORIENTED_EDGE('',*,*,#4194,.T.);
#5742=ORIENTED_EDGE('',*,*,#4203,.F.);
#5743=ORIENTED_EDGE('',*,*,#4195,.T.);
#5744=ORIENTED_EDGE('',*,*,#4224,.T.);
#5745=ORIENTED_EDGE('',*,*,#4212,.F.);
#5746=ORIENTED_EDGE('',*,*,#4218,.T.);
#5747=ORIENTED_EDGE('',*,*,#4215,.T.);
#5748=ORIENTED_EDGE('',*,*,#4222,.T.);
#5749=ORIENTED_EDGE('',*,*,#4202,.F.);
#5750=ORIENTED_EDGE('',*,*,#4209,.F.);
#5751=ORIENTED_EDGE('',*,*,#4223,.T.);
#5752=ORIENTED_EDGE('',*,*,#4220,.F.);
#5753=ORIENTED_EDGE('',*,*,#4225,.T.);
#5754=ORIENTED_EDGE('',*,*,#4207,.F.);
#5755=ORIENTED_EDGE('',*,*,#4199,.T.);
#5756=ORIENTED_EDGE('',*,*,#4208,.T.);
#5757=ORIENTED_EDGE('',*,*,#4225,.F.);
#5758=ORIENTED_EDGE('',*,*,#4219,.F.);
#5759=ORIENTED_EDGE('',*,*,#4226,.F.);
#5760=ORIENTED_EDGE('',*,*,#4227,.F.);
#5761=ORIENTED_EDGE('',*,*,#4228,.F.);
#5762=ORIENTED_EDGE('',*,*,#4229,.T.);
#5763=ORIENTED_EDGE('',*,*,#4228,.T.);
#5764=ORIENTED_EDGE('',*,*,#4230,.F.);
#5765=ORIENTED_EDGE('',*,*,#4231,.F.);
#5766=ORIENTED_EDGE('',*,*,#4232,.T.);
#5767=ORIENTED_EDGE('',*,*,#4227,.T.);
#5768=ORIENTED_EDGE('',*,*,#4233,.F.);
#5769=ORIENTED_EDGE('',*,*,#4234,.T.);
#5770=ORIENTED_EDGE('',*,*,#4230,.T.);
#5771=ORIENTED_EDGE('',*,*,#4235,.T.);
#5772=ORIENTED_EDGE('',*,*,#4236,.T.);
#5773=ORIENTED_EDGE('',*,*,#4237,.T.);
#5774=ORIENTED_EDGE('',*,*,#4238,.T.);
#5775=ORIENTED_EDGE('',*,*,#4239,.T.);
#5776=ORIENTED_EDGE('',*,*,#4240,.T.);
#5777=ORIENTED_EDGE('',*,*,#4241,.T.);
#5778=ORIENTED_EDGE('',*,*,#4242,.T.);
#5779=ORIENTED_EDGE('',*,*,#4243,.T.);
#5780=ORIENTED_EDGE('',*,*,#4244,.T.);
#5781=ORIENTED_EDGE('',*,*,#4245,.T.);
#5782=ORIENTED_EDGE('',*,*,#4246,.T.);
#5783=ORIENTED_EDGE('',*,*,#4247,.T.);
#5784=ORIENTED_EDGE('',*,*,#4248,.F.);
#5785=ORIENTED_EDGE('',*,*,#4249,.T.);
#5786=ORIENTED_EDGE('',*,*,#4250,.F.);
#5787=ORIENTED_EDGE('',*,*,#4241,.F.);
#5788=ORIENTED_EDGE('',*,*,#4251,.T.);
#5789=ORIENTED_EDGE('',*,*,#4252,.T.);
#5790=ORIENTED_EDGE('',*,*,#4253,.T.);
#5791=ORIENTED_EDGE('',*,*,#4254,.T.);
#5792=ORIENTED_EDGE('',*,*,#4255,.T.);
#5793=ORIENTED_EDGE('',*,*,#4238,.F.);
#5794=ORIENTED_EDGE('',*,*,#4256,.T.);
#5795=ORIENTED_EDGE('',*,*,#4257,.T.);
#5796=ORIENTED_EDGE('',*,*,#4258,.F.);
#5797=ORIENTED_EDGE('',*,*,#4259,.F.);
#5798=ORIENTED_EDGE('',*,*,#4257,.F.);
#5799=ORIENTED_EDGE('',*,*,#4260,.F.);
#5800=ORIENTED_EDGE('',*,*,#4260,.T.);
#5801=ORIENTED_EDGE('',*,*,#4256,.F.);
#5802=ORIENTED_EDGE('',*,*,#4237,.F.);
#5803=ORIENTED_EDGE('',*,*,#4261,.F.);
#5804=ORIENTED_EDGE('',*,*,#4262,.F.);
#5805=ORIENTED_EDGE('',*,*,#4263,.F.);
#5806=ORIENTED_EDGE('',*,*,#4264,.F.);
#5807=ORIENTED_EDGE('',*,*,#4242,.F.);
#5808=ORIENTED_EDGE('',*,*,#4250,.T.);
#5809=ORIENTED_EDGE('',*,*,#4265,.T.);
#5810=ORIENTED_EDGE('',*,*,#4264,.T.);
#5811=ORIENTED_EDGE('',*,*,#4266,.T.);
#5812=ORIENTED_EDGE('',*,*,#4267,.T.);
#5813=ORIENTED_EDGE('',*,*,#4268,.F.);
#5814=ORIENTED_EDGE('',*,*,#4269,.F.);
#5815=ORIENTED_EDGE('',*,*,#4270,.T.);
#5816=ORIENTED_EDGE('',*,*,#4271,.T.);
#5817=ORIENTED_EDGE('',*,*,#4272,.T.);
#5818=ORIENTED_EDGE('',*,*,#4273,.T.);
#5819=ORIENTED_EDGE('',*,*,#4243,.F.);
#5820=ORIENTED_EDGE('',*,*,#4266,.F.);
#5821=ORIENTED_EDGE('',*,*,#4265,.F.);
#5822=ORIENTED_EDGE('',*,*,#4249,.F.);
#5823=ORIENTED_EDGE('',*,*,#4274,.F.);
#5824=ORIENTED_EDGE('',*,*,#4267,.F.);
#5825=ORIENTED_EDGE('',*,*,#4274,.T.);
#5826=ORIENTED_EDGE('',*,*,#4248,.T.);
#5827=ORIENTED_EDGE('',*,*,#4275,.F.);
#5828=ORIENTED_EDGE('',*,*,#4231,.T.);
#5829=ORIENTED_EDGE('',*,*,#4234,.F.);
#5830=ORIENTED_EDGE('',*,*,#4276,.T.);
#5831=ORIENTED_EDGE('',*,*,#4277,.T.);
#5832=ORIENTED_EDGE('',*,*,#4278,.F.);
#5833=ORIENTED_EDGE('',*,*,#4279,.T.);
#5834=ORIENTED_EDGE('',*,*,#4280,.F.);
#5835=ORIENTED_EDGE('',*,*,#4246,.F.);
#5836=ORIENTED_EDGE('',*,*,#4281,.T.);
#5837=ORIENTED_EDGE('',*,*,#4282,.T.);
#5838=ORIENTED_EDGE('',*,*,#4283,.T.);
#5839=ORIENTED_EDGE('',*,*,#4276,.F.);
#5840=ORIENTED_EDGE('',*,*,#4275,.T.);
#5841=ORIENTED_EDGE('',*,*,#4247,.F.);
#5842=ORIENTED_EDGE('',*,*,#4280,.T.);
#5843=ORIENTED_EDGE('',*,*,#4284,.T.);
#5844=ORIENTED_EDGE('',*,*,#4285,.F.);
#5845=ORIENTED_EDGE('',*,*,#4268,.T.);
#5846=ORIENTED_EDGE('',*,*,#4286,.T.);
#5847=ORIENTED_EDGE('',*,*,#4287,.T.);
#5848=ORIENTED_EDGE('',*,*,#4271,.F.);
#5849=ORIENTED_EDGE('',*,*,#4270,.F.);
#5850=ORIENTED_EDGE('',*,*,#4269,.T.);
#5851=ORIENTED_EDGE('',*,*,#4285,.T.);
#5852=ORIENTED_EDGE('',*,*,#4278,.T.);
#5853=ORIENTED_EDGE('',*,*,#4245,.F.);
#5854=ORIENTED_EDGE('',*,*,#4288,.T.);
#5855=ORIENTED_EDGE('',*,*,#4289,.T.);
#5856=ORIENTED_EDGE('',*,*,#4290,.T.);
#5857=ORIENTED_EDGE('',*,*,#4251,.F.);
#5858=ORIENTED_EDGE('',*,*,#4240,.F.);
#5859=ORIENTED_EDGE('',*,*,#4291,.F.);
#5860=ORIENTED_EDGE('',*,*,#4253,.F.);
#5861=ORIENTED_EDGE('',*,*,#4292,.T.);
#5862=ORIENTED_EDGE('',*,*,#4293,.F.);
#5863=ORIENTED_EDGE('',*,*,#4294,.T.);
#5864=ORIENTED_EDGE('',*,*,#4252,.F.);
#5865=ORIENTED_EDGE('',*,*,#4290,.F.);
#5866=ORIENTED_EDGE('',*,*,#4295,.F.);
#5867=ORIENTED_EDGE('',*,*,#4292,.F.);
#5868=ORIENTED_EDGE('',*,*,#4254,.F.);
#5869=ORIENTED_EDGE('',*,*,#4294,.F.);
#5870=ORIENTED_EDGE('',*,*,#4296,.T.);
#5871=ORIENTED_EDGE('',*,*,#4288,.F.);
#5872=ORIENTED_EDGE('',*,*,#4296,.F.);
#5873=ORIENTED_EDGE('',*,*,#4293,.T.);
#5874=ORIENTED_EDGE('',*,*,#4295,.T.);
#5875=ORIENTED_EDGE('',*,*,#4289,.F.);
#5876=ORIENTED_EDGE('',*,*,#4259,.T.);
#5877=ORIENTED_EDGE('',*,*,#4297,.T.);
#5878=ORIENTED_EDGE('',*,*,#4298,.T.);
#5879=ORIENTED_EDGE('',*,*,#4299,.T.);
#5880=ORIENTED_EDGE('',*,*,#4235,.F.);
#5881=ORIENTED_EDGE('',*,*,#4300,.F.);
#5882=ORIENTED_EDGE('',*,*,#4229,.F.);
#5883=ORIENTED_EDGE('',*,*,#4232,.F.);
#5884=ORIENTED_EDGE('',*,*,#4277,.F.);
#5885=ORIENTED_EDGE('',*,*,#4283,.F.);
#5886=ORIENTED_EDGE('',*,*,#4286,.F.);
#5887=ORIENTED_EDGE('',*,*,#4284,.F.);
#5888=ORIENTED_EDGE('',*,*,#4279,.F.);
#5889=ORIENTED_EDGE('',*,*,#4291,.T.);
#5890=ORIENTED_EDGE('',*,*,#4239,.F.);
#5891=ORIENTED_EDGE('',*,*,#4255,.F.);
#5892=ORIENTED_EDGE('',*,*,#4258,.T.);
#5893=ORIENTED_EDGE('',*,*,#4263,.T.);
#5894=ORIENTED_EDGE('',*,*,#4301,.F.);
#5895=ORIENTED_EDGE('',*,*,#4297,.F.);
#5896=ORIENTED_EDGE('',*,*,#4298,.F.);
#5897=ORIENTED_EDGE('',*,*,#4301,.T.);
#5898=ORIENTED_EDGE('',*,*,#4262,.T.);
#5899=ORIENTED_EDGE('',*,*,#4302,.F.);
#5900=ORIENTED_EDGE('',*,*,#4299,.F.);
#5901=ORIENTED_EDGE('',*,*,#4302,.T.);
#5902=ORIENTED_EDGE('',*,*,#4261,.T.);
#5903=ORIENTED_EDGE('',*,*,#4236,.F.);
#5904=ORIENTED_EDGE('',*,*,#4300,.T.);
#5905=ORIENTED_EDGE('',*,*,#4244,.F.);
#5906=ORIENTED_EDGE('',*,*,#4273,.F.);
#5907=ORIENTED_EDGE('',*,*,#4272,.F.);
#5908=ORIENTED_EDGE('',*,*,#4287,.F.);
#5909=ORIENTED_EDGE('',*,*,#4282,.F.);
#5910=ORIENTED_EDGE('',*,*,#4281,.F.);
#5911=ORIENTED_EDGE('',*,*,#4233,.T.);
#5912=ORIENTED_EDGE('',*,*,#4226,.T.);
#5913=ORIENTED_EDGE('',*,*,#4303,.T.);
#5914=ORIENTED_EDGE('',*,*,#4304,.T.);
#5915=ORIENTED_EDGE('',*,*,#4305,.T.);
#5916=ORIENTED_EDGE('',*,*,#4306,.T.);
#5917=ORIENTED_EDGE('',*,*,#4307,.T.);
#5918=ORIENTED_EDGE('',*,*,#4308,.T.);
#5919=ORIENTED_EDGE('',*,*,#4309,.T.);
#5920=ORIENTED_EDGE('',*,*,#4310,.T.);
#5921=ORIENTED_EDGE('',*,*,#4311,.F.);
#5922=ORIENTED_EDGE('',*,*,#4304,.F.);
#5923=ORIENTED_EDGE('',*,*,#4312,.F.);
#5924=ORIENTED_EDGE('',*,*,#4308,.F.);
#5925=ORIENTED_EDGE('',*,*,#4313,.F.);
#5926=ORIENTED_EDGE('',*,*,#4310,.F.);
#5927=ORIENTED_EDGE('',*,*,#4314,.F.);
#5928=ORIENTED_EDGE('',*,*,#4306,.F.);
#5929=ORIENTED_EDGE('',*,*,#4312,.T.);
#5930=ORIENTED_EDGE('',*,*,#4303,.F.);
#5931=ORIENTED_EDGE('',*,*,#4314,.T.);
#5932=ORIENTED_EDGE('',*,*,#4309,.F.);
#5933=ORIENTED_EDGE('',*,*,#4311,.T.);
#5934=ORIENTED_EDGE('',*,*,#4307,.F.);
#5935=ORIENTED_EDGE('',*,*,#4313,.T.);
#5936=ORIENTED_EDGE('',*,*,#4305,.F.);
#5937=ORIENTED_EDGE('',*,*,#4315,.F.);
#5938=ORIENTED_EDGE('',*,*,#4316,.T.);
#5939=ORIENTED_EDGE('',*,*,#4317,.F.);
#5940=ORIENTED_EDGE('',*,*,#4318,.F.);
#5941=ORIENTED_EDGE('',*,*,#4318,.T.);
#5942=ORIENTED_EDGE('',*,*,#4319,.T.);
#5943=ORIENTED_EDGE('',*,*,#4320,.T.);
#5944=ORIENTED_EDGE('',*,*,#4321,.T.);
#5945=ORIENTED_EDGE('',*,*,#4317,.T.);
#5946=ORIENTED_EDGE('',*,*,#4322,.T.);
#5947=ORIENTED_EDGE('',*,*,#4323,.F.);
#5948=ORIENTED_EDGE('',*,*,#4319,.F.);
#5949=ORIENTED_EDGE('',*,*,#4324,.T.);
#5950=ORIENTED_EDGE('',*,*,#4325,.F.);
#5951=ORIENTED_EDGE('',*,*,#4326,.F.);
#5952=ORIENTED_EDGE('',*,*,#4327,.F.);
#5953=ORIENTED_EDGE('',*,*,#4328,.T.);
#5954=ORIENTED_EDGE('',*,*,#4329,.T.);
#5955=ORIENTED_EDGE('',*,*,#4330,.T.);
#5956=ORIENTED_EDGE('',*,*,#4331,.F.);
#5957=ORIENTED_EDGE('',*,*,#4332,.F.);
#5958=ORIENTED_EDGE('',*,*,#4325,.T.);
#5959=ORIENTED_EDGE('',*,*,#4333,.T.);
#5960=ORIENTED_EDGE('',*,*,#4334,.T.);
#5961=ORIENTED_EDGE('',*,*,#4335,.T.);
#5962=ORIENTED_EDGE('',*,*,#4336,.T.);
#5963=ORIENTED_EDGE('',*,*,#4337,.F.);
#5964=ORIENTED_EDGE('',*,*,#4338,.F.);
#5965=ORIENTED_EDGE('',*,*,#4339,.T.);
#5966=ORIENTED_EDGE('',*,*,#4328,.F.);
#5967=ORIENTED_EDGE('',*,*,#4337,.T.);
#5968=ORIENTED_EDGE('',*,*,#4327,.T.);
#5969=ORIENTED_EDGE('',*,*,#4326,.T.);
#5970=ORIENTED_EDGE('',*,*,#4332,.T.);
#5971=ORIENTED_EDGE('',*,*,#4340,.F.);
#5972=ORIENTED_EDGE('',*,*,#4341,.F.);
#5973=ORIENTED_EDGE('',*,*,#4342,.F.);
#5974=ORIENTED_EDGE('',*,*,#4343,.T.);
#5975=ORIENTED_EDGE('',*,*,#4338,.T.);
#5976=ORIENTED_EDGE('',*,*,#4343,.F.);
#5977=ORIENTED_EDGE('',*,*,#4344,.F.);
#5978=ORIENTED_EDGE('',*,*,#4345,.T.);
#5979=ORIENTED_EDGE('',*,*,#4346,.T.);
#5980=ORIENTED_EDGE('',*,*,#4347,.T.);
#5981=ORIENTED_EDGE('',*,*,#4348,.T.);
#5982=ORIENTED_EDGE('',*,*,#4349,.F.);
#5983=ORIENTED_EDGE('',*,*,#4341,.T.);
#5984=ORIENTED_EDGE('',*,*,#4350,.F.);
#5985=ORIENTED_EDGE('',*,*,#4351,.T.);
#5986=ORIENTED_EDGE('',*,*,#4344,.T.);
#5987=ORIENTED_EDGE('',*,*,#4342,.T.);
#5988=ORIENTED_EDGE('',*,*,#4349,.T.);
#5989=ORIENTED_EDGE('',*,*,#4352,.T.);
#5990=ORIENTED_EDGE('',*,*,#4353,.T.);
#5991=ORIENTED_EDGE('',*,*,#4354,.T.);
#5992=ORIENTED_EDGE('',*,*,#4350,.T.);
#5993=ORIENTED_EDGE('',*,*,#4340,.T.);
#5994=ORIENTED_EDGE('',*,*,#4331,.T.);
#5995=ORIENTED_EDGE('',*,*,#4355,.F.);
#5996=ORIENTED_EDGE('',*,*,#4335,.F.);
#5997=ORIENTED_EDGE('',*,*,#4356,.F.);
#5998=ORIENTED_EDGE('',*,*,#4345,.F.);
#5999=ORIENTED_EDGE('',*,*,#4351,.F.);
#6000=ORIENTED_EDGE('',*,*,#4348,.F.);
#6001=ORIENTED_EDGE('',*,*,#4354,.F.);
#6002=ORIENTED_EDGE('',*,*,#4352,.F.);
#6003=ORIENTED_EDGE('',*,*,#4330,.F.);
#6004=ORIENTED_EDGE('',*,*,#4324,.F.);
#6005=ORIENTED_EDGE('',*,*,#4329,.F.);
#6006=ORIENTED_EDGE('',*,*,#4339,.F.);
#6007=ORIENTED_EDGE('',*,*,#4347,.F.);
#6008=ORIENTED_EDGE('',*,*,#4357,.F.);
#6009=ORIENTED_EDGE('',*,*,#4358,.T.);
#6010=ORIENTED_EDGE('',*,*,#4333,.F.);
#6011=ORIENTED_EDGE('',*,*,#4359,.F.);
#6012=ORIENTED_EDGE('',*,*,#4322,.F.);
#6013=ORIENTED_EDGE('',*,*,#4316,.F.);
#6014=ORIENTED_EDGE('',*,*,#4360,.F.);
#6015=ORIENTED_EDGE('',*,*,#4359,.T.);
#6016=ORIENTED_EDGE('',*,*,#4361,.T.);
#6017=ORIENTED_EDGE('',*,*,#4320,.F.);
#6018=ORIENTED_EDGE('',*,*,#4323,.T.);
#6019=ORIENTED_EDGE('',*,*,#4315,.T.);
#6020=ORIENTED_EDGE('',*,*,#4321,.F.);
#6021=ORIENTED_EDGE('',*,*,#4361,.F.);
#6022=ORIENTED_EDGE('',*,*,#4336,.F.);
#6023=ORIENTED_EDGE('',*,*,#4355,.T.);
#6024=ORIENTED_EDGE('',*,*,#4353,.F.);
#6025=ORIENTED_EDGE('',*,*,#4360,.T.);
#6026=ORIENTED_EDGE('',*,*,#4357,.T.);
#6027=ORIENTED_EDGE('',*,*,#4346,.F.);
#6028=ORIENTED_EDGE('',*,*,#4356,.T.);
#6029=ORIENTED_EDGE('',*,*,#4334,.F.);
#6030=ORIENTED_EDGE('',*,*,#4358,.F.);
#6031=ORIENTED_EDGE('',*,*,#4362,.F.);
#6032=ORIENTED_EDGE('',*,*,#4363,.F.);
#6033=ORIENTED_EDGE('',*,*,#4364,.F.);
#6034=ORIENTED_EDGE('',*,*,#4365,.F.);
#6035=ORIENTED_EDGE('',*,*,#4364,.T.);
#6036=ORIENTED_EDGE('',*,*,#4366,.F.);
#6037=ORIENTED_EDGE('',*,*,#4367,.F.);
#6038=ORIENTED_EDGE('',*,*,#4368,.T.);
#6039=ORIENTED_EDGE('',*,*,#4363,.T.);
#6040=ORIENTED_EDGE('',*,*,#4369,.F.);
#6041=ORIENTED_EDGE('',*,*,#4370,.T.);
#6042=ORIENTED_EDGE('',*,*,#4366,.T.);
#6043=ORIENTED_EDGE('',*,*,#4362,.T.);
#6044=ORIENTED_EDGE('',*,*,#4371,.T.);
#6045=ORIENTED_EDGE('',*,*,#4372,.F.);
#6046=ORIENTED_EDGE('',*,*,#4373,.F.);
#6047=ORIENTED_EDGE('',*,*,#4374,.T.);
#6048=ORIENTED_EDGE('',*,*,#4375,.T.);
#6049=ORIENTED_EDGE('',*,*,#4376,.T.);
#6050=ORIENTED_EDGE('',*,*,#4369,.T.);
#6051=ORIENTED_EDGE('',*,*,#4377,.T.);
#6052=ORIENTED_EDGE('',*,*,#4367,.T.);
#6053=ORIENTED_EDGE('',*,*,#4370,.F.);
#6054=ORIENTED_EDGE('',*,*,#4376,.F.);
#6055=ORIENTED_EDGE('',*,*,#4378,.F.);
#6056=ORIENTED_EDGE('',*,*,#4379,.F.);
#6057=ORIENTED_EDGE('',*,*,#4380,.T.);
#6058=ORIENTED_EDGE('',*,*,#4381,.F.);
#6059=ORIENTED_EDGE('',*,*,#4382,.T.);
#6060=ORIENTED_EDGE('',*,*,#4374,.F.);
#6061=ORIENTED_EDGE('',*,*,#4383,.F.);
#6062=ORIENTED_EDGE('',*,*,#4384,.T.);
#6063=ORIENTED_EDGE('',*,*,#4385,.T.);
#6064=ORIENTED_EDGE('',*,*,#4379,.T.);
#6065=ORIENTED_EDGE('',*,*,#4386,.F.);
#6066=ORIENTED_EDGE('',*,*,#4387,.F.);
#6067=ORIENTED_EDGE('',*,*,#4388,.T.);
#6068=ORIENTED_EDGE('',*,*,#4384,.F.);
#6069=ORIENTED_EDGE('',*,*,#4389,.F.);
#6070=ORIENTED_EDGE('',*,*,#4390,.F.);
#6071=ORIENTED_EDGE('',*,*,#4391,.F.);
#6072=ORIENTED_EDGE('',*,*,#4381,.T.);
#6073=ORIENTED_EDGE('',*,*,#4383,.T.);
#6074=ORIENTED_EDGE('',*,*,#4373,.T.);
#6075=ORIENTED_EDGE('',*,*,#4392,.F.);
#6076=ORIENTED_EDGE('',*,*,#4389,.T.);
#6077=ORIENTED_EDGE('',*,*,#4385,.F.);
#6078=ORIENTED_EDGE('',*,*,#4393,.F.);
#6079=ORIENTED_EDGE('',*,*,#4371,.F.);
#6080=ORIENTED_EDGE('',*,*,#4365,.T.);
#6081=ORIENTED_EDGE('',*,*,#4368,.F.);
#6082=ORIENTED_EDGE('',*,*,#4377,.F.);
#6083=ORIENTED_EDGE('',*,*,#4375,.F.);
#6084=ORIENTED_EDGE('',*,*,#4382,.F.);
#6085=ORIENTED_EDGE('',*,*,#4388,.F.);
#6086=ORIENTED_EDGE('',*,*,#4380,.F.);
#6087=ORIENTED_EDGE('',*,*,#4393,.T.);
#6088=ORIENTED_EDGE('',*,*,#4387,.T.);
#6089=ORIENTED_EDGE('',*,*,#4394,.T.);
#6090=ORIENTED_EDGE('',*,*,#4390,.T.);
#6091=ORIENTED_EDGE('',*,*,#4392,.T.);
#6092=ORIENTED_EDGE('',*,*,#4372,.T.);
#6093=ORIENTED_EDGE('',*,*,#4378,.T.);
#6094=ORIENTED_EDGE('',*,*,#4391,.T.);
#6095=ORIENTED_EDGE('',*,*,#4394,.F.);
#6096=ORIENTED_EDGE('',*,*,#4386,.T.);
#6097=ORIENTED_EDGE('',*,*,#4395,.T.);
#6098=ORIENTED_EDGE('',*,*,#4396,.T.);
#6099=ORIENTED_EDGE('',*,*,#4397,.T.);
#6100=ORIENTED_EDGE('',*,*,#4398,.T.);
#6101=ORIENTED_EDGE('',*,*,#4399,.T.);
#6102=ORIENTED_EDGE('',*,*,#4400,.T.);
#6103=ORIENTED_EDGE('',*,*,#4401,.T.);
#6104=ORIENTED_EDGE('',*,*,#4402,.T.);
#6105=ORIENTED_EDGE('',*,*,#4403,.F.);
#6106=ORIENTED_EDGE('',*,*,#4398,.F.);
#6107=ORIENTED_EDGE('',*,*,#4404,.F.);
#6108=ORIENTED_EDGE('',*,*,#4402,.F.);
#6109=ORIENTED_EDGE('',*,*,#4405,.F.);
#6110=ORIENTED_EDGE('',*,*,#4396,.F.);
#6111=ORIENTED_EDGE('',*,*,#4406,.F.);
#6112=ORIENTED_EDGE('',*,*,#4400,.F.);
#6113=ORIENTED_EDGE('',*,*,#4406,.T.);
#6114=ORIENTED_EDGE('',*,*,#4395,.F.);
#6115=ORIENTED_EDGE('',*,*,#4403,.T.);
#6116=ORIENTED_EDGE('',*,*,#4401,.F.);
#6117=ORIENTED_EDGE('',*,*,#4404,.T.);
#6118=ORIENTED_EDGE('',*,*,#4397,.F.);
#6119=ORIENTED_EDGE('',*,*,#4405,.T.);
#6120=ORIENTED_EDGE('',*,*,#4399,.F.);
#6121=ORIENTED_EDGE('',*,*,#4407,.F.);
#6122=ORIENTED_EDGE('',*,*,#4408,.F.);
#6123=ORIENTED_EDGE('',*,*,#4409,.F.);
#6124=ORIENTED_EDGE('',*,*,#4410,.F.);
#6125=ORIENTED_EDGE('',*,*,#4409,.T.);
#6126=ORIENTED_EDGE('',*,*,#4411,.F.);
#6127=ORIENTED_EDGE('',*,*,#4412,.T.);
#6128=ORIENTED_EDGE('',*,*,#4413,.F.);
#6129=ORIENTED_EDGE('',*,*,#4408,.T.);
#6130=ORIENTED_EDGE('',*,*,#4414,.T.);
#6131=ORIENTED_EDGE('',*,*,#4415,.T.);
#6132=ORIENTED_EDGE('',*,*,#4411,.T.);
#6133=ORIENTED_EDGE('',*,*,#4407,.T.);
#6134=ORIENTED_EDGE('',*,*,#4416,.F.);
#6135=ORIENTED_EDGE('',*,*,#4417,.F.);
#6136=ORIENTED_EDGE('',*,*,#4414,.F.);
#6137=ORIENTED_EDGE('',*,*,#4417,.T.);
#6138=ORIENTED_EDGE('',*,*,#4418,.F.);
#6139=ORIENTED_EDGE('',*,*,#4412,.F.);
#6140=ORIENTED_EDGE('',*,*,#4415,.F.);
#6141=ORIENTED_EDGE('',*,*,#4410,.T.);
#6142=ORIENTED_EDGE('',*,*,#4413,.T.);
#6143=ORIENTED_EDGE('',*,*,#4418,.T.);
#6144=ORIENTED_EDGE('',*,*,#4416,.T.);
#6145=ORIENTED_EDGE('',*,*,#4419,.T.);
#6146=ORIENTED_EDGE('',*,*,#4420,.T.);
#6147=ORIENTED_EDGE('',*,*,#4421,.T.);
#6148=ORIENTED_EDGE('',*,*,#4422,.F.);
#6149=ORIENTED_EDGE('',*,*,#4422,.T.);
#6150=ORIENTED_EDGE('',*,*,#4423,.F.);
#6151=ORIENTED_EDGE('',*,*,#4424,.F.);
#6152=ORIENTED_EDGE('',*,*,#4425,.F.);
#6153=ORIENTED_EDGE('',*,*,#4424,.T.);
#6154=ORIENTED_EDGE('',*,*,#4426,.T.);
#6155=ORIENTED_EDGE('',*,*,#4427,.F.);
#6156=ORIENTED_EDGE('',*,*,#4428,.T.);
#6157=ORIENTED_EDGE('',*,*,#4423,.T.);
#6158=ORIENTED_EDGE('',*,*,#4421,.F.);
#6159=ORIENTED_EDGE('',*,*,#4429,.F.);
#6160=ORIENTED_EDGE('',*,*,#4430,.F.);
#6161=ORIENTED_EDGE('',*,*,#4431,.F.);
#6162=ORIENTED_EDGE('',*,*,#4426,.F.);
#6163=ORIENTED_EDGE('',*,*,#4432,.T.);
#6164=ORIENTED_EDGE('',*,*,#4433,.T.);
#6165=ORIENTED_EDGE('',*,*,#4429,.T.);
#6166=ORIENTED_EDGE('',*,*,#4420,.F.);
#6167=ORIENTED_EDGE('',*,*,#4431,.T.);
#6168=ORIENTED_EDGE('',*,*,#4434,.F.);
#6169=ORIENTED_EDGE('',*,*,#4435,.F.);
#6170=ORIENTED_EDGE('',*,*,#4427,.T.);
#6171=ORIENTED_EDGE('',*,*,#4430,.T.);
#6172=ORIENTED_EDGE('',*,*,#4433,.F.);
#6173=ORIENTED_EDGE('',*,*,#4436,.F.);
#6174=ORIENTED_EDGE('',*,*,#4434,.T.);
#6175=ORIENTED_EDGE('',*,*,#4425,.T.);
#6176=ORIENTED_EDGE('',*,*,#4428,.F.);
#6177=ORIENTED_EDGE('',*,*,#4435,.T.);
#6178=ORIENTED_EDGE('',*,*,#4436,.T.);
#6179=ORIENTED_EDGE('',*,*,#4432,.F.);
#6180=ORIENTED_EDGE('',*,*,#4419,.F.);
#6181=ORIENTED_EDGE('',*,*,#4437,.T.);
#6182=ORIENTED_EDGE('',*,*,#4438,.T.);
#6183=ORIENTED_EDGE('',*,*,#4439,.T.);
#6184=ORIENTED_EDGE('',*,*,#4440,.T.);
#6185=ORIENTED_EDGE('',*,*,#4441,.T.);
#6186=ORIENTED_EDGE('',*,*,#4442,.T.);
#6187=ORIENTED_EDGE('',*,*,#4443,.T.);
#6188=ORIENTED_EDGE('',*,*,#4444,.T.);
#6189=ORIENTED_EDGE('',*,*,#4445,.F.);
#6190=ORIENTED_EDGE('',*,*,#4441,.F.);
#6191=ORIENTED_EDGE('',*,*,#4446,.T.);
#6192=ORIENTED_EDGE('',*,*,#4437,.F.);
#6193=ORIENTED_EDGE('',*,*,#4445,.T.);
#6194=ORIENTED_EDGE('',*,*,#4440,.F.);
#6195=ORIENTED_EDGE('',*,*,#4447,.F.);
#6196=ORIENTED_EDGE('',*,*,#4442,.F.);
#6197=ORIENTED_EDGE('',*,*,#4446,.F.);
#6198=ORIENTED_EDGE('',*,*,#4444,.F.);
#6199=ORIENTED_EDGE('',*,*,#4448,.T.);
#6200=ORIENTED_EDGE('',*,*,#4438,.F.);
#6201=ORIENTED_EDGE('',*,*,#4448,.F.);
#6202=ORIENTED_EDGE('',*,*,#4443,.F.);
#6203=ORIENTED_EDGE('',*,*,#4447,.T.);
#6204=ORIENTED_EDGE('',*,*,#4439,.F.);
#6205=ORIENTED_EDGE('',*,*,#4449,.T.);
#6206=ORIENTED_EDGE('',*,*,#4450,.T.);
#6207=ORIENTED_EDGE('',*,*,#4451,.T.);
#6208=ORIENTED_EDGE('',*,*,#4452,.F.);
#6209=ORIENTED_EDGE('',*,*,#4452,.T.);
#6210=ORIENTED_EDGE('',*,*,#4453,.F.);
#6211=ORIENTED_EDGE('',*,*,#4454,.F.);
#6212=ORIENTED_EDGE('',*,*,#4455,.F.);
#6213=ORIENTED_EDGE('',*,*,#4455,.T.);
#6214=ORIENTED_EDGE('',*,*,#4456,.T.);
#6215=ORIENTED_EDGE('',*,*,#4457,.F.);
#6216=ORIENTED_EDGE('',*,*,#4458,.F.);
#6217=ORIENTED_EDGE('',*,*,#4459,.T.);
#6218=ORIENTED_EDGE('',*,*,#4449,.F.);
#6219=ORIENTED_EDGE('',*,*,#4454,.T.);
#6220=ORIENTED_EDGE('',*,*,#4460,.F.);
#6221=ORIENTED_EDGE('',*,*,#4461,.F.);
#6222=ORIENTED_EDGE('',*,*,#4456,.F.);
#6223=ORIENTED_EDGE('',*,*,#4462,.T.);
#6224=ORIENTED_EDGE('',*,*,#4463,.T.);
#6225=ORIENTED_EDGE('',*,*,#4457,.T.);
#6226=ORIENTED_EDGE('',*,*,#4461,.T.);
#6227=ORIENTED_EDGE('',*,*,#4459,.F.);
#6228=ORIENTED_EDGE('',*,*,#4464,.F.);
#6229=ORIENTED_EDGE('',*,*,#4465,.F.);
#6230=ORIENTED_EDGE('',*,*,#4450,.F.);
#6231=ORIENTED_EDGE('',*,*,#4466,.F.);
#6232=ORIENTED_EDGE('',*,*,#4464,.T.);
#6233=ORIENTED_EDGE('',*,*,#4458,.T.);
#6234=ORIENTED_EDGE('',*,*,#4463,.F.);
#6235=ORIENTED_EDGE('',*,*,#4465,.T.);
#6236=ORIENTED_EDGE('',*,*,#4466,.T.);
#6237=ORIENTED_EDGE('',*,*,#4462,.F.);
#6238=ORIENTED_EDGE('',*,*,#4460,.T.);
#6239=ORIENTED_EDGE('',*,*,#4453,.T.);
#6240=ORIENTED_EDGE('',*,*,#4451,.F.);
#6241=ORIENTED_EDGE('',*,*,#4467,.T.);
#6242=ORIENTED_EDGE('',*,*,#4468,.F.);
#6243=ORIENTED_EDGE('',*,*,#4469,.T.);
#6244=ORIENTED_EDGE('',*,*,#4470,.T.);
#6245=ORIENTED_EDGE('',*,*,#4468,.T.);
#6246=ORIENTED_EDGE('',*,*,#4471,.F.);
#6247=ORIENTED_EDGE('',*,*,#4472,.F.);
#6248=ORIENTED_EDGE('',*,*,#4473,.F.);
#6249=ORIENTED_EDGE('',*,*,#4471,.T.);
#6250=ORIENTED_EDGE('',*,*,#4467,.F.);
#6251=ORIENTED_EDGE('',*,*,#4474,.T.);
#6252=ORIENTED_EDGE('',*,*,#4475,.T.);
#6253=ORIENTED_EDGE('',*,*,#4476,.F.);
#6254=ORIENTED_EDGE('',*,*,#4477,.F.);
#6255=ORIENTED_EDGE('',*,*,#4478,.T.);
#6256=ORIENTED_EDGE('',*,*,#4479,.T.);
#6257=ORIENTED_EDGE('',*,*,#4474,.F.);
#6258=ORIENTED_EDGE('',*,*,#4470,.F.);
#6259=ORIENTED_EDGE('',*,*,#4480,.T.);
#6260=ORIENTED_EDGE('',*,*,#4481,.F.);
#6261=ORIENTED_EDGE('',*,*,#4475,.F.);
#6262=ORIENTED_EDGE('',*,*,#4479,.F.);
#6263=ORIENTED_EDGE('',*,*,#4482,.T.);
#6264=ORIENTED_EDGE('',*,*,#4476,.T.);
#6265=ORIENTED_EDGE('',*,*,#4481,.T.);
#6266=ORIENTED_EDGE('',*,*,#4483,.T.);
#6267=ORIENTED_EDGE('',*,*,#4472,.T.);
#6268=ORIENTED_EDGE('',*,*,#4477,.T.);
#6269=ORIENTED_EDGE('',*,*,#4482,.F.);
#6270=ORIENTED_EDGE('',*,*,#4484,.F.);
#6271=ORIENTED_EDGE('',*,*,#4473,.T.);
#6272=ORIENTED_EDGE('',*,*,#4484,.T.);
#6273=ORIENTED_EDGE('',*,*,#4483,.F.);
#6274=ORIENTED_EDGE('',*,*,#4480,.F.);
#6275=ORIENTED_EDGE('',*,*,#4478,.F.);
#6276=ORIENTED_EDGE('',*,*,#4469,.F.);
#6277=ORIENTED_EDGE('',*,*,#4485,.F.);
#6278=ORIENTED_EDGE('',*,*,#4486,.T.);
#6279=ORIENTED_EDGE('',*,*,#4487,.F.);
#6280=ORIENTED_EDGE('',*,*,#4488,.F.);
#6281=ORIENTED_EDGE('',*,*,#4489,.T.);
#6282=ORIENTED_EDGE('',*,*,#4487,.T.);
#6283=ORIENTED_EDGE('',*,*,#4490,.T.);
#6284=ORIENTED_EDGE('',*,*,#4491,.F.);
#6285=ORIENTED_EDGE('',*,*,#4491,.T.);
#6286=ORIENTED_EDGE('',*,*,#4492,.F.);
#6287=ORIENTED_EDGE('',*,*,#4493,.F.);
#6288=ORIENTED_EDGE('',*,*,#4494,.F.);
#6289=ORIENTED_EDGE('',*,*,#4492,.T.);
#6290=ORIENTED_EDGE('',*,*,#4490,.F.);
#6291=ORIENTED_EDGE('',*,*,#4486,.F.);
#6292=ORIENTED_EDGE('',*,*,#4495,.T.);
#6293=ORIENTED_EDGE('',*,*,#4496,.T.);
#6294=ORIENTED_EDGE('',*,*,#4497,.T.);
#6295=ORIENTED_EDGE('',*,*,#4498,.T.);
#6296=ORIENTED_EDGE('',*,*,#4494,.T.);
#6297=ORIENTED_EDGE('',*,*,#4499,.T.);
#6298=ORIENTED_EDGE('',*,*,#4500,.T.);
#6299=ORIENTED_EDGE('',*,*,#4501,.T.);
#6300=ORIENTED_EDGE('',*,*,#4502,.T.);
#6301=ORIENTED_EDGE('',*,*,#4488,.T.);
#6302=ORIENTED_EDGE('',*,*,#4489,.F.);
#6303=ORIENTED_EDGE('',*,*,#4497,.F.);
#6304=ORIENTED_EDGE('',*,*,#4503,.T.);
#6305=ORIENTED_EDGE('',*,*,#4500,.F.);
#6306=ORIENTED_EDGE('',*,*,#4504,.F.);
#6307=ORIENTED_EDGE('',*,*,#4493,.T.);
#6308=ORIENTED_EDGE('',*,*,#4498,.F.);
#6309=ORIENTED_EDGE('',*,*,#4504,.T.);
#6310=ORIENTED_EDGE('',*,*,#4499,.F.);
#6311=ORIENTED_EDGE('',*,*,#4485,.T.);
#6312=ORIENTED_EDGE('',*,*,#4502,.F.);
#6313=ORIENTED_EDGE('',*,*,#4505,.F.);
#6314=ORIENTED_EDGE('',*,*,#4495,.F.);
#6315=ORIENTED_EDGE('',*,*,#4496,.F.);
#6316=ORIENTED_EDGE('',*,*,#4505,.T.);
#6317=ORIENTED_EDGE('',*,*,#4501,.F.);
#6318=ORIENTED_EDGE('',*,*,#4503,.F.);
#6319=ORIENTED_EDGE('',*,*,#4506,.F.);
#6320=ORIENTED_EDGE('',*,*,#4507,.T.);
#6321=ORIENTED_EDGE('',*,*,#4508,.F.);
#6322=ORIENTED_EDGE('',*,*,#4509,.F.);
#6323=ORIENTED_EDGE('',*,*,#4510,.T.);
#6324=ORIENTED_EDGE('',*,*,#4511,.F.);
#6325=ORIENTED_EDGE('',*,*,#4512,.T.);
#6326=ORIENTED_EDGE('',*,*,#4508,.T.);
#6327=ORIENTED_EDGE('',*,*,#4511,.T.);
#6328=ORIENTED_EDGE('',*,*,#4513,.F.);
#6329=ORIENTED_EDGE('',*,*,#4514,.F.);
#6330=ORIENTED_EDGE('',*,*,#4515,.F.);
#6331=ORIENTED_EDGE('',*,*,#4513,.T.);
#6332=ORIENTED_EDGE('',*,*,#4510,.F.);
#6333=ORIENTED_EDGE('',*,*,#4507,.F.);
#6334=ORIENTED_EDGE('',*,*,#4516,.T.);
#6335=ORIENTED_EDGE('',*,*,#4517,.T.);
#6336=ORIENTED_EDGE('',*,*,#4518,.T.);
#6337=ORIENTED_EDGE('',*,*,#4519,.T.);
#6338=ORIENTED_EDGE('',*,*,#4506,.T.);
#6339=ORIENTED_EDGE('',*,*,#4520,.T.);
#6340=ORIENTED_EDGE('',*,*,#4521,.T.);
#6341=ORIENTED_EDGE('',*,*,#4516,.F.);
#6342=ORIENTED_EDGE('',*,*,#4522,.T.);
#6343=ORIENTED_EDGE('',*,*,#4523,.T.);
#6344=ORIENTED_EDGE('',*,*,#4517,.F.);
#6345=ORIENTED_EDGE('',*,*,#4521,.F.);
#6346=ORIENTED_EDGE('',*,*,#4514,.T.);
#6347=ORIENTED_EDGE('',*,*,#4519,.F.);
#6348=ORIENTED_EDGE('',*,*,#4524,.F.);
#6349=ORIENTED_EDGE('',*,*,#4525,.T.);
#6350=ORIENTED_EDGE('',*,*,#4526,.T.);
#6351=ORIENTED_EDGE('',*,*,#4524,.T.);
#6352=ORIENTED_EDGE('',*,*,#4518,.F.);
#6353=ORIENTED_EDGE('',*,*,#4523,.F.);
#6354=ORIENTED_EDGE('',*,*,#4515,.T.);
#6355=ORIENTED_EDGE('',*,*,#4525,.F.);
#6356=ORIENTED_EDGE('',*,*,#4526,.F.);
#6357=ORIENTED_EDGE('',*,*,#4522,.F.);
#6358=ORIENTED_EDGE('',*,*,#4520,.F.);
#6359=ORIENTED_EDGE('',*,*,#4509,.T.);
#6360=ORIENTED_EDGE('',*,*,#4512,.F.);
#6361=ORIENTED_EDGE('',*,*,#4527,.F.);
#6362=ORIENTED_EDGE('',*,*,#4528,.F.);
#6363=ORIENTED_EDGE('',*,*,#4529,.F.);
#6364=ORIENTED_EDGE('',*,*,#4530,.F.);
#6365=ORIENTED_EDGE('',*,*,#4528,.T.);
#6366=ORIENTED_EDGE('',*,*,#4531,.F.);
#6367=ORIENTED_EDGE('',*,*,#4532,.T.);
#6368=ORIENTED_EDGE('',*,*,#4533,.T.);
#6369=ORIENTED_EDGE('',*,*,#4527,.T.);
#6370=ORIENTED_EDGE('',*,*,#4534,.F.);
#6371=ORIENTED_EDGE('',*,*,#4535,.T.);
#6372=ORIENTED_EDGE('',*,*,#4531,.T.);
#6373=ORIENTED_EDGE('',*,*,#4530,.T.);
#6374=ORIENTED_EDGE('',*,*,#4536,.F.);
#6375=ORIENTED_EDGE('',*,*,#4537,.T.);
#6376=ORIENTED_EDGE('',*,*,#4534,.T.);
#6377=ORIENTED_EDGE('',*,*,#4529,.T.);
#6378=ORIENTED_EDGE('',*,*,#4533,.F.);
#6379=ORIENTED_EDGE('',*,*,#4538,.T.);
#6380=ORIENTED_EDGE('',*,*,#4536,.T.);
#6381=ORIENTED_EDGE('',*,*,#4535,.F.);
#6382=ORIENTED_EDGE('',*,*,#4537,.F.);
#6383=ORIENTED_EDGE('',*,*,#4538,.F.);
#6384=ORIENTED_EDGE('',*,*,#4532,.F.);
#6385=ORIENTED_EDGE('',*,*,#4539,.F.);
#6386=ORIENTED_EDGE('',*,*,#4540,.F.);
#6387=ORIENTED_EDGE('',*,*,#4541,.F.);
#6388=ORIENTED_EDGE('',*,*,#4542,.F.);
#6389=ORIENTED_EDGE('',*,*,#4540,.T.);
#6390=ORIENTED_EDGE('',*,*,#4543,.F.);
#6391=ORIENTED_EDGE('',*,*,#4544,.F.);
#6392=ORIENTED_EDGE('',*,*,#4545,.T.);
#6393=ORIENTED_EDGE('',*,*,#4539,.T.);
#6394=ORIENTED_EDGE('',*,*,#4546,.F.);
#6395=ORIENTED_EDGE('',*,*,#4547,.F.);
#6396=ORIENTED_EDGE('',*,*,#4543,.T.);
#6397=ORIENTED_EDGE('',*,*,#4542,.T.);
#6398=ORIENTED_EDGE('',*,*,#4548,.F.);
#6399=ORIENTED_EDGE('',*,*,#4549,.F.);
#6400=ORIENTED_EDGE('',*,*,#4546,.T.);
#6401=ORIENTED_EDGE('',*,*,#4541,.T.);
#6402=ORIENTED_EDGE('',*,*,#4545,.F.);
#6403=ORIENTED_EDGE('',*,*,#4550,.F.);
#6404=ORIENTED_EDGE('',*,*,#4548,.T.);
#6405=ORIENTED_EDGE('',*,*,#4547,.T.);
#6406=ORIENTED_EDGE('',*,*,#4549,.T.);
#6407=ORIENTED_EDGE('',*,*,#4550,.T.);
#6408=ORIENTED_EDGE('',*,*,#4544,.T.);
#6409=ORIENTED_EDGE('',*,*,#4551,.F.);
#6410=ORIENTED_EDGE('',*,*,#4552,.T.);
#6411=ORIENTED_EDGE('',*,*,#4553,.F.);
#6412=ORIENTED_EDGE('',*,*,#4554,.F.);
#6413=ORIENTED_EDGE('',*,*,#4555,.F.);
#6414=ORIENTED_EDGE('',*,*,#4554,.T.);
#6415=ORIENTED_EDGE('',*,*,#4556,.F.);
#6416=ORIENTED_EDGE('',*,*,#4557,.F.);
#6417=ORIENTED_EDGE('',*,*,#4558,.F.);
#6418=ORIENTED_EDGE('',*,*,#4557,.T.);
#6419=ORIENTED_EDGE('',*,*,#4559,.F.);
#6420=ORIENTED_EDGE('',*,*,#4560,.F.);
#6421=ORIENTED_EDGE('',*,*,#4561,.F.);
#6422=ORIENTED_EDGE('',*,*,#4560,.T.);
#6423=ORIENTED_EDGE('',*,*,#4562,.F.);
#6424=ORIENTED_EDGE('',*,*,#4552,.F.);
#6425=ORIENTED_EDGE('',*,*,#4561,.T.);
#6426=ORIENTED_EDGE('',*,*,#4551,.T.);
#6427=ORIENTED_EDGE('',*,*,#4555,.T.);
#6428=ORIENTED_EDGE('',*,*,#4558,.T.);
#6429=ORIENTED_EDGE('',*,*,#4562,.T.);
#6430=ORIENTED_EDGE('',*,*,#4559,.T.);
#6431=ORIENTED_EDGE('',*,*,#4556,.T.);
#6432=ORIENTED_EDGE('',*,*,#4553,.T.);
#6433=ORIENTED_EDGE('',*,*,#4563,.T.);
#6434=ORIENTED_EDGE('',*,*,#4564,.T.);
#6435=ORIENTED_EDGE('',*,*,#4565,.F.);
#6436=ORIENTED_EDGE('',*,*,#4566,.F.);
#6437=ORIENTED_EDGE('',*,*,#4567,.T.);
#6438=ORIENTED_EDGE('',*,*,#4566,.T.);
#6439=ORIENTED_EDGE('',*,*,#4568,.F.);
#6440=ORIENTED_EDGE('',*,*,#4569,.F.);
#6441=ORIENTED_EDGE('',*,*,#4570,.T.);
#6442=ORIENTED_EDGE('',*,*,#4569,.T.);
#6443=ORIENTED_EDGE('',*,*,#4571,.F.);
#6444=ORIENTED_EDGE('',*,*,#4572,.F.);
#6445=ORIENTED_EDGE('',*,*,#4573,.T.);
#6446=ORIENTED_EDGE('',*,*,#4572,.T.);
#6447=ORIENTED_EDGE('',*,*,#4574,.F.);
#6448=ORIENTED_EDGE('',*,*,#4564,.F.);
#6449=ORIENTED_EDGE('',*,*,#4573,.F.);
#6450=ORIENTED_EDGE('',*,*,#4563,.F.);
#6451=ORIENTED_EDGE('',*,*,#4567,.F.);
#6452=ORIENTED_EDGE('',*,*,#4570,.F.);
#6453=ORIENTED_EDGE('',*,*,#4574,.T.);
#6454=ORIENTED_EDGE('',*,*,#4571,.T.);
#6455=ORIENTED_EDGE('',*,*,#4568,.T.);
#6456=ORIENTED_EDGE('',*,*,#4565,.T.);
#6457=ORIENTED_EDGE('',*,*,#4575,.T.);
#6458=ORIENTED_EDGE('',*,*,#4576,.T.);
#6459=ORIENTED_EDGE('',*,*,#4577,.T.);
#6460=ORIENTED_EDGE('',*,*,#4578,.T.);
#6461=ORIENTED_EDGE('',*,*,#4579,.F.);
#6462=ORIENTED_EDGE('',*,*,#4580,.F.);
#6463=ORIENTED_EDGE('',*,*,#4581,.T.);
#6464=ORIENTED_EDGE('',*,*,#4576,.F.);
#6465=ORIENTED_EDGE('',*,*,#4581,.F.);
#6466=ORIENTED_EDGE('',*,*,#4582,.F.);
#6467=ORIENTED_EDGE('',*,*,#4583,.T.);
#6468=ORIENTED_EDGE('',*,*,#4577,.F.);
#6469=ORIENTED_EDGE('',*,*,#4583,.F.);
#6470=ORIENTED_EDGE('',*,*,#4584,.F.);
#6471=ORIENTED_EDGE('',*,*,#4585,.F.);
#6472=ORIENTED_EDGE('',*,*,#4578,.F.);
#6473=ORIENTED_EDGE('',*,*,#4585,.T.);
#6474=ORIENTED_EDGE('',*,*,#4586,.F.);
#6475=ORIENTED_EDGE('',*,*,#4579,.T.);
#6476=ORIENTED_EDGE('',*,*,#4575,.F.);
#6477=ORIENTED_EDGE('',*,*,#4586,.T.);
#6478=ORIENTED_EDGE('',*,*,#4584,.T.);
#6479=ORIENTED_EDGE('',*,*,#4582,.T.);
#6480=ORIENTED_EDGE('',*,*,#4580,.T.);
#6481=ORIENTED_EDGE('',*,*,#4587,.F.);
#6482=ORIENTED_EDGE('',*,*,#4588,.T.);
#6483=ORIENTED_EDGE('',*,*,#4589,.F.);
#6484=ORIENTED_EDGE('',*,*,#4590,.F.);
#6485=ORIENTED_EDGE('',*,*,#4591,.F.);
#6486=ORIENTED_EDGE('',*,*,#4590,.T.);
#6487=ORIENTED_EDGE('',*,*,#4592,.F.);
#6488=ORIENTED_EDGE('',*,*,#4593,.F.);
#6489=ORIENTED_EDGE('',*,*,#4594,.F.);
#6490=ORIENTED_EDGE('',*,*,#4593,.T.);
#6491=ORIENTED_EDGE('',*,*,#4595,.F.);
#6492=ORIENTED_EDGE('',*,*,#4596,.F.);
#6493=ORIENTED_EDGE('',*,*,#4597,.F.);
#6494=ORIENTED_EDGE('',*,*,#4596,.T.);
#6495=ORIENTED_EDGE('',*,*,#4598,.F.);
#6496=ORIENTED_EDGE('',*,*,#4588,.F.);
#6497=ORIENTED_EDGE('',*,*,#4598,.T.);
#6498=ORIENTED_EDGE('',*,*,#4595,.T.);
#6499=ORIENTED_EDGE('',*,*,#4592,.T.);
#6500=ORIENTED_EDGE('',*,*,#4589,.T.);
#6501=ORIENTED_EDGE('',*,*,#4597,.T.);
#6502=ORIENTED_EDGE('',*,*,#4587,.T.);
#6503=ORIENTED_EDGE('',*,*,#4591,.T.);
#6504=ORIENTED_EDGE('',*,*,#4594,.T.);
#6505=PLANE('',#7744);
#6506=PLANE('',#7745);
#6507=PLANE('',#7746);
#6508=PLANE('',#7747);
#6509=PLANE('',#7748);
#6510=PLANE('',#7749);
#6511=PLANE('',#7750);
#6512=PLANE('',#7751);
#6513=PLANE('',#7752);
#6514=PLANE('',#7753);
#6515=PLANE('',#7754);
#6516=PLANE('',#7755);
#6517=PLANE('',#7757);
#6518=PLANE('',#7758);
#6519=PLANE('',#7759);
#6520=PLANE('',#7760);
#6521=PLANE('',#7761);
#6522=PLANE('',#7762);
#6523=PLANE('',#7763);
#6524=PLANE('',#7764);
#6525=PLANE('',#7765);
#6526=PLANE('',#7766);
#6527=PLANE('',#7768);
#6528=PLANE('',#7769);
#6529=PLANE('',#7770);
#6530=PLANE('',#7771);
#6531=PLANE('',#7772);
#6532=PLANE('',#7773);
#6533=PLANE('',#7774);
#6534=PLANE('',#7775);
#6535=PLANE('',#7776);
#6536=PLANE('',#7777);
#6537=PLANE('',#7778);
#6538=PLANE('',#7780);
#6539=PLANE('',#7781);
#6540=PLANE('',#7782);
#6541=PLANE('',#7783);
#6542=PLANE('',#7784);
#6543=PLANE('',#7785);
#6544=PLANE('',#7786);
#6545=PLANE('',#7787);
#6546=PLANE('',#7788);
#6547=PLANE('',#7789);
#6548=PLANE('',#7791);
#6549=PLANE('',#7792);
#6550=PLANE('',#7793);
#6551=PLANE('',#7794);
#6552=PLANE('',#7795);
#6553=PLANE('',#7796);
#6554=PLANE('',#7797);
#6555=PLANE('',#7798);
#6556=PLANE('',#7799);
#6557=PLANE('',#7800);
#6558=PLANE('',#7801);
#6559=PLANE('',#7802);
#6560=PLANE('',#7804);
#6561=PLANE('',#7805);
#6562=PLANE('',#7806);
#6563=PLANE('',#7807);
#6564=PLANE('',#7808);
#6565=PLANE('',#7809);
#6566=PLANE('',#7810);
#6567=PLANE('',#7811);
#6568=PLANE('',#7812);
#6569=PLANE('',#7813);
#6570=PLANE('',#7815);
#6571=PLANE('',#7816);
#6572=PLANE('',#7817);
#6573=PLANE('',#7818);
#6574=PLANE('',#7819);
#6575=PLANE('',#7820);
#6576=PLANE('',#7822);
#6577=PLANE('',#7823);
#6578=PLANE('',#7824);
#6579=PLANE('',#7825);
#6580=PLANE('',#7826);
#6581=PLANE('',#7827);
#6582=PLANE('',#7828);
#6583=PLANE('',#7829);
#6584=PLANE('',#7830);
#6585=PLANE('',#7831);
#6586=PLANE('',#7833);
#6587=PLANE('',#7834);
#6588=PLANE('',#7835);
#6589=PLANE('',#7836);
#6590=PLANE('',#7837);
#6591=PLANE('',#7838);
#6592=PLANE('',#7840);
#6593=PLANE('',#7841);
#6594=PLANE('',#7842);
#6595=PLANE('',#7843);
#6596=PLANE('',#7844);
#6597=PLANE('',#7845);
#6598=PLANE('',#7846);
#6599=PLANE('',#7847);
#6600=PLANE('',#7849);
#6601=PLANE('',#7850);
#6602=PLANE('',#7851);
#6603=PLANE('',#7852);
#6604=PLANE('',#7853);
#6605=PLANE('',#7854);
#6606=PLANE('',#7855);
#6607=PLANE('',#7856);
#6608=PLANE('',#7858);
#6609=PLANE('',#7859);
#6610=PLANE('',#7860);
#6611=PLANE('',#7861);
#6612=PLANE('',#7862);
#6613=PLANE('',#7863);
#6614=PLANE('',#7864);
#6615=PLANE('',#7865);
#6616=PLANE('',#7867);
#6617=PLANE('',#7868);
#6618=PLANE('',#7869);
#6619=PLANE('',#7870);
#6620=PLANE('',#7871);
#6621=PLANE('',#7872);
#6622=PLANE('',#7873);
#6623=PLANE('',#7874);
#6624=PLANE('',#7875);
#6625=PLANE('',#7876);
#6626=PLANE('',#7877);
#6627=PLANE('',#7878);
#6628=PLANE('',#7879);
#6629=PLANE('',#7880);
#6630=PLANE('',#7881);
#6631=PLANE('',#7882);
#6632=PLANE('',#7883);
#6633=PLANE('',#7884);
#6634=PLANE('',#7885);
#6635=PLANE('',#7886);
#6636=PLANE('',#7887);
#6637=PLANE('',#7888);
#6638=PLANE('',#7889);
#6639=PLANE('',#7890);
#6640=PLANE('',#7891);
#6641=PLANE('',#7892);
#6642=PLANE('',#7893);
#6643=PLANE('',#7894);
#6644=PLANE('',#7895);
#6645=PLANE('',#7896);
#6646=PLANE('',#7898);
#6647=PLANE('',#7899);
#6648=PLANE('',#7900);
#6649=PLANE('',#7901);
#6650=PLANE('',#7902);
#6651=PLANE('',#7903);
#6652=PLANE('',#7904);
#6653=PLANE('',#7905);
#6654=PLANE('',#7906);
#6655=PLANE('',#7907);
#6656=PLANE('',#7908);
#6657=PLANE('',#7909);
#6658=PLANE('',#7910);
#6659=PLANE('',#7911);
#6660=PLANE('',#7912);
#6661=PLANE('',#7913);
#6662=PLANE('',#7914);
#6663=PLANE('',#7915);
#6664=PLANE('',#7916);
#6665=PLANE('',#7917);
#6666=PLANE('',#7918);
#6667=PLANE('',#7919);
#6668=PLANE('',#7920);
#6669=PLANE('',#7921);
#6670=PLANE('',#7922);
#6671=PLANE('',#7923);
#6672=PLANE('',#7924);
#6673=PLANE('',#7925);
#6674=PLANE('',#7926);
#6675=PLANE('',#7927);
#6676=PLANE('',#7928);
#6677=PLANE('',#7929);
#6678=PLANE('',#7930);
#6679=PLANE('',#7931);
#6680=PLANE('',#7932);
#6681=PLANE('',#7933);
#6682=PLANE('',#7934);
#6683=PLANE('',#7935);
#6684=PLANE('',#7936);
#6685=PLANE('',#7937);
#6686=PLANE('',#7938);
#6687=PLANE('',#7939);
#6688=PLANE('',#7940);
#6689=PLANE('',#7941);
#6690=PLANE('',#7942);
#6691=PLANE('',#7943);
#6692=PLANE('',#7944);
#6693=PLANE('',#7945);
#6694=PLANE('',#7947);
#6695=PLANE('',#7948);
#6696=PLANE('',#7949);
#6697=PLANE('',#7950);
#6698=PLANE('',#7951);
#6699=PLANE('',#7952);
#6700=PLANE('',#7954);
#6701=PLANE('',#7955);
#6702=PLANE('',#7956);
#6703=PLANE('',#7957);
#6704=PLANE('',#7958);
#6705=PLANE('',#7959);
#6706=PLANE('',#7961);
#6707=PLANE('',#7962);
#6708=PLANE('',#7963);
#6709=PLANE('',#7964);
#6710=PLANE('',#7965);
#6711=PLANE('',#7966);
#6712=PLANE('',#7968);
#6713=PLANE('',#7969);
#6714=PLANE('',#7970);
#6715=PLANE('',#7971);
#6716=PLANE('',#7972);
#6717=PLANE('',#7973);
#6718=PLANE('',#7974);
#6719=PLANE('',#7975);
#6720=PLANE('',#7976);
#6721=PLANE('',#7977);
#6722=PLANE('',#7978);
#6723=PLANE('',#7979);
#6724=PLANE('',#7980);
#6725=PLANE('',#7981);
#6726=PLANE('',#7982);
#6727=PLANE('',#7983);
#6728=PLANE('',#7984);
#6729=PLANE('',#7986);
#6730=PLANE('',#7987);
#6731=PLANE('',#7988);
#6732=PLANE('',#7989);
#6733=PLANE('',#7990);
#6734=PLANE('',#7991);
#6735=PLANE('',#7992);
#6736=PLANE('',#7993);
#6737=PLANE('',#7994);
#6738=PLANE('',#7995);
#6739=PLANE('',#7996);
#6740=PLANE('',#7997);
#6741=PLANE('',#7998);
#6742=PLANE('',#8000);
#6743=PLANE('',#8001);
#6744=PLANE('',#8002);
#6745=PLANE('',#8003);
#6746=PLANE('',#8004);
#6747=PLANE('',#8005);
#6748=PLANE('',#8006);
#6749=PLANE('',#8007);
#6750=PLANE('',#8008);
#6751=PLANE('',#8009);
#6752=PLANE('',#8010);
#6753=PLANE('',#8011);
#6754=PLANE('',#8012);
#6755=PLANE('',#8013);
#6756=PLANE('',#8014);
#6757=PLANE('',#8015);
#6758=PLANE('',#8016);
#6759=PLANE('',#8017);
#6760=PLANE('',#8018);
#6761=PLANE('',#8019);
#6762=PLANE('',#8020);
#6763=PLANE('',#8021);
#6764=PLANE('',#8022);
#6765=PLANE('',#8023);
#6766=PLANE('',#8024);
#6767=PLANE('',#8025);
#6768=PLANE('',#8026);
#6769=PLANE('',#8028);
#6770=PLANE('',#8029);
#6771=PLANE('',#8030);
#6772=PLANE('',#8031);
#6773=PLANE('',#8032);
#6774=PLANE('',#8033);
#6775=PLANE('',#8035);
#6776=PLANE('',#8036);
#6777=PLANE('',#8037);
#6778=PLANE('',#8038);
#6779=PLANE('',#8039);
#6780=PLANE('',#8040);
#6781=PLANE('',#8041);
#6782=PLANE('',#8042);
#6783=PLANE('',#8043);
#6784=PLANE('',#8044);
#6785=PLANE('',#8045);
#6786=PLANE('',#8046);
#6787=PLANE('',#8047);
#6788=PLANE('',#8048);
#6789=PLANE('',#8049);
#6790=PLANE('',#8050);
#6791=PLANE('',#8051);
#6792=PLANE('',#8053);
#6793=PLANE('',#8054);
#6794=PLANE('',#8055);
#6795=PLANE('',#8056);
#6796=PLANE('',#8057);
#6797=PLANE('',#8058);
#6798=PLANE('',#8059);
#6799=PLANE('',#8060);
#6800=PLANE('',#8061);
#6801=PLANE('',#8062);
#6802=PLANE('',#8063);
#6803=PLANE('',#8064);
#6804=PLANE('',#8065);
#6805=PLANE('',#8067);
#6806=PLANE('',#8068);
#6807=PLANE('',#8069);
#6808=PLANE('',#8070);
#6809=PLANE('',#8071);
#6810=PLANE('',#8072);
#6811=PLANE('',#8074);
#6812=PLANE('',#8075);
#6813=PLANE('',#8076);
#6814=PLANE('',#8077);
#6815=PLANE('',#8078);
#6816=PLANE('',#8079);
#6817=PLANE('',#8081);
#6818=PLANE('',#8082);
#6819=PLANE('',#8083);
#6820=PLANE('',#8084);
#6821=PLANE('',#8085);
#6822=PLANE('',#8086);
#6823=PLANE('',#8087);
#6824=PLANE('',#8088);
#6825=PLANE('',#8090);
#6826=PLANE('',#8091);
#6827=PLANE('',#8092);
#6828=PLANE('',#8093);
#6829=PLANE('',#8094);
#6830=PLANE('',#8095);
#6831=PLANE('',#8097);
#6832=PLANE('',#8098);
#6833=PLANE('',#8099);
#6834=PLANE('',#8100);
#6835=PLANE('',#8101);
#6836=PLANE('',#8102);
#6837=PLANE('',#8103);
#6838=PLANE('',#8104);
#6839=PLANE('',#8106);
#6840=PLANE('',#8107);
#6841=PLANE('',#8108);
#6842=PLANE('',#8109);
#6843=PLANE('',#8110);
#6844=PLANE('',#8111);
#6845=PLANE('',#8112);
#6846=PLANE('',#8113);
#6847=PLANE('',#8115);
#6848=PLANE('',#8116);
#6849=PLANE('',#8117);
#6850=PLANE('',#8118);
#6851=PLANE('',#8119);
#6852=PLANE('',#8120);
#6853=PLANE('',#8121);
#6854=PLANE('',#8122);
#6855=PLANE('',#8123);
#6856=PLANE('',#8125);
#6857=PLANE('',#8126);
#6858=PLANE('',#8127);
#6859=PLANE('',#8128);
#6860=PLANE('',#8129);
#6861=PLANE('',#8130);
#6862=PLANE('',#8131);
#6863=PLANE('',#8132);
#6864=PLANE('',#8133);
#6865=PLANE('',#8135);
#6866=PLANE('',#8136);
#6867=PLANE('',#8137);
#6868=PLANE('',#8138);
#6869=PLANE('',#8139);
#6870=PLANE('',#8140);
#6871=PLANE('',#8142);
#6872=PLANE('',#8143);
#6873=PLANE('',#8144);
#6874=PLANE('',#8145);
#6875=PLANE('',#8146);
#6876=PLANE('',#8147);
#6877=PLANE('',#8149);
#6878=PLANE('',#8150);
#6879=PLANE('',#8151);
#6880=PLANE('',#8152);
#6881=PLANE('',#8153);
#6882=PLANE('',#8154);
#6883=PLANE('',#8156);
#6884=PLANE('',#8157);
#6885=PLANE('',#8158);
#6886=PLANE('',#8159);
#6887=PLANE('',#8160);
#6888=PLANE('',#8161);
#6889=PLANE('',#8163);
#6890=PLANE('',#8164);
#6891=PLANE('',#8165);
#6892=PLANE('',#8166);
#6893=PLANE('',#8167);
#6894=PLANE('',#8168);
#6895=PLANE('',#8170);
#6896=PLANE('',#8171);
#6897=PLANE('',#8172);
#6898=PLANE('',#8173);
#6899=PLANE('',#8174);
#6900=PLANE('',#8175);
#6901=ADVANCED_FACE('',(#311),#6505,.F.);
#6902=ADVANCED_FACE('',(#312),#6506,.T.);
#6903=ADVANCED_FACE('',(#313),#6507,.F.);
#6904=ADVANCED_FACE('',(#314),#6508,.T.);
#6905=ADVANCED_FACE('',(#315),#6509,.F.);
#6906=ADVANCED_FACE('',(#316),#6510,.F.);
#6907=ADVANCED_FACE('',(#317),#6511,.F.);
#6908=ADVANCED_FACE('',(#318),#6512,.T.);
#6909=ADVANCED_FACE('',(#319),#6513,.T.);
#6910=ADVANCED_FACE('',(#320),#6514,.F.);
#6911=ADVANCED_FACE('',(#321),#6515,.T.);
#6912=ADVANCED_FACE('',(#322),#6516,.F.);
#6913=ADVANCED_FACE('',(#323),#6517,.F.);
#6914=ADVANCED_FACE('',(#324),#6518,.T.);
#6915=ADVANCED_FACE('',(#325),#6519,.F.);
#6916=ADVANCED_FACE('',(#326),#6520,.F.);
#6917=ADVANCED_FACE('',(#327),#6521,.T.);
#6918=ADVANCED_FACE('',(#328),#6522,.F.);
#6919=ADVANCED_FACE('',(#329),#6523,.T.);
#6920=ADVANCED_FACE('',(#330),#6524,.T.);
#6921=ADVANCED_FACE('',(#331),#6525,.T.);
#6922=ADVANCED_FACE('',(#332),#6526,.F.);
#6923=ADVANCED_FACE('',(#333),#6527,.T.);
#6924=ADVANCED_FACE('',(#334),#6528,.F.);
#6925=ADVANCED_FACE('',(#335),#6529,.F.);
#6926=ADVANCED_FACE('',(#336,#159),#6530,.T.);
#6927=ADVANCED_FACE('',(#337),#6531,.F.);
#6928=ADVANCED_FACE('',(#338),#6532,.F.);
#6929=ADVANCED_FACE('',(#339),#6533,.T.);
#6930=ADVANCED_FACE('',(#340),#6534,.T.);
#6931=ADVANCED_FACE('',(#341),#6535,.F.);
#6932=ADVANCED_FACE('',(#342),#6536,.T.);
#6933=ADVANCED_FACE('',(#343),#6537,.F.);
#6934=ADVANCED_FACE('',(#344),#6538,.T.);
#6935=ADVANCED_FACE('',(#345),#6539,.T.);
#6936=ADVANCED_FACE('',(#346),#6540,.T.);
#6937=ADVANCED_FACE('',(#347),#6541,.T.);
#6938=ADVANCED_FACE('',(#348),#6542,.F.);
#6939=ADVANCED_FACE('',(#349),#6543,.F.);
#6940=ADVANCED_FACE('',(#350),#6544,.T.);
#6941=ADVANCED_FACE('',(#351),#6545,.T.);
#6942=ADVANCED_FACE('',(#352),#6546,.T.);
#6943=ADVANCED_FACE('',(#353),#6547,.T.);
#6944=ADVANCED_FACE('',(#354),#6548,.T.);
#6945=ADVANCED_FACE('',(#355),#6549,.T.);
#6946=ADVANCED_FACE('',(#356),#6550,.T.);
#6947=ADVANCED_FACE('',(#357),#6551,.T.);
#6948=ADVANCED_FACE('',(#358),#6552,.T.);
#6949=ADVANCED_FACE('',(#359),#6553,.T.);
#6950=ADVANCED_FACE('',(#360),#6554,.F.);
#6951=ADVANCED_FACE('',(#361),#6555,.F.);
#6952=ADVANCED_FACE('',(#362),#6556,.T.);
#6953=ADVANCED_FACE('',(#363),#6557,.T.);
#6954=ADVANCED_FACE('',(#364),#6558,.T.);
#6955=ADVANCED_FACE('',(#365),#6559,.T.);
#6956=ADVANCED_FACE('',(#366),#6560,.F.);
#6957=ADVANCED_FACE('',(#367),#6561,.T.);
#6958=ADVANCED_FACE('',(#368),#6562,.F.);
#6959=ADVANCED_FACE('',(#369),#6563,.T.);
#6960=ADVANCED_FACE('',(#370),#6564,.T.);
#6961=ADVANCED_FACE('',(#371),#6565,.F.);
#6962=ADVANCED_FACE('',(#372),#6566,.T.);
#6963=ADVANCED_FACE('',(#373),#6567,.F.);
#6964=ADVANCED_FACE('',(#374),#6568,.T.);
#6965=ADVANCED_FACE('',(#375),#6569,.T.);
#6966=ADVANCED_FACE('',(#376),#6570,.F.);
#6967=ADVANCED_FACE('',(#377),#6571,.T.);
#6968=ADVANCED_FACE('',(#378),#6572,.T.);
#6969=ADVANCED_FACE('',(#379),#6573,.T.);
#6970=ADVANCED_FACE('',(#380),#6574,.T.);
#6971=ADVANCED_FACE('',(#381),#6575,.T.);
#6972=ADVANCED_FACE('',(#382),#6576,.F.);
#6973=ADVANCED_FACE('',(#383),#6577,.T.);
#6974=ADVANCED_FACE('',(#384),#6578,.F.);
#6975=ADVANCED_FACE('',(#385),#6579,.F.);
#6976=ADVANCED_FACE('',(#386),#6580,.T.);
#6977=ADVANCED_FACE('',(#387),#6581,.F.);
#6978=ADVANCED_FACE('',(#388),#6582,.T.);
#6979=ADVANCED_FACE('',(#389),#6583,.T.);
#6980=ADVANCED_FACE('',(#390),#6584,.T.);
#6981=ADVANCED_FACE('',(#391),#6585,.T.);
#6982=ADVANCED_FACE('',(#392),#6586,.F.);
#6983=ADVANCED_FACE('',(#393),#6587,.T.);
#6984=ADVANCED_FACE('',(#394),#6588,.T.);
#6985=ADVANCED_FACE('',(#395),#6589,.T.);
#6986=ADVANCED_FACE('',(#396),#6590,.T.);
#6987=ADVANCED_FACE('',(#397),#6591,.F.);
#6988=ADVANCED_FACE('',(#398),#6592,.T.);
#6989=ADVANCED_FACE('',(#399),#6593,.F.);
#6990=ADVANCED_FACE('',(#400),#6594,.F.);
#6991=ADVANCED_FACE('',(#401),#6595,.F.);
#6992=ADVANCED_FACE('',(#402),#6596,.T.);
#6993=ADVANCED_FACE('',(#403),#6597,.T.);
#6994=ADVANCED_FACE('',(#404),#6598,.T.);
#6995=ADVANCED_FACE('',(#405),#6599,.T.);
#6996=ADVANCED_FACE('',(#406),#6600,.T.);
#6997=ADVANCED_FACE('',(#407),#6601,.F.);
#6998=ADVANCED_FACE('',(#408),#6602,.F.);
#6999=ADVANCED_FACE('',(#409),#6603,.F.);
#7000=ADVANCED_FACE('',(#410),#6604,.T.);
#7001=ADVANCED_FACE('',(#411),#6605,.T.);
#7002=ADVANCED_FACE('',(#412),#6606,.T.);
#7003=ADVANCED_FACE('',(#413),#6607,.T.);
#7004=ADVANCED_FACE('',(#414),#6608,.T.);
#7005=ADVANCED_FACE('',(#415),#6609,.F.);
#7006=ADVANCED_FACE('',(#416),#6610,.F.);
#7007=ADVANCED_FACE('',(#417),#6611,.T.);
#7008=ADVANCED_FACE('',(#418),#6612,.F.);
#7009=ADVANCED_FACE('',(#419),#6613,.F.);
#7010=ADVANCED_FACE('',(#420),#6614,.T.);
#7011=ADVANCED_FACE('',(#421),#6615,.T.);
#7012=ADVANCED_FACE('',(#422),#6616,.T.);
#7013=ADVANCED_FACE('',(#423),#6617,.F.);
#7014=ADVANCED_FACE('',(#424),#6618,.F.);
#7015=ADVANCED_FACE('',(#425),#6619,.T.);
#7016=ADVANCED_FACE('',(#426),#6620,.T.);
#7017=ADVANCED_FACE('',(#427),#6621,.F.);
#7018=ADVANCED_FACE('',(#428),#6622,.F.);
#7019=ADVANCED_FACE('',(#429),#6623,.F.);
#7020=ADVANCED_FACE('',(#430),#6624,.F.);
#7021=ADVANCED_FACE('',(#431),#6625,.T.);
#7022=ADVANCED_FACE('',(#432),#6626,.T.);
#7023=ADVANCED_FACE('',(#433),#6627,.F.);
#7024=ADVANCED_FACE('',(#434),#6628,.T.);
#7025=ADVANCED_FACE('',(#435),#6629,.F.);
#7026=ADVANCED_FACE('',(#436),#6630,.F.);
#7027=ADVANCED_FACE('',(#437),#6631,.T.);
#7028=ADVANCED_FACE('',(#438),#6632,.T.);
#7029=ADVANCED_FACE('',(#439),#6633,.T.);
#7030=ADVANCED_FACE('',(#440),#6634,.T.);
#7031=ADVANCED_FACE('',(#441),#6635,.T.);
#7032=ADVANCED_FACE('',(#442),#6636,.T.);
#7033=ADVANCED_FACE('',(#443),#6637,.T.);
#7034=ADVANCED_FACE('',(#444),#6638,.T.);
#7035=ADVANCED_FACE('',(#445),#6639,.F.);
#7036=ADVANCED_FACE('',(#446),#6640,.T.);
#7037=ADVANCED_FACE('',(#447),#6641,.F.);
#7038=ADVANCED_FACE('',(#448),#6642,.T.);
#7039=ADVANCED_FACE('',(#449),#6643,.T.);
#7040=ADVANCED_FACE('',(#450),#6644,.F.);
#7041=ADVANCED_FACE('',(#451),#6645,.T.);
#7042=ADVANCED_FACE('',(#452),#6646,.F.);
#7043=ADVANCED_FACE('',(#453),#6647,.F.);
#7044=ADVANCED_FACE('',(#454),#6648,.F.);
#7045=ADVANCED_FACE('',(#455),#6649,.F.);
#7046=ADVANCED_FACE('',(#456),#6650,.F.);
#7047=ADVANCED_FACE('',(#457),#6651,.F.);
#7048=ADVANCED_FACE('',(#458),#6652,.F.);
#7049=ADVANCED_FACE('',(#459),#6653,.F.);
#7050=ADVANCED_FACE('',(#460),#6654,.F.);
#7051=ADVANCED_FACE('',(#461),#6655,.T.);
#7052=ADVANCED_FACE('',(#462),#6656,.T.);
#7053=ADVANCED_FACE('',(#463),#6657,.T.);
#7054=ADVANCED_FACE('',(#464),#6658,.T.);
#7055=ADVANCED_FACE('',(#465),#6659,.F.);
#7056=ADVANCED_FACE('',(#466),#6660,.F.);
#7057=ADVANCED_FACE('',(#467),#6661,.F.);
#7058=ADVANCED_FACE('',(#468),#6662,.F.);
#7059=ADVANCED_FACE('',(#469),#6663,.T.);
#7060=ADVANCED_FACE('',(#470),#6664,.F.);
#7061=ADVANCED_FACE('',(#471),#6665,.F.);
#7062=ADVANCED_FACE('',(#472),#6666,.F.);
#7063=ADVANCED_FACE('',(#473),#6667,.F.);
#7064=ADVANCED_FACE('',(#474),#6668,.F.);
#7065=ADVANCED_FACE('',(#475),#6669,.F.);
#7066=ADVANCED_FACE('',(#476),#6670,.T.);
#7067=ADVANCED_FACE('',(#477),#6671,.T.);
#7068=ADVANCED_FACE('',(#478),#6672,.F.);
#7069=ADVANCED_FACE('',(#479),#6673,.T.);
#7070=ADVANCED_FACE('',(#480),#6674,.T.);
#7071=ADVANCED_FACE('',(#481),#6675,.F.);
#7072=ADVANCED_FACE('',(#482),#6676,.T.);
#7073=ADVANCED_FACE('',(#483),#6677,.T.);
#7074=ADVANCED_FACE('',(#484,#160,#161),#6678,.T.);
#7075=ADVANCED_FACE('',(#485),#6679,.F.);
#7076=ADVANCED_FACE('',(#486),#6680,.F.);
#7077=ADVANCED_FACE('',(#487),#6681,.T.);
#7078=ADVANCED_FACE('',(#488),#6682,.F.);
#7079=ADVANCED_FACE('',(#489),#6683,.F.);
#7080=ADVANCED_FACE('',(#490),#6684,.F.);
#7081=ADVANCED_FACE('',(#491),#6685,.F.);
#7082=ADVANCED_FACE('',(#492),#6686,.F.);
#7083=ADVANCED_FACE('',(#493),#6687,.T.);
#7084=ADVANCED_FACE('',(#494),#6688,.T.);
#7085=ADVANCED_FACE('',(#495),#6689,.F.);
#7086=ADVANCED_FACE('',(#496),#6690,.F.);
#7087=ADVANCED_FACE('',(#497),#6691,.T.);
#7088=ADVANCED_FACE('',(#498),#6692,.T.);
#7089=ADVANCED_FACE('',(#499),#6693,.F.);
#7090=ADVANCED_FACE('',(#500),#6694,.T.);
#7091=ADVANCED_FACE('',(#501),#6695,.T.);
#7092=ADVANCED_FACE('',(#502),#6696,.T.);
#7093=ADVANCED_FACE('',(#503),#6697,.T.);
#7094=ADVANCED_FACE('',(#504),#6698,.T.);
#7095=ADVANCED_FACE('',(#505),#6699,.F.);
#7096=ADVANCED_FACE('',(#506),#6700,.T.);
#7097=ADVANCED_FACE('',(#507),#6701,.T.);
#7098=ADVANCED_FACE('',(#508),#6702,.T.);
#7099=ADVANCED_FACE('',(#509),#6703,.T.);
#7100=ADVANCED_FACE('',(#510),#6704,.T.);
#7101=ADVANCED_FACE('',(#511),#6705,.F.);
#7102=ADVANCED_FACE('',(#512),#6706,.T.);
#7103=ADVANCED_FACE('',(#513),#6707,.T.);
#7104=ADVANCED_FACE('',(#514),#6708,.T.);
#7105=ADVANCED_FACE('',(#515),#6709,.T.);
#7106=ADVANCED_FACE('',(#516),#6710,.T.);
#7107=ADVANCED_FACE('',(#517),#6711,.F.);
#7108=ADVANCED_FACE('',(#518),#6712,.F.);
#7109=ADVANCED_FACE('',(#519),#6713,.F.);
#7110=ADVANCED_FACE('',(#520),#6714,.F.);
#7111=ADVANCED_FACE('',(#521),#6715,.F.);
#7112=ADVANCED_FACE('',(#522),#6716,.F.);
#7113=ADVANCED_FACE('',(#523),#6717,.F.);
#7114=ADVANCED_FACE('',(#524),#6718,.F.);
#7115=ADVANCED_FACE('',(#525),#6719,.F.);
#7116=ADVANCED_FACE('',(#526),#6720,.F.);
#7117=ADVANCED_FACE('',(#527),#6721,.F.);
#7118=ADVANCED_FACE('',(#528),#6722,.F.);
#7119=ADVANCED_FACE('',(#529),#6723,.T.);
#7120=ADVANCED_FACE('',(#530),#6724,.T.);
#7121=ADVANCED_FACE('',(#531),#6725,.T.);
#7122=ADVANCED_FACE('',(#532),#6726,.T.);
#7123=ADVANCED_FACE('',(#533),#6727,.T.);
#7124=ADVANCED_FACE('',(#534),#6728,.F.);
#7125=ADVANCED_FACE('',(#535),#6729,.F.);
#7126=ADVANCED_FACE('',(#536),#6730,.F.);
#7127=ADVANCED_FACE('',(#537),#6731,.T.);
#7128=ADVANCED_FACE('',(#538),#6732,.T.);
#7129=ADVANCED_FACE('',(#539),#6733,.F.);
#7130=ADVANCED_FACE('',(#540),#6734,.F.);
#7131=ADVANCED_FACE('',(#541),#6735,.T.);
#7132=ADVANCED_FACE('',(#542),#6736,.T.);
#7133=ADVANCED_FACE('',(#543),#6737,.F.);
#7134=ADVANCED_FACE('',(#544),#6738,.F.);
#7135=ADVANCED_FACE('',(#545),#6739,.F.);
#7136=ADVANCED_FACE('',(#546),#6740,.T.);
#7137=ADVANCED_FACE('',(#547),#6741,.F.);
#7138=ADVANCED_FACE('',(#548),#6742,.F.);
#7139=ADVANCED_FACE('',(#549),#6743,.F.);
#7140=ADVANCED_FACE('',(#550),#6744,.T.);
#7141=ADVANCED_FACE('',(#551),#6745,.F.);
#7142=ADVANCED_FACE('',(#552),#6746,.T.);
#7143=ADVANCED_FACE('',(#553),#6747,.F.);
#7144=ADVANCED_FACE('',(#554),#6748,.F.);
#7145=ADVANCED_FACE('',(#555),#6749,.F.);
#7146=ADVANCED_FACE('',(#556),#6750,.F.);
#7147=ADVANCED_FACE('',(#557),#6751,.F.);
#7148=ADVANCED_FACE('',(#558),#6752,.F.);
#7149=ADVANCED_FACE('',(#559),#6753,.F.);
#7150=ADVANCED_FACE('',(#560),#6754,.F.);
#7151=ADVANCED_FACE('',(#561),#6755,.F.);
#7152=ADVANCED_FACE('',(#562),#6756,.F.);
#7153=ADVANCED_FACE('',(#563),#6757,.T.);
#7154=ADVANCED_FACE('',(#564),#6758,.T.);
#7155=ADVANCED_FACE('',(#565),#6759,.F.);
#7156=ADVANCED_FACE('',(#566),#6760,.F.);
#7157=ADVANCED_FACE('',(#567),#6761,.F.);
#7158=ADVANCED_FACE('',(#568),#6762,.T.);
#7159=ADVANCED_FACE('',(#569),#6763,.F.);
#7160=ADVANCED_FACE('',(#570),#6764,.F.);
#7161=ADVANCED_FACE('',(#571),#6765,.F.);
#7162=ADVANCED_FACE('',(#572),#6766,.F.);
#7163=ADVANCED_FACE('',(#573),#6767,.F.);
#7164=ADVANCED_FACE('',(#574),#6768,.T.);
#7165=ADVANCED_FACE('',(#575),#6769,.T.);
#7166=ADVANCED_FACE('',(#576),#6770,.T.);
#7167=ADVANCED_FACE('',(#577),#6771,.T.);
#7168=ADVANCED_FACE('',(#578),#6772,.T.);
#7169=ADVANCED_FACE('',(#579),#6773,.T.);
#7170=ADVANCED_FACE('',(#580),#6774,.T.);
#7171=ADVANCED_FACE('',(#581),#6775,.F.);
#7172=ADVANCED_FACE('',(#582),#6776,.T.);
#7173=ADVANCED_FACE('',(#583),#6777,.F.);
#7174=ADVANCED_FACE('',(#584),#6778,.F.);
#7175=ADVANCED_FACE('',(#585),#6779,.T.);
#7176=ADVANCED_FACE('',(#586),#6780,.T.);
#7177=ADVANCED_FACE('',(#587),#6781,.F.);
#7178=ADVANCED_FACE('',(#588),#6782,.T.);
#7179=ADVANCED_FACE('',(#589),#6783,.T.);
#7180=ADVANCED_FACE('',(#590),#6784,.T.);
#7181=ADVANCED_FACE('',(#591),#6785,.T.);
#7182=ADVANCED_FACE('',(#592),#6786,.T.);
#7183=ADVANCED_FACE('',(#593),#6787,.F.);
#7184=ADVANCED_FACE('',(#594),#6788,.F.);
#7185=ADVANCED_FACE('',(#595),#6789,.T.);
#7186=ADVANCED_FACE('',(#596),#6790,.T.);
#7187=ADVANCED_FACE('',(#597),#6791,.T.);
#7188=ADVANCED_FACE('',(#598),#6792,.F.);
#7189=ADVANCED_FACE('',(#599),#6793,.F.);
#7190=ADVANCED_FACE('',(#600),#6794,.T.);
#7191=ADVANCED_FACE('',(#601),#6795,.T.);
#7192=ADVANCED_FACE('',(#602),#6796,.T.);
#7193=ADVANCED_FACE('',(#603),#6797,.F.);
#7194=ADVANCED_FACE('',(#604),#6798,.T.);
#7195=ADVANCED_FACE('',(#605),#6799,.F.);
#7196=ADVANCED_FACE('',(#606),#6800,.T.);
#7197=ADVANCED_FACE('',(#607),#6801,.F.);
#7198=ADVANCED_FACE('',(#608),#6802,.F.);
#7199=ADVANCED_FACE('',(#609),#6803,.T.);
#7200=ADVANCED_FACE('',(#610),#6804,.T.);
#7201=ADVANCED_FACE('',(#611),#6805,.T.);
#7202=ADVANCED_FACE('',(#612),#6806,.T.);
#7203=ADVANCED_FACE('',(#613),#6807,.T.);
#7204=ADVANCED_FACE('',(#614),#6808,.T.);
#7205=ADVANCED_FACE('',(#615),#6809,.T.);
#7206=ADVANCED_FACE('',(#616),#6810,.T.);
#7207=ADVANCED_FACE('',(#617),#6811,.F.);
#7208=ADVANCED_FACE('',(#618),#6812,.T.);
#7209=ADVANCED_FACE('',(#619),#6813,.F.);
#7210=ADVANCED_FACE('',(#620),#6814,.F.);
#7211=ADVANCED_FACE('',(#621),#6815,.F.);
#7212=ADVANCED_FACE('',(#622),#6816,.T.);
#7213=ADVANCED_FACE('',(#623),#6817,.T.);
#7214=ADVANCED_FACE('',(#624),#6818,.F.);
#7215=ADVANCED_FACE('',(#625),#6819,.T.);
#7216=ADVANCED_FACE('',(#626),#6820,.F.);
#7217=ADVANCED_FACE('',(#627),#6821,.T.);
#7218=ADVANCED_FACE('',(#628),#6822,.T.);
#7219=ADVANCED_FACE('',(#629),#6823,.T.);
#7220=ADVANCED_FACE('',(#630),#6824,.T.);
#7221=ADVANCED_FACE('',(#631),#6825,.T.);
#7222=ADVANCED_FACE('',(#632),#6826,.T.);
#7223=ADVANCED_FACE('',(#633),#6827,.F.);
#7224=ADVANCED_FACE('',(#634),#6828,.T.);
#7225=ADVANCED_FACE('',(#635),#6829,.T.);
#7226=ADVANCED_FACE('',(#636),#6830,.T.);
#7227=ADVANCED_FACE('',(#637),#6831,.T.);
#7228=ADVANCED_FACE('',(#638),#6832,.F.);
#7229=ADVANCED_FACE('',(#639),#6833,.T.);
#7230=ADVANCED_FACE('',(#640),#6834,.T.);
#7231=ADVANCED_FACE('',(#641),#6835,.T.);
#7232=ADVANCED_FACE('',(#642),#6836,.T.);
#7233=ADVANCED_FACE('',(#643),#6837,.T.);
#7234=ADVANCED_FACE('',(#644),#6838,.F.);
#7235=ADVANCED_FACE('',(#645),#6839,.T.);
#7236=ADVANCED_FACE('',(#646),#6840,.F.);
#7237=ADVANCED_FACE('',(#647),#6841,.T.);
#7238=ADVANCED_FACE('',(#648),#6842,.T.);
#7239=ADVANCED_FACE('',(#649),#6843,.T.);
#7240=ADVANCED_FACE('',(#650),#6844,.T.);
#7241=ADVANCED_FACE('',(#651),#6845,.T.);
#7242=ADVANCED_FACE('',(#652),#6846,.F.);
#7243=ADVANCED_FACE('',(#653),#6847,.T.);
#7244=ADVANCED_FACE('',(#654),#6848,.T.);
#7245=ADVANCED_FACE('',(#655),#6849,.F.);
#7246=ADVANCED_FACE('',(#656),#6850,.F.);
#7247=ADVANCED_FACE('',(#657),#6851,.T.);
#7248=ADVANCED_FACE('',(#658),#6852,.T.);
#7249=ADVANCED_FACE('',(#659),#6853,.T.);
#7250=ADVANCED_FACE('',(#660),#6854,.T.);
#7251=ADVANCED_FACE('',(#661),#6855,.T.);
#7252=ADVANCED_FACE('',(#662),#6856,.T.);
#7253=ADVANCED_FACE('',(#663),#6857,.T.);
#7254=ADVANCED_FACE('',(#664),#6858,.F.);
#7255=ADVANCED_FACE('',(#665),#6859,.T.);
#7256=ADVANCED_FACE('',(#666),#6860,.T.);
#7257=ADVANCED_FACE('',(#667),#6861,.T.);
#7258=ADVANCED_FACE('',(#668),#6862,.T.);
#7259=ADVANCED_FACE('',(#669),#6863,.T.);
#7260=ADVANCED_FACE('',(#670),#6864,.F.);
#7261=ADVANCED_FACE('',(#671),#6865,.F.);
#7262=ADVANCED_FACE('',(#672),#6866,.T.);
#7263=ADVANCED_FACE('',(#673),#6867,.T.);
#7264=ADVANCED_FACE('',(#674),#6868,.T.);
#7265=ADVANCED_FACE('',(#675),#6869,.T.);
#7266=ADVANCED_FACE('',(#676),#6870,.T.);
#7267=ADVANCED_FACE('',(#677),#6871,.F.);
#7268=ADVANCED_FACE('',(#678),#6872,.T.);
#7269=ADVANCED_FACE('',(#679),#6873,.T.);
#7270=ADVANCED_FACE('',(#680),#6874,.T.);
#7271=ADVANCED_FACE('',(#681),#6875,.T.);
#7272=ADVANCED_FACE('',(#682),#6876,.T.);
#7273=ADVANCED_FACE('',(#683),#6877,.T.);
#7274=ADVANCED_FACE('',(#684),#6878,.T.);
#7275=ADVANCED_FACE('',(#685),#6879,.T.);
#7276=ADVANCED_FACE('',(#686),#6880,.T.);
#7277=ADVANCED_FACE('',(#687),#6881,.T.);
#7278=ADVANCED_FACE('',(#688),#6882,.T.);
#7279=ADVANCED_FACE('',(#689),#6883,.T.);
#7280=ADVANCED_FACE('',(#690),#6884,.T.);
#7281=ADVANCED_FACE('',(#691),#6885,.T.);
#7282=ADVANCED_FACE('',(#692),#6886,.T.);
#7283=ADVANCED_FACE('',(#693),#6887,.T.);
#7284=ADVANCED_FACE('',(#694),#6888,.T.);
#7285=ADVANCED_FACE('',(#695),#6889,.T.);
#7286=ADVANCED_FACE('',(#696),#6890,.T.);
#7287=ADVANCED_FACE('',(#697),#6891,.T.);
#7288=ADVANCED_FACE('',(#698),#6892,.T.);
#7289=ADVANCED_FACE('',(#699),#6893,.T.);
#7290=ADVANCED_FACE('',(#700),#6894,.T.);
#7291=ADVANCED_FACE('',(#701),#6895,.T.);
#7292=ADVANCED_FACE('',(#702),#6896,.T.);
#7293=ADVANCED_FACE('',(#703),#6897,.T.);
#7294=ADVANCED_FACE('',(#704),#6898,.T.);
#7295=ADVANCED_FACE('',(#705),#6899,.T.);
#7296=ADVANCED_FACE('',(#706),#6900,.F.);
#7297=CLOSED_SHELL('',(#6901,#6902,#6903,#6904,#6905,#6906,#6907,#6908,
#6909,#6910,#6911,#6912));
#7298=CLOSED_SHELL('',(#6913,#6914,#6915,#6916,#6917,#6918,#6919,#6920,
#6921,#6922));
#7299=CLOSED_SHELL('',(#6923,#6924,#6925,#6926,#6927,#6928,#6929,#6930,
#6931,#6932,#6933));
#7300=CLOSED_SHELL('',(#6934,#6935,#6936,#6937,#6938,#6939,#6940,#6941,
#6942,#6943));
#7301=CLOSED_SHELL('',(#6944,#6945,#6946,#6947,#6948,#6949,#6950,#6951,
#6952,#6953,#6954,#6955));
#7302=CLOSED_SHELL('',(#6956,#6957,#6958,#6959,#6960,#6961,#6962,#6963,
#6964,#6965));
#7303=CLOSED_SHELL('',(#6966,#6967,#6968,#6969,#6970,#6971));
#7304=CLOSED_SHELL('',(#6972,#6973,#6974,#6975,#6976,#6977,#6978,#6979,
#6980,#6981));
#7305=CLOSED_SHELL('',(#6982,#6983,#6984,#6985,#6986,#6987));
#7306=CLOSED_SHELL('',(#6988,#6989,#6990,#6991,#6992,#6993,#6994,#6995));
#7307=CLOSED_SHELL('',(#6996,#6997,#6998,#6999,#7000,#7001,#7002,#7003));
#7308=CLOSED_SHELL('',(#7004,#7005,#7006,#7007,#7008,#7009,#7010,#7011));
#7309=CLOSED_SHELL('',(#7012,#7013,#7014,#7015,#7016,#7017,#7018,#7019,
#7020,#7021,#7022,#7023,#7024,#7025,#7026,#7027,#7028,#7029,#7030,#7031,
#7032,#7033,#7034,#7035,#7036,#7037,#7038,#7039,#7040,#7041));
#7310=CLOSED_SHELL('',(#7042,#7043,#7044,#7045,#7046,#7047,#7048,#7049,
#7050,#7051,#7052,#7053,#7054,#7055,#7056,#7057,#7058,#7059,#7060,#7061,
#7062,#7063,#7064,#7065,#7066,#7067,#7068,#7069,#7070,#7071,#7072,#7073,
#7074,#7075,#7076,#7077,#7078,#7079,#7080,#7081,#7082,#7083,#7084,#7085,
#7086,#7087,#7088,#7089));
#7311=CLOSED_SHELL('',(#7090,#7091,#7092,#7093,#7094,#7095));
#7312=CLOSED_SHELL('',(#7096,#7097,#7098,#7099,#7100,#7101));
#7313=CLOSED_SHELL('',(#7102,#7103,#7104,#7105,#7106,#7107));
#7314=CLOSED_SHELL('',(#7108,#7109,#7110,#7111,#7112,#7113,#7114,#7115,
#7116,#7117,#7118,#7119,#7120,#7121,#7122,#7123,#7124));
#7315=CLOSED_SHELL('',(#7125,#7126,#7127,#7128,#7129,#7130,#7131,#7132,
#7133,#7134,#7135,#7136,#7137));
#7316=CLOSED_SHELL('',(#7138,#7139,#7140,#7141,#7142,#7143,#7144,#7145,
#7146,#7147,#7148,#7149,#7150,#7151,#7152,#7153,#7154,#7155,#7156,#7157,
#7158,#7159,#7160,#7161,#7162,#7163,#7164));
#7317=CLOSED_SHELL('',(#7165,#7166,#7167,#7168,#7169,#7170));
#7318=CLOSED_SHELL('',(#7171,#7172,#7173,#7174,#7175,#7176,#7177,#7178,
#7179,#7180,#7181,#7182,#7183,#7184,#7185,#7186,#7187));
#7319=CLOSED_SHELL('',(#7188,#7189,#7190,#7191,#7192,#7193,#7194,#7195,
#7196,#7197,#7198,#7199,#7200));
#7320=CLOSED_SHELL('',(#7201,#7202,#7203,#7204,#7205,#7206));
#7321=CLOSED_SHELL('',(#7207,#7208,#7209,#7210,#7211,#7212));
#7322=CLOSED_SHELL('',(#7213,#7214,#7215,#7216,#7217,#7218,#7219,#7220));
#7323=CLOSED_SHELL('',(#7221,#7222,#7223,#7224,#7225,#7226));
#7324=CLOSED_SHELL('',(#7227,#7228,#7229,#7230,#7231,#7232,#7233,#7234));
#7325=CLOSED_SHELL('',(#7235,#7236,#7237,#7238,#7239,#7240,#7241,#7242));
#7326=CLOSED_SHELL('',(#7243,#7244,#7245,#7246,#7247,#7248,#7249,#7250,
#7251));
#7327=CLOSED_SHELL('',(#7252,#7253,#7254,#7255,#7256,#7257,#7258,#7259,
#7260));
#7328=CLOSED_SHELL('',(#7261,#7262,#7263,#7264,#7265,#7266));
#7329=CLOSED_SHELL('',(#7267,#7268,#7269,#7270,#7271,#7272));
#7330=CLOSED_SHELL('',(#7273,#7274,#7275,#7276,#7277,#7278));
#7331=CLOSED_SHELL('',(#7279,#7280,#7281,#7282,#7283,#7284));
#7332=CLOSED_SHELL('',(#7285,#7286,#7287,#7288,#7289,#7290));
#7333=CLOSED_SHELL('',(#7291,#7292,#7293,#7294,#7295,#7296));
#7334=DERIVED_UNIT_ELEMENT(#7408,1.);
#7335=DERIVED_UNIT_ELEMENT(#12245,-3.);
#7336=DERIVED_UNIT_ELEMENT(#7408,1.);
#7337=DERIVED_UNIT_ELEMENT(#12245,-3.);
#7338=DERIVED_UNIT_ELEMENT(#7408,1.);
#7339=DERIVED_UNIT_ELEMENT(#12245,-3.);
#7340=DERIVED_UNIT_ELEMENT(#7408,1.);
#7341=DERIVED_UNIT_ELEMENT(#12245,-3.);
#7342=DERIVED_UNIT_ELEMENT(#7408,1.);
#7343=DERIVED_UNIT_ELEMENT(#12245,-3.);
#7344=DERIVED_UNIT_ELEMENT(#7408,1.);
#7345=DERIVED_UNIT_ELEMENT(#12245,-3.);
#7346=DERIVED_UNIT_ELEMENT(#7408,1.);
#7347=DERIVED_UNIT_ELEMENT(#12245,-3.);
#7348=DERIVED_UNIT_ELEMENT(#7408,1.);
#7349=DERIVED_UNIT_ELEMENT(#12245,-3.);
#7350=DERIVED_UNIT_ELEMENT(#7408,1.);
#7351=DERIVED_UNIT_ELEMENT(#12245,-3.);
#7352=DERIVED_UNIT_ELEMENT(#7408,1.);
#7353=DERIVED_UNIT_ELEMENT(#12245,-3.);
#7354=DERIVED_UNIT_ELEMENT(#7408,1.);
#7355=DERIVED_UNIT_ELEMENT(#12245,-3.);
#7356=DERIVED_UNIT_ELEMENT(#7408,1.);
#7357=DERIVED_UNIT_ELEMENT(#12245,-3.);
#7358=DERIVED_UNIT_ELEMENT(#7408,1.);
#7359=DERIVED_UNIT_ELEMENT(#12245,-3.);
#7360=DERIVED_UNIT_ELEMENT(#7408,1.);
#7361=DERIVED_UNIT_ELEMENT(#12245,-3.);
#7362=DERIVED_UNIT_ELEMENT(#7408,1.);
#7363=DERIVED_UNIT_ELEMENT(#12245,-3.);
#7364=DERIVED_UNIT_ELEMENT(#7408,1.);
#7365=DERIVED_UNIT_ELEMENT(#12245,-3.);
#7366=DERIVED_UNIT_ELEMENT(#7408,1.);
#7367=DERIVED_UNIT_ELEMENT(#12245,-3.);
#7368=DERIVED_UNIT_ELEMENT(#7408,1.);
#7369=DERIVED_UNIT_ELEMENT(#12245,-3.);
#7370=DERIVED_UNIT_ELEMENT(#7408,1.);
#7371=DERIVED_UNIT_ELEMENT(#12245,-3.);
#7372=DERIVED_UNIT_ELEMENT(#7408,1.);
#7373=DERIVED_UNIT_ELEMENT(#12245,-3.);
#7374=DERIVED_UNIT_ELEMENT(#7408,1.);
#7375=DERIVED_UNIT_ELEMENT(#12245,-3.);
#7376=DERIVED_UNIT_ELEMENT(#7408,1.);
#7377=DERIVED_UNIT_ELEMENT(#12245,-3.);
#7378=DERIVED_UNIT_ELEMENT(#7408,1.);
#7379=DERIVED_UNIT_ELEMENT(#12245,-3.);
#7380=DERIVED_UNIT_ELEMENT(#7408,1.);
#7381=DERIVED_UNIT_ELEMENT(#12245,-3.);
#7382=DERIVED_UNIT_ELEMENT(#7408,1.);
#7383=DERIVED_UNIT_ELEMENT(#12245,-3.);
#7384=DERIVED_UNIT_ELEMENT(#7408,1.);
#7385=DERIVED_UNIT_ELEMENT(#12245,-3.);
#7386=DERIVED_UNIT_ELEMENT(#7408,1.);
#7387=DERIVED_UNIT_ELEMENT(#12245,-3.);
#7388=DERIVED_UNIT_ELEMENT(#7408,1.);
#7389=DERIVED_UNIT_ELEMENT(#12245,-3.);
#7390=DERIVED_UNIT_ELEMENT(#7408,1.);
#7391=DERIVED_UNIT_ELEMENT(#12245,-3.);
#7392=DERIVED_UNIT_ELEMENT(#7408,1.);
#7393=DERIVED_UNIT_ELEMENT(#12245,-3.);
#7394=DERIVED_UNIT_ELEMENT(#7408,1.);
#7395=DERIVED_UNIT_ELEMENT(#12245,-3.);
#7396=DERIVED_UNIT_ELEMENT(#7408,1.);
#7397=DERIVED_UNIT_ELEMENT(#12245,-3.);
#7398=DERIVED_UNIT_ELEMENT(#7408,1.);
#7399=DERIVED_UNIT_ELEMENT(#12245,-3.);
#7400=DERIVED_UNIT_ELEMENT(#7408,1.);
#7401=DERIVED_UNIT_ELEMENT(#12245,-3.);
#7402=DERIVED_UNIT_ELEMENT(#7408,1.);
#7403=DERIVED_UNIT_ELEMENT(#12245,-3.);
#7404=DERIVED_UNIT_ELEMENT(#7408,1.);
#7405=DERIVED_UNIT_ELEMENT(#12245,-3.);
#7406=DERIVED_UNIT_ELEMENT(#7408,1.);
#7407=DERIVED_UNIT_ELEMENT(#12245,-3.);
#7408=(
MASS_UNIT()
NAMED_UNIT(*)
SI_UNIT(.KILO.,.GRAM.)
);
#7409=DERIVED_UNIT((#7334,#7335));
#7410=DERIVED_UNIT((#7336,#7337));
#7411=DERIVED_UNIT((#7338,#7339));
#7412=DERIVED_UNIT((#7340,#7341));
#7413=DERIVED_UNIT((#7342,#7343));
#7414=DERIVED_UNIT((#7344,#7345));
#7415=DERIVED_UNIT((#7346,#7347));
#7416=DERIVED_UNIT((#7348,#7349));
#7417=DERIVED_UNIT((#7350,#7351));
#7418=DERIVED_UNIT((#7352,#7353));
#7419=DERIVED_UNIT((#7354,#7355));
#7420=DERIVED_UNIT((#7356,#7357));
#7421=DERIVED_UNIT((#7358,#7359));
#7422=DERIVED_UNIT((#7360,#7361));
#7423=DERIVED_UNIT((#7362,#7363));
#7424=DERIVED_UNIT((#7364,#7365));
#7425=DERIVED_UNIT((#7366,#7367));
#7426=DERIVED_UNIT((#7368,#7369));
#7427=DERIVED_UNIT((#7370,#7371));
#7428=DERIVED_UNIT((#7372,#7373));
#7429=DERIVED_UNIT((#7374,#7375));
#7430=DERIVED_UNIT((#7376,#7377));
#7431=DERIVED_UNIT((#7378,#7379));
#7432=DERIVED_UNIT((#7380,#7381));
#7433=DERIVED_UNIT((#7382,#7383));
#7434=DERIVED_UNIT((#7384,#7385));
#7435=DERIVED_UNIT((#7386,#7387));
#7436=DERIVED_UNIT((#7388,#7389));
#7437=DERIVED_UNIT((#7390,#7391));
#7438=DERIVED_UNIT((#7392,#7393));
#7439=DERIVED_UNIT((#7394,#7395));
#7440=DERIVED_UNIT((#7396,#7397));
#7441=DERIVED_UNIT((#7398,#7399));
#7442=DERIVED_UNIT((#7400,#7401));
#7443=DERIVED_UNIT((#7402,#7403));
#7444=DERIVED_UNIT((#7404,#7405));
#7445=DERIVED_UNIT((#7406,#7407));
#7446=MEASURE_REPRESENTATION_ITEM('density measure',
POSITIVE_RATIO_MEASURE(7850.),#7409);
#7447=MEASURE_REPRESENTATION_ITEM('density measure',
POSITIVE_RATIO_MEASURE(7850.),#7410);
#7448=MEASURE_REPRESENTATION_ITEM('density measure',
POSITIVE_RATIO_MEASURE(7850.),#7411);
#7449=MEASURE_REPRESENTATION_ITEM('density measure',
POSITIVE_RATIO_MEASURE(7850.),#7412);
#7450=MEASURE_REPRESENTATION_ITEM('density measure',
POSITIVE_RATIO_MEASURE(7850.),#7413);
#7451=MEASURE_REPRESENTATION_ITEM('density measure',
POSITIVE_RATIO_MEASURE(7850.),#7414);
#7452=MEASURE_REPRESENTATION_ITEM('density measure',
POSITIVE_RATIO_MEASURE(7850.),#7415);
#7453=MEASURE_REPRESENTATION_ITEM('density measure',
POSITIVE_RATIO_MEASURE(7850.),#7416);
#7454=MEASURE_REPRESENTATION_ITEM('density measure',
POSITIVE_RATIO_MEASURE(7850.),#7417);
#7455=MEASURE_REPRESENTATION_ITEM('density measure',
POSITIVE_RATIO_MEASURE(7850.),#7418);
#7456=MEASURE_REPRESENTATION_ITEM('density measure',
POSITIVE_RATIO_MEASURE(7850.),#7419);
#7457=MEASURE_REPRESENTATION_ITEM('density measure',
POSITIVE_RATIO_MEASURE(7850.),#7420);
#7458=MEASURE_REPRESENTATION_ITEM('density measure',
POSITIVE_RATIO_MEASURE(7850.),#7421);
#7459=MEASURE_REPRESENTATION_ITEM('density measure',
POSITIVE_RATIO_MEASURE(7850.),#7422);
#7460=MEASURE_REPRESENTATION_ITEM('density measure',
POSITIVE_RATIO_MEASURE(7850.),#7423);
#7461=MEASURE_REPRESENTATION_ITEM('density measure',
POSITIVE_RATIO_MEASURE(7850.),#7424);
#7462=MEASURE_REPRESENTATION_ITEM('density measure',
POSITIVE_RATIO_MEASURE(7850.),#7425);
#7463=MEASURE_REPRESENTATION_ITEM('density measure',
POSITIVE_RATIO_MEASURE(7850.),#7426);
#7464=MEASURE_REPRESENTATION_ITEM('density measure',
POSITIVE_RATIO_MEASURE(7850.),#7427);
#7465=MEASURE_REPRESENTATION_ITEM('density measure',
POSITIVE_RATIO_MEASURE(7850.),#7428);
#7466=MEASURE_REPRESENTATION_ITEM('density measure',
POSITIVE_RATIO_MEASURE(7850.),#7429);
#7467=MEASURE_REPRESENTATION_ITEM('density measure',
POSITIVE_RATIO_MEASURE(7850.),#7430);
#7468=MEASURE_REPRESENTATION_ITEM('density measure',
POSITIVE_RATIO_MEASURE(7850.),#7431);
#7469=MEASURE_REPRESENTATION_ITEM('density measure',
POSITIVE_RATIO_MEASURE(7850.),#7432);
#7470=MEASURE_REPRESENTATION_ITEM('density measure',
POSITIVE_RATIO_MEASURE(7850.),#7433);
#7471=MEASURE_REPRESENTATION_ITEM('density measure',
POSITIVE_RATIO_MEASURE(7850.),#7434);
#7472=MEASURE_REPRESENTATION_ITEM('density measure',
POSITIVE_RATIO_MEASURE(7850.),#7435);
#7473=MEASURE_REPRESENTATION_ITEM('density measure',
POSITIVE_RATIO_MEASURE(7850.),#7436);
#7474=MEASURE_REPRESENTATION_ITEM('density measure',
POSITIVE_RATIO_MEASURE(7850.),#7437);
#7475=MEASURE_REPRESENTATION_ITEM('density measure',
POSITIVE_RATIO_MEASURE(7850.),#7438);
#7476=MEASURE_REPRESENTATION_ITEM('density measure',
POSITIVE_RATIO_MEASURE(7850.),#7439);
#7477=MEASURE_REPRESENTATION_ITEM('density measure',
POSITIVE_RATIO_MEASURE(7850.),#7440);
#7478=MEASURE_REPRESENTATION_ITEM('density measure',
POSITIVE_RATIO_MEASURE(7850.),#7441);
#7479=MEASURE_REPRESENTATION_ITEM('density measure',
POSITIVE_RATIO_MEASURE(7850.),#7442);
#7480=MEASURE_REPRESENTATION_ITEM('density measure',
POSITIVE_RATIO_MEASURE(7850.),#7443);
#7481=MEASURE_REPRESENTATION_ITEM('density measure',
POSITIVE_RATIO_MEASURE(7850.),#7444);
#7482=MEASURE_REPRESENTATION_ITEM('density measure',
POSITIVE_RATIO_MEASURE(7850.),#7445);
#7483=PROPERTY_DEFINITION_REPRESENTATION(#7668,#7557);
#7484=PROPERTY_DEFINITION_REPRESENTATION(#7669,#7558);
#7485=PROPERTY_DEFINITION_REPRESENTATION(#7670,#7559);
#7486=PROPERTY_DEFINITION_REPRESENTATION(#7671,#7560);
#7487=PROPERTY_DEFINITION_REPRESENTATION(#7672,#7561);
#7488=PROPERTY_DEFINITION_REPRESENTATION(#7673,#7562);
#7489=PROPERTY_DEFINITION_REPRESENTATION(#7674,#7563);
#7490=PROPERTY_DEFINITION_REPRESENTATION(#7675,#7564);
#7491=PROPERTY_DEFINITION_REPRESENTATION(#7676,#7565);
#7492=PROPERTY_DEFINITION_REPRESENTATION(#7677,#7566);
#7493=PROPERTY_DEFINITION_REPRESENTATION(#7678,#7567);
#7494=PROPERTY_DEFINITION_REPRESENTATION(#7679,#7568);
#7495=PROPERTY_DEFINITION_REPRESENTATION(#7680,#7569);
#7496=PROPERTY_DEFINITION_REPRESENTATION(#7681,#7570);
#7497=PROPERTY_DEFINITION_REPRESENTATION(#7682,#7571);
#7498=PROPERTY_DEFINITION_REPRESENTATION(#7683,#7572);
#7499=PROPERTY_DEFINITION_REPRESENTATION(#7684,#7573);
#7500=PROPERTY_DEFINITION_REPRESENTATION(#7685,#7574);
#7501=PROPERTY_DEFINITION_REPRESENTATION(#7686,#7575);
#7502=PROPERTY_DEFINITION_REPRESENTATION(#7687,#7576);
#7503=PROPERTY_DEFINITION_REPRESENTATION(#7688,#7577);
#7504=PROPERTY_DEFINITION_REPRESENTATION(#7689,#7578);
#7505=PROPERTY_DEFINITION_REPRESENTATION(#7690,#7579);
#7506=PROPERTY_DEFINITION_REPRESENTATION(#7691,#7580);
#7507=PROPERTY_DEFINITION_REPRESENTATION(#7692,#7581);
#7508=PROPERTY_DEFINITION_REPRESENTATION(#7693,#7582);
#7509=PROPERTY_DEFINITION_REPRESENTATION(#7694,#7583);
#7510=PROPERTY_DEFINITION_REPRESENTATION(#7695,#7584);
#7511=PROPERTY_DEFINITION_REPRESENTATION(#7696,#7585);
#7512=PROPERTY_DEFINITION_REPRESENTATION(#7697,#7586);
#7513=PROPERTY_DEFINITION_REPRESENTATION(#7698,#7587);
#7514=PROPERTY_DEFINITION_REPRESENTATION(#7699,#7588);
#7515=PROPERTY_DEFINITION_REPRESENTATION(#7700,#7589);
#7516=PROPERTY_DEFINITION_REPRESENTATION(#7701,#7590);
#7517=PROPERTY_DEFINITION_REPRESENTATION(#7702,#7591);
#7518=PROPERTY_DEFINITION_REPRESENTATION(#7703,#7592);
#7519=PROPERTY_DEFINITION_REPRESENTATION(#7704,#7593);
#7520=PROPERTY_DEFINITION_REPRESENTATION(#7705,#7594);
#7521=PROPERTY_DEFINITION_REPRESENTATION(#7706,#7595);
#7522=PROPERTY_DEFINITION_REPRESENTATION(#7707,#7596);
#7523=PROPERTY_DEFINITION_REPRESENTATION(#7708,#7597);
#7524=PROPERTY_DEFINITION_REPRESENTATION(#7709,#7598);
#7525=PROPERTY_DEFINITION_REPRESENTATION(#7710,#7599);
#7526=PROPERTY_DEFINITION_REPRESENTATION(#7711,#7600);
#7527=PROPERTY_DEFINITION_REPRESENTATION(#7712,#7601);
#7528=PROPERTY_DEFINITION_REPRESENTATION(#7713,#7602);
#7529=PROPERTY_DEFINITION_REPRESENTATION(#7714,#7603);
#7530=PROPERTY_DEFINITION_REPRESENTATION(#7715,#7604);
#7531=PROPERTY_DEFINITION_REPRESENTATION(#7716,#7605);
#7532=PROPERTY_DEFINITION_REPRESENTATION(#7717,#7606);
#7533=PROPERTY_DEFINITION_REPRESENTATION(#7718,#7607);
#7534=PROPERTY_DEFINITION_REPRESENTATION(#7719,#7608);
#7535=PROPERTY_DEFINITION_REPRESENTATION(#7720,#7609);
#7536=PROPERTY_DEFINITION_REPRESENTATION(#7721,#7610);
#7537=PROPERTY_DEFINITION_REPRESENTATION(#7722,#7611);
#7538=PROPERTY_DEFINITION_REPRESENTATION(#7723,#7612);
#7539=PROPERTY_DEFINITION_REPRESENTATION(#7724,#7613);
#7540=PROPERTY_DEFINITION_REPRESENTATION(#7725,#7614);
#7541=PROPERTY_DEFINITION_REPRESENTATION(#7726,#7615);
#7542=PROPERTY_DEFINITION_REPRESENTATION(#7727,#7616);
#7543=PROPERTY_DEFINITION_REPRESENTATION(#7728,#7617);
#7544=PROPERTY_DEFINITION_REPRESENTATION(#7729,#7618);
#7545=PROPERTY_DEFINITION_REPRESENTATION(#7730,#7619);
#7546=PROPERTY_DEFINITION_REPRESENTATION(#7731,#7620);
#7547=PROPERTY_DEFINITION_REPRESENTATION(#7732,#7621);
#7548=PROPERTY_DEFINITION_REPRESENTATION(#7733,#7622);
#7549=PROPERTY_DEFINITION_REPRESENTATION(#7734,#7623);
#7550=PROPERTY_DEFINITION_REPRESENTATION(#7735,#7624);
#7551=PROPERTY_DEFINITION_REPRESENTATION(#7736,#7625);
#7552=PROPERTY_DEFINITION_REPRESENTATION(#7737,#7626);
#7553=PROPERTY_DEFINITION_REPRESENTATION(#7738,#7627);
#7554=PROPERTY_DEFINITION_REPRESENTATION(#7739,#7628);
#7555=PROPERTY_DEFINITION_REPRESENTATION(#7740,#7629);
#7556=PROPERTY_DEFINITION_REPRESENTATION(#7741,#7630);
#7557=REPRESENTATION('material name',(#7631),#12206);
#7558=REPRESENTATION('density',(#7446),#12206);
#7559=REPRESENTATION('material name',(#7632),#12207);
#7560=REPRESENTATION('density',(#7447),#12207);
#7561=REPRESENTATION('material name',(#7633),#12208);
#7562=REPRESENTATION('density',(#7448),#12208);
#7563=REPRESENTATION('material name',(#7634),#12209);
#7564=REPRESENTATION('density',(#7449),#12209);
#7565=REPRESENTATION('material name',(#7635),#12210);
#7566=REPRESENTATION('density',(#7450),#12210);
#7567=REPRESENTATION('material name',(#7636),#12211);
#7568=REPRESENTATION('density',(#7451),#12211);
#7569=REPRESENTATION('material name',(#7637),#12212);
#7570=REPRESENTATION('density',(#7452),#12212);
#7571=REPRESENTATION('material name',(#7638),#12213);
#7572=REPRESENTATION('density',(#7453),#12213);
#7573=REPRESENTATION('material name',(#7639),#12214);
#7574=REPRESENTATION('density',(#7454),#12214);
#7575=REPRESENTATION('material name',(#7640),#12215);
#7576=REPRESENTATION('density',(#7455),#12215);
#7577=REPRESENTATION('material name',(#7641),#12216);
#7578=REPRESENTATION('density',(#7456),#12216);
#7579=REPRESENTATION('material name',(#7642),#12217);
#7580=REPRESENTATION('density',(#7457),#12217);
#7581=REPRESENTATION('material name',(#7643),#12218);
#7582=REPRESENTATION('density',(#7458),#12218);
#7583=REPRESENTATION('material name',(#7644),#12219);
#7584=REPRESENTATION('density',(#7459),#12219);
#7585=REPRESENTATION('material name',(#7645),#12220);
#7586=REPRESENTATION('density',(#7460),#12220);
#7587=REPRESENTATION('material name',(#7646),#12221);
#7588=REPRESENTATION('density',(#7461),#12221);
#7589=REPRESENTATION('material name',(#7647),#12222);
#7590=REPRESENTATION('density',(#7462),#12222);
#7591=REPRESENTATION('material name',(#7648),#12223);
#7592=REPRESENTATION('density',(#7463),#12223);
#7593=REPRESENTATION('material name',(#7649),#12224);
#7594=REPRESENTATION('density',(#7464),#12224);
#7595=REPRESENTATION('material name',(#7650),#12225);
#7596=REPRESENTATION('density',(#7465),#12225);
#7597=REPRESENTATION('material name',(#7651),#12226);
#7598=REPRESENTATION('density',(#7466),#12226);
#7599=REPRESENTATION('material name',(#7652),#12227);
#7600=REPRESENTATION('density',(#7467),#12227);
#7601=REPRESENTATION('material name',(#7653),#12228);
#7602=REPRESENTATION('density',(#7468),#12228);
#7603=REPRESENTATION('material name',(#7654),#12229);
#7604=REPRESENTATION('density',(#7469),#12229);
#7605=REPRESENTATION('material name',(#7655),#12230);
#7606=REPRESENTATION('density',(#7470),#12230);
#7607=REPRESENTATION('material name',(#7656),#12231);
#7608=REPRESENTATION('density',(#7471),#12231);
#7609=REPRESENTATION('material name',(#7657),#12232);
#7610=REPRESENTATION('density',(#7472),#12232);
#7611=REPRESENTATION('material name',(#7658),#12233);
#7612=REPRESENTATION('density',(#7473),#12233);
#7613=REPRESENTATION('material name',(#7659),#12234);
#7614=REPRESENTATION('density',(#7474),#12234);
#7615=REPRESENTATION('material name',(#7660),#12235);
#7616=REPRESENTATION('density',(#7475),#12235);
#7617=REPRESENTATION('material name',(#7661),#12236);
#7618=REPRESENTATION('density',(#7476),#12236);
#7619=REPRESENTATION('material name',(#7662),#12237);
#7620=REPRESENTATION('density',(#7477),#12237);
#7621=REPRESENTATION('material name',(#7663),#12238);
#7622=REPRESENTATION('density',(#7478),#12238);
#7623=REPRESENTATION('material name',(#7664),#12239);
#7624=REPRESENTATION('density',(#7479),#12239);
#7625=REPRESENTATION('material name',(#7665),#12240);
#7626=REPRESENTATION('density',(#7480),#12240);
#7627=REPRESENTATION('material name',(#7666),#12241);
#7628=REPRESENTATION('density',(#7481),#12241);
#7629=REPRESENTATION('material name',(#7667),#12242);
#7630=REPRESENTATION('density',(#7482),#12242);
#7631=DESCRIPTIVE_REPRESENTATION_ITEM('Acier','Acier');
#7632=DESCRIPTIVE_REPRESENTATION_ITEM('Acier','Acier');
#7633=DESCRIPTIVE_REPRESENTATION_ITEM('Acier','Acier');
#7634=DESCRIPTIVE_REPRESENTATION_ITEM('Acier','Acier');
#7635=DESCRIPTIVE_REPRESENTATION_ITEM('Acier','Acier');
#7636=DESCRIPTIVE_REPRESENTATION_ITEM('Acier','Acier');
#7637=DESCRIPTIVE_REPRESENTATION_ITEM('Acier','Acier');
#7638=DESCRIPTIVE_REPRESENTATION_ITEM('Acier','Acier');
#7639=DESCRIPTIVE_REPRESENTATION_ITEM('Acier','Acier');
#7640=DESCRIPTIVE_REPRESENTATION_ITEM('Acier','Acier');
#7641=DESCRIPTIVE_REPRESENTATION_ITEM('Acier','Acier');
#7642=DESCRIPTIVE_REPRESENTATION_ITEM('Acier','Acier');
#7643=DESCRIPTIVE_REPRESENTATION_ITEM('Acier','Acier');
#7644=DESCRIPTIVE_REPRESENTATION_ITEM('Acier','Acier');
#7645=DESCRIPTIVE_REPRESENTATION_ITEM('Acier','Acier');
#7646=DESCRIPTIVE_REPRESENTATION_ITEM('Acier','Acier');
#7647=DESCRIPTIVE_REPRESENTATION_ITEM('Acier','Acier');
#7648=DESCRIPTIVE_REPRESENTATION_ITEM('Acier','Acier');
#7649=DESCRIPTIVE_REPRESENTATION_ITEM('Acier','Acier');
#7650=DESCRIPTIVE_REPRESENTATION_ITEM('Acier','Acier');
#7651=DESCRIPTIVE_REPRESENTATION_ITEM('Acier','Acier');
#7652=DESCRIPTIVE_REPRESENTATION_ITEM('Acier','Acier');
#7653=DESCRIPTIVE_REPRESENTATION_ITEM('Acier','Acier');
#7654=DESCRIPTIVE_REPRESENTATION_ITEM('Acier','Acier');
#7655=DESCRIPTIVE_REPRESENTATION_ITEM('Acier','Acier');
#7656=DESCRIPTIVE_REPRESENTATION_ITEM('Acier','Acier');
#7657=DESCRIPTIVE_REPRESENTATION_ITEM('Acier','Acier');
#7658=DESCRIPTIVE_REPRESENTATION_ITEM('Acier','Acier');
#7659=DESCRIPTIVE_REPRESENTATION_ITEM('Acier','Acier');
#7660=DESCRIPTIVE_REPRESENTATION_ITEM('Acier','Acier');
#7661=DESCRIPTIVE_REPRESENTATION_ITEM('Acier','Acier');
#7662=DESCRIPTIVE_REPRESENTATION_ITEM('Acier','Acier');
#7663=DESCRIPTIVE_REPRESENTATION_ITEM('Acier','Acier');
#7664=DESCRIPTIVE_REPRESENTATION_ITEM('Acier','Acier');
#7665=DESCRIPTIVE_REPRESENTATION_ITEM('Acier','Acier');
#7666=DESCRIPTIVE_REPRESENTATION_ITEM('Acier','Acier');
#7667=DESCRIPTIVE_REPRESENTATION_ITEM('Acier','Acier');
#7668=PROPERTY_DEFINITION('material property','material name',#12401);
#7669=PROPERTY_DEFINITION('material property','density of part',#12401);
#7670=PROPERTY_DEFINITION('material property','material name',#12402);
#7671=PROPERTY_DEFINITION('material property','density of part',#12402);
#7672=PROPERTY_DEFINITION('material property','material name',#12403);
#7673=PROPERTY_DEFINITION('material property','density of part',#12403);
#7674=PROPERTY_DEFINITION('material property','material name',#12404);
#7675=PROPERTY_DEFINITION('material property','density of part',#12404);
#7676=PROPERTY_DEFINITION('material property','material name',#12405);
#7677=PROPERTY_DEFINITION('material property','density of part',#12405);
#7678=PROPERTY_DEFINITION('material property','material name',#12406);
#7679=PROPERTY_DEFINITION('material property','density of part',#12406);
#7680=PROPERTY_DEFINITION('material property','material name',#12407);
#7681=PROPERTY_DEFINITION('material property','density of part',#12407);
#7682=PROPERTY_DEFINITION('material property','material name',#12408);
#7683=PROPERTY_DEFINITION('material property','density of part',#12408);
#7684=PROPERTY_DEFINITION('material property','material name',#12409);
#7685=PROPERTY_DEFINITION('material property','density of part',#12409);
#7686=PROPERTY_DEFINITION('material property','material name',#12410);
#7687=PROPERTY_DEFINITION('material property','density of part',#12410);
#7688=PROPERTY_DEFINITION('material property','material name',#12411);
#7689=PROPERTY_DEFINITION('material property','density of part',#12411);
#7690=PROPERTY_DEFINITION('material property','material name',#12412);
#7691=PROPERTY_DEFINITION('material property','density of part',#12412);
#7692=PROPERTY_DEFINITION('material property','material name',#12413);
#7693=PROPERTY_DEFINITION('material property','density of part',#12413);
#7694=PROPERTY_DEFINITION('material property','material name',#12414);
#7695=PROPERTY_DEFINITION('material property','density of part',#12414);
#7696=PROPERTY_DEFINITION('material property','material name',#12415);
#7697=PROPERTY_DEFINITION('material property','density of part',#12415);
#7698=PROPERTY_DEFINITION('material property','material name',#12416);
#7699=PROPERTY_DEFINITION('material property','density of part',#12416);
#7700=PROPERTY_DEFINITION('material property','material name',#12417);
#7701=PROPERTY_DEFINITION('material property','density of part',#12417);
#7702=PROPERTY_DEFINITION('material property','material name',#12418);
#7703=PROPERTY_DEFINITION('material property','density of part',#12418);
#7704=PROPERTY_DEFINITION('material property','material name',#12419);
#7705=PROPERTY_DEFINITION('material property','density of part',#12419);
#7706=PROPERTY_DEFINITION('material property','material name',#12420);
#7707=PROPERTY_DEFINITION('material property','density of part',#12420);
#7708=PROPERTY_DEFINITION('material property','material name',#12421);
#7709=PROPERTY_DEFINITION('material property','density of part',#12421);
#7710=PROPERTY_DEFINITION('material property','material name',#12422);
#7711=PROPERTY_DEFINITION('material property','density of part',#12422);
#7712=PROPERTY_DEFINITION('material property','material name',#12423);
#7713=PROPERTY_DEFINITION('material property','density of part',#12423);
#7714=PROPERTY_DEFINITION('material property','material name',#12424);
#7715=PROPERTY_DEFINITION('material property','density of part',#12424);
#7716=PROPERTY_DEFINITION('material property','material name',#12425);
#7717=PROPERTY_DEFINITION('material property','density of part',#12425);
#7718=PROPERTY_DEFINITION('material property','material name',#12426);
#7719=PROPERTY_DEFINITION('material property','density of part',#12426);
#7720=PROPERTY_DEFINITION('material property','material name',#12427);
#7721=PROPERTY_DEFINITION('material property','density of part',#12427);
#7722=PROPERTY_DEFINITION('material property','material name',#12428);
#7723=PROPERTY_DEFINITION('material property','density of part',#12428);
#7724=PROPERTY_DEFINITION('material property','material name',#12429);
#7725=PROPERTY_DEFINITION('material property','density of part',#12429);
#7726=PROPERTY_DEFINITION('material property','material name',#12430);
#7727=PROPERTY_DEFINITION('material property','density of part',#12430);
#7728=PROPERTY_DEFINITION('material property','material name',#12431);
#7729=PROPERTY_DEFINITION('material property','density of part',#12431);
#7730=PROPERTY_DEFINITION('material property','material name',#12432);
#7731=PROPERTY_DEFINITION('material property','density of part',#12432);
#7732=PROPERTY_DEFINITION('material property','material name',#12433);
#7733=PROPERTY_DEFINITION('material property','density of part',#12433);
#7734=PROPERTY_DEFINITION('material property','material name',#12434);
#7735=PROPERTY_DEFINITION('material property','density of part',#12434);
#7736=PROPERTY_DEFINITION('material property','material name',#12435);
#7737=PROPERTY_DEFINITION('material property','density of part',#12435);
#7738=PROPERTY_DEFINITION('material property','material name',#12436);
#7739=PROPERTY_DEFINITION('material property','density of part',#12436);
#7740=PROPERTY_DEFINITION('material property','material name',#12437);
#7741=PROPERTY_DEFINITION('material property','density of part',#12437);
#7742=AXIS2_PLACEMENT_3D('',#10108,#8213,#8214);
#7743=AXIS2_PLACEMENT_3D('',#10109,#8215,#8216);
#7744=AXIS2_PLACEMENT_3D('',#10110,#8217,#8218);
#7745=AXIS2_PLACEMENT_3D('',#10119,#8223,#8224);
#7746=AXIS2_PLACEMENT_3D('',#10133,#8232,#8233);
#7747=AXIS2_PLACEMENT_3D('',#10142,#8238,#8239);
#7748=AXIS2_PLACEMENT_3D('',#10152,#8245,#8246);
#7749=AXIS2_PLACEMENT_3D('',#10155,#8249,#8250);
#7750=AXIS2_PLACEMENT_3D('',#10158,#8253,#8254);
#7751=AXIS2_PLACEMENT_3D('',#10160,#8256,#8257);
#7752=AXIS2_PLACEMENT_3D('',#10162,#8259,#8260);
#7753=AXIS2_PLACEMENT_3D('',#10164,#8262,#8263);
#7754=AXIS2_PLACEMENT_3D('',#10165,#8264,#8265);
#7755=AXIS2_PLACEMENT_3D('',#10167,#8267,#8268);
#7756=AXIS2_PLACEMENT_3D('',#10168,#8269,#8270);
#7757=AXIS2_PLACEMENT_3D('',#10169,#8271,#8272);
#7758=AXIS2_PLACEMENT_3D('',#10178,#8277,#8278);
#7759=AXIS2_PLACEMENT_3D('',#10192,#8286,#8287);
#7760=AXIS2_PLACEMENT_3D('',#10203,#8294,#8295);
#7761=AXIS2_PLACEMENT_3D('',#10205,#8297,#8298);
#7762=AXIS2_PLACEMENT_3D('',#10207,#8300,#8301);
#7763=AXIS2_PLACEMENT_3D('',#10208,#8302,#8303);
#7764=AXIS2_PLACEMENT_3D('',#10212,#8306,#8307);
#7765=AXIS2_PLACEMENT_3D('',#10216,#8310,#8311);
#7766=AXIS2_PLACEMENT_3D('',#10218,#8313,#8314);
#7767=AXIS2_PLACEMENT_3D('',#10219,#8315,#8316);
#7768=AXIS2_PLACEMENT_3D('',#10220,#8317,#8318);
#7769=AXIS2_PLACEMENT_3D('',#10229,#8323,#8324);
#7770=AXIS2_PLACEMENT_3D('',#10235,#8328,#8329);
#7771=AXIS2_PLACEMENT_3D('',#10239,#8332,#8333);
#7772=AXIS2_PLACEMENT_3D('',#10251,#8340,#8341);
#7773=AXIS2_PLACEMENT_3D('',#10253,#8343,#8344);
#7774=AXIS2_PLACEMENT_3D('',#10262,#8349,#8350);
#7775=AXIS2_PLACEMENT_3D('',#10265,#8353,#8354);
#7776=AXIS2_PLACEMENT_3D('',#10267,#8356,#8357);
#7777=AXIS2_PLACEMENT_3D('',#10268,#8358,#8359);
#7778=AXIS2_PLACEMENT_3D('',#10270,#8361,#8362);
#7779=AXIS2_PLACEMENT_3D('',#10271,#8363,#8364);
#7780=AXIS2_PLACEMENT_3D('',#10272,#8365,#8366);
#7781=AXIS2_PLACEMENT_3D('',#10281,#8371,#8372);
#7782=AXIS2_PLACEMENT_3D('',#10290,#8377,#8378);
#7783=AXIS2_PLACEMENT_3D('',#10299,#8383,#8384);
#7784=AXIS2_PLACEMENT_3D('',#10308,#8389,#8390);
#7785=AXIS2_PLACEMENT_3D('',#10311,#8393,#8394);
#7786=AXIS2_PLACEMENT_3D('',#10314,#8397,#8398);
#7787=AXIS2_PLACEMENT_3D('',#10317,#8401,#8402);
#7788=AXIS2_PLACEMENT_3D('',#10319,#8404,#8405);
#7789=AXIS2_PLACEMENT_3D('',#10321,#8407,#8408);
#7790=AXIS2_PLACEMENT_3D('',#10322,#8409,#8410);
#7791=AXIS2_PLACEMENT_3D('',#10323,#8411,#8412);
#7792=AXIS2_PLACEMENT_3D('',#10332,#8417,#8418);
#7793=AXIS2_PLACEMENT_3D('',#10341,#8423,#8424);
#7794=AXIS2_PLACEMENT_3D('',#10350,#8429,#8430);
#7795=AXIS2_PLACEMENT_3D('',#10359,#8435,#8436);
#7796=AXIS2_PLACEMENT_3D('',#10362,#8439,#8440);
#7797=AXIS2_PLACEMENT_3D('',#10371,#8445,#8446);
#7798=AXIS2_PLACEMENT_3D('',#10374,#8449,#8450);
#7799=AXIS2_PLACEMENT_3D('',#10377,#8453,#8454);
#7800=AXIS2_PLACEMENT_3D('',#10380,#8457,#8458);
#7801=AXIS2_PLACEMENT_3D('',#10382,#8460,#8461);
#7802=AXIS2_PLACEMENT_3D('',#10384,#8463,#8464);
#7803=AXIS2_PLACEMENT_3D('',#10385,#8465,#8466);
#7804=AXIS2_PLACEMENT_3D('',#10386,#8467,#8468);
#7805=AXIS2_PLACEMENT_3D('',#10395,#8473,#8474);
#7806=AXIS2_PLACEMENT_3D('',#10409,#8482,#8483);
#7807=AXIS2_PLACEMENT_3D('',#10420,#8490,#8491);
#7808=AXIS2_PLACEMENT_3D('',#10426,#8495,#8496);
#7809=AXIS2_PLACEMENT_3D('',#10428,#8498,#8499);
#7810=AXIS2_PLACEMENT_3D('',#10430,#8501,#8502);
#7811=AXIS2_PLACEMENT_3D('',#10432,#8504,#8505);
#7812=AXIS2_PLACEMENT_3D('',#10433,#8506,#8507);
#7813=AXIS2_PLACEMENT_3D('',#10435,#8509,#8510);
#7814=AXIS2_PLACEMENT_3D('',#10436,#8511,#8512);
#7815=AXIS2_PLACEMENT_3D('',#10437,#8513,#8514);
#7816=AXIS2_PLACEMENT_3D('',#10446,#8519,#8520);
#7817=AXIS2_PLACEMENT_3D('',#10452,#8524,#8525);
#7818=AXIS2_PLACEMENT_3D('',#10456,#8528,#8529);
#7819=AXIS2_PLACEMENT_3D('',#10460,#8532,#8533);
#7820=AXIS2_PLACEMENT_3D('',#10462,#8535,#8536);
#7821=AXIS2_PLACEMENT_3D('',#10463,#8537,#8538);
#7822=AXIS2_PLACEMENT_3D('',#10464,#8539,#8540);
#7823=AXIS2_PLACEMENT_3D('',#10473,#8545,#8546);
#7824=AXIS2_PLACEMENT_3D('',#10487,#8554,#8555);
#7825=AXIS2_PLACEMENT_3D('',#10498,#8562,#8563);
#7826=AXIS2_PLACEMENT_3D('',#10500,#8565,#8566);
#7827=AXIS2_PLACEMENT_3D('',#10502,#8568,#8569);
#7828=AXIS2_PLACEMENT_3D('',#10503,#8570,#8571);
#7829=AXIS2_PLACEMENT_3D('',#10509,#8575,#8576);
#7830=AXIS2_PLACEMENT_3D('',#10511,#8578,#8579);
#7831=AXIS2_PLACEMENT_3D('',#10513,#8581,#8582);
#7832=AXIS2_PLACEMENT_3D('',#10514,#8583,#8584);
#7833=AXIS2_PLACEMENT_3D('',#10515,#8585,#8586);
#7834=AXIS2_PLACEMENT_3D('',#10524,#8591,#8592);
#7835=AXIS2_PLACEMENT_3D('',#10530,#8596,#8597);
#7836=AXIS2_PLACEMENT_3D('',#10534,#8600,#8601);
#7837=AXIS2_PLACEMENT_3D('',#10538,#8604,#8605);
#7838=AXIS2_PLACEMENT_3D('',#10540,#8607,#8608);
#7839=AXIS2_PLACEMENT_3D('',#10541,#8609,#8610);
#7840=AXIS2_PLACEMENT_3D('',#10542,#8611,#8612);
#7841=AXIS2_PLACEMENT_3D('',#10551,#8617,#8618);
#7842=AXIS2_PLACEMENT_3D('',#10557,#8622,#8623);
#7843=AXIS2_PLACEMENT_3D('',#10563,#8627,#8628);
#7844=AXIS2_PLACEMENT_3D('',#10569,#8632,#8633);
#7845=AXIS2_PLACEMENT_3D('',#10573,#8636,#8637);
#7846=AXIS2_PLACEMENT_3D('',#10577,#8640,#8641);
#7847=AXIS2_PLACEMENT_3D('',#10579,#8643,#8644);
#7848=AXIS2_PLACEMENT_3D('',#10580,#8645,#8646);
#7849=AXIS2_PLACEMENT_3D('',#10581,#8647,#8648);
#7850=AXIS2_PLACEMENT_3D('',#10590,#8653,#8654);
#7851=AXIS2_PLACEMENT_3D('',#10596,#8658,#8659);
#7852=AXIS2_PLACEMENT_3D('',#10602,#8663,#8664);
#7853=AXIS2_PLACEMENT_3D('',#10608,#8668,#8669);
#7854=AXIS2_PLACEMENT_3D('',#10612,#8672,#8673);
#7855=AXIS2_PLACEMENT_3D('',#10616,#8676,#8677);
#7856=AXIS2_PLACEMENT_3D('',#10618,#8679,#8680);
#7857=AXIS2_PLACEMENT_3D('',#10619,#8681,#8682);
#7858=AXIS2_PLACEMENT_3D('',#10620,#8683,#8684);
#7859=AXIS2_PLACEMENT_3D('',#10629,#8689,#8690);
#7860=AXIS2_PLACEMENT_3D('',#10635,#8694,#8695);
#7861=AXIS2_PLACEMENT_3D('',#10643,#8700,#8701);
#7862=AXIS2_PLACEMENT_3D('',#10647,#8704,#8705);
#7863=AXIS2_PLACEMENT_3D('',#10653,#8709,#8710);
#7864=AXIS2_PLACEMENT_3D('',#10655,#8712,#8713);
#7865=AXIS2_PLACEMENT_3D('',#10657,#8715,#8716);
#7866=AXIS2_PLACEMENT_3D('',#10658,#8717,#8718);
#7867=AXIS2_PLACEMENT_3D('',#10659,#8719,#8720);
#7868=AXIS2_PLACEMENT_3D('',#10668,#8725,#8726);
#7869=AXIS2_PLACEMENT_3D('',#10690,#8738,#8739);
#7870=AXIS2_PLACEMENT_3D('',#10694,#8742,#8743);
#7871=AXIS2_PLACEMENT_3D('',#10700,#8747,#8748);
#7872=AXIS2_PLACEMENT_3D('',#10710,#8754,#8755);
#7873=AXIS2_PLACEMENT_3D('',#10716,#8759,#8760);
#7874=AXIS2_PLACEMENT_3D('',#10722,#8764,#8765);
#7875=AXIS2_PLACEMENT_3D('',#10728,#8769,#8770);
#7876=AXIS2_PLACEMENT_3D('',#10731,#8773,#8774);
#7877=AXIS2_PLACEMENT_3D('',#10741,#8780,#8781);
#7878=AXIS2_PLACEMENT_3D('',#10749,#8786,#8787);
#7879=AXIS2_PLACEMENT_3D('',#10753,#8790,#8791);
#7880=AXIS2_PLACEMENT_3D('',#10756,#8794,#8795);
#7881=AXIS2_PLACEMENT_3D('',#10758,#8797,#8798);
#7882=AXIS2_PLACEMENT_3D('',#10759,#8799,#8800);
#7883=AXIS2_PLACEMENT_3D('',#10768,#8805,#8806);
#7884=AXIS2_PLACEMENT_3D('',#10774,#8810,#8811);
#7885=AXIS2_PLACEMENT_3D('',#10778,#8814,#8815);
#7886=AXIS2_PLACEMENT_3D('',#10782,#8818,#8819);
#7887=AXIS2_PLACEMENT_3D('',#10791,#8824,#8825);
#7888=AXIS2_PLACEMENT_3D('',#10797,#8829,#8830);
#7889=AXIS2_PLACEMENT_3D('',#10801,#8833,#8834);
#7890=AXIS2_PLACEMENT_3D('',#10805,#8837,#8838);
#7891=AXIS2_PLACEMENT_3D('',#10816,#8846,#8847);
#7892=AXIS2_PLACEMENT_3D('',#10819,#8850,#8851);
#7893=AXIS2_PLACEMENT_3D('',#10820,#8852,#8853);
#7894=AXIS2_PLACEMENT_3D('',#10822,#8855,#8856);
#7895=AXIS2_PLACEMENT_3D('',#10823,#8857,#8858);
#7896=AXIS2_PLACEMENT_3D('',#10824,#8859,#8860);
#7897=AXIS2_PLACEMENT_3D('',#10825,#8861,#8862);
#7898=AXIS2_PLACEMENT_3D('',#10826,#8863,#8864);
#7899=AXIS2_PLACEMENT_3D('',#10835,#8869,#8870);
#7900=AXIS2_PLACEMENT_3D('',#10841,#8874,#8875);
#7901=AXIS2_PLACEMENT_3D('',#10847,#8879,#8880);
#7902=AXIS2_PLACEMENT_3D('',#10853,#8884,#8885);
#7903=AXIS2_PLACEMENT_3D('',#10859,#8889,#8890);
#7904=AXIS2_PLACEMENT_3D('',#10865,#8894,#8895);
#7905=AXIS2_PLACEMENT_3D('',#10871,#8899,#8900);
#7906=AXIS2_PLACEMENT_3D('',#10880,#8905,#8906);
#7907=AXIS2_PLACEMENT_3D('',#10883,#8909,#8910);
#7908=AXIS2_PLACEMENT_3D('',#10891,#8915,#8916);
#7909=AXIS2_PLACEMENT_3D('',#10899,#8921,#8922);
#7910=AXIS2_PLACEMENT_3D('',#10905,#8926,#8927);
#7911=AXIS2_PLACEMENT_3D('',#10914,#8932,#8933);
#7912=AXIS2_PLACEMENT_3D('',#10925,#8940,#8941);
#7913=AXIS2_PLACEMENT_3D('',#10929,#8944,#8945);
#7914=AXIS2_PLACEMENT_3D('',#10939,#8951,#8952);
#7915=AXIS2_PLACEMENT_3D('',#10942,#8955,#8956);
#7916=AXIS2_PLACEMENT_3D('',#10960,#8966,#8967);
#7917=AXIS2_PLACEMENT_3D('',#10964,#8970,#8971);
#7918=AXIS2_PLACEMENT_3D('',#10971,#8976,#8977);
#7919=AXIS2_PLACEMENT_3D('',#10977,#8981,#8982);
#7920=AXIS2_PLACEMENT_3D('',#10980,#8985,#8986);
#7921=AXIS2_PLACEMENT_3D('',#10981,#8987,#8988);
#7922=AXIS2_PLACEMENT_3D('',#10982,#8989,#8990);
#7923=AXIS2_PLACEMENT_3D('',#10992,#8996,#8997);
#7924=AXIS2_PLACEMENT_3D('',#11001,#9002,#9003);
#7925=AXIS2_PLACEMENT_3D('',#11007,#9007,#9008);
#7926=AXIS2_PLACEMENT_3D('',#11011,#9011,#9012);
#7927=AXIS2_PLACEMENT_3D('',#11020,#9017,#9018);
#7928=AXIS2_PLACEMENT_3D('',#11026,#9022,#9023);
#7929=AXIS2_PLACEMENT_3D('',#11030,#9026,#9027);
#7930=AXIS2_PLACEMENT_3D('',#11036,#9031,#9032);
#7931=AXIS2_PLACEMENT_3D('',#11046,#9039,#9040);
#7932=AXIS2_PLACEMENT_3D('',#11054,#9045,#9046);
#7933=AXIS2_PLACEMENT_3D('',#11060,#9050,#9051);
#7934=AXIS2_PLACEMENT_3D('',#11063,#9054,#9055);
#7935=AXIS2_PLACEMENT_3D('',#11065,#9057,#9058);
#7936=AXIS2_PLACEMENT_3D('',#11066,#9059,#9060);
#7937=AXIS2_PLACEMENT_3D('',#11068,#9062,#9063);
#7938=AXIS2_PLACEMENT_3D('',#11069,#9064,#9065);
#7939=AXIS2_PLACEMENT_3D('',#11075,#9069,#9070);
#7940=AXIS2_PLACEMENT_3D('',#11078,#9073,#9074);
#7941=AXIS2_PLACEMENT_3D('',#11080,#9076,#9077);
#7942=AXIS2_PLACEMENT_3D('',#11082,#9079,#9080);
#7943=AXIS2_PLACEMENT_3D('',#11083,#9081,#9082);
#7944=AXIS2_PLACEMENT_3D('',#11084,#9083,#9084);
#7945=AXIS2_PLACEMENT_3D('',#11085,#9085,#9086);
#7946=AXIS2_PLACEMENT_3D('',#11086,#9087,#9088);
#7947=AXIS2_PLACEMENT_3D('',#11087,#9089,#9090);
#7948=AXIS2_PLACEMENT_3D('',#11096,#9095,#9096);
#7949=AXIS2_PLACEMENT_3D('',#11102,#9100,#9101);
#7950=AXIS2_PLACEMENT_3D('',#11108,#9105,#9106);
#7951=AXIS2_PLACEMENT_3D('',#11111,#9109,#9110);
#7952=AXIS2_PLACEMENT_3D('',#11112,#9111,#9112);
#7953=AXIS2_PLACEMENT_3D('',#11113,#9113,#9114);
#7954=AXIS2_PLACEMENT_3D('',#11114,#9115,#9116);
#7955=AXIS2_PLACEMENT_3D('',#11123,#9121,#9122);
#7956=AXIS2_PLACEMENT_3D('',#11129,#9126,#9127);
#7957=AXIS2_PLACEMENT_3D('',#11135,#9131,#9132);
#7958=AXIS2_PLACEMENT_3D('',#11138,#9135,#9136);
#7959=AXIS2_PLACEMENT_3D('',#11139,#9137,#9138);
#7960=AXIS2_PLACEMENT_3D('',#11140,#9139,#9140);
#7961=AXIS2_PLACEMENT_3D('',#11141,#9141,#9142);
#7962=AXIS2_PLACEMENT_3D('',#11150,#9147,#9148);
#7963=AXIS2_PLACEMENT_3D('',#11156,#9152,#9153);
#7964=AXIS2_PLACEMENT_3D('',#11162,#9157,#9158);
#7965=AXIS2_PLACEMENT_3D('',#11165,#9161,#9162);
#7966=AXIS2_PLACEMENT_3D('',#11166,#9163,#9164);
#7967=AXIS2_PLACEMENT_3D('',#11167,#9165,#9166);
#7968=AXIS2_PLACEMENT_3D('',#11168,#9167,#9168);
#7969=AXIS2_PLACEMENT_3D('',#11177,#9173,#9174);
#7970=AXIS2_PLACEMENT_3D('',#11183,#9178,#9179);
#7971=AXIS2_PLACEMENT_3D('',#11189,#9183,#9184);
#7972=AXIS2_PLACEMENT_3D('',#11191,#9186,#9187);
#7973=AXIS2_PLACEMENT_3D('',#11200,#9192,#9193);
#7974=AXIS2_PLACEMENT_3D('',#11206,#9197,#9198);
#7975=AXIS2_PLACEMENT_3D('',#11210,#9201,#9202);
#7976=AXIS2_PLACEMENT_3D('',#11219,#9207,#9208);
#7977=AXIS2_PLACEMENT_3D('',#11225,#9212,#9213);
#7978=AXIS2_PLACEMENT_3D('',#11231,#9217,#9218);
#7979=AXIS2_PLACEMENT_3D('',#11233,#9220,#9221);
#7980=AXIS2_PLACEMENT_3D('',#11241,#9226,#9227);
#7981=AXIS2_PLACEMENT_3D('',#11249,#9233,#9234);
#7982=AXIS2_PLACEMENT_3D('',#11255,#9238,#9239);
#7983=AXIS2_PLACEMENT_3D('',#11257,#9241,#9242);
#7984=AXIS2_PLACEMENT_3D('',#11259,#9244,#9245);
#7985=AXIS2_PLACEMENT_3D('',#11260,#9246,#9247);
#7986=AXIS2_PLACEMENT_3D('',#11261,#9248,#9249);
#7987=AXIS2_PLACEMENT_3D('',#11270,#9254,#9255);
#7988=AXIS2_PLACEMENT_3D('',#11283,#9262,#9263);
#7989=AXIS2_PLACEMENT_3D('',#11294,#9270,#9271);
#7990=AXIS2_PLACEMENT_3D('',#11300,#9275,#9276);
#7991=AXIS2_PLACEMENT_3D('',#11306,#9280,#9281);
#7992=AXIS2_PLACEMENT_3D('',#11312,#9285,#9286);
#7993=AXIS2_PLACEMENT_3D('',#11314,#9288,#9289);
#7994=AXIS2_PLACEMENT_3D('',#11320,#9293,#9294);
#7995=AXIS2_PLACEMENT_3D('',#11324,#9298,#9299);
#7996=AXIS2_PLACEMENT_3D('',#11325,#9300,#9301);
#7997=AXIS2_PLACEMENT_3D('',#11326,#9302,#9303);
#7998=AXIS2_PLACEMENT_3D('',#11328,#9305,#9306);
#7999=AXIS2_PLACEMENT_3D('',#11329,#9307,#9308);
#8000=AXIS2_PLACEMENT_3D('',#11330,#9309,#9310);
#8001=AXIS2_PLACEMENT_3D('',#11339,#9315,#9316);
#8002=AXIS2_PLACEMENT_3D('',#11345,#9320,#9321);
#8003=AXIS2_PLACEMENT_3D('',#11349,#9324,#9325);
#8004=AXIS2_PLACEMENT_3D('',#11370,#9336,#9337);
#8005=AXIS2_PLACEMENT_3D('',#11390,#9348,#9349);
#8006=AXIS2_PLACEMENT_3D('',#11396,#9353,#9354);
#8007=AXIS2_PLACEMENT_3D('',#11402,#9358,#9359);
#8008=AXIS2_PLACEMENT_3D('',#11408,#9363,#9364);
#8009=AXIS2_PLACEMENT_3D('',#11412,#9367,#9368);
#8010=AXIS2_PLACEMENT_3D('',#11428,#9377,#9378);
#8011=AXIS2_PLACEMENT_3D('',#11430,#9380,#9381);
#8012=AXIS2_PLACEMENT_3D('',#11432,#9383,#9384);
#8013=AXIS2_PLACEMENT_3D('',#11436,#9387,#9388);
#8014=AXIS2_PLACEMENT_3D('',#11442,#9392,#9393);
#8015=AXIS2_PLACEMENT_3D('',#11448,#9397,#9398);
#8016=AXIS2_PLACEMENT_3D('',#11452,#9401,#9402);
#8017=AXIS2_PLACEMENT_3D('',#11455,#9405,#9406);
#8018=AXIS2_PLACEMENT_3D('',#11462,#9411,#9412);
#8019=AXIS2_PLACEMENT_3D('',#11468,#9416,#9417);
#8020=AXIS2_PLACEMENT_3D('',#11470,#9419,#9420);
#8021=AXIS2_PLACEMENT_3D('',#11472,#9422,#9423);
#8022=AXIS2_PLACEMENT_3D('',#11473,#9424,#9425);
#8023=AXIS2_PLACEMENT_3D('',#11480,#9430,#9431);
#8024=AXIS2_PLACEMENT_3D('',#11482,#9433,#9434);
#8025=AXIS2_PLACEMENT_3D('',#11484,#9436,#9437);
#8026=AXIS2_PLACEMENT_3D('',#11485,#9438,#9439);
#8027=AXIS2_PLACEMENT_3D('',#11486,#9440,#9441);
#8028=AXIS2_PLACEMENT_3D('',#11487,#9442,#9443);
#8029=AXIS2_PLACEMENT_3D('',#11496,#9448,#9449);
#8030=AXIS2_PLACEMENT_3D('',#11505,#9454,#9455);
#8031=AXIS2_PLACEMENT_3D('',#11508,#9458,#9459);
#8032=AXIS2_PLACEMENT_3D('',#11511,#9462,#9463);
#8033=AXIS2_PLACEMENT_3D('',#11512,#9464,#9465);
#8034=AXIS2_PLACEMENT_3D('',#11513,#9466,#9467);
#8035=AXIS2_PLACEMENT_3D('',#11514,#9468,#9469);
#8036=AXIS2_PLACEMENT_3D('',#11523,#9474,#9475);
#8037=AXIS2_PLACEMENT_3D('',#11529,#9479,#9480);
#8038=AXIS2_PLACEMENT_3D('',#11533,#9483,#9484);
#8039=AXIS2_PLACEMENT_3D('',#11546,#9491,#9492);
#8040=AXIS2_PLACEMENT_3D('',#11552,#9496,#9497);
#8041=AXIS2_PLACEMENT_3D('',#11561,#9502,#9503);
#8042=AXIS2_PLACEMENT_3D('',#11567,#9507,#9508);
#8043=AXIS2_PLACEMENT_3D('',#11575,#9513,#9514);
#8044=AXIS2_PLACEMENT_3D('',#11583,#9519,#9520);
#8045=AXIS2_PLACEMENT_3D('',#11589,#9524,#9525);
#8046=AXIS2_PLACEMENT_3D('',#11591,#9527,#9528);
#8047=AXIS2_PLACEMENT_3D('',#11597,#9532,#9533);
#8048=AXIS2_PLACEMENT_3D('',#11600,#9536,#9537);
#8049=AXIS2_PLACEMENT_3D('',#11606,#9542,#9543);
#8050=AXIS2_PLACEMENT_3D('',#11608,#9545,#9546);
#8051=AXIS2_PLACEMENT_3D('',#11609,#9547,#9548);
#8052=AXIS2_PLACEMENT_3D('',#11610,#9549,#9550);
#8053=AXIS2_PLACEMENT_3D('',#11611,#9551,#9552);
#8054=AXIS2_PLACEMENT_3D('',#11620,#9557,#9558);
#8055=AXIS2_PLACEMENT_3D('',#11626,#9562,#9563);
#8056=AXIS2_PLACEMENT_3D('',#11630,#9566,#9567);
#8057=AXIS2_PLACEMENT_3D('',#11642,#9574,#9575);
#8058=AXIS2_PLACEMENT_3D('',#11644,#9577,#9578);
#8059=AXIS2_PLACEMENT_3D('',#11653,#9583,#9584);
#8060=AXIS2_PLACEMENT_3D('',#11659,#9588,#9589);
#8061=AXIS2_PLACEMENT_3D('',#11665,#9593,#9594);
#8062=AXIS2_PLACEMENT_3D('',#11672,#9599,#9600);
#8063=AXIS2_PLACEMENT_3D('',#11674,#9602,#9603);
#8064=AXIS2_PLACEMENT_3D('',#11676,#9605,#9606);
#8065=AXIS2_PLACEMENT_3D('',#11678,#9608,#9609);
#8066=AXIS2_PLACEMENT_3D('',#11679,#9610,#9611);
#8067=AXIS2_PLACEMENT_3D('',#11680,#9612,#9613);
#8068=AXIS2_PLACEMENT_3D('',#11689,#9618,#9619);
#8069=AXIS2_PLACEMENT_3D('',#11698,#9624,#9625);
#8070=AXIS2_PLACEMENT_3D('',#11701,#9628,#9629);
#8071=AXIS2_PLACEMENT_3D('',#11704,#9632,#9633);
#8072=AXIS2_PLACEMENT_3D('',#11705,#9634,#9635);
#8073=AXIS2_PLACEMENT_3D('',#11706,#9636,#9637);
#8074=AXIS2_PLACEMENT_3D('',#11707,#9638,#9639);
#8075=AXIS2_PLACEMENT_3D('',#11716,#9644,#9645);
#8076=AXIS2_PLACEMENT_3D('',#11722,#9649,#9650);
#8077=AXIS2_PLACEMENT_3D('',#11726,#9653,#9654);
#8078=AXIS2_PLACEMENT_3D('',#11730,#9657,#9658);
#8079=AXIS2_PLACEMENT_3D('',#11732,#9660,#9661);
#8080=AXIS2_PLACEMENT_3D('',#11733,#9662,#9663);
#8081=AXIS2_PLACEMENT_3D('',#11734,#9664,#9665);
#8082=AXIS2_PLACEMENT_3D('',#11743,#9670,#9671);
#8083=AXIS2_PLACEMENT_3D('',#11749,#9675,#9676);
#8084=AXIS2_PLACEMENT_3D('',#11755,#9680,#9681);
#8085=AXIS2_PLACEMENT_3D('',#11761,#9685,#9686);
#8086=AXIS2_PLACEMENT_3D('',#11765,#9689,#9690);
#8087=AXIS2_PLACEMENT_3D('',#11769,#9693,#9694);
#8088=AXIS2_PLACEMENT_3D('',#11771,#9696,#9697);
#8089=AXIS2_PLACEMENT_3D('',#11772,#9698,#9699);
#8090=AXIS2_PLACEMENT_3D('',#11773,#9700,#9701);
#8091=AXIS2_PLACEMENT_3D('',#11782,#9706,#9707);
#8092=AXIS2_PLACEMENT_3D('',#11791,#9712,#9713);
#8093=AXIS2_PLACEMENT_3D('',#11794,#9716,#9717);
#8094=AXIS2_PLACEMENT_3D('',#11796,#9719,#9720);
#8095=AXIS2_PLACEMENT_3D('',#11798,#9722,#9723);
#8096=AXIS2_PLACEMENT_3D('',#11799,#9724,#9725);
#8097=AXIS2_PLACEMENT_3D('',#11800,#9726,#9727);
#8098=AXIS2_PLACEMENT_3D('',#11809,#9732,#9733);
#8099=AXIS2_PLACEMENT_3D('',#11815,#9737,#9738);
#8100=AXIS2_PLACEMENT_3D('',#11823,#9743,#9744);
#8101=AXIS2_PLACEMENT_3D('',#11827,#9747,#9748);
#8102=AXIS2_PLACEMENT_3D('',#11831,#9751,#9752);
#8103=AXIS2_PLACEMENT_3D('',#11835,#9755,#9756);
#8104=AXIS2_PLACEMENT_3D('',#11837,#9758,#9759);
#8105=AXIS2_PLACEMENT_3D('',#11838,#9760,#9761);
#8106=AXIS2_PLACEMENT_3D('',#11839,#9762,#9763);
#8107=AXIS2_PLACEMENT_3D('',#11848,#9768,#9769);
#8108=AXIS2_PLACEMENT_3D('',#11854,#9773,#9774);
#8109=AXIS2_PLACEMENT_3D('',#11862,#9779,#9780);
#8110=AXIS2_PLACEMENT_3D('',#11866,#9783,#9784);
#8111=AXIS2_PLACEMENT_3D('',#11870,#9787,#9788);
#8112=AXIS2_PLACEMENT_3D('',#11874,#9791,#9792);
#8113=AXIS2_PLACEMENT_3D('',#11876,#9794,#9795);
#8114=AXIS2_PLACEMENT_3D('',#11877,#9796,#9797);
#8115=AXIS2_PLACEMENT_3D('',#11878,#9798,#9799);
#8116=AXIS2_PLACEMENT_3D('',#11887,#9804,#9805);
#8117=AXIS2_PLACEMENT_3D('',#11893,#9809,#9810);
#8118=AXIS2_PLACEMENT_3D('',#11899,#9814,#9815);
#8119=AXIS2_PLACEMENT_3D('',#11907,#9820,#9821);
#8120=AXIS2_PLACEMENT_3D('',#11915,#9826,#9827);
#8121=AXIS2_PLACEMENT_3D('',#11918,#9830,#9831);
#8122=AXIS2_PLACEMENT_3D('',#11919,#9832,#9833);
#8123=AXIS2_PLACEMENT_3D('',#11921,#9835,#9836);
#8124=AXIS2_PLACEMENT_3D('',#11922,#9837,#9838);
#8125=AXIS2_PLACEMENT_3D('',#11923,#9839,#9840);
#8126=AXIS2_PLACEMENT_3D('',#11932,#9845,#9846);
#8127=AXIS2_PLACEMENT_3D('',#11938,#9850,#9851);
#8128=AXIS2_PLACEMENT_3D('',#11944,#9855,#9856);
#8129=AXIS2_PLACEMENT_3D('',#11952,#9861,#9862);
#8130=AXIS2_PLACEMENT_3D('',#11956,#9865,#9866);
#8131=AXIS2_PLACEMENT_3D('',#11960,#9869,#9870);
#8132=AXIS2_PLACEMENT_3D('',#11964,#9873,#9874);
#8133=AXIS2_PLACEMENT_3D('',#11966,#9876,#9877);
#8134=AXIS2_PLACEMENT_3D('',#11967,#9878,#9879);
#8135=AXIS2_PLACEMENT_3D('',#11968,#9880,#9881);
#8136=AXIS2_PLACEMENT_3D('',#11977,#9886,#9887);
#8137=AXIS2_PLACEMENT_3D('',#11983,#9891,#9892);
#8138=AXIS2_PLACEMENT_3D('',#11987,#9895,#9896);
#8139=AXIS2_PLACEMENT_3D('',#11991,#9899,#9900);
#8140=AXIS2_PLACEMENT_3D('',#11993,#9902,#9903);
#8141=AXIS2_PLACEMENT_3D('',#11994,#9904,#9905);
#8142=AXIS2_PLACEMENT_3D('',#11995,#9906,#9907);
#8143=AXIS2_PLACEMENT_3D('',#12004,#9912,#9913);
#8144=AXIS2_PLACEMENT_3D('',#12010,#9917,#9918);
#8145=AXIS2_PLACEMENT_3D('',#12014,#9921,#9922);
#8146=AXIS2_PLACEMENT_3D('',#12018,#9925,#9926);
#8147=AXIS2_PLACEMENT_3D('',#12020,#9928,#9929);
#8148=AXIS2_PLACEMENT_3D('',#12021,#9930,#9931);
#8149=AXIS2_PLACEMENT_3D('',#12022,#9932,#9933);
#8150=AXIS2_PLACEMENT_3D('',#12031,#9938,#9939);
#8151=AXIS2_PLACEMENT_3D('',#12037,#9943,#9944);
#8152=AXIS2_PLACEMENT_3D('',#12043,#9948,#9949);
#8153=AXIS2_PLACEMENT_3D('',#12046,#9952,#9953);
#8154=AXIS2_PLACEMENT_3D('',#12047,#9954,#9955);
#8155=AXIS2_PLACEMENT_3D('',#12048,#9956,#9957);
#8156=AXIS2_PLACEMENT_3D('',#12049,#9958,#9959);
#8157=AXIS2_PLACEMENT_3D('',#12058,#9964,#9965);
#8158=AXIS2_PLACEMENT_3D('',#12064,#9969,#9970);
#8159=AXIS2_PLACEMENT_3D('',#12070,#9974,#9975);
#8160=AXIS2_PLACEMENT_3D('',#12073,#9978,#9979);
#8161=AXIS2_PLACEMENT_3D('',#12074,#9980,#9981);
#8162=AXIS2_PLACEMENT_3D('',#12075,#9982,#9983);
#8163=AXIS2_PLACEMENT_3D('',#12076,#9984,#9985);
#8164=AXIS2_PLACEMENT_3D('',#12085,#9990,#9991);
#8165=AXIS2_PLACEMENT_3D('',#12091,#9995,#9996);
#8166=AXIS2_PLACEMENT_3D('',#12095,#9999,#10000);
#8167=AXIS2_PLACEMENT_3D('',#12099,#10003,#10004);
#8168=AXIS2_PLACEMENT_3D('',#12101,#10006,#10007);
#8169=AXIS2_PLACEMENT_3D('',#12102,#10008,#10009);
#8170=AXIS2_PLACEMENT_3D('',#12103,#10010,#10011);
#8171=AXIS2_PLACEMENT_3D('',#12112,#10016,#10017);
#8172=AXIS2_PLACEMENT_3D('',#12118,#10021,#10022);
#8173=AXIS2_PLACEMENT_3D('',#12124,#10026,#10027);
#8174=AXIS2_PLACEMENT_3D('',#12127,#10030,#10031);
#8175=AXIS2_PLACEMENT_3D('',#12128,#10032,#10033);
#8176=AXIS2_PLACEMENT_3D('',#12129,#10034,#10035);
#8177=AXIS2_PLACEMENT_3D('',#12130,#10036,#10037);
#8178=AXIS2_PLACEMENT_3D('',#12131,#10038,#10039);
#8179=AXIS2_PLACEMENT_3D('',#12132,#10040,#10041);
#8180=AXIS2_PLACEMENT_3D('',#12133,#10042,#10043);
#8181=AXIS2_PLACEMENT_3D('',#12134,#10044,#10045);
#8182=AXIS2_PLACEMENT_3D('',#12135,#10046,#10047);
#8183=AXIS2_PLACEMENT_3D('',#12136,#10048,#10049);
#8184=AXIS2_PLACEMENT_3D('',#12137,#10050,#10051);
#8185=AXIS2_PLACEMENT_3D('',#12138,#10052,#10053);
#8186=AXIS2_PLACEMENT_3D('',#12139,#10054,#10055);
#8187=AXIS2_PLACEMENT_3D('',#12140,#10056,#10057);
#8188=AXIS2_PLACEMENT_3D('',#12141,#10058,#10059);
#8189=AXIS2_PLACEMENT_3D('',#12142,#10060,#10061);
#8190=AXIS2_PLACEMENT_3D('',#12143,#10062,#10063);
#8191=AXIS2_PLACEMENT_3D('',#12144,#10064,#10065);
#8192=AXIS2_PLACEMENT_3D('',#12145,#10066,#10067);
#8193=AXIS2_PLACEMENT_3D('',#12146,#10068,#10069);
#8194=AXIS2_PLACEMENT_3D('',#12147,#10070,#10071);
#8195=AXIS2_PLACEMENT_3D('',#12148,#10072,#10073);
#8196=AXIS2_PLACEMENT_3D('',#12149,#10074,#10075);
#8197=AXIS2_PLACEMENT_3D('',#12150,#10076,#10077);
#8198=AXIS2_PLACEMENT_3D('',#12151,#10078,#10079);
#8199=AXIS2_PLACEMENT_3D('',#12152,#10080,#10081);
#8200=AXIS2_PLACEMENT_3D('',#12153,#10082,#10083);
#8201=AXIS2_PLACEMENT_3D('',#12154,#10084,#10085);
#8202=AXIS2_PLACEMENT_3D('',#12155,#10086,#10087);
#8203=AXIS2_PLACEMENT_3D('',#12156,#10088,#10089);
#8204=AXIS2_PLACEMENT_3D('',#12157,#10090,#10091);
#8205=AXIS2_PLACEMENT_3D('',#12158,#10092,#10093);
#8206=AXIS2_PLACEMENT_3D('',#12159,#10094,#10095);
#8207=AXIS2_PLACEMENT_3D('',#12160,#10096,#10097);
#8208=AXIS2_PLACEMENT_3D('',#12161,#10098,#10099);
#8209=AXIS2_PLACEMENT_3D('',#12162,#10100,#10101);
#8210=AXIS2_PLACEMENT_3D('',#12163,#10102,#10103);
#8211=AXIS2_PLACEMENT_3D('',#12164,#10104,#10105);
#8212=AXIS2_PLACEMENT_3D('',#12165,#10106,#10107);
#8213=DIRECTION('axis',(0.,0.,1.));
#8214=DIRECTION('refdir',(1.,0.,0.));
#8215=DIRECTION('axis',(0.,0.,1.));
#8216=DIRECTION('refdir',(1.,0.,0.));
#8217=DIRECTION('center_axis',(0.,-1.,0.));
#8218=DIRECTION('ref_axis',(0.,0.,-1.));
#8219=DIRECTION('',(0.,0.,-1.));
#8220=DIRECTION('',(-1.,0.,0.));
#8221=DIRECTION('',(0.,0.,1.));
#8222=DIRECTION('',(1.,0.,0.));
#8223=DIRECTION('center_axis',(1.,0.,0.));
#8224=DIRECTION('ref_axis',(0.,0.,-1.));
#8225=DIRECTION('',(0.,-1.,0.));
#8226=DIRECTION('',(0.,1.,0.));
#8227=DIRECTION('',(0.,0.,1.));
#8228=DIRECTION('',(0.,1.,0.));
#8229=DIRECTION('',(0.,0.,-1.));
#8230=DIRECTION('',(0.,1.,0.));
#8231=DIRECTION('',(0.,0.,1.));
#8232=DIRECTION('center_axis',(0.,-0.999999999999995,1.04308117698793E-7));
#8233=DIRECTION('ref_axis',(0.,-1.04308117698793E-7,-0.999999999999994));
#8234=DIRECTION('',(0.,-1.04308117698793E-7,-0.999999999999994));
#8235=DIRECTION('',(1.,0.,0.));
#8236=DIRECTION('',(0.,1.04308117698793E-7,0.999999999999994));
#8237=DIRECTION('',(-1.,0.,0.));
#8238=DIRECTION('center_axis',(-1.,0.,0.));
#8239=DIRECTION('ref_axis',(0.,0.,1.));
#8240=DIRECTION('',(0.,0.,-1.));
#8241=DIRECTION('',(0.,1.,0.));
#8242=DIRECTION('',(0.,0.,-1.));
#8243=DIRECTION('',(0.,1.,0.));
#8244=DIRECTION('',(0.,0.,-1.));
#8245=DIRECTION('center_axis',(0.,-1.,0.));
#8246=DIRECTION('ref_axis',(0.,0.,-1.));
#8247=DIRECTION('',(-1.,0.,0.));
#8248=DIRECTION('',(1.,0.,0.));
#8249=DIRECTION('center_axis',(0.,-1.,0.));
#8250=DIRECTION('ref_axis',(0.,0.,-1.));
#8251=DIRECTION('',(-1.,0.,0.));
#8252=DIRECTION('',(1.,0.,0.));
#8253=DIRECTION('center_axis',(0.,0.,1.));
#8254=DIRECTION('ref_axis',(0.,-1.,0.));
#8255=DIRECTION('',(0.,1.,0.));
#8256=DIRECTION('center_axis',(0.,0.,-1.));
#8257=DIRECTION('ref_axis',(-1.,0.,0.));
#8258=DIRECTION('',(1.,0.,0.));
#8259=DIRECTION('center_axis',(1.,0.,0.));
#8260=DIRECTION('ref_axis',(0.,0.,-1.));
#8261=DIRECTION('',(0.,-1.,0.));
#8262=DIRECTION('center_axis',(0.,0.,-1.));
#8263=DIRECTION('ref_axis',(0.,1.,0.));
#8264=DIRECTION('center_axis',(0.,0.,1.));
#8265=DIRECTION('ref_axis',(1.,0.,0.));
#8266=DIRECTION('',(-1.,0.,0.));
#8267=DIRECTION('center_axis',(0.,1.,0.));
#8268=DIRECTION('ref_axis',(1.,0.,0.));
#8269=DIRECTION('axis',(0.,0.,1.));
#8270=DIRECTION('refdir',(1.,0.,0.));
#8271=DIRECTION('center_axis',(0.,-1.,0.));
#8272=DIRECTION('ref_axis',(0.,0.,-1.));
#8273=DIRECTION('',(0.,0.,1.));
#8274=DIRECTION('',(1.,0.,0.));
#8275=DIRECTION('',(0.,0.,-1.));
#8276=DIRECTION('',(-1.,0.,0.));
#8277=DIRECTION('center_axis',(-1.,0.,0.));
#8278=DIRECTION('ref_axis',(0.,0.,1.));
#8279=DIRECTION('',(0.,-1.,0.));
#8280=DIRECTION('',(0.,1.,0.));
#8281=DIRECTION('',(0.,0.,-1.));
#8282=DIRECTION('',(0.,1.,0.));
#8283=DIRECTION('',(0.,0.,-1.));
#8284=DIRECTION('',(0.,1.,0.));
#8285=DIRECTION('',(0.,0.,-1.));
#8286=DIRECTION('center_axis',(0.,-1.,0.));
#8287=DIRECTION('ref_axis',(0.,0.,-1.));
#8288=DIRECTION('',(-1.,0.,0.));
#8289=DIRECTION('',(0.,0.,-1.));
#8290=DIRECTION('',(1.,0.,0.));
#8291=DIRECTION('',(-1.,0.,0.));
#8292=DIRECTION('',(0.,0.,1.));
#8293=DIRECTION('',(1.,0.,0.));
#8294=DIRECTION('center_axis',(0.,0.,1.));
#8295=DIRECTION('ref_axis',(0.,1.,0.));
#8296=DIRECTION('',(0.,-1.,0.));
#8297=DIRECTION('center_axis',(-1.,0.,0.));
#8298=DIRECTION('ref_axis',(0.,0.,1.));
#8299=DIRECTION('',(0.,1.,0.));
#8300=DIRECTION('center_axis',(0.,0.,-1.));
#8301=DIRECTION('ref_axis',(0.,-1.,0.));
#8302=DIRECTION('center_axis',(0.,0.,-1.));
#8303=DIRECTION('ref_axis',(-1.,0.,0.));
#8304=DIRECTION('',(0.,1.,0.));
#8305=DIRECTION('',(1.,0.,0.));
#8306=DIRECTION('center_axis',(1.,0.,0.));
#8307=DIRECTION('ref_axis',(0.,0.,-1.));
#8308=DIRECTION('',(0.,1.,0.));
#8309=DIRECTION('',(0.,0.,1.));
#8310=DIRECTION('center_axis',(0.,0.,1.));
#8311=DIRECTION('ref_axis',(1.,0.,0.));
#8312=DIRECTION('',(-1.,0.,0.));
#8313=DIRECTION('center_axis',(0.,1.,0.));
#8314=DIRECTION('ref_axis',(1.,0.,0.));
#8315=DIRECTION('axis',(0.,0.,1.));
#8316=DIRECTION('refdir',(1.,0.,0.));
#8317=DIRECTION('center_axis',(0.,-5.32907051820075E-15,-1.));
#8318=DIRECTION('ref_axis',(-1.,0.,0.));
#8319=DIRECTION('',(-1.,0.,0.));
#8320=DIRECTION('',(0.,1.,-5.32907051820075E-15));
#8321=DIRECTION('',(1.,1.09476442525377E-47,-5.83407682299483E-62));
#8322=DIRECTION('',(0.,-1.,5.32907051820075E-15));
#8323=DIRECTION('center_axis',(1.,0.,0.));
#8324=DIRECTION('ref_axis',(0.,1.,0.));
#8325=DIRECTION('',(0.,0.,1.));
#8326=DIRECTION('',(0.,1.,0.));
#8327=DIRECTION('',(0.,0.,1.));
#8328=DIRECTION('center_axis',(0.,1.,0.));
#8329=DIRECTION('ref_axis',(-1.,0.,0.));
#8330=DIRECTION('',(0.,0.,1.));
#8331=DIRECTION('',(-1.,0.,0.));
#8332=DIRECTION('center_axis',(0.,0.,-1.));
#8333=DIRECTION('ref_axis',(-1.,0.,0.));
#8334=DIRECTION('',(-1.,0.,0.));
#8335=DIRECTION('',(0.,1.,0.));
#8336=DIRECTION('',(-1.,0.,0.));
#8337=DIRECTION('',(0.,1.,0.));
#8338=DIRECTION('',(0.,-1.,0.));
#8339=DIRECTION('',(1.,0.,0.));
#8340=DIRECTION('center_axis',(-1.,0.,0.));
#8341=DIRECTION('ref_axis',(0.,-1.,0.));
#8342=DIRECTION('',(0.,0.,1.));
#8343=DIRECTION('center_axis',(0.,0.,-1.));
#8344=DIRECTION('ref_axis',(-1.,0.,0.));
#8345=DIRECTION('',(-1.,0.,0.));
#8346=DIRECTION('',(0.,-1.,0.));
#8347=DIRECTION('',(1.,0.,0.));
#8348=DIRECTION('',(0.,1.,0.));
#8349=DIRECTION('center_axis',(0.,1.,0.));
#8350=DIRECTION('ref_axis',(0.,0.,1.));
#8351=DIRECTION('',(0.,0.,-1.));
#8352=DIRECTION('',(0.,0.,1.));
#8353=DIRECTION('center_axis',(1.,0.,0.));
#8354=DIRECTION('ref_axis',(0.,0.,-1.));
#8355=DIRECTION('',(0.,0.,-1.));
#8356=DIRECTION('center_axis',(1.09476442525377E-47,-1.,5.32907051820075E-15));
#8357=DIRECTION('ref_axis',(1.,1.09476442525377E-47,0.));
#8358=DIRECTION('center_axis',(-1.,0.,0.));
#8359=DIRECTION('ref_axis',(0.,0.,1.));
#8360=DIRECTION('',(0.,0.,1.));
#8361=DIRECTION('center_axis',(0.,1.,0.));
#8362=DIRECTION('ref_axis',(1.,0.,0.));
#8363=DIRECTION('axis',(0.,0.,1.));
#8364=DIRECTION('refdir',(1.,0.,0.));
#8365=DIRECTION('center_axis',(0.,1.,0.));
#8366=DIRECTION('ref_axis',(0.,0.,1.));
#8367=DIRECTION('',(0.,0.,-1.));
#8368=DIRECTION('',(-1.,0.,0.));
#8369=DIRECTION('',(0.,0.,1.));
#8370=DIRECTION('',(1.,0.,0.));
#8371=DIRECTION('center_axis',(0.,-1.,0.));
#8372=DIRECTION('ref_axis',(0.,0.,-1.));
#8373=DIRECTION('',(0.,0.,1.));
#8374=DIRECTION('',(-1.,0.,0.));
#8375=DIRECTION('',(0.,0.,-1.));
#8376=DIRECTION('',(1.,0.,0.));
#8377=DIRECTION('center_axis',(0.,-1.,0.));
#8378=DIRECTION('ref_axis',(0.,0.,-1.));
#8379=DIRECTION('',(0.,0.,1.));
#8380=DIRECTION('',(-1.,0.,0.));
#8381=DIRECTION('',(0.,0.,1.));
#8382=DIRECTION('',(1.,0.,0.));
#8383=DIRECTION('center_axis',(0.,1.,0.));
#8384=DIRECTION('ref_axis',(0.,0.,1.));
#8385=DIRECTION('',(0.,0.,-1.));
#8386=DIRECTION('',(-1.,0.,0.));
#8387=DIRECTION('',(0.,0.,-1.));
#8388=DIRECTION('',(1.,0.,0.));
#8389=DIRECTION('center_axis',(-1.,0.,0.));
#8390=DIRECTION('ref_axis',(0.,0.,1.));
#8391=DIRECTION('',(0.,1.,0.));
#8392=DIRECTION('',(0.,-1.,0.));
#8393=DIRECTION('center_axis',(-1.,0.,0.));
#8394=DIRECTION('ref_axis',(0.,0.,1.));
#8395=DIRECTION('',(0.,-1.,0.));
#8396=DIRECTION('',(0.,1.,0.));
#8397=DIRECTION('center_axis',(0.,0.,-1.));
#8398=DIRECTION('ref_axis',(-1.,0.,0.));
#8399=DIRECTION('',(0.,1.,0.));
#8400=DIRECTION('',(0.,-1.,0.));
#8401=DIRECTION('center_axis',(1.,0.,0.));
#8402=DIRECTION('ref_axis',(0.,0.,-1.));
#8403=DIRECTION('',(0.,1.,0.));
#8404=DIRECTION('center_axis',(0.,0.,1.));
#8405=DIRECTION('ref_axis',(1.,0.,0.));
#8406=DIRECTION('',(0.,1.,0.));
#8407=DIRECTION('center_axis',(-1.,0.,0.));
#8408=DIRECTION('ref_axis',(0.,0.,1.));
#8409=DIRECTION('axis',(0.,0.,1.));
#8410=DIRECTION('refdir',(1.,0.,0.));
#8411=DIRECTION('center_axis',(0.,1.,0.));
#8412=DIRECTION('ref_axis',(0.,0.,1.));
#8413=DIRECTION('',(0.,0.,1.));
#8414=DIRECTION('',(1.,0.,0.));
#8415=DIRECTION('',(0.,0.,-1.));
#8416=DIRECTION('',(-1.,0.,0.));
#8417=DIRECTION('center_axis',(0.,-1.,0.));
#8418=DIRECTION('ref_axis',(0.,0.,-1.));
#8419=DIRECTION('',(0.,0.,-1.));
#8420=DIRECTION('',(1.,0.,0.));
#8421=DIRECTION('',(0.,0.,1.));
#8422=DIRECTION('',(-1.,0.,0.));
#8423=DIRECTION('center_axis',(0.,1.04308117698793E-7,0.999999999999995));
#8424=DIRECTION('ref_axis',(-1.,0.,0.));
#8425=DIRECTION('',(1.,0.,0.));
#8426=DIRECTION('',(0.,-0.999999999999994,1.04308117698793E-7));
#8427=DIRECTION('',(-1.,0.,0.));
#8428=DIRECTION('',(0.,-1.,0.));
#8429=DIRECTION('center_axis',(0.,-1.04308117698793E-7,-0.999999999999995));
#8430=DIRECTION('ref_axis',(1.,0.,0.));
#8431=DIRECTION('',(-1.,0.,0.));
#8432=DIRECTION('',(0.,1.,0.));
#8433=DIRECTION('',(1.,0.,0.));
#8434=DIRECTION('',(0.,-0.999999999999994,1.04308117698793E-7));
#8435=DIRECTION('center_axis',(0.,-0.999999999999995,1.04308117698793E-7));
#8436=DIRECTION('ref_axis',(0.,-1.04308117698793E-7,-0.999999999999994));
#8437=DIRECTION('',(0.,-1.0430812480422E-7,-0.999999999999994));
#8438=DIRECTION('',(0.,-1.04308117698793E-7,-0.999999999999994));
#8439=DIRECTION('center_axis',(0.,1.,0.));
#8440=DIRECTION('ref_axis',(0.,0.,1.));
#8441=DIRECTION('',(0.,0.,1.));
#8442=DIRECTION('',(1.,0.,0.));
#8443=DIRECTION('',(0.,0.,1.));
#8444=DIRECTION('',(-1.,0.,0.));
#8445=DIRECTION('center_axis',(1.,0.,0.));
#8446=DIRECTION('ref_axis',(0.,0.,-1.));
#8447=DIRECTION('',(0.,1.,0.));
#8448=DIRECTION('',(0.,-1.,0.));
#8449=DIRECTION('center_axis',(1.,0.,0.));
#8450=DIRECTION('ref_axis',(0.,0.,-1.));
#8451=DIRECTION('',(0.,-1.,0.));
#8452=DIRECTION('',(0.,1.,0.));
#8453=DIRECTION('center_axis',(0.,0.,-1.));
#8454=DIRECTION('ref_axis',(-1.,0.,0.));
#8455=DIRECTION('',(0.,-1.,0.));
#8456=DIRECTION('',(0.,1.,0.));
#8457=DIRECTION('center_axis',(1.,0.,0.));
#8458=DIRECTION('ref_axis',(0.,0.,-1.));
#8459=DIRECTION('',(0.,1.,0.));
#8460=DIRECTION('center_axis',(0.,0.,1.));
#8461=DIRECTION('ref_axis',(1.,0.,0.));
#8462=DIRECTION('',(0.,1.,0.));
#8463=DIRECTION('center_axis',(-1.,0.,0.));
#8464=DIRECTION('ref_axis',(0.,0.,1.));
#8465=DIRECTION('axis',(0.,0.,1.));
#8466=DIRECTION('refdir',(1.,0.,0.));
#8467=DIRECTION('center_axis',(0.,1.,0.));
#8468=DIRECTION('ref_axis',(0.,0.,1.));
#8469=DIRECTION('',(0.,0.,-1.));
#8470=DIRECTION('',(1.,0.,0.));
#8471=DIRECTION('',(0.,0.,1.));
#8472=DIRECTION('',(-1.,0.,0.));
#8473=DIRECTION('center_axis',(-1.,0.,0.));
#8474=DIRECTION('ref_axis',(0.,0.,1.));
#8475=DIRECTION('',(0.,1.,0.));
#8476=DIRECTION('',(0.,-1.,0.));
#8477=DIRECTION('',(0.,0.,1.));
#8478=DIRECTION('',(0.,1.,0.));
#8479=DIRECTION('',(0.,0.,1.));
#8480=DIRECTION('',(0.,1.,0.));
#8481=DIRECTION('',(0.,0.,1.));
#8482=DIRECTION('center_axis',(0.,1.,0.));
#8483=DIRECTION('ref_axis',(0.,0.,1.));
#8484=DIRECTION('',(1.,0.,0.));
#8485=DIRECTION('',(-1.,0.,0.));
#8486=DIRECTION('',(0.,0.,-1.));
#8487=DIRECTION('',(1.,0.,0.));
#8488=DIRECTION('',(-1.,0.,0.));
#8489=DIRECTION('',(0.,0.,1.));
#8490=DIRECTION('center_axis',(1.,0.,0.));
#8491=DIRECTION('ref_axis',(0.,0.,-1.));
#8492=DIRECTION('',(0.,1.,0.));
#8493=DIRECTION('',(0.,0.,-1.));
#8494=DIRECTION('',(0.,1.,0.));
#8495=DIRECTION('center_axis',(0.,0.,-1.));
#8496=DIRECTION('ref_axis',(-1.,0.,0.));
#8497=DIRECTION('',(-1.,0.,0.));
#8498=DIRECTION('center_axis',(0.,0.,-1.));
#8499=DIRECTION('ref_axis',(0.,-1.,0.));
#8500=DIRECTION('',(0.,1.,0.));
#8501=DIRECTION('center_axis',(-1.,0.,0.));
#8502=DIRECTION('ref_axis',(0.,0.,1.));
#8503=DIRECTION('',(0.,-1.,0.));
#8504=DIRECTION('center_axis',(0.,0.,1.));
#8505=DIRECTION('ref_axis',(0.,1.,0.));
#8506=DIRECTION('center_axis',(0.,0.,1.));
#8507=DIRECTION('ref_axis',(1.,0.,0.));
#8508=DIRECTION('',(1.,0.,0.));
#8509=DIRECTION('center_axis',(0.,1.,0.));
#8510=DIRECTION('ref_axis',(0.,0.,1.));
#8511=DIRECTION('axis',(0.,0.,1.));
#8512=DIRECTION('refdir',(1.,0.,0.));
#8513=DIRECTION('center_axis',(-1.,0.,0.));
#8514=DIRECTION('ref_axis',(0.,0.,1.));
#8515=DIRECTION('',(0.,-1.,0.));
#8516=DIRECTION('',(0.,0.,-1.));
#8517=DIRECTION('',(0.,1.,0.));
#8518=DIRECTION('',(0.,0.,1.));
#8519=DIRECTION('center_axis',(0.,1.,0.));
#8520=DIRECTION('ref_axis',(0.,0.,1.));
#8521=DIRECTION('',(-1.,0.,0.));
#8522=DIRECTION('',(0.,0.,1.));
#8523=DIRECTION('',(1.,0.,0.));
#8524=DIRECTION('center_axis',(0.,0.,-1.));
#8525=DIRECTION('ref_axis',(0.,-1.,0.));
#8526=DIRECTION('',(1.,0.,0.));
#8527=DIRECTION('',(0.,1.,0.));
#8528=DIRECTION('center_axis',(0.,-1.,0.));
#8529=DIRECTION('ref_axis',(0.,0.,-1.));
#8530=DIRECTION('',(-1.,0.,0.));
#8531=DIRECTION('',(0.,0.,-1.));
#8532=DIRECTION('center_axis',(0.,0.,1.));
#8533=DIRECTION('ref_axis',(0.,1.,0.));
#8534=DIRECTION('',(0.,-1.,0.));
#8535=DIRECTION('center_axis',(-1.,0.,0.));
#8536=DIRECTION('ref_axis',(0.,0.,1.));
#8537=DIRECTION('axis',(0.,0.,1.));
#8538=DIRECTION('refdir',(1.,0.,0.));
#8539=DIRECTION('center_axis',(0.,1.,0.));
#8540=DIRECTION('ref_axis',(0.,0.,1.));
#8541=DIRECTION('',(0.,0.,1.));
#8542=DIRECTION('',(-1.,0.,0.));
#8543=DIRECTION('',(0.,0.,-1.));
#8544=DIRECTION('',(1.,0.,0.));
#8545=DIRECTION('center_axis',(1.,0.,0.));
#8546=DIRECTION('ref_axis',(0.,0.,-1.));
#8547=DIRECTION('',(0.,1.,0.));
#8548=DIRECTION('',(0.,-1.,0.));
#8549=DIRECTION('',(0.,0.,-1.));
#8550=DIRECTION('',(0.,1.,0.));
#8551=DIRECTION('',(0.,0.,-1.));
#8552=DIRECTION('',(0.,1.,0.));
#8553=DIRECTION('',(0.,0.,-1.));
#8554=DIRECTION('center_axis',(0.,1.,0.));
#8555=DIRECTION('ref_axis',(0.,0.,1.));
#8556=DIRECTION('',(1.,0.,0.));
#8557=DIRECTION('',(0.,0.,-1.));
#8558=DIRECTION('',(-1.,0.,0.));
#8559=DIRECTION('',(1.,0.,0.));
#8560=DIRECTION('',(0.,0.,1.));
#8561=DIRECTION('',(-1.,0.,0.));
#8562=DIRECTION('center_axis',(0.,0.,1.));
#8563=DIRECTION('ref_axis',(0.,-1.,0.));
#8564=DIRECTION('',(0.,1.,0.));
#8565=DIRECTION('center_axis',(1.,0.,0.));
#8566=DIRECTION('ref_axis',(0.,0.,-1.));
#8567=DIRECTION('',(0.,-1.,0.));
#8568=DIRECTION('center_axis',(0.,0.,-1.));
#8569=DIRECTION('ref_axis',(0.,1.,0.));
#8570=DIRECTION('center_axis',(-1.,0.,0.));
#8571=DIRECTION('ref_axis',(0.,0.,1.));
#8572=DIRECTION('',(0.,1.,0.));
#8573=DIRECTION('',(0.,0.,1.));
#8574=DIRECTION('',(0.,1.,0.));
#8575=DIRECTION('center_axis',(0.,0.,1.));
#8576=DIRECTION('ref_axis',(1.,0.,0.));
#8577=DIRECTION('',(1.,0.,0.));
#8578=DIRECTION('center_axis',(0.,0.,-1.));
#8579=DIRECTION('ref_axis',(-1.,0.,0.));
#8580=DIRECTION('',(-1.,0.,0.));
#8581=DIRECTION('center_axis',(0.,1.,0.));
#8582=DIRECTION('ref_axis',(0.,0.,1.));
#8583=DIRECTION('axis',(0.,0.,1.));
#8584=DIRECTION('refdir',(1.,0.,0.));
#8585=DIRECTION('center_axis',(0.,1.,0.));
#8586=DIRECTION('ref_axis',(0.,0.,1.));
#8587=DIRECTION('',(0.,0.,1.));
#8588=DIRECTION('',(-1.,0.,0.));
#8589=DIRECTION('',(0.,0.,-1.));
#8590=DIRECTION('',(1.,0.,0.));
#8591=DIRECTION('center_axis',(1.,0.,0.));
#8592=DIRECTION('ref_axis',(0.,0.,-1.));
#8593=DIRECTION('',(0.,1.,0.));
#8594=DIRECTION('',(0.,0.,1.));
#8595=DIRECTION('',(0.,-1.,0.));
#8596=DIRECTION('center_axis',(0.,0.,-1.));
#8597=DIRECTION('ref_axis',(0.,1.,0.));
#8598=DIRECTION('',(0.,1.,0.));
#8599=DIRECTION('',(1.,0.,0.));
#8600=DIRECTION('center_axis',(0.,0.,1.));
#8601=DIRECTION('ref_axis',(0.,-1.,0.));
#8602=DIRECTION('',(1.,0.,0.));
#8603=DIRECTION('',(0.,-1.,0.));
#8604=DIRECTION('center_axis',(0.,1.,0.));
#8605=DIRECTION('ref_axis',(0.,0.,1.));
#8606=DIRECTION('',(0.,0.,1.));
#8607=DIRECTION('center_axis',(1.,0.,0.));
#8608=DIRECTION('ref_axis',(0.,1.,0.));
#8609=DIRECTION('axis',(0.,0.,1.));
#8610=DIRECTION('refdir',(1.,0.,0.));
#8611=DIRECTION('center_axis',(0.,0.,1.));
#8612=DIRECTION('ref_axis',(1.,0.,0.));
#8613=DIRECTION('',(0.,1.,0.));
#8614=DIRECTION('',(-1.,0.,0.));
#8615=DIRECTION('',(0.,-1.,0.));
#8616=DIRECTION('',(-1.,0.,0.));
#8617=DIRECTION('center_axis',(0.,-1.,0.));
#8618=DIRECTION('ref_axis',(-1.,0.,0.));
#8619=DIRECTION('',(0.,0.,-1.));
#8620=DIRECTION('',(-1.,0.,0.));
#8621=DIRECTION('',(0.,0.,1.));
#8622=DIRECTION('center_axis',(0.,0.,-1.));
#8623=DIRECTION('ref_axis',(-1.,0.,0.));
#8624=DIRECTION('',(0.,-1.,0.));
#8625=DIRECTION('',(-1.,0.,0.));
#8626=DIRECTION('',(0.,-1.,0.));
#8627=DIRECTION('center_axis',(1.,0.,0.));
#8628=DIRECTION('ref_axis',(0.,0.,-1.));
#8629=DIRECTION('',(0.,0.,1.));
#8630=DIRECTION('',(0.,1.,0.));
#8631=DIRECTION('',(0.,0.,-1.));
#8632=DIRECTION('center_axis',(0.,1.,0.));
#8633=DIRECTION('ref_axis',(0.,0.,1.));
#8634=DIRECTION('',(0.,0.,-1.));
#8635=DIRECTION('',(-1.,0.,0.));
#8636=DIRECTION('center_axis',(1.,0.,0.));
#8637=DIRECTION('ref_axis',(0.,0.,1.));
#8638=DIRECTION('',(0.,0.,1.));
#8639=DIRECTION('',(0.,1.,0.));
#8640=DIRECTION('center_axis',(0.,-1.,0.));
#8641=DIRECTION('ref_axis',(0.,0.,-1.));
#8642=DIRECTION('',(1.,0.,0.));
#8643=DIRECTION('center_axis',(0.,0.,-1.));
#8644=DIRECTION('ref_axis',(1.,0.,0.));
#8645=DIRECTION('axis',(0.,0.,1.));
#8646=DIRECTION('refdir',(1.,0.,0.));
#8647=DIRECTION('center_axis',(0.,0.,1.));
#8648=DIRECTION('ref_axis',(1.,0.,0.));
#8649=DIRECTION('',(0.,-1.,0.));
#8650=DIRECTION('',(-1.,0.,0.));
#8651=DIRECTION('',(0.,1.,0.));
#8652=DIRECTION('',(-1.,0.,0.));
#8653=DIRECTION('center_axis',(0.,-1.,0.));
#8654=DIRECTION('ref_axis',(-1.,0.,0.));
#8655=DIRECTION('',(0.,0.,-1.));
#8656=DIRECTION('',(-1.,0.,0.));
#8657=DIRECTION('',(0.,0.,1.));
#8658=DIRECTION('center_axis',(0.,0.,-1.));
#8659=DIRECTION('ref_axis',(-1.,0.,0.));
#8660=DIRECTION('',(0.,-1.,0.));
#8661=DIRECTION('',(-1.,0.,0.));
#8662=DIRECTION('',(0.,-1.,0.));
#8663=DIRECTION('center_axis',(1.,0.,0.));
#8664=DIRECTION('ref_axis',(0.,0.,-1.));
#8665=DIRECTION('',(0.,0.,1.));
#8666=DIRECTION('',(0.,1.,0.));
#8667=DIRECTION('',(0.,0.,-1.));
#8668=DIRECTION('center_axis',(0.,1.,0.));
#8669=DIRECTION('ref_axis',(0.,0.,1.));
#8670=DIRECTION('',(0.,0.,-1.));
#8671=DIRECTION('',(-1.,0.,0.));
#8672=DIRECTION('center_axis',(1.,0.,0.));
#8673=DIRECTION('ref_axis',(0.,0.,1.));
#8674=DIRECTION('',(0.,0.,1.));
#8675=DIRECTION('',(0.,-1.,0.));
#8676=DIRECTION('center_axis',(0.,-1.,0.));
#8677=DIRECTION('ref_axis',(0.,0.,-1.));
#8678=DIRECTION('',(1.,0.,0.));
#8679=DIRECTION('center_axis',(0.,0.,-1.));
#8680=DIRECTION('ref_axis',(1.,0.,0.));
#8681=DIRECTION('axis',(0.,0.,1.));
#8682=DIRECTION('refdir',(1.,0.,0.));
#8683=DIRECTION('center_axis',(0.,0.,1.));
#8684=DIRECTION('ref_axis',(1.,0.,0.));
#8685=DIRECTION('',(0.,-1.,0.));
#8686=DIRECTION('',(-1.,0.,0.));
#8687=DIRECTION('',(0.,1.,0.));
#8688=DIRECTION('',(-1.,0.,0.));
#8689=DIRECTION('center_axis',(0.,-1.,0.));
#8690=DIRECTION('ref_axis',(-1.,0.,0.));
#8691=DIRECTION('',(0.,0.,-1.));
#8692=DIRECTION('',(-1.,0.,0.));
#8693=DIRECTION('',(0.,0.,1.));
#8694=DIRECTION('center_axis',(1.,0.,0.));
#8695=DIRECTION('ref_axis',(0.,0.,-1.));
#8696=DIRECTION('',(0.,0.,1.));
#8697=DIRECTION('',(0.,1.,0.));
#8698=DIRECTION('',(0.,0.,-1.));
#8699=DIRECTION('',(0.,-1.,0.));
#8700=DIRECTION('center_axis',(0.,1.,0.));
#8701=DIRECTION('ref_axis',(0.,0.,1.));
#8702=DIRECTION('',(0.,0.,-1.));
#8703=DIRECTION('',(-1.,0.,0.));
#8704=DIRECTION('center_axis',(-1.,0.,0.));
#8705=DIRECTION('ref_axis',(0.,0.,1.));
#8706=DIRECTION('',(0.,1.,0.));
#8707=DIRECTION('',(0.,0.,1.));
#8708=DIRECTION('',(0.,-1.,0.));
#8709=DIRECTION('center_axis',(0.,0.,-1.));
#8710=DIRECTION('ref_axis',(-1.,0.,0.));
#8711=DIRECTION('',(-1.,0.,0.));
#8712=DIRECTION('center_axis',(0.,0.,-1.));
#8713=DIRECTION('ref_axis',(1.,0.,0.));
#8714=DIRECTION('',(1.,0.,0.));
#8715=DIRECTION('center_axis',(0.,-1.,0.));
#8716=DIRECTION('ref_axis',(0.,0.,-1.));
#8717=DIRECTION('axis',(0.,0.,1.));
#8718=DIRECTION('refdir',(1.,0.,0.));
#8719=DIRECTION('center_axis',(0.,0.,-1.));
#8720=DIRECTION('ref_axis',(-1.,0.,0.));
#8721=DIRECTION('',(1.,0.,0.));
#8722=DIRECTION('',(0.,1.,0.));
#8723=DIRECTION('',(-1.,0.,0.));
#8724=DIRECTION('',(0.,1.,0.));
#8725=DIRECTION('center_axis',(0.,-1.,0.));
#8726=DIRECTION('ref_axis',(0.,0.,-1.));
#8727=DIRECTION('',(4.17966315153E-16,0.,1.));
#8728=DIRECTION('',(-1.,0.,0.));
#8729=DIRECTION('',(0.,0.,-1.));
#8730=DIRECTION('',(1.,0.,0.));
#8731=DIRECTION('',(0.,0.,1.));
#8732=DIRECTION('',(1.,0.,0.));
#8733=DIRECTION('',(0.,0.,-1.));
#8734=DIRECTION('',(1.,0.,0.));
#8735=DIRECTION('',(0.,0.,-1.));
#8736=DIRECTION('',(1.,0.,0.));
#8737=DIRECTION('',(0.,0.,-1.));
#8738=DIRECTION('center_axis',(1.,0.,-4.17966315153E-16));
#8739=DIRECTION('ref_axis',(4.17966315153E-16,0.,1.));
#8740=DIRECTION('',(4.17966315153E-16,0.,1.));
#8741=DIRECTION('',(0.,1.,0.));
#8742=DIRECTION('center_axis',(0.,0.,-1.));
#8743=DIRECTION('ref_axis',(-1.,0.,0.));
#8744=DIRECTION('',(0.,-1.,0.));
#8745=DIRECTION('',(-1.,0.,0.));
#8746=DIRECTION('',(0.,1.,0.));
#8747=DIRECTION('center_axis',(-1.,0.,0.));
#8748=DIRECTION('ref_axis',(0.,0.,1.));
#8749=DIRECTION('',(0.,-1.,0.));
#8750=DIRECTION('',(0.,0.,-1.));
#8751=DIRECTION('',(0.,0.,1.));
#8752=DIRECTION('',(0.,1.,0.));
#8753=DIRECTION('',(0.,0.,1.));
#8754=DIRECTION('center_axis',(0.,-1.,0.));
#8755=DIRECTION('ref_axis',(1.,0.,0.));
#8756=DIRECTION('',(1.,0.,0.));
#8757=DIRECTION('',(0.,0.,-1.));
#8758=DIRECTION('',(1.,0.,0.));
#8759=DIRECTION('center_axis',(1.,0.,0.));
#8760=DIRECTION('ref_axis',(0.,-1.,0.));
#8761=DIRECTION('',(0.,-1.,0.));
#8762=DIRECTION('',(0.,0.,1.));
#8763=DIRECTION('',(0.,1.,0.));
#8764=DIRECTION('center_axis',(0.,-1.,0.));
#8765=DIRECTION('ref_axis',(0.,0.,-1.));
#8766=DIRECTION('',(1.,0.,0.));
#8767=DIRECTION('',(0.,0.,-1.));
#8768=DIRECTION('',(1.,0.,0.));
#8769=DIRECTION('center_axis',(-1.,0.,0.));
#8770=DIRECTION('ref_axis',(0.,1.,0.));
#8771=DIRECTION('',(0.,1.,0.));
#8772=DIRECTION('',(0.,-1.,0.));
#8773=DIRECTION('center_axis',(0.,0.,-1.));
#8774=DIRECTION('ref_axis',(0.,1.,0.));
#8775=DIRECTION('',(0.,1.,0.));
#8776=DIRECTION('',(1.,0.,0.));
#8777=DIRECTION('',(0.,-1.,0.));
#8778=DIRECTION('',(1.,0.,0.));
#8779=DIRECTION('',(0.,-1.,0.));
#8780=DIRECTION('center_axis',(1.,0.,0.));
#8781=DIRECTION('ref_axis',(0.,0.,-1.));
#8782=DIRECTION('',(0.,0.,-1.));
#8783=DIRECTION('',(0.,-1.,0.));
#8784=DIRECTION('',(0.,0.,-1.));
#8785=DIRECTION('',(0.,0.,-1.));
#8786=DIRECTION('center_axis',(-1.,0.,0.));
#8787=DIRECTION('ref_axis',(0.,0.,-1.));
#8788=DIRECTION('',(0.,-1.,0.));
#8789=DIRECTION('',(0.,0.,-1.));
#8790=DIRECTION('center_axis',(0.,0.,1.));
#8791=DIRECTION('ref_axis',(0.,-1.,0.));
#8792=DIRECTION('',(-1.,0.,0.));
#8793=DIRECTION('',(1.,0.,0.));
#8794=DIRECTION('center_axis',(0.,-1.,0.));
#8795=DIRECTION('ref_axis',(0.,0.,-1.));
#8796=DIRECTION('',(1.,0.,0.));
#8797=DIRECTION('center_axis',(0.,0.,1.));
#8798=DIRECTION('ref_axis',(0.,-1.,0.));
#8799=DIRECTION('center_axis',(-1.,0.,1.27187300372516E-11));
#8800=DIRECTION('ref_axis',(-1.27187300372516E-11,0.,-1.));
#8801=DIRECTION('',(0.,0.,-1.));
#8802=DIRECTION('',(-8.99350025742163E-12,0.707106781186548,-0.707106781186548));
#8803=DIRECTION('',(-1.27187300372516E-11,0.,-1.));
#8804=DIRECTION('',(0.,-1.,0.));
#8805=DIRECTION('center_axis',(0.,-1.,0.));
#8806=DIRECTION('ref_axis',(0.,0.,-1.));
#8807=DIRECTION('',(-1.,0.,0.));
#8808=DIRECTION('',(1.27187300372516E-11,0.,1.));
#8809=DIRECTION('',(-1.,0.,1.27234519216775E-11));
#8810=DIRECTION('center_axis',(1.27234519216775E-11,0.,1.));
#8811=DIRECTION('ref_axis',(-1.,0.,1.27234519216775E-11));
#8812=DIRECTION('',(1.,0.,0.));
#8813=DIRECTION('',(0.,-1.,0.));
#8814=DIRECTION('center_axis',(1.,0.,-1.27187300372516E-11));
#8815=DIRECTION('ref_axis',(1.27187300372516E-11,0.,1.));
#8816=DIRECTION('',(0.,0.,-1.));
#8817=DIRECTION('',(8.99350025742163E-12,-0.707106781186548,0.707106781186548));
#8818=DIRECTION('center_axis',(-1.,0.,0.));
#8819=DIRECTION('ref_axis',(0.,0.,-1.));
#8820=DIRECTION('',(0.,0.,1.));
#8821=DIRECTION('',(0.,0.707106781186548,-0.707106781186548));
#8822=DIRECTION('',(0.,0.,-1.));
#8823=DIRECTION('',(0.,-1.,0.));
#8824=DIRECTION('center_axis',(0.,-1.,0.));
#8825=DIRECTION('ref_axis',(0.,0.,-1.));
#8826=DIRECTION('',(-1.,0.,0.));
#8827=DIRECTION('',(0.,0.,1.));
#8828=DIRECTION('',(-1.,0.,0.));
#8829=DIRECTION('center_axis',(0.,0.,1.));
#8830=DIRECTION('ref_axis',(-1.,0.,0.));
#8831=DIRECTION('',(1.,0.,0.));
#8832=DIRECTION('',(0.,-1.,0.));
#8833=DIRECTION('center_axis',(1.,0.,0.));
#8834=DIRECTION('ref_axis',(0.,0.,1.));
#8835=DIRECTION('',(0.,0.,1.));
#8836=DIRECTION('',(0.,-0.707106781186548,0.707106781186548));
#8837=DIRECTION('center_axis',(0.,-0.707106781186548,-0.707106781186548));
#8838=DIRECTION('ref_axis',(0.,0.707106781186548,-0.707106781186548));
#8839=DIRECTION('',(1.,0.,0.));
#8840=DIRECTION('',(1.,0.,0.));
#8841=DIRECTION('',(0.,0.707106781186548,-0.707106781186548));
#8842=DIRECTION('',(-1.,0.,0.));
#8843=DIRECTION('',(0.,-0.707106781186548,0.707106781186548));
#8844=DIRECTION('',(1.,0.,0.));
#8845=DIRECTION('',(1.,0.,0.));
#8846=DIRECTION('center_axis',(1.,0.,0.));
#8847=DIRECTION('ref_axis',(0.,0.,1.));
#8848=DIRECTION('',(0.,0.,1.));
#8849=DIRECTION('',(0.,0.,1.));
#8850=DIRECTION('center_axis',(0.,-1.,0.));
#8851=DIRECTION('ref_axis',(1.,0.,0.));
#8852=DIRECTION('center_axis',(-1.,0.,0.));
#8853=DIRECTION('ref_axis',(0.,0.,-1.));
#8854=DIRECTION('',(0.,0.,-1.));
#8855=DIRECTION('center_axis',(0.,-1.,0.));
#8856=DIRECTION('ref_axis',(0.,0.,-1.));
#8857=DIRECTION('center_axis',(0.,0.,-1.));
#8858=DIRECTION('ref_axis',(0.,-1.,0.));
#8859=DIRECTION('center_axis',(0.,-1.,0.));
#8860=DIRECTION('ref_axis',(0.,0.,-1.));
#8861=DIRECTION('axis',(0.,0.,1.));
#8862=DIRECTION('refdir',(1.,0.,0.));
#8863=DIRECTION('center_axis',(5.91645678915759E-31,0.,-1.));
#8864=DIRECTION('ref_axis',(1.,-2.64205839072299E-32,5.91645678915759E-31));
#8865=DIRECTION('',(-1.,2.64205839072299E-32,-5.91645678915759E-31));
#8866=DIRECTION('',(0.,-1.,0.));
#8867=DIRECTION('',(1.,-2.64205839072299E-32,5.91645678915759E-31));
#8868=DIRECTION('',(0.,-1.,0.));
#8869=DIRECTION('center_axis',(-1.,0.,-5.91645678915759E-31));
#8870=DIRECTION('ref_axis',(5.91645678915759E-31,-1.88151566625741E-61,
-1.));
#8871=DIRECTION('',(-5.91645678915759E-31,1.88151566625741E-61,1.));
#8872=DIRECTION('',(5.91645678915759E-31,-1.88151566625741E-61,-1.));
#8873=DIRECTION('',(0.,-1.,0.));
#8874=DIRECTION('center_axis',(4.44089209850008E-16,0.,1.));
#8875=DIRECTION('ref_axis',(-1.,2.64205839072299E-32,4.44089209850008E-16));
#8876=DIRECTION('',(1.,-2.64205839072299E-32,-4.44089209850008E-16));
#8877=DIRECTION('',(-1.,2.64205839072299E-32,4.44089209850008E-16));
#8878=DIRECTION('',(0.,-1.,0.));
#8879=DIRECTION('center_axis',(-1.,0.,-5.91645678915759E-31));
#8880=DIRECTION('ref_axis',(5.91645678915759E-31,-1.88151566625741E-61,
-1.));
#8881=DIRECTION('',(1.43773879571375E-14,-3.79858984888349E-46,1.));
#8882=DIRECTION('',(5.91645678915759E-31,-1.88151566625741E-61,-1.));
#8883=DIRECTION('',(0.,-1.,0.));
#8884=DIRECTION('center_axis',(-5.91645678915759E-31,0.,1.));
#8885=DIRECTION('ref_axis',(-1.,2.64205839072299E-32,-5.91645678915759E-31));
#8886=DIRECTION('',(1.,-2.64205839072299E-32,-9.64043659716196E-15));
#8887=DIRECTION('',(-1.,2.64205839072299E-32,-5.91645678915759E-31));
#8888=DIRECTION('',(0.,-1.,0.));
#8889=DIRECTION('center_axis',(-1.,0.,5.55111512312572E-17));
#8890=DIRECTION('ref_axis',(-5.55111512312572E-17,1.46663702889219E-48,
-1.));
#8891=DIRECTION('',(-9.99200722162641E-16,-5.09747230582434E-25,1.));
#8892=DIRECTION('',(-5.55111512312572E-17,1.46663702889219E-48,-1.));
#8893=DIRECTION('',(0.,-1.,0.));
#8894=DIRECTION('center_axis',(-1.,0.,-5.91645678915759E-31));
#8895=DIRECTION('ref_axis',(5.91645678915759E-31,-1.88151566625741E-61,
-1.));
#8896=DIRECTION('',(1.43773879571375E-14,-3.79858984888349E-46,1.));
#8897=DIRECTION('',(0.,-1.,0.));
#8898=DIRECTION('',(5.91645678915759E-31,-1.88151566625741E-61,-1.));
#8899=DIRECTION('center_axis',(1.,0.,5.91645678915759E-31));
#8900=DIRECTION('ref_axis',(-5.91645678915759E-31,1.88151566625741E-61,
1.));
#8901=DIRECTION('',(9.99200722162641E-16,5.09753522980748E-25,-1.));
#8902=DIRECTION('',(0.,-1.,0.));
#8903=DIRECTION('',(-5.91645678915759E-31,1.88151566625741E-61,1.));
#8904=DIRECTION('',(0.,-1.,0.));
#8905=DIRECTION('center_axis',(0.,-1.,0.));
#8906=DIRECTION('ref_axis',(0.,0.,-1.));
#8907=DIRECTION('',(-1.,4.44089209850056E-15,-5.91645678915759E-31));
#8908=DIRECTION('',(1.,-2.64205839072299E-32,5.91645678915759E-31));
#8909=DIRECTION('center_axis',(1.,-4.44089209850056E-15,5.91645678915759E-31));
#8910=DIRECTION('ref_axis',(5.91645678915759E-31,-1.88151566625741E-61,
-1.));
#8911=DIRECTION('',(-2.64205839072299E-32,-1.,1.72519942322597E-61));
#8912=DIRECTION('',(9.99200722162641E-16,5.09753522980748E-25,-1.));
#8913=DIRECTION('',(-2.64205839072299E-32,-1.,1.72519942322597E-61));
#8914=DIRECTION('',(-5.91645678915759E-31,1.88151566625741E-61,1.));
#8915=DIRECTION('center_axis',(1.,-4.44089209850056E-15,5.91645678915759E-31));
#8916=DIRECTION('ref_axis',(5.91645678915759E-31,-1.88151566625741E-61,
-1.));
#8917=DIRECTION('',(-2.64205839072299E-32,-1.,1.72519942322597E-61));
#8918=DIRECTION('',(-5.91645678915759E-31,1.88151566625741E-61,1.));
#8919=DIRECTION('',(-4.44089209850056E-15,-1.,4.16216683386467E-29));
#8920=DIRECTION('',(9.99200722162641E-16,5.09753522980748E-25,-1.));
#8921=DIRECTION('center_axis',(-9.37236650102352E-15,0.,-1.));
#8922=DIRECTION('ref_axis',(-1.,1.13103970633688E-15,9.37236650102352E-15));
#8923=DIRECTION('',(1.,-2.64205839072299E-32,-9.37236650102352E-15));
#8924=DIRECTION('',(-1.,1.13103970633688E-15,9.37236650102352E-15));
#8925=DIRECTION('',(0.,1.,0.));
#8926=DIRECTION('center_axis',(-4.2420940406617E-15,0.,-1.));
#8927=DIRECTION('ref_axis',(-1.,8.10397677564272E-16,4.2420940406617E-15));
#8928=DIRECTION('',(1.,-2.64205839072299E-32,-4.2420940406617E-15));
#8929=DIRECTION('',(0.,1.,0.));
#8930=DIRECTION('',(-1.,8.10397677564272E-16,4.2420940406617E-15));
#8931=DIRECTION('',(2.64205839072299E-32,1.,-1.12078601543662E-46));
#8932=DIRECTION('center_axis',(-2.64205839072299E-32,-1.,1.72519942322597E-61));
#8933=DIRECTION('ref_axis',(5.91645678915759E-31,-1.88151566625741E-61,
-1.));
#8934=DIRECTION('',(-9.99200722162641E-16,-5.09753584610506E-25,1.));
#8935=DIRECTION('',(1.,-1.13103970633688E-15,1.30107629128979E-14));
#8936=DIRECTION('',(-1.,1.42799379760956E-14,-5.91645678915759E-31));
#8937=DIRECTION('',(-5.91645678915759E-31,1.88151566625741E-61,1.));
#8938=DIRECTION('',(1.,-2.64205839072299E-32,5.91645678915759E-31));
#8939=DIRECTION('',(5.91645678915759E-31,-1.88151566625741E-61,-1.));
#8940=DIRECTION('center_axis',(1.,-2.64205839072299E-32,9.99200722162641E-16));
#8941=DIRECTION('ref_axis',(-9.99200722162641E-16,-5.09753584610506E-25,
1.));
#8942=DIRECTION('',(9.99200722162641E-16,-2.6399466520063E-47,-1.));
#8943=DIRECTION('',(2.64205839072299E-32,1.,3.85185988877447E-34));
#8944=DIRECTION('center_axis',(-2.64205839072299E-32,-1.,1.72519942322597E-61));
#8945=DIRECTION('ref_axis',(5.91645678915759E-31,-1.88151566625741E-61,
-1.));
#8946=DIRECTION('',(-5.91645678915759E-31,1.88151566625741E-61,1.));
#8947=DIRECTION('',(1.,-2.64205839072299E-32,5.91645678915759E-31));
#8948=DIRECTION('',(5.91645678915759E-31,-1.88151566625741E-61,-1.));
#8949=DIRECTION('',(-1.,2.64205839072299E-32,-5.91645678915759E-31));
#8950=DIRECTION('',(-1.,2.64205839072299E-32,-5.91645678915759E-31));
#8951=DIRECTION('center_axis',(1.,-1.44051437445116E-14,5.91645678915759E-31));
#8952=DIRECTION('ref_axis',(-1.44051437445116E-14,-1.,-6.08360905383756E-17));
#8953=DIRECTION('',(2.64205839072299E-32,1.,-1.72519942322597E-61));
#8954=DIRECTION('',(-2.64205839072299E-32,-1.,1.72519942322597E-61));
#8955=DIRECTION('center_axis',(5.91645678915759E-31,-1.88151566625741E-61,
-1.));
#8956=DIRECTION('ref_axis',(2.64205839072299E-32,1.,-1.72519942322597E-61));
#8957=DIRECTION('',(-2.64205839072299E-32,-1.,1.72519942322597E-61));
#8958=DIRECTION('',(1.,-2.64205839072299E-32,5.91645678915759E-31));
#8959=DIRECTION('',(2.64205839072299E-32,1.,-1.72519942322597E-61));
#8960=DIRECTION('',(-1.,1.13103970633688E-15,4.44089209850062E-16));
#8961=DIRECTION('',(-2.64205839072299E-32,-1.,1.72519942322597E-61));
#8962=DIRECTION('',(1.,-1.13103970633688E-15,-4.44089209850062E-16));
#8963=DIRECTION('',(-2.64205839072299E-32,-1.,1.72519942322597E-61));
#8964=DIRECTION('',(-1.,1.13103970633688E-15,4.44089209850062E-16));
#8965=DIRECTION('',(-1.94289029309402E-16,-1.,-1.14950264651645E-46));
#8966=DIRECTION('center_axis',(-1.,1.94289029309402E-16,-5.91645678915759E-31));
#8967=DIRECTION('ref_axis',(1.94289029309402E-16,1.,6.0836090538271E-17));
#8968=DIRECTION('',(1.94289029309402E-16,1.,1.14950264651645E-46));
#8969=DIRECTION('',(5.91645678915759E-31,-1.88151566625741E-61,-1.));
#8970=DIRECTION('center_axis',(-2.64205839072299E-32,-1.,1.72519942322597E-61));
#8971=DIRECTION('ref_axis',(5.91645678915759E-31,-1.88151566625741E-61,
-1.));
#8972=DIRECTION('',(1.,-2.64205839072299E-32,5.91645678915759E-31));
#8973=DIRECTION('',(6.21725319949032E-15,2.81860546291393E-14,1.));
#8974=DIRECTION('',(1.,-8.10397677564273E-16,-4.2420940406617E-15));
#8975=DIRECTION('',(-6.21724893785352E-15,5.09761473219559E-25,-1.));
#8976=DIRECTION('center_axis',(-4.44089209850008E-16,1.17330962311374E-47,
-1.));
#8977=DIRECTION('ref_axis',(-1.,1.94289029309402E-16,4.44089209850008E-16));
#8978=DIRECTION('',(1.94289029309402E-16,1.,-8.62816615085374E-32));
#8979=DIRECTION('',(-1.,2.64205839072299E-32,4.44089209850008E-16));
#8980=DIRECTION('',(-2.64205839072299E-32,-1.,1.72519942322597E-61));
#8981=DIRECTION('center_axis',(-2.64205839072299E-32,-1.,1.72519942322597E-61));
#8982=DIRECTION('ref_axis',(5.91645678915759E-31,-1.88151566625741E-61,
-1.));
#8983=DIRECTION('',(-5.91645678915759E-31,1.88151566625741E-61,1.));
#8984=DIRECTION('',(1.,-1.13103970633689E-15,1.71631822801823E-12));
#8985=DIRECTION('center_axis',(5.91645678915759E-31,-1.88151566625741E-61,
-1.));
#8986=DIRECTION('ref_axis',(2.64205839072299E-32,1.,-1.72519942322597E-61));
#8987=DIRECTION('center_axis',(-5.91645678915759E-31,-3.85185988877447E-34,
1.));
#8988=DIRECTION('ref_axis',(-6.9388939039072E-18,1.,3.85185988877443E-34));
#8989=DIRECTION('center_axis',(-1.,2.64205839072299E-32,-5.91645678915759E-31));
#8990=DIRECTION('ref_axis',(-5.91645678915759E-31,1.88151566625741E-61,
1.));
#8991=DIRECTION('',(4.44089209850008E-16,-1.17330962311374E-47,1.));
#8992=DIRECTION('',(2.64205839072299E-32,1.,-1.72519942322597E-61));
#8993=DIRECTION('',(5.91645678915759E-31,-1.88151566625741E-61,-1.));
#8994=DIRECTION('',(-2.64205839072299E-32,-1.,1.72519942322597E-61));
#8995=DIRECTION('',(4.44089209850008E-16,-1.17330962311374E-47,1.));
#8996=DIRECTION('center_axis',(-2.64205839072299E-32,-1.,1.72519942322597E-61));
#8997=DIRECTION('ref_axis',(5.91645678915759E-31,-1.88151566625741E-61,
-1.));
#8998=DIRECTION('',(1.,-2.64205839072299E-32,1.8947806286936E-14));
#8999=DIRECTION('',(-5.91645678915759E-31,1.88151566625741E-61,1.));
#9000=DIRECTION('',(-1.,2.64205839072299E-32,-1.8947806286936E-14));
#9001=DIRECTION('',(5.91645678915759E-31,-1.88151566625741E-61,-1.));
#9002=DIRECTION('center_axis',(1.8947806286936E-14,-4.90970928019289E-29,
-1.));
#9003=DIRECTION('ref_axis',(-2.59117557243447E-15,-1.,-1.53305783074292E-45));
#9004=DIRECTION('',(-4.44089209850056E-15,-1.,-3.50480704216445E-29));
#9005=DIRECTION('',(-1.,2.64205839072299E-32,-1.8947806286936E-14));
#9006=DIRECTION('',(2.59117557243447E-15,1.,1.53305783074292E-45));
#9007=DIRECTION('center_axis',(1.,-4.44089209850056E-15,5.91645678915759E-31));
#9008=DIRECTION('ref_axis',(5.91645678915759E-31,-1.88151566625741E-61,
-1.));
#9009=DIRECTION('',(4.44089209850056E-15,1.,3.12379591635443E-29));
#9010=DIRECTION('',(-5.91645678915759E-31,1.88151566625741E-61,1.));
#9011=DIRECTION('center_axis',(-2.64205839072299E-32,-1.,1.72519942322597E-61));
#9012=DIRECTION('ref_axis',(5.91645678915759E-31,-1.88151566625741E-61,
-1.));
#9013=DIRECTION('',(-1.,2.64205839072299E-32,-5.91645678915759E-31));
#9014=DIRECTION('',(5.91645678915759E-31,-1.88151566625741E-61,-1.));
#9015=DIRECTION('',(1.,-2.64205839072299E-32,5.91645678915759E-31));
#9016=DIRECTION('',(-5.91645678915759E-31,1.88151566625741E-61,1.));
#9017=DIRECTION('center_axis',(-5.91645678915759E-31,1.88151566625741E-61,
1.));
#9018=DIRECTION('ref_axis',(-2.64205839072299E-32,-1.,1.72519942322597E-61));
#9019=DIRECTION('',(-2.64205839072299E-32,-1.,1.72519942322597E-61));
#9020=DIRECTION('',(1.,-2.64205839072299E-32,5.91645678915759E-31));
#9021=DIRECTION('',(2.64205839072299E-32,1.,-1.72519942322597E-61));
#9022=DIRECTION('center_axis',(-1.,2.64205839072299E-32,-5.91645678915759E-31));
#9023=DIRECTION('ref_axis',(-5.91645678915759E-31,1.88151566625741E-61,
1.));
#9024=DIRECTION('',(2.64205839072299E-32,1.,-1.72519942322597E-61));
#9025=DIRECTION('',(5.91645678915759E-31,-1.88151566625741E-61,-1.));
#9026=DIRECTION('center_axis',(4.44089209850062E-16,-1.17330962311388E-47,
1.));
#9027=DIRECTION('ref_axis',(-1.,1.95399252334028E-16,4.44089209850062E-16));
#9028=DIRECTION('',(1.,-2.64205839072299E-32,-4.44089209850062E-16));
#9029=DIRECTION('',(-1.,1.95399252334028E-16,4.44089209850062E-16));
#9030=DIRECTION('',(-2.64205839072299E-32,-1.,1.72519942322597E-61));
#9031=DIRECTION('center_axis',(-2.64205839072299E-32,-1.,1.72519942322597E-61));
#9032=DIRECTION('ref_axis',(5.91645678915759E-31,-1.88151566625741E-61,
-1.));
#9033=DIRECTION('',(1.,-1.95399252334028E-16,-5.6843418860808E-16));
#9034=DIRECTION('',(-5.91645678915759E-31,1.88151566625741E-61,1.));
#9035=DIRECTION('',(-1.,2.64205839072299E-32,-5.91645678915759E-31));
#9036=DIRECTION('',(-5.91645678915759E-31,1.88151566625741E-61,1.));
#9037=DIRECTION('',(1.,-2.64205839072299E-32,1.8947806286936E-14));
#9038=DIRECTION('',(5.91645678915759E-31,-1.88151566625741E-61,-1.));
#9039=DIRECTION('center_axis',(-5.6843418860808E-16,1.50183631758577E-47,
-1.));
#9040=DIRECTION('ref_axis',(-1.,1.95399252334028E-16,5.6843418860808E-16));
#9041=DIRECTION('',(-2.64205839072299E-32,-1.,1.72519942322597E-61));
#9042=DIRECTION('',(1.,-1.95399252334028E-16,-5.6843418860808E-16));
#9043=DIRECTION('',(-2.64205839072299E-32,-1.,1.72519942322597E-61));
#9044=DIRECTION('',(1.,-1.13103970633688E-15,-5.6843418860808E-16));
#9045=DIRECTION('center_axis',(-5.6843418860808E-16,1.50183631758577E-47,
-1.));
#9046=DIRECTION('ref_axis',(-1.,1.95399252334028E-16,5.6843418860808E-16));
#9047=DIRECTION('',(1.,-1.13103970633688E-15,-5.6843418860808E-16));
#9048=DIRECTION('',(2.64205839072299E-32,1.,-1.72519942322597E-61));
#9049=DIRECTION('',(1.,-1.95399252334028E-16,-5.6843418860808E-16));
#9050=DIRECTION('center_axis',(1.,-2.64205839072299E-32,5.91645678915759E-31));
#9051=DIRECTION('ref_axis',(5.91645678915759E-31,-1.88151566625741E-61,
-1.));
#9052=DIRECTION('',(5.91645678915759E-31,-1.88151566625741E-61,-1.));
#9053=DIRECTION('',(5.91645678915759E-31,-1.88151566625741E-61,-1.));
#9054=DIRECTION('center_axis',(1.,-4.44089209850056E-15,5.91645678915759E-31));
#9055=DIRECTION('ref_axis',(5.91645678915759E-31,-1.88151566625741E-61,
-1.));
#9056=DIRECTION('',(-2.64205839072299E-32,-1.,1.72519942322597E-61));
#9057=DIRECTION('center_axis',(-1.8947806286936E-14,5.29072040600291E-29,
1.));
#9058=DIRECTION('ref_axis',(2.79226013074174E-15,1.,1.6520286407621E-45));
#9059=DIRECTION('center_axis',(-1.,2.64205839072299E-32,-5.91645678915759E-31));
#9060=DIRECTION('ref_axis',(-5.91645678915759E-31,1.88151566625741E-61,
1.));
#9061=DIRECTION('',(-2.64205839072299E-32,-1.,1.72519942322597E-61));
#9062=DIRECTION('center_axis',(5.91645678915759E-31,-1.88151566625741E-61,
-1.));
#9063=DIRECTION('ref_axis',(2.64205839072299E-32,1.,-1.72519942322597E-61));
#9064=DIRECTION('center_axis',(-5.40111805787218E-16,-0.707106781186548,
-0.707106781186548));
#9065=DIRECTION('ref_axis',(-1.76635401601886E-16,0.707106781186548,-0.707106781186548));
#9066=DIRECTION('',(-1.,2.64205839072299E-32,7.63833440942107E-16));
#9067=DIRECTION('',(3.14018491736755E-16,-0.707106781186548,0.707106781186548));
#9068=DIRECTION('',(-3.14018491736755E-16,0.707106781186548,-0.707106781186548));
#9069=DIRECTION('center_axis',(-2.64205839072299E-32,-1.,1.72519942322597E-61));
#9070=DIRECTION('ref_axis',(5.91645678915759E-31,-1.88151566625741E-61,
-1.));
#9071=DIRECTION('',(-4.44089209850062E-16,-9.7205879134298E-17,-1.));
#9072=DIRECTION('',(4.44089209850062E-16,9.7205879134298E-17,1.));
#9073=DIRECTION('center_axis',(-1.,2.64205839072299E-32,4.44089209850062E-16));
#9074=DIRECTION('ref_axis',(-4.44089209850062E-16,-9.7205879134298E-17,
-1.));
#9075=DIRECTION('',(4.44089209850062E-16,9.7205879134298E-17,1.));
#9076=DIRECTION('center_axis',(-1.13103970633688E-15,-1.,9.72058791342985E-17));
#9077=DIRECTION('ref_axis',(1.,-1.13103970633688E-15,-4.44089209850062E-16));
#9078=DIRECTION('',(-4.44089209850062E-16,-9.7205879134298E-17,-1.));
#9079=DIRECTION('center_axis',(-1.13103970633688E-15,-1.,9.72058791342985E-17));
#9080=DIRECTION('ref_axis',(1.,-1.13103970633688E-15,-4.44089209850062E-16));
#9081=DIRECTION('center_axis',(1.,-2.64205839072299E-32,-4.44089209850062E-16));
#9082=DIRECTION('ref_axis',(4.44089209850062E-16,9.7205879134298E-17,1.));
#9083=DIRECTION('center_axis',(-2.64205839072299E-32,-1.,1.72519942322597E-61));
#9084=DIRECTION('ref_axis',(5.91645678915759E-31,-1.88151566625741E-61,
-1.));
#9085=DIRECTION('center_axis',(5.91645678915759E-31,-1.88151566625741E-61,
-1.));
#9086=DIRECTION('ref_axis',(-1.,2.64205839072299E-32,-5.91645678915759E-31));
#9087=DIRECTION('axis',(0.,0.,1.));
#9088=DIRECTION('refdir',(1.,0.,0.));
#9089=DIRECTION('center_axis',(0.,0.,-1.));
#9090=DIRECTION('ref_axis',(1.8947806286936E-14,1.,0.));
#9091=DIRECTION('',(-1.8947806286936E-14,-1.,0.));
#9092=DIRECTION('',(1.,0.,0.));
#9093=DIRECTION('',(1.8947806286936E-14,1.,0.));
#9094=DIRECTION('',(1.,0.,0.));
#9095=DIRECTION('center_axis',(0.,-1.,0.));
#9096=DIRECTION('ref_axis',(0.,0.,-1.));
#9097=DIRECTION('',(0.,0.,1.));
#9098=DIRECTION('',(0.,0.,-1.));
#9099=DIRECTION('',(1.,0.,0.));
#9100=DIRECTION('center_axis',(0.,0.,1.));
#9101=DIRECTION('ref_axis',(-1.8947806286936E-14,-1.,0.));
#9102=DIRECTION('',(1.8947806286936E-14,1.,0.));
#9103=DIRECTION('',(-1.8947806286936E-14,-1.,0.));
#9104=DIRECTION('',(1.,0.,0.));
#9105=DIRECTION('center_axis',(0.,1.,0.));
#9106=DIRECTION('ref_axis',(0.,0.,1.));
#9107=DIRECTION('',(0.,0.,-1.));
#9108=DIRECTION('',(0.,0.,1.));
#9109=DIRECTION('center_axis',(1.,0.,0.));
#9110=DIRECTION('ref_axis',(0.,0.,-1.));
#9111=DIRECTION('center_axis',(1.,0.,0.));
#9112=DIRECTION('ref_axis',(0.,1.,0.));
#9113=DIRECTION('axis',(0.,0.,1.));
#9114=DIRECTION('refdir',(1.,0.,0.));
#9115=DIRECTION('center_axis',(0.,1.,0.));
#9116=DIRECTION('ref_axis',(0.,0.,-1.));
#9117=DIRECTION('',(0.,0.,-1.));
#9118=DIRECTION('',(-1.,0.,0.));
#9119=DIRECTION('',(0.,0.,-1.));
#9120=DIRECTION('',(-1.,0.,0.));
#9121=DIRECTION('center_axis',(0.,0.,1.));
#9122=DIRECTION('ref_axis',(0.,1.,0.));
#9123=DIRECTION('',(0.,1.,0.));
#9124=DIRECTION('',(0.,1.,0.));
#9125=DIRECTION('',(-1.,0.,0.));
#9126=DIRECTION('center_axis',(0.,-1.,0.));
#9127=DIRECTION('ref_axis',(0.,0.,1.));
#9128=DIRECTION('',(0.,0.,1.));
#9129=DIRECTION('',(0.,0.,1.));
#9130=DIRECTION('',(-1.,0.,0.));
#9131=DIRECTION('center_axis',(0.,0.,-1.));
#9132=DIRECTION('ref_axis',(0.,-1.,0.));
#9133=DIRECTION('',(0.,-1.,0.));
#9134=DIRECTION('',(0.,-1.,0.));
#9135=DIRECTION('center_axis',(-1.,0.,0.));
#9136=DIRECTION('ref_axis',(0.,0.,1.));
#9137=DIRECTION('center_axis',(-1.,0.,0.));
#9138=DIRECTION('ref_axis',(0.,-1.,0.));
#9139=DIRECTION('axis',(0.,0.,1.));
#9140=DIRECTION('refdir',(1.,0.,0.));
#9141=DIRECTION('center_axis',(0.,1.,0.));
#9142=DIRECTION('ref_axis',(0.,0.,-1.));
#9143=DIRECTION('',(0.,0.,-1.));
#9144=DIRECTION('',(-1.,0.,0.));
#9145=DIRECTION('',(0.,0.,-1.));
#9146=DIRECTION('',(-1.,0.,0.));
#9147=DIRECTION('center_axis',(0.,0.,1.));
#9148=DIRECTION('ref_axis',(0.,1.,0.));
#9149=DIRECTION('',(0.,1.,0.));
#9150=DIRECTION('',(0.,1.,0.));
#9151=DIRECTION('',(-1.,0.,0.));
#9152=DIRECTION('center_axis',(0.,-1.,0.));
#9153=DIRECTION('ref_axis',(0.,0.,1.));
#9154=DIRECTION('',(0.,0.,1.));
#9155=DIRECTION('',(0.,0.,1.));
#9156=DIRECTION('',(-1.,0.,0.));
#9157=DIRECTION('center_axis',(0.,0.,-1.));
#9158=DIRECTION('ref_axis',(0.,-1.,0.));
#9159=DIRECTION('',(0.,-1.,0.));
#9160=DIRECTION('',(0.,-1.,0.));
#9161=DIRECTION('center_axis',(-1.,0.,0.));
#9162=DIRECTION('ref_axis',(0.,0.,1.));
#9163=DIRECTION('center_axis',(-1.,0.,0.));
#9164=DIRECTION('ref_axis',(0.,-1.,0.));
#9165=DIRECTION('axis',(0.,0.,1.));
#9166=DIRECTION('refdir',(1.,0.,0.));
#9167=DIRECTION('center_axis',(0.,1.,-4.68375338513716E-17));
#9168=DIRECTION('ref_axis',(4.44089209850015E-16,-4.68375338513716E-17,
-1.));
#9169=DIRECTION('',(0.,-4.68375338513716E-17,-1.));
#9170=DIRECTION('',(-1.,0.,0.));
#9171=DIRECTION('',(4.44089209850015E-16,-4.68375338513716E-17,-1.));
#9172=DIRECTION('',(-1.,0.,0.));
#9173=DIRECTION('center_axis',(0.,5.96046465049101E-8,-0.999999999999998));
#9174=DIRECTION('ref_axis',(1.94289055779182E-16,-0.999999999999998,-5.96046465049101E-8));
#9175=DIRECTION('',(0.,-0.999999999999998,-5.96046465049101E-8));
#9176=DIRECTION('',(1.94289055779182E-16,-0.999999999999998,-5.96046465049101E-8));
#9177=DIRECTION('',(-1.,0.,0.));
#9178=DIRECTION('center_axis',(0.,-5.96046465049101E-8,0.999999999999998));
#9179=DIRECTION('ref_axis',(-1.94289055779182E-16,0.999999999999998,5.96046465049101E-8));
#9180=DIRECTION('',(0.,0.999999999999998,5.96046465049101E-8));
#9181=DIRECTION('',(1.,0.,0.));
#9182=DIRECTION('',(-1.94289055779182E-16,0.999999999999998,5.96046465049101E-8));
#9183=DIRECTION('center_axis',(-1.,0.,0.));
#9184=DIRECTION('ref_axis',(0.,0.,1.));
#9185=DIRECTION('',(0.,0.,1.));
#9186=DIRECTION('center_axis',(-1.,0.,0.));
#9187=DIRECTION('ref_axis',(0.,0.,1.));
#9188=DIRECTION('',(0.,0.,1.));
#9189=DIRECTION('',(1.94289029309402E-16,-1.,4.68375338513717E-17));
#9190=DIRECTION('',(4.44089209850015E-16,-4.68375338513716E-17,-1.));
#9191=DIRECTION('',(0.,1.,0.));
#9192=DIRECTION('center_axis',(0.,-4.68375338513717E-17,-1.));
#9193=DIRECTION('ref_axis',(1.94289029309402E-16,-1.,4.68375338513717E-17));
#9194=DIRECTION('',(-1.,0.,0.));
#9195=DIRECTION('',(0.,-1.,4.68375338513717E-17));
#9196=DIRECTION('',(-1.,0.,0.));
#9197=DIRECTION('center_axis',(0.,1.,-4.68375338513716E-17));
#9198=DIRECTION('ref_axis',(4.44089209850015E-16,-4.68375338513716E-17,
-1.));
#9199=DIRECTION('',(0.,-4.68375338513716E-17,-1.));
#9200=DIRECTION('',(1.,0.,0.));
#9201=DIRECTION('center_axis',(0.,1.,-4.68375338513716E-17));
#9202=DIRECTION('ref_axis',(4.44089209850015E-16,-4.68375338513716E-17,
-1.));
#9203=DIRECTION('',(0.,-4.68375338513716E-17,-1.));
#9204=DIRECTION('',(-1.,0.,0.));
#9205=DIRECTION('',(4.44089209850015E-16,-4.68375338513716E-17,-1.));
#9206=DIRECTION('',(-1.,0.,0.));
#9207=DIRECTION('center_axis',(0.,-2.08616355304106E-7,-0.999999999999978));
#9208=DIRECTION('ref_axis',(1.94288936665126E-16,-0.999999999999978,2.08616355304106E-7));
#9209=DIRECTION('',(0.,-0.999999999999978,2.08616355304106E-7));
#9210=DIRECTION('',(1.94288936665126E-16,-0.999999999999978,2.08616355304106E-7));
#9211=DIRECTION('',(-1.,0.,0.));
#9212=DIRECTION('center_axis',(0.,4.68375338513717E-17,1.));
#9213=DIRECTION('ref_axis',(-1.94289029309402E-16,1.,-4.68375338513717E-17));
#9214=DIRECTION('',(0.,1.,-4.68375338513717E-17));
#9215=DIRECTION('',(1.,0.,0.));
#9216=DIRECTION('',(-1.94289029309402E-16,1.,-4.68375338513717E-17));
#9217=DIRECTION('center_axis',(-1.,0.,0.));
#9218=DIRECTION('ref_axis',(0.,0.,1.));
#9219=DIRECTION('',(0.,0.,1.));
#9220=DIRECTION('center_axis',(0.,0.,1.));
#9221=DIRECTION('ref_axis',(0.,-1.,0.));
#9222=DIRECTION('',(0.,-1.,0.));
#9223=DIRECTION('',(1.,0.,0.));
#9224=DIRECTION('',(0.,1.,0.));
#9225=DIRECTION('',(1.,0.,0.));
#9226=DIRECTION('center_axis',(1.,0.,0.));
#9227=DIRECTION('ref_axis',(0.,0.,-1.));
#9228=DIRECTION('',(0.,0.,-1.));
#9229=DIRECTION('',(0.,1.,0.));
#9230=DIRECTION('',(0.,0.,1.));
#9231=DIRECTION('',(0.,0.,-1.));
#9232=DIRECTION('',(0.,0.,-1.));
#9233=DIRECTION('center_axis',(0.,0.,-1.));
#9234=DIRECTION('ref_axis',(0.,1.,0.));
#9235=DIRECTION('',(0.,-1.,0.));
#9236=DIRECTION('',(1.,0.,0.));
#9237=DIRECTION('',(1.,0.,0.));
#9238=DIRECTION('center_axis',(0.,-1.,0.));
#9239=DIRECTION('ref_axis',(0.,0.,-1.));
#9240=DIRECTION('',(0.,0.,1.));
#9241=DIRECTION('center_axis',(0.,1.,0.));
#9242=DIRECTION('ref_axis',(0.,0.,1.));
#9243=DIRECTION('',(0.,0.,-1.));
#9244=DIRECTION('center_axis',(1.,0.,0.));
#9245=DIRECTION('ref_axis',(0.,1.,0.));
#9246=DIRECTION('axis',(0.,0.,1.));
#9247=DIRECTION('refdir',(1.,0.,0.));
#9248=DIRECTION('center_axis',(3.5527136788005E-15,1.,0.));
#9249=DIRECTION('ref_axis',(1.,-3.5527136788005E-15,0.));
#9250=DIRECTION('',(-1.,3.5527136788005E-15,0.));
#9251=DIRECTION('',(0.,0.,-1.));
#9252=DIRECTION('',(1.,-3.5527136788005E-15,0.));
#9253=DIRECTION('',(0.,0.,1.));
#9254=DIRECTION('center_axis',(0.,1.,0.));
#9255=DIRECTION('ref_axis',(0.,0.,1.));
#9256=DIRECTION('',(0.,0.,-1.));
#9257=DIRECTION('',(1.,-2.368475785867E-15,0.));
#9258=DIRECTION('',(0.,0.,-1.));
#9259=DIRECTION('',(1.,0.,0.));
#9260=DIRECTION('',(0.,0.,1.));
#9261=DIRECTION('',(1.,0.,0.));
#9262=DIRECTION('center_axis',(0.,0.,-1.));
#9263=DIRECTION('ref_axis',(-2.79226013074174E-15,-1.,0.));
#9264=DIRECTION('',(0.,1.,0.));
#9265=DIRECTION('',(0.,1.,0.));
#9266=DIRECTION('',(1.,0.,0.));
#9267=DIRECTION('',(0.,1.,0.));
#9268=DIRECTION('',(1.,0.,0.));
#9269=DIRECTION('',(0.,1.,0.));
#9270=DIRECTION('center_axis',(-1.,2.368475785867E-15,0.));
#9271=DIRECTION('ref_axis',(0.,0.,1.));
#9272=DIRECTION('',(-2.368475785867E-15,-1.,0.));
#9273=DIRECTION('',(2.79226013074174E-15,1.,0.));
#9274=DIRECTION('',(0.,0.,-1.));
#9275=DIRECTION('center_axis',(0.,-1.,0.));
#9276=DIRECTION('ref_axis',(0.,0.,-1.));
#9277=DIRECTION('',(1.,-2.368475785867E-15,0.));
#9278=DIRECTION('',(0.,0.,-1.));
#9279=DIRECTION('',(0.,0.,-1.));
#9280=DIRECTION('center_axis',(0.,-1.,0.));
#9281=DIRECTION('ref_axis',(0.,0.,-1.));
#9282=DIRECTION('',(1.,0.,0.));
#9283=DIRECTION('',(-1.,0.,0.));
#9284=DIRECTION('',(0.,0.,-1.));
#9285=DIRECTION('center_axis',(-1.,2.368475785867E-15,0.));
#9286=DIRECTION('ref_axis',(0.,0.,1.));
#9287=DIRECTION('',(0.,-1.,0.));
#9288=DIRECTION('center_axis',(0.,0.,1.));
#9289=DIRECTION('ref_axis',(2.79226013074174E-15,1.,0.));
#9290=DIRECTION('',(2.79226013074174E-15,1.,0.));
#9291=DIRECTION('',(-1.,2.368475785867E-15,0.));
#9292=DIRECTION('',(0.,-1.,0.));
#9293=DIRECTION('center_axis',(1.,0.,0.));
#9294=DIRECTION('ref_axis',(0.,0.,-1.));
#9295=DIRECTION('',(0.,-1.,0.));
#9296=DIRECTION('',(0.,-3.38462353699798E-29,1.));
#9297=DIRECTION('',(0.,1.,0.));
#9298=DIRECTION('center_axis',(0.,0.,-1.));
#9299=DIRECTION('ref_axis',(0.,1.,0.));
#9300=DIRECTION('center_axis',(0.,0.,1.));
#9301=DIRECTION('ref_axis',(0.,-1.,0.));
#9302=DIRECTION('center_axis',(2.368475785867E-15,1.,3.38462353699798E-29));
#9303=DIRECTION('ref_axis',(1.42903024687627E-14,0.,-1.));
#9304=DIRECTION('',(1.42903024687627E-14,0.,-1.));
#9305=DIRECTION('center_axis',(-1.,2.63772049484386E-15,0.));
#9306=DIRECTION('ref_axis',(-2.63772049484386E-15,-1.,0.));
#9307=DIRECTION('axis',(0.,0.,1.));
#9308=DIRECTION('refdir',(1.,0.,0.));
#9309=DIRECTION('center_axis',(1.7763568394E-15,1.,0.));
#9310=DIRECTION('ref_axis',(1.,-1.7763568394E-15,0.));
#9311=DIRECTION('',(-1.,1.7763568394E-15,0.));
#9312=DIRECTION('',(0.,0.,-1.));
#9313=DIRECTION('',(1.,-1.7763568394E-15,0.));
#9314=DIRECTION('',(0.,0.,-1.));
#9315=DIRECTION('center_axis',(0.,0.,-1.));
#9316=DIRECTION('ref_axis',(0.,-1.,0.));
#9317=DIRECTION('',(0.,-1.,0.));
#9318=DIRECTION('',(1.,0.,0.));
#9319=DIRECTION('',(0.,-1.,0.));
#9320=DIRECTION('center_axis',(1.,0.,0.));
#9321=DIRECTION('ref_axis',(0.,0.,-1.));
#9322=DIRECTION('',(0.,-1.,0.));
#9323=DIRECTION('',(0.,0.,1.));
#9324=DIRECTION('center_axis',(0.,1.,0.));
#9325=DIRECTION('ref_axis',(0.,0.,1.));
#9326=DIRECTION('',(0.,0.,1.));
#9327=DIRECTION('',(-1.,0.,0.));
#9328=DIRECTION('',(0.,0.,1.));
#9329=DIRECTION('',(1.,0.,0.));
#9330=DIRECTION('',(0.,0.,1.));
#9331=DIRECTION('',(1.,0.,0.));
#9332=DIRECTION('',(0.,0.,1.));
#9333=DIRECTION('',(-1.,0.,0.));
#9334=DIRECTION('',(0.,0.,-1.));
#9335=DIRECTION('',(1.,0.,0.));
#9336=DIRECTION('center_axis',(1.,0.,0.));
#9337=DIRECTION('ref_axis',(0.,0.,-1.));
#9338=DIRECTION('',(0.,1.,0.));
#9339=DIRECTION('',(0.,0.,1.));
#9340=DIRECTION('',(0.,-1.,0.));
#9341=DIRECTION('',(0.,0.,1.));
#9342=DIRECTION('',(0.,-2.08616359742564E-7,-0.999999999999978));
#9343=DIRECTION('',(0.,-5.9604646995834E-8,0.999999999999998));
#9344=DIRECTION('',(0.,1.,0.));
#9345=DIRECTION('',(0.,0.,1.));
#9346=DIRECTION('',(0.,1.,0.));
#9347=DIRECTION('',(0.,-4.68375338513717E-17,-1.));
#9348=DIRECTION('center_axis',(0.,0.,1.));
#9349=DIRECTION('ref_axis',(1.,0.,0.));
#9350=DIRECTION('',(0.,-1.,0.));
#9351=DIRECTION('',(0.,1.,0.));
#9352=DIRECTION('',(1.,0.,0.));
#9353=DIRECTION('center_axis',(0.,1.,0.));
#9354=DIRECTION('ref_axis',(0.,0.,1.));
#9355=DIRECTION('',(-1.,0.,0.));
#9356=DIRECTION('',(0.,0.,-1.));
#9357=DIRECTION('',(0.,0.,1.));
#9358=DIRECTION('center_axis',(-1.,0.,0.));
#9359=DIRECTION('ref_axis',(0.,0.,1.));
#9360=DIRECTION('',(0.,-1.,0.));
#9361=DIRECTION('',(4.44089209850015E-16,-4.68375338513716E-17,-1.));
#9362=DIRECTION('',(-1.94289029309402E-16,1.,-4.68375338513717E-17));
#9363=DIRECTION('center_axis',(0.,0.999999999999998,5.96046412226769E-8));
#9364=DIRECTION('ref_axis',(0.,-5.96046412226769E-8,0.999999999999998));
#9365=DIRECTION('',(0.,-5.96046412226769E-8,0.999999999999998));
#9366=DIRECTION('',(-1.,0.,0.));
#9367=DIRECTION('center_axis',(1.,0.,0.));
#9368=DIRECTION('ref_axis',(0.,1.,0.));
#9369=DIRECTION('',(0.,2.08616359742564E-7,0.999999999999978));
#9370=DIRECTION('',(0.,0.,1.));
#9371=DIRECTION('',(0.,-1.,0.));
#9372=DIRECTION('',(0.,0.,1.));
#9373=DIRECTION('',(0.,0.,-1.));
#9374=DIRECTION('',(0.,0.,-1.));
#9375=DIRECTION('',(0.,-1.,0.));
#9376=DIRECTION('',(0.,-1.,0.));
#9377=DIRECTION('center_axis',(0.,0.999999999999978,-2.08616359742564E-7));
#9378=DIRECTION('ref_axis',(0.,2.08616359742564E-7,0.999999999999978));
#9379=DIRECTION('',(1.,0.,0.));
#9380=DIRECTION('center_axis',(0.,1.,0.));
#9381=DIRECTION('ref_axis',(0.,0.,1.));
#9382=DIRECTION('',(1.,0.,0.));
#9383=DIRECTION('center_axis',(0.,-1.,0.));
#9384=DIRECTION('ref_axis',(0.,0.,1.));
#9385=DIRECTION('',(-1.,0.,0.));
#9386=DIRECTION('',(0.,0.,1.));
#9387=DIRECTION('center_axis',(0.,-1.,0.));
#9388=DIRECTION('ref_axis',(0.,0.,1.));
#9389=DIRECTION('',(1.,0.,0.));
#9390=DIRECTION('',(0.,0.,1.));
#9391=DIRECTION('',(-1.,0.,0.));
#9392=DIRECTION('center_axis',(0.,0.,-1.));
#9393=DIRECTION('ref_axis',(0.,-1.,0.));
#9394=DIRECTION('',(0.,1.,0.));
#9395=DIRECTION('',(-1.,0.,0.));
#9396=DIRECTION('',(0.,-1.,0.));
#9397=DIRECTION('center_axis',(0.,0.,1.));
#9398=DIRECTION('ref_axis',(0.,-1.,0.));
#9399=DIRECTION('',(0.,1.,0.));
#9400=DIRECTION('',(1.,0.,0.));
#9401=DIRECTION('center_axis',(0.,1.,0.));
#9402=DIRECTION('ref_axis',(0.,0.,1.));
#9403=DIRECTION('',(0.,0.,-1.));
#9404=DIRECTION('',(-1.,0.,0.));
#9405=DIRECTION('center_axis',(0.,0.,1.));
#9406=DIRECTION('ref_axis',(1.,0.,0.));
#9407=DIRECTION('',(-1.,-1.94289029309402E-16,-4.44089209850015E-16));
#9408=DIRECTION('',(0.,-1.,0.));
#9409=DIRECTION('',(1.,1.94289029309402E-16,4.44089209850015E-16));
#9410=DIRECTION('',(0.,-1.,0.));
#9411=DIRECTION('center_axis',(-4.44089209850015E-16,0.,1.));
#9412=DIRECTION('ref_axis',(-1.,4.24660306919116E-15,-4.44089209850015E-16));
#9413=DIRECTION('',(-1.,4.24660306919116E-15,-4.44089209850015E-16));
#9414=DIRECTION('',(0.,-1.,0.));
#9415=DIRECTION('',(1.,-4.24660306919116E-15,4.44089209850015E-16));
#9416=DIRECTION('center_axis',(0.,-1.,0.));
#9417=DIRECTION('ref_axis',(0.,0.,-1.));
#9418=DIRECTION('',(4.44089209850015E-16,-4.68375338513716E-17,-1.));
#9419=DIRECTION('center_axis',(1.94289029309402E-16,-1.,4.68375338513717E-17));
#9420=DIRECTION('ref_axis',(-3.88578058618757E-16,4.68375338513716E-17,
1.));
#9421=DIRECTION('',(4.44089209850015E-16,-4.68375338513716E-17,-1.));
#9422=DIRECTION('center_axis',(-1.,0.,-4.44089209850015E-16));
#9423=DIRECTION('ref_axis',(4.44089209850015E-16,-4.68375338513716E-17,
-1.));
#9424=DIRECTION('center_axis',(-1.,0.,0.));
#9425=DIRECTION('ref_axis',(0.,0.,1.));
#9426=DIRECTION('',(0.,1.,-4.68375338513717E-17));
#9427=DIRECTION('',(0.,-4.68375338513716E-17,-1.));
#9428=DIRECTION('',(0.,-1.,4.68375338513717E-17));
#9429=DIRECTION('',(0.,-1.,0.));
#9430=DIRECTION('center_axis',(0.,4.68375338513717E-17,1.));
#9431=DIRECTION('ref_axis',(-1.94289029309402E-16,1.,-4.68375338513717E-17));
#9432=DIRECTION('',(-1.,0.,0.));
#9433=DIRECTION('center_axis',(0.,1.,-4.68375338513716E-17));
#9434=DIRECTION('ref_axis',(4.44089209850015E-16,-4.68375338513716E-17,
-1.));
#9435=DIRECTION('',(-1.,0.,0.));
#9436=DIRECTION('center_axis',(0.,-4.68375338513717E-17,-1.));
#9437=DIRECTION('ref_axis',(2.01227923213309E-16,-1.,4.68375338513717E-17));
#9438=DIRECTION('center_axis',(0.,0.,-1.));
#9439=DIRECTION('ref_axis',(0.,1.,0.));
#9440=DIRECTION('axis',(0.,0.,1.));
#9441=DIRECTION('refdir',(1.,0.,0.));
#9442=DIRECTION('center_axis',(0.,-1.,0.));
#9443=DIRECTION('ref_axis',(0.,0.,-1.));
#9444=DIRECTION('',(1.,0.,0.));
#9445=DIRECTION('',(0.,0.,1.));
#9446=DIRECTION('',(-1.,0.,0.));
#9447=DIRECTION('',(0.,0.,-1.));
#9448=DIRECTION('center_axis',(0.,1.,0.));
#9449=DIRECTION('ref_axis',(0.,0.,1.));
#9450=DIRECTION('',(1.,0.,0.));
#9451=DIRECTION('',(0.,0.,-1.));
#9452=DIRECTION('',(-1.,0.,0.));
#9453=DIRECTION('',(0.,0.,1.));
#9454=DIRECTION('center_axis',(1.,0.,0.));
#9455=DIRECTION('ref_axis',(0.,0.,-1.));
#9456=DIRECTION('',(0.,1.,0.));
#9457=DIRECTION('',(0.,-1.,0.));
#9458=DIRECTION('center_axis',(-1.,0.,0.));
#9459=DIRECTION('ref_axis',(0.,0.,1.));
#9460=DIRECTION('',(0.,-1.,0.));
#9461=DIRECTION('',(0.,1.,0.));
#9462=DIRECTION('center_axis',(0.,0.,-1.));
#9463=DIRECTION('ref_axis',(0.,1.,0.));
#9464=DIRECTION('center_axis',(0.,0.,1.));
#9465=DIRECTION('ref_axis',(0.,-1.,0.));
#9466=DIRECTION('axis',(0.,0.,1.));
#9467=DIRECTION('refdir',(1.,0.,0.));
#9468=DIRECTION('center_axis',(3.90798504668055E-14,1.,0.));
#9469=DIRECTION('ref_axis',(-1.,3.90798504668055E-14,0.));
#9470=DIRECTION('',(-1.,3.90798504668055E-14,0.));
#9471=DIRECTION('',(0.,0.,1.));
#9472=DIRECTION('',(1.,-3.90798504668055E-14,0.));
#9473=DIRECTION('',(0.,0.,1.));
#9474=DIRECTION('center_axis',(-1.,3.67113746809385E-14,0.));
#9475=DIRECTION('ref_axis',(0.,0.,1.));
#9476=DIRECTION('',(3.67113746809385E-14,1.,0.));
#9477=DIRECTION('',(1.92257149994244E-13,0.,-1.));
#9478=DIRECTION('',(-3.7895612573872E-14,-1.,0.));
#9479=DIRECTION('center_axis',(0.,0.,-1.));
#9480=DIRECTION('ref_axis',(0.,1.,0.));
#9481=DIRECTION('',(0.,1.,0.));
#9482=DIRECTION('',(1.,-3.67113746809385E-14,0.));
#9483=DIRECTION('center_axis',(0.,0.,1.));
#9484=DIRECTION('ref_axis',(0.,-1.,0.));
#9485=DIRECTION('',(-7.105427357601E-14,-1.,0.));
#9486=DIRECTION('',(1.,-4.2632564145606E-14,0.));
#9487=DIRECTION('',(-3.67113746809385E-14,-1.,0.));
#9488=DIRECTION('',(-3.67113746809385E-14,-1.,0.));
#9489=DIRECTION('',(1.,0.,0.));
#9490=DIRECTION('',(0.,-1.,0.));
#9491=DIRECTION('center_axis',(0.,0.,-1.));
#9492=DIRECTION('ref_axis',(1.,-4.2632564145606E-14,0.));
#9493=DIRECTION('',(-7.105427357601E-14,-1.,0.));
#9494=DIRECTION('',(1.,-4.2632564145606E-14,0.));
#9495=DIRECTION('',(-7.105427357601E-14,-1.,0.));
#9496=DIRECTION('center_axis',(0.,0.,-1.));
#9497=DIRECTION('ref_axis',(-1.,0.,0.));
#9498=DIRECTION('',(0.,1.,0.));
#9499=DIRECTION('',(1.,-3.67113746809385E-14,0.));
#9500=DIRECTION('',(-3.69142746012014E-14,-1.,0.));
#9501=DIRECTION('',(-1.,3.67113746809385E-14,0.));
#9502=DIRECTION('center_axis',(0.,-1.,0.));
#9503=DIRECTION('ref_axis',(0.,0.,-1.));
#9504=DIRECTION('',(0.,0.,-1.));
#9505=DIRECTION('',(-1.,0.,0.));
#9506=DIRECTION('',(0.,0.,-1.));
#9507=DIRECTION('center_axis',(-1.,3.67113746809385E-14,0.));
#9508=DIRECTION('ref_axis',(0.,0.,1.));
#9509=DIRECTION('',(3.30038952980861E-21,0.,-1.));
#9510=DIRECTION('',(2.25694915357878E-36,8.9406965830818E-8,-0.999999999999996));
#9511=DIRECTION('',(0.,0.,-1.));
#9512=DIRECTION('',(-5.80891291948338E-13,1.,0.));
#9513=DIRECTION('center_axis',(0.,0.,1.));
#9514=DIRECTION('ref_axis',(-5.80891291948338E-13,1.,0.));
#9515=DIRECTION('',(-1.,4.2632564145606E-14,0.));
#9516=DIRECTION('',(-5.80891291948338E-13,1.,0.));
#9517=DIRECTION('',(-1.,3.67113746809385E-14,0.));
#9518=DIRECTION('',(0.,-1.,0.));
#9519=DIRECTION('center_axis',(-7.105427357601E-14,-0.999999999999996,-8.94069529522312E-8));
#9520=DIRECTION('ref_axis',(0.,8.94069529522312E-8,-0.999999999999996));
#9521=DIRECTION('',(-2.25694915357878E-36,-8.9406965830818E-8,0.999999999999996));
#9522=DIRECTION('',(1.,-4.2632564145606E-14,0.));
#9523=DIRECTION('',(-1.,4.2632564145606E-14,0.));
#9524=DIRECTION('center_axis',(-7.105427357601E-14,-1.,0.));
#9525=DIRECTION('ref_axis',(0.,0.,-1.));
#9526=DIRECTION('',(0.,0.,1.));
#9527=DIRECTION('center_axis',(-7.105427357601E-14,-1.,0.));
#9528=DIRECTION('ref_axis',(0.,0.,-1.));
#9529=DIRECTION('',(0.,0.,-1.));
#9530=DIRECTION('',(1.,-3.67113746809385E-14,0.));
#9531=DIRECTION('',(0.,0.,1.));
#9532=DIRECTION('center_axis',(-1.,3.69142746012014E-14,0.));
#9533=DIRECTION('ref_axis',(-3.69142746012014E-14,-1.,0.));
#9534=DIRECTION('',(-3.7895612573872E-14,-1.,0.));
#9535=DIRECTION('',(1.89420971582161E-13,0.,-1.));
#9536=DIRECTION('center_axis',(1.,0.,0.));
#9537=DIRECTION('ref_axis',(0.,0.,-1.));
#9538=DIRECTION('',(0.,-6.95390426018014E-27,1.));
#9539=DIRECTION('',(0.,0.,-1.));
#9540=DIRECTION('',(0.,7.0580242685281E-27,-1.));
#9541=DIRECTION('',(4.2632564145606E-14,1.,0.));
#9542=DIRECTION('center_axis',(3.67113746809385E-14,1.,7.0580242685281E-27));
#9543=DIRECTION('ref_axis',(1.92257149994244E-13,0.,-1.));
#9544=DIRECTION('',(-1.,3.67113746809385E-14,0.));
#9545=DIRECTION('center_axis',(0.,0.,-1.));
#9546=DIRECTION('ref_axis',(-3.7895612573872E-14,-1.,0.));
#9547=DIRECTION('center_axis',(3.67113746809385E-14,1.,6.95390426018014E-27));
#9548=DIRECTION('ref_axis',(1.89420971582161E-13,0.,-1.));
#9549=DIRECTION('axis',(0.,0.,1.));
#9550=DIRECTION('refdir',(1.,0.,0.));
#9551=DIRECTION('center_axis',(0.,1.,0.));
#9552=DIRECTION('ref_axis',(-1.,0.,0.));
#9553=DIRECTION('',(-1.,0.,0.));
#9554=DIRECTION('',(0.,0.,-1.));
#9555=DIRECTION('',(1.,0.,0.));
#9556=DIRECTION('',(0.,0.,1.));
#9557=DIRECTION('center_axis',(0.,0.,-1.));
#9558=DIRECTION('ref_axis',(0.,-1.,0.));
#9559=DIRECTION('',(0.,-1.,0.));
#9560=DIRECTION('',(1.,0.,0.));
#9561=DIRECTION('',(0.,-1.,0.));
#9562=DIRECTION('center_axis',(1.,0.,0.));
#9563=DIRECTION('ref_axis',(0.,0.,-1.));
#9564=DIRECTION('',(0.,-1.,0.));
#9565=DIRECTION('',(0.,0.,1.));
#9566=DIRECTION('center_axis',(0.,0.,-1.));
#9567=DIRECTION('ref_axis',(0.,1.,0.));
#9568=DIRECTION('',(0.,-1.,0.));
#9569=DIRECTION('',(1.,0.,0.));
#9570=DIRECTION('',(0.,-1.,0.));
#9571=DIRECTION('',(1.,0.,0.));
#9572=DIRECTION('',(0.,-1.,0.));
#9573=DIRECTION('',(1.,0.,0.));
#9574=DIRECTION('center_axis',(0.,1.,0.));
#9575=DIRECTION('ref_axis',(0.,0.,1.));
#9576=DIRECTION('',(0.,0.,1.));
#9577=DIRECTION('center_axis',(0.,-1.,0.));
#9578=DIRECTION('ref_axis',(0.,0.,1.));
#9579=DIRECTION('',(0.,0.,1.));
#9580=DIRECTION('',(1.,0.,0.));
#9581=DIRECTION('',(0.,0.,1.));
#9582=DIRECTION('',(-1.,0.,0.));
#9583=DIRECTION('center_axis',(0.,1.,0.));
#9584=DIRECTION('ref_axis',(0.,0.,1.));
#9585=DIRECTION('',(0.,0.,-1.));
#9586=DIRECTION('',(0.,0.,-1.));
#9587=DIRECTION('',(1.,0.,0.));
#9588=DIRECTION('center_axis',(0.,0.,1.));
#9589=DIRECTION('ref_axis',(0.,1.,0.));
#9590=DIRECTION('',(0.,1.,0.));
#9591=DIRECTION('',(0.,1.,0.));
#9592=DIRECTION('',(1.,0.,0.));
#9593=DIRECTION('center_axis',(0.,0.,1.));
#9594=DIRECTION('ref_axis',(0.,-1.,0.));
#9595=DIRECTION('',(0.,1.,0.));
#9596=DIRECTION('',(0.,1.,0.));
#9597=DIRECTION('',(-1.,0.,0.));
#9598=DIRECTION('',(0.,-1.,0.));
#9599=DIRECTION('center_axis',(1.,0.,0.));
#9600=DIRECTION('ref_axis',(0.,1.,0.));
#9601=DIRECTION('',(0.,0.,-1.));
#9602=DIRECTION('center_axis',(-1.,0.,0.));
#9603=DIRECTION('ref_axis',(0.,0.,1.));
#9604=DIRECTION('',(0.,0.,1.));
#9605=DIRECTION('center_axis',(0.,-1.,0.));
#9606=DIRECTION('ref_axis',(0.,0.,-1.));
#9607=DIRECTION('',(0.,0.,1.));
#9608=DIRECTION('center_axis',(1.,0.,0.));
#9609=DIRECTION('ref_axis',(0.,0.,-1.));
#9610=DIRECTION('axis',(0.,0.,1.));
#9611=DIRECTION('refdir',(1.,0.,0.));
#9612=DIRECTION('center_axis',(0.,-1.,0.));
#9613=DIRECTION('ref_axis',(0.,0.,-1.));
#9614=DIRECTION('',(-1.,0.,0.));
#9615=DIRECTION('',(0.,0.,-1.));
#9616=DIRECTION('',(1.,0.,0.));
#9617=DIRECTION('',(0.,0.,1.));
#9618=DIRECTION('center_axis',(0.,1.,0.));
#9619=DIRECTION('ref_axis',(0.,0.,1.));
#9620=DIRECTION('',(-1.,0.,0.));
#9621=DIRECTION('',(0.,0.,1.));
#9622=DIRECTION('',(1.,0.,0.));
#9623=DIRECTION('',(0.,0.,-1.));
#9624=DIRECTION('center_axis',(1.,0.,0.));
#9625=DIRECTION('ref_axis',(0.,0.,-1.));
#9626=DIRECTION('',(0.,1.,0.));
#9627=DIRECTION('',(0.,-1.,0.));
#9628=DIRECTION('center_axis',(-1.,0.,0.));
#9629=DIRECTION('ref_axis',(0.,0.,1.));
#9630=DIRECTION('',(0.,1.,0.));
#9631=DIRECTION('',(0.,-1.,0.));
#9632=DIRECTION('center_axis',(0.,0.,1.));
#9633=DIRECTION('ref_axis',(0.,1.,0.));
#9634=DIRECTION('center_axis',(0.,0.,-1.));
#9635=DIRECTION('ref_axis',(0.,-1.,0.));
#9636=DIRECTION('axis',(0.,0.,1.));
#9637=DIRECTION('refdir',(1.,0.,0.));
#9638=DIRECTION('center_axis',(1.,0.,0.));
#9639=DIRECTION('ref_axis',(0.,-1.,0.));
#9640=DIRECTION('',(0.,-1.,0.));
#9641=DIRECTION('',(0.,0.,1.));
#9642=DIRECTION('',(0.,1.,0.));
#9643=DIRECTION('',(0.,0.,-1.));
#9644=DIRECTION('center_axis',(0.,0.,-1.));
#9645=DIRECTION('ref_axis',(-1.,0.,0.));
#9646=DIRECTION('',(-1.,0.,0.));
#9647=DIRECTION('',(0.,-1.,0.));
#9648=DIRECTION('',(1.,0.,0.));
#9649=DIRECTION('center_axis',(0.,-1.,0.));
#9650=DIRECTION('ref_axis',(0.,0.,-1.));
#9651=DIRECTION('',(1.,0.,0.));
#9652=DIRECTION('',(0.,0.,-1.));
#9653=DIRECTION('center_axis',(0.,0.,-1.));
#9654=DIRECTION('ref_axis',(-1.,0.,0.));
#9655=DIRECTION('',(-1.,0.,0.));
#9656=DIRECTION('',(0.,-1.,0.));
#9657=DIRECTION('center_axis',(-1.,0.,0.));
#9658=DIRECTION('ref_axis',(0.,0.,1.));
#9659=DIRECTION('',(0.,0.,1.));
#9660=DIRECTION('center_axis',(0.,-1.,0.));
#9661=DIRECTION('ref_axis',(1.,0.,0.));
#9662=DIRECTION('axis',(0.,0.,1.));
#9663=DIRECTION('refdir',(1.,0.,0.));
#9664=DIRECTION('center_axis',(0.,0.,1.));
#9665=DIRECTION('ref_axis',(1.,0.,0.));
#9666=DIRECTION('',(0.,1.,0.));
#9667=DIRECTION('',(-1.,0.,0.));
#9668=DIRECTION('',(0.,-1.,0.));
#9669=DIRECTION('',(-1.,0.,0.));
#9670=DIRECTION('center_axis',(0.,-1.,0.));
#9671=DIRECTION('ref_axis',(-1.,0.,0.));
#9672=DIRECTION('',(0.,0.,-1.));
#9673=DIRECTION('',(-1.,0.,0.));
#9674=DIRECTION('',(0.,0.,1.));
#9675=DIRECTION('center_axis',(0.,0.,1.));
#9676=DIRECTION('ref_axis',(0.,1.,0.));
#9677=DIRECTION('',(0.,-1.,0.));
#9678=DIRECTION('',(-1.,0.,0.));
#9679=DIRECTION('',(0.,1.,0.));
#9680=DIRECTION('center_axis',(1.,0.,0.));
#9681=DIRECTION('ref_axis',(0.,0.,-1.));
#9682=DIRECTION('',(0.,0.,1.));
#9683=DIRECTION('',(0.,1.,0.));
#9684=DIRECTION('',(0.,0.,-1.));
#9685=DIRECTION('center_axis',(0.,1.,0.));
#9686=DIRECTION('ref_axis',(0.,0.,1.));
#9687=DIRECTION('',(0.,0.,-1.));
#9688=DIRECTION('',(-1.,0.,0.));
#9689=DIRECTION('center_axis',(0.,-1.,0.));
#9690=DIRECTION('ref_axis',(0.,0.,1.));
#9691=DIRECTION('',(-1.,0.,0.));
#9692=DIRECTION('',(0.,0.,-1.));
#9693=DIRECTION('center_axis',(0.,0.,-1.));
#9694=DIRECTION('ref_axis',(0.,-1.,0.));
#9695=DIRECTION('',(0.,1.,0.));
#9696=DIRECTION('center_axis',(1.,0.,0.));
#9697=DIRECTION('ref_axis',(0.,0.,-1.));
#9698=DIRECTION('axis',(0.,0.,1.));
#9699=DIRECTION('refdir',(1.,0.,0.));
#9700=DIRECTION('center_axis',(0.,1.,0.));
#9701=DIRECTION('ref_axis',(0.,0.,1.));
#9702=DIRECTION('',(0.,0.,1.));
#9703=DIRECTION('',(1.,0.,0.));
#9704=DIRECTION('',(0.,0.,-1.));
#9705=DIRECTION('',(-1.,0.,0.));
#9706=DIRECTION('center_axis',(0.,-1.,0.));
#9707=DIRECTION('ref_axis',(0.,0.,-1.));
#9708=DIRECTION('',(0.,0.,-1.));
#9709=DIRECTION('',(1.,0.,0.));
#9710=DIRECTION('',(0.,0.,1.));
#9711=DIRECTION('',(-1.,0.,0.));
#9712=DIRECTION('center_axis',(1.,0.,0.));
#9713=DIRECTION('ref_axis',(0.,0.,-1.));
#9714=DIRECTION('',(0.,1.,0.));
#9715=DIRECTION('',(0.,1.,0.));
#9716=DIRECTION('center_axis',(0.,0.,-1.));
#9717=DIRECTION('ref_axis',(0.,-1.,0.));
#9718=DIRECTION('',(0.,1.,0.));
#9719=DIRECTION('center_axis',(0.,0.,1.));
#9720=DIRECTION('ref_axis',(0.,1.,0.));
#9721=DIRECTION('',(0.,1.,0.));
#9722=DIRECTION('center_axis',(1.,0.,0.));
#9723=DIRECTION('ref_axis',(0.,1.,0.));
#9724=DIRECTION('axis',(0.,0.,1.));
#9725=DIRECTION('refdir',(1.,0.,0.));
#9726=DIRECTION('center_axis',(0.,0.,1.));
#9727=DIRECTION('ref_axis',(1.,0.,0.));
#9728=DIRECTION('',(-1.,0.,0.));
#9729=DIRECTION('',(0.,-1.,0.));
#9730=DIRECTION('',(1.,0.,0.));
#9731=DIRECTION('',(0.,-1.,0.));
#9732=DIRECTION('center_axis',(1.,0.,0.));
#9733=DIRECTION('ref_axis',(0.,-1.,0.));
#9734=DIRECTION('',(0.,0.,-1.));
#9735=DIRECTION('',(0.,-1.,0.));
#9736=DIRECTION('',(0.,0.,1.));
#9737=DIRECTION('center_axis',(0.,1.,0.));
#9738=DIRECTION('ref_axis',(0.,0.,1.));
#9739=DIRECTION('',(1.,0.,0.));
#9740=DIRECTION('',(0.,0.,1.));
#9741=DIRECTION('',(1.,0.,0.));
#9742=DIRECTION('',(0.,0.,1.));
#9743=DIRECTION('center_axis',(0.,0.,1.));
#9744=DIRECTION('ref_axis',(1.,0.,0.));
#9745=DIRECTION('',(-1.,0.,0.));
#9746=DIRECTION('',(0.,-1.,0.));
#9747=DIRECTION('center_axis',(1.,0.,0.));
#9748=DIRECTION('ref_axis',(0.,0.,-1.));
#9749=DIRECTION('',(0.,0.,-1.));
#9750=DIRECTION('',(0.,1.,0.));
#9751=DIRECTION('center_axis',(-1.,0.,0.));
#9752=DIRECTION('ref_axis',(0.,0.,1.));
#9753=DIRECTION('',(0.,1.,0.));
#9754=DIRECTION('',(0.,0.,-1.));
#9755=DIRECTION('center_axis',(0.,0.,-1.));
#9756=DIRECTION('ref_axis',(-1.,0.,0.));
#9757=DIRECTION('',(1.,0.,0.));
#9758=DIRECTION('center_axis',(0.,1.,0.));
#9759=DIRECTION('ref_axis',(-1.,0.,0.));
#9760=DIRECTION('axis',(0.,0.,1.));
#9761=DIRECTION('refdir',(1.,0.,0.));
#9762=DIRECTION('center_axis',(0.,0.,1.));
#9763=DIRECTION('ref_axis',(1.,0.,0.));
#9764=DIRECTION('',(1.,0.,0.));
#9765=DIRECTION('',(0.,-1.,0.));
#9766=DIRECTION('',(-1.,0.,0.));
#9767=DIRECTION('',(0.,-1.,0.));
#9768=DIRECTION('center_axis',(1.,0.,0.));
#9769=DIRECTION('ref_axis',(0.,-1.,0.));
#9770=DIRECTION('',(0.,0.,-1.));
#9771=DIRECTION('',(0.,-1.,0.));
#9772=DIRECTION('',(0.,0.,1.));
#9773=DIRECTION('center_axis',(0.,-1.,0.));
#9774=DIRECTION('ref_axis',(0.,0.,-1.));
#9775=DIRECTION('',(0.,0.,-1.));
#9776=DIRECTION('',(1.,0.,0.));
#9777=DIRECTION('',(0.,0.,-1.));
#9778=DIRECTION('',(1.,0.,0.));
#9779=DIRECTION('center_axis',(-1.,0.,0.));
#9780=DIRECTION('ref_axis',(0.,0.,-1.));
#9781=DIRECTION('',(0.,0.,-1.));
#9782=DIRECTION('',(0.,-1.,0.));
#9783=DIRECTION('center_axis',(0.,0.,-1.));
#9784=DIRECTION('ref_axis',(1.,0.,0.));
#9785=DIRECTION('',(1.,0.,0.));
#9786=DIRECTION('',(0.,1.,0.));
#9787=DIRECTION('center_axis',(1.,0.,0.));
#9788=DIRECTION('ref_axis',(0.,0.,-1.));
#9789=DIRECTION('',(0.,-1.,0.));
#9790=DIRECTION('',(0.,0.,1.));
#9791=DIRECTION('center_axis',(0.,0.,1.));
#9792=DIRECTION('ref_axis',(-1.,0.,0.));
#9793=DIRECTION('',(1.,0.,0.));
#9794=DIRECTION('center_axis',(0.,-1.,0.));
#9795=DIRECTION('ref_axis',(1.,0.,0.));
#9796=DIRECTION('axis',(0.,0.,1.));
#9797=DIRECTION('refdir',(1.,0.,0.));
#9798=DIRECTION('center_axis',(1.,0.,0.));
#9799=DIRECTION('ref_axis',(0.,1.,0.));
#9800=DIRECTION('',(0.,-1.,0.));
#9801=DIRECTION('',(0.,0.,1.));
#9802=DIRECTION('',(0.,1.,0.));
#9803=DIRECTION('',(0.,0.,1.));
#9804=DIRECTION('center_axis',(0.,0.,1.));
#9805=DIRECTION('ref_axis',(1.,0.,0.));
#9806=DIRECTION('',(1.,0.,0.));
#9807=DIRECTION('',(-1.,0.,0.));
#9808=DIRECTION('',(0.,1.,0.));
#9809=DIRECTION('center_axis',(-1.,0.,0.));
#9810=DIRECTION('ref_axis',(0.,1.,0.));
#9811=DIRECTION('',(0.,0.,-1.));
#9812=DIRECTION('',(0.,1.,0.));
#9813=DIRECTION('',(0.,0.,1.));
#9814=DIRECTION('center_axis',(0.,-1.,0.));
#9815=DIRECTION('ref_axis',(1.,0.,0.));
#9816=DIRECTION('',(1.75998025042645E-9,1.62409762476034E-14,-1.));
#9817=DIRECTION('',(-1.,0.,-1.7599800981673E-9));
#9818=DIRECTION('',(-1.75998025042645E-9,-1.62409762476034E-14,1.));
#9819=DIRECTION('',(1.,0.,1.7599800981673E-9));
#9820=DIRECTION('center_axis',(0.,-1.,0.));
#9821=DIRECTION('ref_axis',(0.,0.,-1.));
#9822=DIRECTION('',(-1.,0.,-1.7599800981673E-9));
#9823=DIRECTION('',(1.75998025042645E-9,1.62409762476034E-14,-1.));
#9824=DIRECTION('',(1.,0.,1.7599800981673E-9));
#9825=DIRECTION('',(-1.75998025042645E-9,-1.62409762476034E-14,1.));
#9826=DIRECTION('center_axis',(-1.,0.,-1.75998025042645E-9));
#9827=DIRECTION('ref_axis',(1.75998025042645E-9,1.62409762476034E-14,-1.));
#9828=DIRECTION('',(0.,-1.,0.));
#9829=DIRECTION('',(0.,-1.,0.));
#9830=DIRECTION('center_axis',(-1.7599800981673E-9,0.,1.));
#9831=DIRECTION('ref_axis',(-1.,0.,-1.7599800981673E-9));
#9832=DIRECTION('center_axis',(1.,0.,1.75998025042645E-9));
#9833=DIRECTION('ref_axis',(-1.75998025042645E-9,-1.62409762476034E-14,
1.));
#9834=DIRECTION('',(0.,-1.,0.));
#9835=DIRECTION('center_axis',(1.7599800981673E-9,0.,-1.));
#9836=DIRECTION('ref_axis',(1.,0.,1.7599800981673E-9));
#9837=DIRECTION('axis',(0.,0.,1.));
#9838=DIRECTION('refdir',(1.,0.,0.));
#9839=DIRECTION('center_axis',(1.,0.,0.));
#9840=DIRECTION('ref_axis',(0.,1.,0.));
#9841=DIRECTION('',(0.,-1.,0.));
#9842=DIRECTION('',(0.,0.,1.));
#9843=DIRECTION('',(0.,1.,0.));
#9844=DIRECTION('',(0.,0.,1.));
#9845=DIRECTION('center_axis',(0.,0.,1.));
#9846=DIRECTION('ref_axis',(1.,0.,0.));
#9847=DIRECTION('',(-1.,0.,0.));
#9848=DIRECTION('',(0.,1.,0.));
#9849=DIRECTION('',(1.,0.,0.));
#9850=DIRECTION('center_axis',(-1.,0.,0.));
#9851=DIRECTION('ref_axis',(0.,1.,0.));
#9852=DIRECTION('',(0.,0.,-1.));
#9853=DIRECTION('',(0.,1.,0.));
#9854=DIRECTION('',(0.,0.,1.));
#9855=DIRECTION('center_axis',(0.,1.,0.));
#9856=DIRECTION('ref_axis',(0.,0.,1.));
#9857=DIRECTION('',(1.75998025042645E-9,0.,-1.));
#9858=DIRECTION('',(-1.,0.,-1.7599800981673E-9));
#9859=DIRECTION('',(-1.75998025042645E-9,0.,1.));
#9860=DIRECTION('',(1.,0.,1.7599800981673E-9));
#9861=DIRECTION('center_axis',(1.,0.,1.75998025042645E-9));
#9862=DIRECTION('ref_axis',(1.75998025042645E-9,0.,-1.));
#9863=DIRECTION('',(1.75998025042645E-9,0.,-1.));
#9864=DIRECTION('',(0.,1.,0.));
#9865=DIRECTION('center_axis',(1.7599800981673E-9,0.,-1.));
#9866=DIRECTION('ref_axis',(-1.,0.,-1.7599800981673E-9));
#9867=DIRECTION('',(-1.,0.,-1.7599800981673E-9));
#9868=DIRECTION('',(0.,1.,0.));
#9869=DIRECTION('center_axis',(-1.7599800981673E-9,0.,1.));
#9870=DIRECTION('ref_axis',(1.,0.,1.7599800981673E-9));
#9871=DIRECTION('',(0.,1.,0.));
#9872=DIRECTION('',(1.,0.,1.7599800981673E-9));
#9873=DIRECTION('center_axis',(-1.,0.,-1.75998025042645E-9));
#9874=DIRECTION('ref_axis',(-1.75998025042645E-9,0.,1.));
#9875=DIRECTION('',(-1.75998025042645E-9,0.,1.));
#9876=DIRECTION('center_axis',(0.,1.,0.));
#9877=DIRECTION('ref_axis',(-1.,0.,0.));
#9878=DIRECTION('axis',(0.,0.,1.));
#9879=DIRECTION('refdir',(1.,0.,0.));
#9880=DIRECTION('center_axis',(0.,0.,1.));
#9881=DIRECTION('ref_axis',(1.,0.,0.));
#9882=DIRECTION('',(-1.,0.,0.));
#9883=DIRECTION('',(0.,1.,0.));
#9884=DIRECTION('',(1.,0.,0.));
#9885=DIRECTION('',(0.,-1.,0.));
#9886=DIRECTION('center_axis',(1.,0.,0.));
#9887=DIRECTION('ref_axis',(0.,-1.,0.));
#9888=DIRECTION('',(0.,0.,-1.));
#9889=DIRECTION('',(0.,-1.,0.));
#9890=DIRECTION('',(0.,0.,-1.));
#9891=DIRECTION('center_axis',(0.,1.,0.));
#9892=DIRECTION('ref_axis',(1.,0.,0.));
#9893=DIRECTION('',(0.,0.,-1.));
#9894=DIRECTION('',(1.,0.,0.));
#9895=DIRECTION('center_axis',(-1.,0.,0.));
#9896=DIRECTION('ref_axis',(0.,1.,0.));
#9897=DIRECTION('',(0.,0.,-1.));
#9898=DIRECTION('',(0.,1.,0.));
#9899=DIRECTION('center_axis',(0.,-1.,0.));
#9900=DIRECTION('ref_axis',(-1.,0.,0.));
#9901=DIRECTION('',(-1.,0.,0.));
#9902=DIRECTION('center_axis',(0.,0.,1.));
#9903=DIRECTION('ref_axis',(-1.,0.,0.));
#9904=DIRECTION('axis',(0.,0.,1.));
#9905=DIRECTION('refdir',(1.,0.,0.));
#9906=DIRECTION('center_axis',(0.,0.,1.));
#9907=DIRECTION('ref_axis',(1.,0.,0.));
#9908=DIRECTION('',(0.,-1.,0.));
#9909=DIRECTION('',(-1.,0.,0.));
#9910=DIRECTION('',(0.,1.,0.));
#9911=DIRECTION('',(1.,0.,0.));
#9912=DIRECTION('center_axis',(0.,1.,0.));
#9913=DIRECTION('ref_axis',(1.,0.,0.));
#9914=DIRECTION('',(0.,0.,-1.));
#9915=DIRECTION('',(-1.,0.,0.));
#9916=DIRECTION('',(0.,0.,-1.));
#9917=DIRECTION('center_axis',(-1.,0.,0.));
#9918=DIRECTION('ref_axis',(0.,1.,0.));
#9919=DIRECTION('',(0.,0.,-1.));
#9920=DIRECTION('',(0.,-1.,0.));
#9921=DIRECTION('center_axis',(0.,-1.,0.));
#9922=DIRECTION('ref_axis',(-1.,0.,0.));
#9923=DIRECTION('',(0.,0.,-1.));
#9924=DIRECTION('',(1.,0.,0.));
#9925=DIRECTION('center_axis',(1.,0.,0.));
#9926=DIRECTION('ref_axis',(0.,-1.,0.));
#9927=DIRECTION('',(0.,1.,0.));
#9928=DIRECTION('center_axis',(0.,0.,1.));
#9929=DIRECTION('ref_axis',(-1.,0.,0.));
#9930=DIRECTION('axis',(0.,0.,1.));
#9931=DIRECTION('refdir',(1.,0.,0.));
#9932=DIRECTION('center_axis',(-1.,0.,0.));
#9933=DIRECTION('ref_axis',(0.,1.,0.));
#9934=DIRECTION('',(0.,-1.,0.));
#9935=DIRECTION('',(0.,0.,-1.));
#9936=DIRECTION('',(0.,1.,0.));
#9937=DIRECTION('',(0.,0.,-1.));
#9938=DIRECTION('center_axis',(0.,-1.,0.));
#9939=DIRECTION('ref_axis',(-1.,0.,0.));
#9940=DIRECTION('',(1.,0.,0.));
#9941=DIRECTION('',(-1.,0.,0.));
#9942=DIRECTION('',(0.,0.,-1.));
#9943=DIRECTION('center_axis',(1.,0.,0.));
#9944=DIRECTION('ref_axis',(0.,-1.,0.));
#9945=DIRECTION('',(0.,1.,0.));
#9946=DIRECTION('',(0.,-1.,0.));
#9947=DIRECTION('',(0.,0.,-1.));
#9948=DIRECTION('center_axis',(0.,1.,0.));
#9949=DIRECTION('ref_axis',(1.,0.,0.));
#9950=DIRECTION('',(-1.,0.,0.));
#9951=DIRECTION('',(1.,0.,0.));
#9952=DIRECTION('center_axis',(0.,0.,1.));
#9953=DIRECTION('ref_axis',(-1.,0.,0.));
#9954=DIRECTION('center_axis',(0.,0.,-1.));
#9955=DIRECTION('ref_axis',(-1.,0.,0.));
#9956=DIRECTION('axis',(0.,0.,1.));
#9957=DIRECTION('refdir',(1.,0.,0.));
#9958=DIRECTION('center_axis',(1.,0.,0.));
#9959=DIRECTION('ref_axis',(0.,-1.,0.));
#9960=DIRECTION('',(0.,-1.,0.));
#9961=DIRECTION('',(0.,0.,-1.));
#9962=DIRECTION('',(0.,-1.,0.));
#9963=DIRECTION('',(0.,0.,-1.));
#9964=DIRECTION('center_axis',(0.,1.,0.));
#9965=DIRECTION('ref_axis',(1.,0.,0.));
#9966=DIRECTION('',(1.,0.,0.));
#9967=DIRECTION('',(1.,0.,0.));
#9968=DIRECTION('',(0.,0.,-1.));
#9969=DIRECTION('center_axis',(-1.,0.,0.));
#9970=DIRECTION('ref_axis',(0.,1.,0.));
#9971=DIRECTION('',(0.,1.,0.));
#9972=DIRECTION('',(0.,1.,0.));
#9973=DIRECTION('',(0.,0.,-1.));
#9974=DIRECTION('center_axis',(0.,-1.,0.));
#9975=DIRECTION('ref_axis',(-1.,0.,0.));
#9976=DIRECTION('',(-1.,0.,0.));
#9977=DIRECTION('',(-1.,0.,0.));
#9978=DIRECTION('center_axis',(0.,0.,1.));
#9979=DIRECTION('ref_axis',(-1.,0.,0.));
#9980=DIRECTION('center_axis',(0.,0.,-1.));
#9981=DIRECTION('ref_axis',(-1.,0.,0.));
#9982=DIRECTION('axis',(0.,0.,1.));
#9983=DIRECTION('refdir',(1.,0.,0.));
#9984=DIRECTION('center_axis',(1.,0.,0.));
#9985=DIRECTION('ref_axis',(0.,0.,-1.));
#9986=DIRECTION('',(0.,0.,1.));
#9987=DIRECTION('',(0.,-1.,0.));
#9988=DIRECTION('',(0.,0.,-1.));
#9989=DIRECTION('',(0.,1.,0.));
#9990=DIRECTION('center_axis',(0.,0.,1.));
#9991=DIRECTION('ref_axis',(0.,1.,0.));
#9992=DIRECTION('',(1.,0.,0.));
#9993=DIRECTION('',(0.,1.,0.));
#9994=DIRECTION('',(1.,0.,0.));
#9995=DIRECTION('center_axis',(0.,-1.,0.));
#9996=DIRECTION('ref_axis',(0.,0.,1.));
#9997=DIRECTION('',(0.,0.,1.));
#9998=DIRECTION('',(1.,0.,0.));
#9999=DIRECTION('center_axis',(0.,0.,-1.));
#10000=DIRECTION('ref_axis',(0.,-1.,0.));
#10001=DIRECTION('',(0.,-1.,0.));
#10002=DIRECTION('',(-1.,0.,0.));
#10003=DIRECTION('center_axis',(0.,1.,0.));
#10004=DIRECTION('ref_axis',(0.,0.,-1.));
#10005=DIRECTION('',(0.,0.,-1.));
#10006=DIRECTION('center_axis',(-1.,0.,0.));
#10007=DIRECTION('ref_axis',(0.,0.,1.));
#10008=DIRECTION('axis',(0.,0.,1.));
#10009=DIRECTION('refdir',(1.,0.,0.));
#10010=DIRECTION('center_axis',(0.,1.,0.));
#10011=DIRECTION('ref_axis',(0.,0.,-1.));
#10012=DIRECTION('',(0.,0.,1.));
#10013=DIRECTION('',(-1.,0.,0.));
#10014=DIRECTION('',(0.,0.,-1.));
#10015=DIRECTION('',(-1.,0.,0.));
#10016=DIRECTION('center_axis',(0.,0.,1.));
#10017=DIRECTION('ref_axis',(0.,1.,0.));
#10018=DIRECTION('',(0.,-1.,0.));
#10019=DIRECTION('',(0.,1.,0.));
#10020=DIRECTION('',(-1.,0.,0.));
#10021=DIRECTION('center_axis',(0.,-1.,0.));
#10022=DIRECTION('ref_axis',(0.,0.,1.));
#10023=DIRECTION('',(0.,0.,-1.));
#10024=DIRECTION('',(0.,0.,1.));
#10025=DIRECTION('',(-1.,0.,0.));
#10026=DIRECTION('center_axis',(0.,0.,-1.));
#10027=DIRECTION('ref_axis',(0.,-1.,0.));
#10028=DIRECTION('',(0.,1.,0.));
#10029=DIRECTION('',(0.,-1.,0.));
#10030=DIRECTION('center_axis',(-1.,0.,0.));
#10031=DIRECTION('ref_axis',(0.,0.,1.));
#10032=DIRECTION('center_axis',(-1.,0.,0.));
#10033=DIRECTION('ref_axis',(0.,-1.,0.));
#10034=DIRECTION('',(0.,0.,1.));
#10035=DIRECTION('',(1.,0.,0.));
#10036=DIRECTION('',(0.,0.,1.));
#10037=DIRECTION('',(1.,0.,0.));
#10038=DIRECTION('',(0.,0.,1.));
#10039=DIRECTION('',(1.,0.,0.));
#10040=DIRECTION('',(0.,0.,1.));
#10041=DIRECTION('',(1.,0.,0.));
#10042=DIRECTION('',(0.,0.,1.));
#10043=DIRECTION('',(1.,0.,0.));
#10044=DIRECTION('',(0.,0.,1.));
#10045=DIRECTION('',(1.,0.,0.));
#10046=DIRECTION('',(0.,0.,1.));
#10047=DIRECTION('',(1.,0.,0.));
#10048=DIRECTION('',(0.,0.,1.));
#10049=DIRECTION('',(1.,0.,0.));
#10050=DIRECTION('',(0.,0.,1.));
#10051=DIRECTION('',(1.,0.,0.));
#10052=DIRECTION('',(-1.02679240259587E-17,8.94687872124875E-17,1.));
#10053=DIRECTION('',(1.,-2.22044604925031E-16,0.));
#10054=DIRECTION('',(0.,0.,1.));
#10055=DIRECTION('',(1.,0.,0.));
#10056=DIRECTION('',(0.,0.,1.));
#10057=DIRECTION('',(1.,0.,0.));
#10058=DIRECTION('',(0.,0.,1.));
#10059=DIRECTION('',(1.,0.,0.));
#10060=DIRECTION('',(7.70647090994265E-16,-1.39985566870003E-17,1.));
#10061=DIRECTION('',(0.999999999999995,1.94289029309402E-16,-8.32667268468914E-16));
#10062=DIRECTION('',(0.,0.,1.));
#10063=DIRECTION('',(1.,0.,0.));
#10064=DIRECTION('',(0.,0.,1.));
#10065=DIRECTION('',(1.,0.,0.));
#10066=DIRECTION('',(0.,0.,1.));
#10067=DIRECTION('',(1.,0.,0.));
#10068=DIRECTION('',(0.,0.,1.));
#10069=DIRECTION('',(1.,0.,0.));
#10070=DIRECTION('',(0.,0.,1.));
#10071=DIRECTION('',(1.,0.,0.));
#10072=DIRECTION('',(0.,0.,1.));
#10073=DIRECTION('',(1.,0.,0.));
#10074=DIRECTION('',(0.,0.,1.));
#10075=DIRECTION('',(1.,0.,0.));
#10076=DIRECTION('',(0.,0.,1.));
#10077=DIRECTION('',(1.,0.,0.));
#10078=DIRECTION('',(0.,0.,1.));
#10079=DIRECTION('',(1.,0.,0.));
#10080=DIRECTION('',(0.,0.,1.));
#10081=DIRECTION('',(1.,0.,0.));
#10082=DIRECTION('',(0.,0.,1.));
#10083=DIRECTION('',(1.,0.,0.));
#10084=DIRECTION('',(0.,0.,1.));
#10085=DIRECTION('',(1.,0.,0.));
#10086=DIRECTION('',(0.,0.,1.));
#10087=DIRECTION('',(1.,0.,0.));
#10088=DIRECTION('',(0.,0.,1.));
#10089=DIRECTION('',(1.,0.,0.));
#10090=DIRECTION('',(0.,0.,1.));
#10091=DIRECTION('',(1.,0.,0.));
#10092=DIRECTION('',(0.,0.,1.));
#10093=DIRECTION('',(1.,0.,0.));
#10094=DIRECTION('',(0.,0.,1.));
#10095=DIRECTION('',(1.,0.,0.));
#10096=DIRECTION('',(0.,0.,1.));
#10097=DIRECTION('',(1.,0.,0.));
#10098=DIRECTION('',(0.,0.,1.));
#10099=DIRECTION('',(1.,0.,0.));
#10100=DIRECTION('',(0.,0.,1.));
#10101=DIRECTION('',(1.,0.,0.));
#10102=DIRECTION('',(0.,0.,1.));
#10103=DIRECTION('',(1.,0.,0.));
#10104=DIRECTION('',(0.,0.,1.));
#10105=DIRECTION('',(1.,0.,0.));
#10106=DIRECTION('',(0.,0.,1.));
#10107=DIRECTION('',(1.,0.,0.));
#10108=CARTESIAN_POINT('',(0.,0.,0.));
#10109=CARTESIAN_POINT('',(0.,0.,0.));
#10110=CARTESIAN_POINT('Origin',(75.0000011175871,27.9999979138375,190.));
#10111=CARTESIAN_POINT('',(85.0000011175871,28.,190.000001043081));
#10112=CARTESIAN_POINT('',(85.0000011175871,27.9999979138375,170.000001043081));
#10113=CARTESIAN_POINT('',(85.0000011175871,28.,185.00000026077));
#10114=CARTESIAN_POINT('',(225.000001117587,28.,190.));
#10115=CARTESIAN_POINT('',(75.0000011175871,28.,190.));
#10116=CARTESIAN_POINT('',(225.000001117587,28.,170.));
#10117=CARTESIAN_POINT('',(225.000001117587,27.9999979138375,507.500000521541));
#10118=CARTESIAN_POINT('',(75.0000011175871,28.,170.));
#10119=CARTESIAN_POINT('Origin',(225.000001117587,0.,825.000001043081));
#10120=CARTESIAN_POINT('',(225.000001117587,38.,170.));
#10121=CARTESIAN_POINT('',(225.000001117587,15.,170.));
#10122=CARTESIAN_POINT('',(225.000001117587,38.,190.));
#10123=CARTESIAN_POINT('',(225.000001117587,15.,190.));
#10124=CARTESIAN_POINT('',(225.000001117587,38.,825.000001043081));
#10125=CARTESIAN_POINT('',(225.000001117587,38.,636.250001043081));
#10126=CARTESIAN_POINT('',(225.000001117587,0.,825.000001043081));
#10127=CARTESIAN_POINT('',(225.000001117587,0.,825.000001043081));
#10128=CARTESIAN_POINT('',(225.000001117587,0.,70.0000010430813));
#10129=CARTESIAN_POINT('',(225.000001117587,0.,825.000001043081));
#10130=CARTESIAN_POINT('',(225.000001117587,38.,70.0000010430813));
#10131=CARTESIAN_POINT('',(225.000001117587,0.,70.0000010430813));
#10132=CARTESIAN_POINT('',(225.000001117587,38.,636.250001043081));
#10133=CARTESIAN_POINT('Origin',(75.0000011175871,38.,170.000000208616));
#10134=CARTESIAN_POINT('',(75.0000011175871,38.,190.));
#10135=CARTESIAN_POINT('',(75.0000011175871,38.,170.));
#10136=CARTESIAN_POINT('',(75.0000011175871,37.999994784594,119.999998643995));
#10137=CARTESIAN_POINT('',(85.0000011175871,38.,190.));
#10138=CARTESIAN_POINT('',(112.500001117587,38.,190.));
#10139=CARTESIAN_POINT('',(85.0000011175871,38.,170.));
#10140=CARTESIAN_POINT('',(85.0000011175871,38.0000005215406,175.000000208616));
#10141=CARTESIAN_POINT('',(112.500001117587,38.,170.));
#10142=CARTESIAN_POINT('Origin',(75.0000011175871,0.,70.0000010430813));
#10143=CARTESIAN_POINT('',(75.0000011175871,38.,70.0000010430813));
#10144=CARTESIAN_POINT('',(75.0000011175871,38.,258.750001043081));
#10145=CARTESIAN_POINT('',(75.0000011175871,0.,70.0000010430813));
#10146=CARTESIAN_POINT('',(75.0000011175871,0.,70.0000010430813));
#10147=CARTESIAN_POINT('',(75.0000011175871,0.,825.000001043081));
#10148=CARTESIAN_POINT('',(75.0000011175871,0.,825.000001043081));
#10149=CARTESIAN_POINT('',(75.0000011175871,38.,825.000001043081));
#10150=CARTESIAN_POINT('',(75.0000011175871,0.,825.000001043081));
#10151=CARTESIAN_POINT('',(75.0000011175871,38.,258.750001043081));
#10152=CARTESIAN_POINT('Origin',(150.000001117587,38.,447.500001043081));
#10153=CARTESIAN_POINT('',(112.500001117587,38.,825.000001043081));
#10154=CARTESIAN_POINT('',(112.500001117587,38.,190.));
#10155=CARTESIAN_POINT('Origin',(150.000001117587,38.,447.500001043081));
#10156=CARTESIAN_POINT('',(112.500001117587,38.,170.));
#10157=CARTESIAN_POINT('',(187.500001117587,38.,70.0000010430813));
#10158=CARTESIAN_POINT('Origin',(75.0000011175871,40.,190.));
#10159=CARTESIAN_POINT('',(85.0000011175871,37.4999994784594,190.));
#10160=CARTESIAN_POINT('Origin',(225.000001117587,0.,70.0000010430813));
#10161=CARTESIAN_POINT('',(75.0000011175871,0.,70.0000010430813));
#10162=CARTESIAN_POINT('Origin',(85.0000011175871,34.9999989569188,180.000000521541));
#10163=CARTESIAN_POINT('',(85.0000011175871,29.9999979138375,170.000001043081));
#10164=CARTESIAN_POINT('Origin',(75.0000011175871,30.,170.));
#10165=CARTESIAN_POINT('Origin',(75.0000011175871,0.,825.000001043081));
#10166=CARTESIAN_POINT('',(1375.00000111759,0.,825.000001043081));
#10167=CARTESIAN_POINT('Origin',(150.000001117587,0.,447.500001043081));
#10168=CARTESIAN_POINT('',(0.,0.,0.));
#10169=CARTESIAN_POINT('Origin',(1375.00000111759,28.,170.));
#10170=CARTESIAN_POINT('',(1365.00000111759,28.,170.000001043081));
#10171=CARTESIAN_POINT('',(1365.00000111759,28.,190.));
#10172=CARTESIAN_POINT('',(1365.00000111759,28.,175.00000026077));
#10173=CARTESIAN_POINT('',(1225.00000111759,28.,170.));
#10174=CARTESIAN_POINT('',(1375.00000111759,28.,170.));
#10175=CARTESIAN_POINT('',(1225.00000111759,28.,190.));
#10176=CARTESIAN_POINT('',(1225.,28.,120.000000521541));
#10177=CARTESIAN_POINT('',(1375.00000111759,28.,190.));
#10178=CARTESIAN_POINT('Origin',(1225.,0.,70.0000010430814));
#10179=CARTESIAN_POINT('',(1225.00000111759,38.,190.));
#10180=CARTESIAN_POINT('',(1225.,15.,190.));
#10181=CARTESIAN_POINT('',(1225.00000111759,38.,170.));
#10182=CARTESIAN_POINT('',(1225.,20.,170.));
#10183=CARTESIAN_POINT('',(1225.,38.,70.0000010430814));
#10184=CARTESIAN_POINT('',(1225.,38.,258.750001043081));
#10185=CARTESIAN_POINT('',(1225.,0.,70.0000010430814));
#10186=CARTESIAN_POINT('',(1225.,0.,70.0000010430814));
#10187=CARTESIAN_POINT('',(1225.,0.,825.000001043081));
#10188=CARTESIAN_POINT('',(1225.,0.,825.000001043081));
#10189=CARTESIAN_POINT('',(1225.,38.,825.000001043081));
#10190=CARTESIAN_POINT('',(1225.,0.,825.000001043081));
#10191=CARTESIAN_POINT('',(1225.,38.,258.750001043081));
#10192=CARTESIAN_POINT('Origin',(1300.00000055879,38.,447.500001043081));
#10193=CARTESIAN_POINT('',(1365.00000111759,38.,170.000001043081));
#10194=CARTESIAN_POINT('',(1337.50000083819,38.,170.));
#10195=CARTESIAN_POINT('',(1365.00000111759,38.,190.));
#10196=CARTESIAN_POINT('',(1365.00000111759,38.,313.750000782311));
#10197=CARTESIAN_POINT('',(1337.50000083819,38.,190.));
#10198=CARTESIAN_POINT('',(1375.00000111759,38.,825.000001043081));
#10199=CARTESIAN_POINT('',(1262.5000002794,38.,825.000001043081));
#10200=CARTESIAN_POINT('',(1375.00000111759,38.,70.0000010430814));
#10201=CARTESIAN_POINT('',(1375.00000111759,38.,636.250001043081));
#10202=CARTESIAN_POINT('',(1337.50000083819,38.,70.0000010430814));
#10203=CARTESIAN_POINT('Origin',(1375.00000111759,30.,190.));
#10204=CARTESIAN_POINT('',(1365.00000111759,30.,190.));
#10205=CARTESIAN_POINT('Origin',(1365.00000111759,35.,180.000000521541));
#10206=CARTESIAN_POINT('',(1365.00000111759,37.5,170.));
#10207=CARTESIAN_POINT('Origin',(1375.00000111759,40.,170.));
#10208=CARTESIAN_POINT('Origin',(1375.00000111759,0.,70.0000010430814));
#10209=CARTESIAN_POINT('',(1375.00000111759,0.,70.0000010430814));
#10210=CARTESIAN_POINT('',(1375.00000111759,0.,70.0000010430814));
#10211=CARTESIAN_POINT('',(1225.,0.,70.0000010430814));
#10212=CARTESIAN_POINT('Origin',(1375.00000111759,0.,825.000001043081));
#10213=CARTESIAN_POINT('',(1375.00000111759,0.,825.000001043081));
#10214=CARTESIAN_POINT('',(1375.00000111759,0.,825.000001043081));
#10215=CARTESIAN_POINT('',(1375.00000111759,0.,70.0000010430814));
#10216=CARTESIAN_POINT('Origin',(1225.,0.,825.000001043081));
#10217=CARTESIAN_POINT('',(1375.00000111759,0.,825.000001043081));
#10218=CARTESIAN_POINT('Origin',(1300.00000055879,0.,447.500001043081));
#10219=CARTESIAN_POINT('',(0.,0.,0.));
#10220=CARTESIAN_POINT('Origin',(435.000001117587,175.,840.000001043081));
#10221=CARTESIAN_POINT('',(1305.00000111759,78.,840.000001043081));
#10222=CARTESIAN_POINT('',(145.000001117587,78.,840.000001043081));
#10223=CARTESIAN_POINT('',(870.000001117587,78.,840.000001043081));
#10224=CARTESIAN_POINT('',(1305.00000111759,40.,840.000001043081));
#10225=CARTESIAN_POINT('',(1305.00000111759,107.5,840.000001043081));
#10226=CARTESIAN_POINT('',(145.000001117587,40.,840.000001043081));
#10227=CARTESIAN_POINT('',(330.000001117587,40.0000000000001,840.000001043082));
#10228=CARTESIAN_POINT('',(145.000001117587,126.5,840.000001043081));
#10229=CARTESIAN_POINT('Origin',(1305.00000111759,40.,825.000001043081));
#10230=CARTESIAN_POINT('',(1305.00000111759,78.,825.000001043081));
#10231=CARTESIAN_POINT('',(1305.00000111759,78.,825.000001043081));
#10232=CARTESIAN_POINT('',(1305.00000111759,40.,825.000001043081));
#10233=CARTESIAN_POINT('',(1305.00000111759,20.,825.000001043081));
#10234=CARTESIAN_POINT('',(1305.00000111759,40.,825.000001043081));
#10235=CARTESIAN_POINT('Origin',(1305.00000111759,78.,825.000001043081));
#10236=CARTESIAN_POINT('',(145.000001117587,78.,825.000001043081));
#10237=CARTESIAN_POINT('',(145.000001117587,78.,825.000001043081));
#10238=CARTESIAN_POINT('',(800.000001117587,78.,825.000001043081));
#10239=CARTESIAN_POINT('Origin',(1375.00000111759,0.,825.000001043081));
#10240=CARTESIAN_POINT('',(1375.00000111759,0.,825.000001043081));
#10241=CARTESIAN_POINT('',(75.0000011175871,0.,825.000001043081));
#10242=CARTESIAN_POINT('',(1225.,0.,825.000001043081));
#10243=CARTESIAN_POINT('',(75.0000011175871,350.,825.000001043081));
#10244=CARTESIAN_POINT('',(75.0000011175871,0.,825.000001043081));
#10245=CARTESIAN_POINT('',(1375.00000111759,350.,825.000001043081));
#10246=CARTESIAN_POINT('',(1225.,350.,825.000001043081));
#10247=CARTESIAN_POINT('',(1375.00000111759,0.,825.000001043081));
#10248=CARTESIAN_POINT('',(145.000001117587,40.,825.000001043081));
#10249=CARTESIAN_POINT('',(145.000001117587,39.,825.000001043081));
#10250=CARTESIAN_POINT('',(1300.00000111759,40.,825.000001043081));
#10251=CARTESIAN_POINT('Origin',(145.000001117587,78.,825.000001043081));
#10252=CARTESIAN_POINT('',(145.000001117587,40.,825.000001043081));
#10253=CARTESIAN_POINT('Origin',(75.0000011175871,0.,868.000001043081));
#10254=CARTESIAN_POINT('',(1375.00000111759,0.,868.000001043081));
#10255=CARTESIAN_POINT('',(75.0000011175871,0.,868.000001043081));
#10256=CARTESIAN_POINT('',(400.000001117587,0.,868.000001043081));
#10257=CARTESIAN_POINT('',(1375.00000111759,350.,868.000001043081));
#10258=CARTESIAN_POINT('',(1375.00000111759,0.,868.000001043081));
#10259=CARTESIAN_POINT('',(75.0000011175871,350.,868.000001043081));
#10260=CARTESIAN_POINT('',(400.000001117587,350.,868.000001043081));
#10261=CARTESIAN_POINT('',(75.0000011175871,0.,868.000001043081));
#10262=CARTESIAN_POINT('Origin',(725.000001117587,350.,847.500001043081));
#10263=CARTESIAN_POINT('',(1375.00000111759,350.,870.000001043081));
#10264=CARTESIAN_POINT('',(75.0000011175871,350.,825.000001043081));
#10265=CARTESIAN_POINT('Origin',(1375.00000111759,0.,870.000001043081));
#10266=CARTESIAN_POINT('',(1375.00000111759,0.,870.000001043081));
#10267=CARTESIAN_POINT('Origin',(225.000001117587,40.,825.000001043081));
#10268=CARTESIAN_POINT('Origin',(75.0000011175871,0.,825.000001043081));
#10269=CARTESIAN_POINT('',(75.0000011175871,0.,825.000001043081));
#10270=CARTESIAN_POINT('Origin',(725.000001117587,0.,847.500001043081));
#10271=CARTESIAN_POINT('',(0.,0.,0.));
#10272=CARTESIAN_POINT('Origin',(1300.00000055879,322.,180.000001043081));
#10273=CARTESIAN_POINT('',(1365.00000111759,322.,190.));
#10274=CARTESIAN_POINT('',(1365.00000111759,322.,170.000001043081));
#10275=CARTESIAN_POINT('',(1365.00000111759,322.,180.000000782311));
#10276=CARTESIAN_POINT('',(1225.,322.,170.000001043081));
#10277=CARTESIAN_POINT('',(1375.00000111759,322.,170.000001043081));
#10278=CARTESIAN_POINT('',(1225.,322.,190.000001043081));
#10279=CARTESIAN_POINT('',(1225.,322.,170.000001043081));
#10280=CARTESIAN_POINT('',(1225.,322.,190.000001043081));
#10281=CARTESIAN_POINT('Origin',(1300.00000055879,28.,180.000001043081));
#10282=CARTESIAN_POINT('',(1365.00000111759,28.,170.000001043081));
#10283=CARTESIAN_POINT('',(1365.00000111759,28.,190.));
#10284=CARTESIAN_POINT('',(1365.00000111759,28.,180.000000782311));
#10285=CARTESIAN_POINT('',(1225.,28.,190.000001043081));
#10286=CARTESIAN_POINT('',(1225.,28.,190.000001043081));
#10287=CARTESIAN_POINT('',(1225.,28.,170.000001043081));
#10288=CARTESIAN_POINT('',(1225.,28.,170.000001043081));
#10289=CARTESIAN_POINT('',(1375.00000111759,28.,170.000001043081));
#10290=CARTESIAN_POINT('Origin',(1375.00000111759,38.,190.));
#10291=CARTESIAN_POINT('',(1375.00000111759,38.,170.000001043081));
#10292=CARTESIAN_POINT('',(1375.00000111759,38.,190.));
#10293=CARTESIAN_POINT('',(1375.00000111759,38.,190.000000521541));
#10294=CARTESIAN_POINT('',(1365.00000111759,38.,190.));
#10295=CARTESIAN_POINT('',(1300.00000055879,38.,190.000001043081));
#10296=CARTESIAN_POINT('',(1365.00000111759,38.,170.000001043081));
#10297=CARTESIAN_POINT('',(1365.00000111759,38.,185.00000026077));
#10298=CARTESIAN_POINT('',(1375.00000111759,38.,170.000001043081));
#10299=CARTESIAN_POINT('Origin',(1375.00000111759,312.,170.000001043081));
#10300=CARTESIAN_POINT('',(1375.00000111759,312.,190.));
#10301=CARTESIAN_POINT('',(1375.00000111759,312.,170.000001043081));
#10302=CARTESIAN_POINT('',(1375.00000111759,312.,180.000001043081));
#10303=CARTESIAN_POINT('',(1365.00000111759,312.,170.000001043081));
#10304=CARTESIAN_POINT('',(1375.00000111759,312.,170.000001043081));
#10305=CARTESIAN_POINT('',(1365.00000111759,312.,190.));
#10306=CARTESIAN_POINT('',(1365.00000111759,312.,175.000000782311));
#10307=CARTESIAN_POINT('',(1300.00000055879,312.,190.000001043081));
#10308=CARTESIAN_POINT('Origin',(1365.00000111759,35.,180.000000521541));
#10309=CARTESIAN_POINT('',(1365.00000111759,37.5,190.000001043081));
#10310=CARTESIAN_POINT('',(1365.00000111759,37.5,170.000001043081));
#10311=CARTESIAN_POINT('Origin',(1365.00000111759,315.,180.000000521541));
#10312=CARTESIAN_POINT('',(1365.00000111759,177.5,170.000001043081));
#10313=CARTESIAN_POINT('',(1365.00000111759,177.5,190.000001043081));
#10314=CARTESIAN_POINT('Origin',(1375.00000111759,40.,170.000001043081));
#10315=CARTESIAN_POINT('',(1225.,40.,170.000001043081));
#10316=CARTESIAN_POINT('',(1375.00000111759,40.,170.000001043081));
#10317=CARTESIAN_POINT('Origin',(1375.00000111759,40.,190.000001043081));
#10318=CARTESIAN_POINT('',(1375.00000111759,40.,190.000001043081));
#10319=CARTESIAN_POINT('Origin',(1225.,40.,190.000001043081));
#10320=CARTESIAN_POINT('',(1225.,40.,190.000001043081));
#10321=CARTESIAN_POINT('Origin',(1225.,40.,170.000001043081));
#10322=CARTESIAN_POINT('',(0.,0.,0.));
#10323=CARTESIAN_POINT('Origin',(150.000000558794,322.,180.000001043081));
#10324=CARTESIAN_POINT('',(85.0000011175871,322.,170.000001043081));
#10325=CARTESIAN_POINT('',(85.0000011175871,322.,190.));
#10326=CARTESIAN_POINT('',(85.0000011175871,322.,180.000000782311));
#10327=CARTESIAN_POINT('',(225.,322.,190.000001043081));
#10328=CARTESIAN_POINT('',(225.,322.,190.000001043081));
#10329=CARTESIAN_POINT('',(225.,322.,170.000001043081));
#10330=CARTESIAN_POINT('',(225.,322.,170.000001043081));
#10331=CARTESIAN_POINT('',(75.0000011175871,322.,170.000001043081));
#10332=CARTESIAN_POINT('Origin',(150.000000558794,28.,180.000001043081));
#10333=CARTESIAN_POINT('',(85.0000011175871,28.,190.000001043081));
#10334=CARTESIAN_POINT('',(85.0000011175871,27.9999979138375,170.000001043081));
#10335=CARTESIAN_POINT('',(85.0000011175871,28.,180.000000782311));
#10336=CARTESIAN_POINT('',(225.,28.,170.000001043081));
#10337=CARTESIAN_POINT('',(75.0000011175871,28.,170.000001043081));
#10338=CARTESIAN_POINT('',(225.,28.,190.000001043081));
#10339=CARTESIAN_POINT('',(225.,28.,170.000001043081));
#10340=CARTESIAN_POINT('',(225.,28.,190.000001043081));
#10341=CARTESIAN_POINT('Origin',(85.0000011175871,40.0000000000001,190.000001043081));
#10342=CARTESIAN_POINT('',(75.0000011175871,40.,190.));
#10343=CARTESIAN_POINT('',(85.0000011175871,40.,190.));
#10344=CARTESIAN_POINT('',(75.0000011175871,40.0000000000001,190.000001043081));
#10345=CARTESIAN_POINT('',(75.0000011175871,38.,190.000000208616));
#10346=CARTESIAN_POINT('',(75.0000011175871,40.,190.));
#10347=CARTESIAN_POINT('',(85.0000011175871,38.,190.000000208616));
#10348=CARTESIAN_POINT('',(75.0000011175871,38.0000000000001,190.000001251697));
#10349=CARTESIAN_POINT('',(85.0000011175871,37.4999994784594,190.000001043081));
#10350=CARTESIAN_POINT('Origin',(75.0000011175871,39.9999979138376,170.000001043081));
#10351=CARTESIAN_POINT('',(85.0000011175871,39.9999979138375,170.));
#10352=CARTESIAN_POINT('',(75.0000011175871,39.9999979138375,170.));
#10353=CARTESIAN_POINT('',(150.000000558794,39.9999979138376,170.000001043081));
#10354=CARTESIAN_POINT('',(85.0000011175871,37.9999979138375,170.000000208616));
#10355=CARTESIAN_POINT('',(85.0000011175871,37.4999994784594,170.000001043081));
#10356=CARTESIAN_POINT('',(75.0000011175871,37.9999979138375,170.000000208616));
#10357=CARTESIAN_POINT('',(150.000000558794,37.9999979138376,170.000001251698));
#10358=CARTESIAN_POINT('',(75.0000011175871,39.9999979138375,170.));
#10359=CARTESIAN_POINT('Origin',(75.0000011175871,37.9999979138375,170.000000208616));
#10360=CARTESIAN_POINT('',(75.0000011175871,37.9999979138376,170.000000730157));
#10361=CARTESIAN_POINT('',(85.0000011175871,37.9999984353781,175.000000208616));
#10362=CARTESIAN_POINT('Origin',(75.0000011175871,312.,190.));
#10363=CARTESIAN_POINT('',(75.0000011175871,312.,170.000001043081));
#10364=CARTESIAN_POINT('',(75.0000011175871,312.,190.));
#10365=CARTESIAN_POINT('',(75.0000011175871,312.,180.000000521541));
#10366=CARTESIAN_POINT('',(85.0000011175871,312.,190.));
#10367=CARTESIAN_POINT('',(75.0000011175871,312.,190.000001043081));
#10368=CARTESIAN_POINT('',(85.0000011175871,312.,170.000001043081));
#10369=CARTESIAN_POINT('',(85.0000011175871,312.,185.00000026077));
#10370=CARTESIAN_POINT('',(150.000000558794,312.,170.000001043081));
#10371=CARTESIAN_POINT('Origin',(85.0000011175871,34.9999989569188,180.000000521541));
#10372=CARTESIAN_POINT('',(85.0000011175871,37.4999994784594,170.000001043081));
#10373=CARTESIAN_POINT('',(85.0000011175871,37.4999994784594,190.000001043081));
#10374=CARTESIAN_POINT('Origin',(85.0000011175871,315.,180.000000521541));
#10375=CARTESIAN_POINT('',(85.0000011175871,177.5,190.000001043081));
#10376=CARTESIAN_POINT('',(85.0000011175871,177.5,170.000001043081));
#10377=CARTESIAN_POINT('Origin',(225.,40.,170.000001043081));
#10378=CARTESIAN_POINT('',(75.0000011175871,40.,170.000001043081));
#10379=CARTESIAN_POINT('',(225.,40.,170.000001043081));
#10380=CARTESIAN_POINT('Origin',(225.,40.,190.000001043081));
#10381=CARTESIAN_POINT('',(225.,40.,190.000001043081));
#10382=CARTESIAN_POINT('Origin',(75.0000011175871,40.,190.000001043081));
#10383=CARTESIAN_POINT('',(75.0000011175871,40.,190.000001043081));
#10384=CARTESIAN_POINT('Origin',(75.0000011175871,40.,170.000001043081));
#10385=CARTESIAN_POINT('',(0.,0.,0.));
#10386=CARTESIAN_POINT('Origin',(1375.00000111759,322.,190.));
#10387=CARTESIAN_POINT('',(1365.00000111759,322.,190.));
#10388=CARTESIAN_POINT('',(1365.00000111759,322.,170.000001043081));
#10389=CARTESIAN_POINT('',(1365.00000111759,322.,185.00000026077));
#10390=CARTESIAN_POINT('',(1225.00000111759,322.,190.));
#10391=CARTESIAN_POINT('',(1375.00000111759,322.,190.));
#10392=CARTESIAN_POINT('',(1225.00000111759,322.,170.));
#10393=CARTESIAN_POINT('',(1225.,322.,130.000000521541));
#10394=CARTESIAN_POINT('',(1375.00000111759,322.,170.));
#10395=CARTESIAN_POINT('Origin',(1225.,310.,70.0000010430814));
#10396=CARTESIAN_POINT('',(1225.00000111759,312.,170.));
#10397=CARTESIAN_POINT('',(1225.,315.,170.));
#10398=CARTESIAN_POINT('',(1225.00000111759,312.,190.));
#10399=CARTESIAN_POINT('',(1225.,310.,190.));
#10400=CARTESIAN_POINT('',(1225.,312.,825.000001043081));
#10401=CARTESIAN_POINT('',(1225.,312.,258.750001043081));
#10402=CARTESIAN_POINT('',(1225.,350.,825.000001043081));
#10403=CARTESIAN_POINT('',(1225.,310.,825.000001043081));
#10404=CARTESIAN_POINT('',(1225.,350.,70.0000010430814));
#10405=CARTESIAN_POINT('',(1225.,350.,70.0000010430814));
#10406=CARTESIAN_POINT('',(1225.,312.,70.0000010430814));
#10407=CARTESIAN_POINT('',(1225.,310.,70.0000010430814));
#10408=CARTESIAN_POINT('',(1225.,312.,258.750001043081));
#10409=CARTESIAN_POINT('Origin',(1300.00000055879,312.,447.500001043081));
#10410=CARTESIAN_POINT('',(1365.00000111759,312.,170.000001043081));
#10411=CARTESIAN_POINT('',(1337.50000083819,312.,170.));
#10412=CARTESIAN_POINT('',(1375.00000111759,312.,70.0000010430814));
#10413=CARTESIAN_POINT('',(1337.50000083819,312.,70.0000010430814));
#10414=CARTESIAN_POINT('',(1375.00000111759,312.,825.000001043081));
#10415=CARTESIAN_POINT('',(1375.00000111759,312.,636.250001043081));
#10416=CARTESIAN_POINT('',(1262.5000002794,312.,825.000001043081));
#10417=CARTESIAN_POINT('',(1365.00000111759,312.,190.));
#10418=CARTESIAN_POINT('',(1337.50000083819,312.,190.));
#10419=CARTESIAN_POINT('',(1365.00000111759,312.,313.750000782311));
#10420=CARTESIAN_POINT('Origin',(1375.00000111759,310.,825.000001043081));
#10421=CARTESIAN_POINT('',(1375.00000111759,350.,70.0000010430814));
#10422=CARTESIAN_POINT('',(1375.00000111759,310.,70.0000010430814));
#10423=CARTESIAN_POINT('',(1375.00000111759,350.,825.000001043081));
#10424=CARTESIAN_POINT('',(1375.00000111759,350.,825.000001043081));
#10425=CARTESIAN_POINT('',(1375.00000111759,310.,825.000001043081));
#10426=CARTESIAN_POINT('Origin',(1375.00000111759,310.,70.0000010430814));
#10427=CARTESIAN_POINT('',(1375.00000111759,350.,70.0000010430814));
#10428=CARTESIAN_POINT('Origin',(1375.00000111759,320.,170.));
#10429=CARTESIAN_POINT('',(1365.00000111759,320.,170.000001043081));
#10430=CARTESIAN_POINT('Origin',(1365.00000111759,315.,180.000000521541));
#10431=CARTESIAN_POINT('',(1365.00000111759,312.5,190.));
#10432=CARTESIAN_POINT('Origin',(1375.00000111759,310.,190.));
#10433=CARTESIAN_POINT('Origin',(1225.,310.,825.000001043081));
#10434=CARTESIAN_POINT('',(1225.,350.,825.000001043081));
#10435=CARTESIAN_POINT('Origin',(1300.00000055879,350.,447.500001043081));
#10436=CARTESIAN_POINT('',(0.,0.,0.));
#10437=CARTESIAN_POINT('Origin',(153.000001117587,175.,775.000000521541));
#10438=CARTESIAN_POINT('',(153.000001117587,312.,725.));
#10439=CARTESIAN_POINT('',(153.000001117587,38.,725.));
#10440=CARTESIAN_POINT('',(153.000001117587,242.5,725.));
#10441=CARTESIAN_POINT('',(153.000001117587,312.,825.000001043081));
#10442=CARTESIAN_POINT('',(153.000001117587,312.,800.000000782311));
#10443=CARTESIAN_POINT('',(153.000001117587,38.,825.000001043081));
#10444=CARTESIAN_POINT('',(153.000001117587,107.5,825.000001043081));
#10445=CARTESIAN_POINT('',(153.000001117587,38.,750.00000026077));
#10446=CARTESIAN_POINT('Origin',(155.000001117587,312.,825.000001043081));
#10447=CARTESIAN_POINT('',(115.000001117587,312.,725.));
#10448=CARTESIAN_POINT('',(155.000001117587,312.,725.));
#10449=CARTESIAN_POINT('',(115.000001117587,312.,825.000001043081));
#10450=CARTESIAN_POINT('',(115.000001117587,312.,825.000001043081));
#10451=CARTESIAN_POINT('',(155.000001117587,312.,825.000001043081));
#10452=CARTESIAN_POINT('Origin',(155.000001117587,310.,725.));
#10453=CARTESIAN_POINT('',(115.000001117587,38.,725.));
#10454=CARTESIAN_POINT('',(155.000001117587,38.,725.));
#10455=CARTESIAN_POINT('',(115.000001117587,310.,725.));
#10456=CARTESIAN_POINT('Origin',(155.000001117587,38.,725.));
#10457=CARTESIAN_POINT('',(115.000001117587,38.,825.000001043081));
#10458=CARTESIAN_POINT('',(155.000001117587,38.,825.000001043081));
#10459=CARTESIAN_POINT('',(115.000001117587,38.,725.));
#10460=CARTESIAN_POINT('Origin',(155.000001117587,40.,825.000001043081));
#10461=CARTESIAN_POINT('',(115.000001117587,40.,825.000001043081));
#10462=CARTESIAN_POINT('Origin',(115.000001117587,175.,775.000000521541));
#10463=CARTESIAN_POINT('',(0.,0.,0.));
#10464=CARTESIAN_POINT('Origin',(75.0000011175871,322.,170.));
#10465=CARTESIAN_POINT('',(85.0000011175871,322.,170.000001043081));
#10466=CARTESIAN_POINT('',(85.0000011175871,322.,190.));
#10467=CARTESIAN_POINT('',(85.0000011175871,322.,175.00000026077));
#10468=CARTESIAN_POINT('',(225.000001117587,322.,170.));
#10469=CARTESIAN_POINT('',(75.0000011175871,322.,170.));
#10470=CARTESIAN_POINT('',(225.000001117587,322.,190.));
#10471=CARTESIAN_POINT('',(225.,322.,497.5));
#10472=CARTESIAN_POINT('',(75.0000011175871,322.,190.));
#10473=CARTESIAN_POINT('Origin',(225.,310.,825.));
#10474=CARTESIAN_POINT('',(225.000001117587,312.,190.));
#10475=CARTESIAN_POINT('',(225.,315.,190.));
#10476=CARTESIAN_POINT('',(225.000001117587,312.,170.));
#10477=CARTESIAN_POINT('',(225.,315.,170.));
#10478=CARTESIAN_POINT('',(225.,312.,70.));
#10479=CARTESIAN_POINT('',(225.,312.,636.25));
#10480=CARTESIAN_POINT('',(225.,350.,70.));
#10481=CARTESIAN_POINT('',(225.,310.,70.));
#10482=CARTESIAN_POINT('',(225.,350.,825.));
#10483=CARTESIAN_POINT('',(225.,350.,825.));
#10484=CARTESIAN_POINT('',(225.,312.,825.));
#10485=CARTESIAN_POINT('',(225.,310.,825.));
#10486=CARTESIAN_POINT('',(225.,312.,636.25));
#10487=CARTESIAN_POINT('Origin',(150.000000558794,312.,447.5));
#10488=CARTESIAN_POINT('',(85.0000011175871,312.,170.000001043081));
#10489=CARTESIAN_POINT('',(112.50000083819,312.,170.));
#10490=CARTESIAN_POINT('',(85.0000011175871,312.,190.));
#10491=CARTESIAN_POINT('',(85.0000011175871,312.,313.75000026077));
#10492=CARTESIAN_POINT('',(112.50000083819,312.,190.));
#10493=CARTESIAN_POINT('',(75.0000011175871,312.,825.));
#10494=CARTESIAN_POINT('',(112.50000083819,312.,825.));
#10495=CARTESIAN_POINT('',(75.0000011175871,312.,70.));
#10496=CARTESIAN_POINT('',(75.0000011175871,312.,258.75));
#10497=CARTESIAN_POINT('',(187.500000279397,312.,70.));
#10498=CARTESIAN_POINT('Origin',(75.0000011175871,320.,190.));
#10499=CARTESIAN_POINT('',(85.0000011175871,320.,190.));
#10500=CARTESIAN_POINT('Origin',(85.0000011175871,315.,180.000000521541));
#10501=CARTESIAN_POINT('',(85.0000011175871,312.5,170.));
#10502=CARTESIAN_POINT('Origin',(75.0000011175871,310.,170.));
#10503=CARTESIAN_POINT('Origin',(75.0000011175871,310.,70.));
#10504=CARTESIAN_POINT('',(75.0000011175871,350.,825.));
#10505=CARTESIAN_POINT('',(75.0000011175871,310.,825.));
#10506=CARTESIAN_POINT('',(75.0000011175871,350.,70.));
#10507=CARTESIAN_POINT('',(75.0000011175871,350.,70.));
#10508=CARTESIAN_POINT('',(75.0000011175871,310.,70.));
#10509=CARTESIAN_POINT('Origin',(75.0000011175871,310.,825.));
#10510=CARTESIAN_POINT('',(75.0000011175871,350.,825.));
#10511=CARTESIAN_POINT('Origin',(225.,310.,70.));
#10512=CARTESIAN_POINT('',(225.,350.,70.));
#10513=CARTESIAN_POINT('Origin',(150.000000558794,350.,447.5));
#10514=CARTESIAN_POINT('',(0.,0.,0.));
#10515=CARTESIAN_POINT('Origin',(225.,312.,825.));
#10516=CARTESIAN_POINT('',(225.,312.,725.));
#10517=CARTESIAN_POINT('',(225.,312.,825.));
#10518=CARTESIAN_POINT('',(225.,312.,800.));
#10519=CARTESIAN_POINT('',(1225.,312.,725.));
#10520=CARTESIAN_POINT('',(225.,312.,725.));
#10521=CARTESIAN_POINT('',(1225.,312.,825.));
#10522=CARTESIAN_POINT('',(1225.,312.,800.));
#10523=CARTESIAN_POINT('',(225.,312.,825.));
#10524=CARTESIAN_POINT('Origin',(1225.,330.,775.));
#10525=CARTESIAN_POINT('',(1225.,350.,725.));
#10526=CARTESIAN_POINT('',(1225.,310.,725.));
#10527=CARTESIAN_POINT('',(1225.,350.,825.));
#10528=CARTESIAN_POINT('',(1225.,350.,725.));
#10529=CARTESIAN_POINT('',(1225.,350.,825.));
#10530=CARTESIAN_POINT('Origin',(225.,310.,725.));
#10531=CARTESIAN_POINT('',(225.,350.,725.));
#10532=CARTESIAN_POINT('',(225.,310.,725.));
#10533=CARTESIAN_POINT('',(225.,350.,725.));
#10534=CARTESIAN_POINT('Origin',(225.,350.,825.));
#10535=CARTESIAN_POINT('',(225.,350.,825.));
#10536=CARTESIAN_POINT('',(225.,350.,825.));
#10537=CARTESIAN_POINT('',(225.,350.,825.));
#10538=CARTESIAN_POINT('Origin',(225.,350.,725.));
#10539=CARTESIAN_POINT('',(225.,350.,725.));
#10540=CARTESIAN_POINT('Origin',(225.,330.,775.));
#10541=CARTESIAN_POINT('',(0.,0.,0.));
#10542=CARTESIAN_POINT('Origin',(727.,293.,810.));
#10543=CARTESIAN_POINT('',(265.,274.,810.));
#10544=CARTESIAN_POINT('',(265.,312.,810.));
#10545=CARTESIAN_POINT('',(265.,301.5,810.));
#10546=CARTESIAN_POINT('',(227.,312.,810.));
#10547=CARTESIAN_POINT('',(486.,312.,810.));
#10548=CARTESIAN_POINT('',(227.,274.,810.));
#10549=CARTESIAN_POINT('',(227.,301.5,810.));
#10550=CARTESIAN_POINT('',(977.,274.,810.));
#10551=CARTESIAN_POINT('Origin',(1227.,274.,825.));
#10552=CARTESIAN_POINT('',(227.,274.,825.));
#10553=CARTESIAN_POINT('',(227.,274.,825.));
#10554=CARTESIAN_POINT('',(265.,274.,825.));
#10555=CARTESIAN_POINT('',(1226.,274.,825.));
#10556=CARTESIAN_POINT('',(265.,274.,775.));
#10557=CARTESIAN_POINT('Origin',(1225.,40.,825.));
#10558=CARTESIAN_POINT('',(227.,40.,825.));
#10559=CARTESIAN_POINT('',(227.,175.,825.));
#10560=CARTESIAN_POINT('',(265.,40.,825.));
#10561=CARTESIAN_POINT('',(735.,40.,825.));
#10562=CARTESIAN_POINT('',(265.,175.,825.));
#10563=CARTESIAN_POINT('Origin',(227.,310.,825.));
#10564=CARTESIAN_POINT('',(227.,312.,725.));
#10565=CARTESIAN_POINT('',(227.,312.,805.));
#10566=CARTESIAN_POINT('',(227.,40.,725.));
#10567=CARTESIAN_POINT('',(227.,310.,725.));
#10568=CARTESIAN_POINT('',(227.,40.,800.));
#10569=CARTESIAN_POINT('Origin',(245.,312.,775.));
#10570=CARTESIAN_POINT('',(265.,312.,725.));
#10571=CARTESIAN_POINT('',(265.,312.,825.));
#10572=CARTESIAN_POINT('',(265.,312.,725.));
#10573=CARTESIAN_POINT('Origin',(265.,310.,725.));
#10574=CARTESIAN_POINT('',(265.,40.,725.));
#10575=CARTESIAN_POINT('',(265.,40.,825.));
#10576=CARTESIAN_POINT('',(265.,310.,725.));
#10577=CARTESIAN_POINT('Origin',(245.,40.,775.));
#10578=CARTESIAN_POINT('',(265.,40.,725.));
#10579=CARTESIAN_POINT('Origin',(225.,310.,725.));
#10580=CARTESIAN_POINT('',(0.,0.,0.));
#10581=CARTESIAN_POINT('Origin',(725.,293.,810.));
#10582=CARTESIAN_POINT('',(1187.,312.,810.));
#10583=CARTESIAN_POINT('',(1187.,274.,810.));
#10584=CARTESIAN_POINT('',(1187.,301.5,810.));
#10585=CARTESIAN_POINT('',(1225.,274.,810.));
#10586=CARTESIAN_POINT('',(975.,274.,810.));
#10587=CARTESIAN_POINT('',(1225.,312.,810.));
#10588=CARTESIAN_POINT('',(1225.,301.5,810.));
#10589=CARTESIAN_POINT('',(965.,312.,810.));
#10590=CARTESIAN_POINT('Origin',(1225.,274.,825.));
#10591=CARTESIAN_POINT('',(1187.,274.,825.));
#10592=CARTESIAN_POINT('',(1187.,274.,825.));
#10593=CARTESIAN_POINT('',(1225.,274.,825.));
#10594=CARTESIAN_POINT('',(1225.,274.,825.));
#10595=CARTESIAN_POINT('',(1225.,274.,775.));
#10596=CARTESIAN_POINT('Origin',(1225.,40.,825.));
#10597=CARTESIAN_POINT('',(1187.,40.,825.));
#10598=CARTESIAN_POINT('',(1187.,175.,825.));
#10599=CARTESIAN_POINT('',(1225.,40.,825.));
#10600=CARTESIAN_POINT('',(1215.,40.,825.));
#10601=CARTESIAN_POINT('',(1225.,175.,825.));
#10602=CARTESIAN_POINT('Origin',(1187.,310.,825.));
#10603=CARTESIAN_POINT('',(1187.,312.,725.));
#10604=CARTESIAN_POINT('',(1187.,312.,805.));
#10605=CARTESIAN_POINT('',(1187.,40.,725.));
#10606=CARTESIAN_POINT('',(1187.,310.,725.));
#10607=CARTESIAN_POINT('',(1187.,40.,800.));
#10608=CARTESIAN_POINT('Origin',(1205.,312.,775.));
#10609=CARTESIAN_POINT('',(1225.,312.,725.));
#10610=CARTESIAN_POINT('',(1225.,312.,725.));
#10611=CARTESIAN_POINT('',(1185.,312.,725.));
#10612=CARTESIAN_POINT('Origin',(1225.,310.,725.));
#10613=CARTESIAN_POINT('',(1225.,40.,725.));
#10614=CARTESIAN_POINT('',(1225.,40.,725.));
#10615=CARTESIAN_POINT('',(1225.,310.,725.));
#10616=CARTESIAN_POINT('Origin',(1205.,40.,775.));
#10617=CARTESIAN_POINT('',(1185.,40.,725.));
#10618=CARTESIAN_POINT('Origin',(1185.,310.,725.));
#10619=CARTESIAN_POINT('',(0.,0.,0.));
#10620=CARTESIAN_POINT('Origin',(725.,293.,810.));
#10621=CARTESIAN_POINT('',(725.,312.,810.));
#10622=CARTESIAN_POINT('',(725.,274.,810.));
#10623=CARTESIAN_POINT('',(725.,301.5,810.));
#10624=CARTESIAN_POINT('',(763.,274.,810.));
#10625=CARTESIAN_POINT('',(975.,274.,810.));
#10626=CARTESIAN_POINT('',(763.,312.,810.));
#10627=CARTESIAN_POINT('',(763.,301.5,810.));
#10628=CARTESIAN_POINT('',(725.,312.,810.));
#10629=CARTESIAN_POINT('Origin',(1225.,274.,825.));
#10630=CARTESIAN_POINT('',(725.,274.,825.));
#10631=CARTESIAN_POINT('',(725.,274.,825.));
#10632=CARTESIAN_POINT('',(763.,274.,825.));
#10633=CARTESIAN_POINT('',(1225.,274.,825.));
#10634=CARTESIAN_POINT('',(763.,274.,775.));
#10635=CARTESIAN_POINT('Origin',(725.,310.,825.));
#10636=CARTESIAN_POINT('',(725.,312.,725.));
#10637=CARTESIAN_POINT('',(725.,312.,805.));
#10638=CARTESIAN_POINT('',(725.,40.,725.));
#10639=CARTESIAN_POINT('',(725.,310.,725.));
#10640=CARTESIAN_POINT('',(725.,40.,825.));
#10641=CARTESIAN_POINT('',(725.,40.,800.));
#10642=CARTESIAN_POINT('',(725.,175.,825.));
#10643=CARTESIAN_POINT('Origin',(725.,312.,775.));
#10644=CARTESIAN_POINT('',(763.,312.,725.));
#10645=CARTESIAN_POINT('',(763.,312.,750.));
#10646=CARTESIAN_POINT('',(685.,312.,725.));
#10647=CARTESIAN_POINT('Origin',(763.,310.,725.));
#10648=CARTESIAN_POINT('',(763.,40.,825.));
#10649=CARTESIAN_POINT('',(763.,175.,825.));
#10650=CARTESIAN_POINT('',(763.,40.,725.));
#10651=CARTESIAN_POINT('',(763.,40.,750.));
#10652=CARTESIAN_POINT('',(763.,310.,725.));
#10653=CARTESIAN_POINT('Origin',(1225.,40.,825.));
#10654=CARTESIAN_POINT('',(975.,40.,825.));
#10655=CARTESIAN_POINT('Origin',(685.,310.,725.));
#10656=CARTESIAN_POINT('',(685.,40.,725.));
#10657=CARTESIAN_POINT('Origin',(725.,40.,775.));
#10658=CARTESIAN_POINT('',(0.,0.,0.));
#10659=CARTESIAN_POINT('Origin',(290.7,48.0000008940697,805.));
#10660=CARTESIAN_POINT('',(260.874,48.0000008940697,805.));
#10661=CARTESIAN_POINT('',(290.7,48.0000008940697,805.));
#10662=CARTESIAN_POINT('',(382.850000000002,48.0000008940697,805.));
#10663=CARTESIAN_POINT('',(260.874,58.0000008940697,805.));
#10664=CARTESIAN_POINT('',(260.874,48.0000008940697,805.));
#10665=CARTESIAN_POINT('',(290.7,58.0000008940697,805.));
#10666=CARTESIAN_POINT('',(290.7,58.0000008940697,805.));
#10667=CARTESIAN_POINT('',(290.7,53.0000008940697,805.));
#10668=CARTESIAN_POINT('Origin',(475.000000000004,48.0000008940697,735.));
#10669=CARTESIAN_POINT('',(290.7,48.0000008940697,740.));
#10670=CARTESIAN_POINT('',(290.7,48.0000008940697,740.));
#10671=CARTESIAN_POINT('',(659.3,48.0000008940697,740.));
#10672=CARTESIAN_POINT('',(285.700000000004,48.0000008940697,740.));
#10673=CARTESIAN_POINT('',(659.3,48.0000008940697,805.000011995435));
#10674=CARTESIAN_POINT('',(659.3,48.0000008940697,740.));
#10675=CARTESIAN_POINT('',(687.,48.0000008940697,805.000011995435));
#10676=CARTESIAN_POINT('',(581.000000000002,48.0000008940697,805.000011995435));
#10677=CARTESIAN_POINT('',(687.,48.0000008940697,725.));
#10678=CARTESIAN_POINT('',(687.,48.0000008940697,757.5));
#10679=CARTESIAN_POINT('',(664.300000000004,48.0000008940697,725.));
#10680=CARTESIAN_POINT('',(476.,48.0000008940697,725.));
#10681=CARTESIAN_POINT('',(664.300000000004,48.0000008940697,730.));
#10682=CARTESIAN_POINT('',(664.300000000004,48.0000008940697,740.));
#10683=CARTESIAN_POINT('',(285.700000000004,48.0000008940697,730.));
#10684=CARTESIAN_POINT('',(664.300000000004,48.0000008940697,730.));
#10685=CARTESIAN_POINT('',(285.700000000004,48.0000008940697,725.));
#10686=CARTESIAN_POINT('',(285.700000000004,48.0000008940697,740.));
#10687=CARTESIAN_POINT('',(260.874,48.0000008940697,725.));
#10688=CARTESIAN_POINT('',(275.350000000002,48.0000008940697,725.));
#10689=CARTESIAN_POINT('',(260.874,48.0000008940697,757.5));
#10690=CARTESIAN_POINT('Origin',(290.7,58.0000008940697,740.));
#10691=CARTESIAN_POINT('',(290.7,58.0000008940697,740.));
#10692=CARTESIAN_POINT('',(290.7,58.0000008940697,732.5));
#10693=CARTESIAN_POINT('',(290.7,176.500000447035,740.));
#10694=CARTESIAN_POINT('Origin',(687.,48.0000008940697,805.000011995435));
#10695=CARTESIAN_POINT('',(659.3,58.0000008940697,805.000011995435));
#10696=CARTESIAN_POINT('',(659.3,53.0000008940697,805.000011995435));
#10697=CARTESIAN_POINT('',(687.,58.0000008940697,805.000011995435));
#10698=CARTESIAN_POINT('',(659.3,58.0000008940697,805.000011995435));
#10699=CARTESIAN_POINT('',(687.,48.0000008940697,805.000011995435));
#10700=CARTESIAN_POINT('Origin',(260.874,45.,775.));
#10701=CARTESIAN_POINT('',(260.874,40.,725.));
#10702=CARTESIAN_POINT('',(260.874,50.,725.));
#10703=CARTESIAN_POINT('',(260.874,40.,795.));
#10704=CARTESIAN_POINT('',(260.874,40.,772.5));
#10705=CARTESIAN_POINT('',(260.874,40.,825.));
#10706=CARTESIAN_POINT('',(260.874,40.,772.5));
#10707=CARTESIAN_POINT('',(260.874,58.0000008940697,825.));
#10708=CARTESIAN_POINT('',(260.874,50.,825.));
#10709=CARTESIAN_POINT('',(260.874,58.0000008940697,805.));
#10710=CARTESIAN_POINT('Origin',(475.,40.,770.));
#10711=CARTESIAN_POINT('',(225.,40.,725.));
#10712=CARTESIAN_POINT('',(225.,40.,725.));
#10713=CARTESIAN_POINT('',(225.,40.,795.));
#10714=CARTESIAN_POINT('',(225.,40.,815.));
#10715=CARTESIAN_POINT('',(350.,40.,795.));
#10716=CARTESIAN_POINT('Origin',(285.700000000004,58.0000008940697,740.));
#10717=CARTESIAN_POINT('',(285.700000000004,58.,730.));
#10718=CARTESIAN_POINT('',(285.700000000004,55.,730.));
#10719=CARTESIAN_POINT('',(285.700000000004,58.0000008940697,725.));
#10720=CARTESIAN_POINT('',(285.700000000004,58.0000008940697,732.5));
#10721=CARTESIAN_POINT('',(285.700000000004,49.0000004470348,725.));
#10722=CARTESIAN_POINT('Origin',(265.,58.0000008940697,725.));
#10723=CARTESIAN_POINT('',(664.300000000004,58.,730.));
#10724=CARTESIAN_POINT('',(276.350000000002,58.0000008940697,730.));
#10725=CARTESIAN_POINT('',(664.300000000004,58.0000008940697,725.));
#10726=CARTESIAN_POINT('',(664.300000000004,58.0000008940697,732.5));
#10727=CARTESIAN_POINT('',(265.,58.0000008940697,725.));
#10728=CARTESIAN_POINT('Origin',(664.300000000004,48.0000008940697,740.));
#10729=CARTESIAN_POINT('',(664.300000000004,295.,730.));
#10730=CARTESIAN_POINT('',(664.300000000004,44.0000004470348,725.));
#10731=CARTESIAN_POINT('Origin',(265.,40.,725.));
#10732=CARTESIAN_POINT('',(687.,40.,725.));
#10733=CARTESIAN_POINT('',(687.,50.,725.));
#10734=CARTESIAN_POINT('',(725.,40.,725.));
#10735=CARTESIAN_POINT('',(225.,40.,725.));
#10736=CARTESIAN_POINT('',(725.,20.,725.));
#10737=CARTESIAN_POINT('',(725.,40.,725.));
#10738=CARTESIAN_POINT('',(225.,20.,725.));
#10739=CARTESIAN_POINT('',(225.,20.,725.));
#10740=CARTESIAN_POINT('',(225.,40.,725.));
#10741=CARTESIAN_POINT('Origin',(687.,45.,775.));
#10742=CARTESIAN_POINT('',(687.,58.0000008940697,825.));
#10743=CARTESIAN_POINT('',(687.,58.0000008940697,805.000011995435));
#10744=CARTESIAN_POINT('',(687.,40.,825.));
#10745=CARTESIAN_POINT('',(687.,50.,825.));
#10746=CARTESIAN_POINT('',(687.,40.,795.));
#10747=CARTESIAN_POINT('',(687.,40.,725.));
#10748=CARTESIAN_POINT('',(687.,40.,725.));
#10749=CARTESIAN_POINT('Origin',(659.3,58.0000008940697,825.));
#10750=CARTESIAN_POINT('',(659.3,58.0000008940697,740.));
#10751=CARTESIAN_POINT('',(659.3,176.500000447035,740.));
#10752=CARTESIAN_POINT('',(659.3,58.0000008940697,775.));
#10753=CARTESIAN_POINT('Origin',(265.,50.,825.));
#10754=CARTESIAN_POINT('',(265.,58.0000008940697,825.));
#10755=CARTESIAN_POINT('',(265.,40.,825.));
#10756=CARTESIAN_POINT('Origin',(265.,58.0000008940697,725.));
#10757=CARTESIAN_POINT('',(278.850000000002,58.0000008940697,740.));
#10758=CARTESIAN_POINT('Origin',(292.700000000004,295.,740.));
#10759=CARTESIAN_POINT('Origin',(659.300000000127,58.0000008940697,805.));
#10760=CARTESIAN_POINT('',(659.299999999999,40.0000005960469,805.));
#10761=CARTESIAN_POINT('',(659.299999999999,40.0000005960469,795.000011846423));
#10762=CARTESIAN_POINT('',(659.299999999979,39.9999999999999,795.));
#10763=CARTESIAN_POINT('',(659.300000000026,38.0000008940697,796.99999910593));
#10764=CARTESIAN_POINT('',(659.300000000102,32.0000002248984,802.999999775102));
#10765=CARTESIAN_POINT('',(659.300000000127,38.0000008940697,805.));
#10766=CARTESIAN_POINT('',(659.3,38.0000008940697,795.000011846423));
#10767=CARTESIAN_POINT('',(659.300000000127,58.0000008940697,805.));
#10768=CARTESIAN_POINT('Origin',(666.800000000064,38.0000008940697,800.000005923116));
#10769=CARTESIAN_POINT('',(674.300000000026,38.0000008940697,796.99999910593));
#10770=CARTESIAN_POINT('',(445.900000000032,38.0000008940697,796.99999910593));
#10771=CARTESIAN_POINT('',(674.300000000127,38.0000008940697,804.999999999809));
#10772=CARTESIAN_POINT('',(674.300000000127,38.0000008940697,804.999999999809));
#10773=CARTESIAN_POINT('',(659.300000000127,38.0000008940697,805.));
#10774=CARTESIAN_POINT('Origin',(674.300000000127,58.0000008940697,804.999999999809));
#10775=CARTESIAN_POINT('',(674.299999999999,40.0000005960464,805.));
#10776=CARTESIAN_POINT('',(468.650000000069,40.,805.));
#10777=CARTESIAN_POINT('',(674.300000000127,58.0000008940697,804.999999999809));
#10778=CARTESIAN_POINT('Origin',(674.3,58.0000008940697,795.000011846232));
#10779=CARTESIAN_POINT('',(674.299999999999,40.0000005960464,795.000011846423));
#10780=CARTESIAN_POINT('',(674.300000000127,40.,795.));
#10781=CARTESIAN_POINT('',(674.30000000007,34.499997263388,800.500002736612));
#10782=CARTESIAN_POINT('Origin',(275.700000000004,58.0000008940697,805.));
#10783=CARTESIAN_POINT('',(275.700000000004,40.,795.));
#10784=CARTESIAN_POINT('',(275.700000000004,40.,805.));
#10785=CARTESIAN_POINT('',(275.700000000004,40.,795.));
#10786=CARTESIAN_POINT('',(275.700000000004,38.0000008940697,796.99999910593));
#10787=CARTESIAN_POINT('',(275.700000000004,32.0000002235174,802.999999776483));
#10788=CARTESIAN_POINT('',(275.700000000004,38.0000008940697,805.));
#10789=CARTESIAN_POINT('',(275.700000000004,38.0000008940697,805.));
#10790=CARTESIAN_POINT('',(275.700000000004,58.0000008940697,805.));
#10791=CARTESIAN_POINT('Origin',(283.200000000004,38.0000008940697,800.));
#10792=CARTESIAN_POINT('',(290.700000000004,38.0000008940697,796.99999910593));
#10793=CARTESIAN_POINT('',(254.100000000002,38.0000008940697,796.99999910593));
#10794=CARTESIAN_POINT('',(290.700000000004,38.0000008940697,805.));
#10795=CARTESIAN_POINT('',(290.700000000004,38.0000008940697,795.));
#10796=CARTESIAN_POINT('',(290.700000000004,38.0000008940697,805.));
#10797=CARTESIAN_POINT('Origin',(290.700000000004,58.0000008940697,805.));
#10798=CARTESIAN_POINT('',(290.700000000004,40.,805.));
#10799=CARTESIAN_POINT('',(271.350000000002,40.,805.));
#10800=CARTESIAN_POINT('',(290.700000000004,58.0000008940697,805.));
#10801=CARTESIAN_POINT('Origin',(290.700000000004,58.0000008940697,795.));
#10802=CARTESIAN_POINT('',(290.700000000004,40.,795.));
#10803=CARTESIAN_POINT('',(290.700000000004,40.,795.));
#10804=CARTESIAN_POINT('',(290.700000000004,34.5000002235174,800.499999776483));
#10805=CARTESIAN_POINT('Origin',(225.,20.,815.));
#10806=CARTESIAN_POINT('',(225.,40.,795.));
#10807=CARTESIAN_POINT('',(225.,40.,795.));
#10808=CARTESIAN_POINT('',(225.,20.,815.));
#10809=CARTESIAN_POINT('',(225.,25.,810.));
#10810=CARTESIAN_POINT('',(725.,20.,815.));
#10811=CARTESIAN_POINT('',(725.,20.,815.));
#10812=CARTESIAN_POINT('',(725.,40.,795.));
#10813=CARTESIAN_POINT('',(725.,47.5,787.5));
#10814=CARTESIAN_POINT('',(350.,40.,795.));
#10815=CARTESIAN_POINT('',(225.,40.,795.));
#10816=CARTESIAN_POINT('Origin',(725.,40.,725.));
#10817=CARTESIAN_POINT('',(725.,20.,725.));
#10818=CARTESIAN_POINT('',(725.,40.,725.));
#10819=CARTESIAN_POINT('Origin',(475.,40.,770.));
#10820=CARTESIAN_POINT('Origin',(225.,40.,815.));
#10821=CARTESIAN_POINT('',(225.,20.,815.));
#10822=CARTESIAN_POINT('Origin',(475.,20.,770.));
#10823=CARTESIAN_POINT('Origin',(292.700000000004,295.,730.));
#10824=CARTESIAN_POINT('Origin',(265.,40.,825.));
#10825=CARTESIAN_POINT('',(0.,0.,0.));
#10826=CARTESIAN_POINT('Origin',(790.7,249.912613731255,740.525982573201));
#10827=CARTESIAN_POINT('',(790.709147461475,248.000000000007,740.525982573202));
#10828=CARTESIAN_POINT('',(790.699999999987,248.000000000007,740.525982573201));
#10829=CARTESIAN_POINT('',(790.699999999994,248.000000000007,740.525982573201));
#10830=CARTESIAN_POINT('',(790.7,247.912613731255,740.525982573202));
#10831=CARTESIAN_POINT('',(790.7,249.912613731255,740.525982573202));
#10832=CARTESIAN_POINT('',(790.709147461475,247.912613731255,740.525982573202));
#10833=CARTESIAN_POINT('',(1156.04440025155,247.912613731255,740.525982573201));
#10834=CARTESIAN_POINT('',(790.709147461475,249.912613731255,740.525982573202));
#10835=CARTESIAN_POINT('Origin',(790.709147461475,249.912613731255,740.525982573202));
#10836=CARTESIAN_POINT('',(790.709147461475,248.000000000007,739.996982573201));
#10837=CARTESIAN_POINT('',(790.709147461475,248.000000000007,740.525982573201));
#10838=CARTESIAN_POINT('',(790.709147461475,247.912613731255,739.996982573202));
#10839=CARTESIAN_POINT('',(790.709147461475,247.912613731255,735.263210743317));
#10840=CARTESIAN_POINT('',(790.709147461475,249.912613731255,739.996982573202));
#10841=CARTESIAN_POINT('Origin',(790.709147461475,249.912613731255,739.996982573201));
#10842=CARTESIAN_POINT('',(790.699999999987,248.000000000007,739.996982573201));
#10843=CARTESIAN_POINT('',(790.704573730731,248.000000000007,739.996982573201));
#10844=CARTESIAN_POINT('',(790.7,247.912613731255,739.996982573201));
#10845=CARTESIAN_POINT('',(1156.04440025155,247.912613731255,739.996982573201));
#10846=CARTESIAN_POINT('',(790.7,249.912613731255,739.996982573201));
#10847=CARTESIAN_POINT('Origin',(790.7,249.912613731255,739.996982573201));
#10848=CARTESIAN_POINT('',(790.699999999987,248.000000000007,735.000010952353));
#10849=CARTESIAN_POINT('',(790.699999999987,248.000000000007,736.382367942621));
#10850=CARTESIAN_POINT('',(790.7,247.912613731255,735.000010952353));
#10851=CARTESIAN_POINT('',(790.7,247.912613731255,747.764719456716));
#10852=CARTESIAN_POINT('',(790.7,249.912613731255,735.000010952353));
#10853=CARTESIAN_POINT('Origin',(790.7,249.912613731255,735.000010952353));
#10854=CARTESIAN_POINT('',(785.708653041621,248.000000000004,735.000010952353));
#10855=CARTESIAN_POINT('',(786.956489781204,248.000000000007,735.000010952353));
#10856=CARTESIAN_POINT('',(785.708653041621,247.912613731255,735.000010952353));
#10857=CARTESIAN_POINT('',(967.239826520811,247.912613731255,735.000010952353));
#10858=CARTESIAN_POINT('',(785.708653041621,249.912613731255,735.000010952353));
#10859=CARTESIAN_POINT('Origin',(785.708653041621,249.912613731255,735.000010952353));
#10860=CARTESIAN_POINT('',(785.708653041609,248.000000000004,730.000438913431));
#10861=CARTESIAN_POINT('',(785.708653041609,248.000000000004,824.996982573201));
#10862=CARTESIAN_POINT('',(785.708653041621,247.912613731255,730.000438913431));
#10863=CARTESIAN_POINT('',(785.708653041621,247.912613731255,740.529438913431));
#10864=CARTESIAN_POINT('',(785.708653041621,249.912613731255,730.000438913431));
#10865=CARTESIAN_POINT('Origin',(790.7,249.912613731255,740.529438913431));
#10866=CARTESIAN_POINT('',(790.7,248.000000000004,740.529438913426));
#10867=CARTESIAN_POINT('',(790.699999999987,248.000000000007,736.382367942621));
#10868=CARTESIAN_POINT('',(790.7,247.912613731255,740.529438913431));
#10869=CARTESIAN_POINT('',(790.7,249.912613731255,740.529438913431));
#10870=CARTESIAN_POINT('',(790.7,247.912613731255,747.764719456716));
#10871=CARTESIAN_POINT('Origin',(1159.3,249.912613731255,730.000438913431));
#10872=CARTESIAN_POINT('',(1159.29999999998,248.000000000004,740.529438913431));
#10873=CARTESIAN_POINT('',(1159.3,248.000000000007,730.000438913431));
#10874=CARTESIAN_POINT('',(1159.29999999998,248.000000000004,824.996982573201));
#10875=CARTESIAN_POINT('',(1159.3,247.912613731255,730.000438913431));
#10876=CARTESIAN_POINT('',(1159.3,249.912613731255,730.000438913431));
#10877=CARTESIAN_POINT('',(1159.3,247.912613731255,740.529438913431));
#10878=CARTESIAN_POINT('',(1159.3,247.912613731255,747.764719456716));
#10879=CARTESIAN_POINT('',(1159.3,249.912613731255,740.529438913431));
#10880=CARTESIAN_POINT('Origin',(1156.77965304162,247.912613731255,730.529438913431));
#10881=CARTESIAN_POINT('',(1157.3,247.912613731255,740.529438913431));
#10882=CARTESIAN_POINT('',(787.179653041621,247.912613731255,730.000438913431));
#10883=CARTESIAN_POINT('Origin',(1159.3,372.5,765.));
#10884=CARTESIAN_POINT('',(1159.3,258.,730.000438913431));
#10885=CARTESIAN_POINT('',(1159.3,255.712613731255,730.000438913431));
#10886=CARTESIAN_POINT('',(1159.29999999998,248.000000000003,730.));
#10887=CARTESIAN_POINT('',(1159.29999999998,248.000000000004,824.996982573201));
#10888=CARTESIAN_POINT('',(1159.3,258.,730.));
#10889=CARTESIAN_POINT('',(1159.29999999998,260.000000000003,730.));
#10890=CARTESIAN_POINT('',(1159.3,258.000000000007,745.));
#10891=CARTESIAN_POINT('Origin',(1159.3,372.5,765.));
#10892=CARTESIAN_POINT('',(1159.29999999998,258.,740.529438913431));
#10893=CARTESIAN_POINT('',(1159.3,254.912613731255,740.529438913431));
#10894=CARTESIAN_POINT('',(1159.29999999996,258.000000000007,804.996982573067));
#10895=CARTESIAN_POINT('',(1159.3,258.000000000004,745.));
#10896=CARTESIAN_POINT('',(1159.29999999996,248.000000000007,804.996982573067));
#10897=CARTESIAN_POINT('',(1159.3,310.250000000003,804.996982573067));
#10898=CARTESIAN_POINT('',(1159.29999999998,248.000000000004,824.996982573201));
#10899=CARTESIAN_POINT('Origin',(1186.99999999996,248.000000000007,804.996982573067));
#10900=CARTESIAN_POINT('',(1186.99999999996,248.000000000007,804.996982573067));
#10901=CARTESIAN_POINT('',(1180.07499999998,248.000000000007,804.996982573067));
#10902=CARTESIAN_POINT('',(1186.99999999996,258.000000000006,804.996982573067));
#10903=CARTESIAN_POINT('',(1159.29999999996,258.000000000007,804.996982573067));
#10904=CARTESIAN_POINT('',(1186.99999999996,248.000000000007,804.996982573067));
#10905=CARTESIAN_POINT('Origin',(790.709147461452,248.000000000005,804.996994568501));
#10906=CARTESIAN_POINT('',(763.009147461452,248.000000000005,804.996994568501));
#10907=CARTESIAN_POINT('',(790.709147461452,248.000000000005,804.996994568501));
#10908=CARTESIAN_POINT('',(783.784147461458,248.000000000007,804.996994568501));
#10909=CARTESIAN_POINT('',(763.009147461452,258.000000000005,804.996994568501));
#10910=CARTESIAN_POINT('',(763.009147461452,248.000000000005,804.996994568501));
#10911=CARTESIAN_POINT('',(790.709147461452,258.000000000005,804.996994568501));
#10912=CARTESIAN_POINT('',(763.009147461452,258.000000000005,804.996994568501));
#10913=CARTESIAN_POINT('',(790.709147461464,254.000000000005,804.996994568501));
#10914=CARTESIAN_POINT('Origin',(776.859147461464,248.000000000007,777.498710743316));
#10915=CARTESIAN_POINT('',(790.709147461464,248.000000000004,740.529438913426));
#10916=CARTESIAN_POINT('',(790.709147461464,248.000000000004,824.996982573201));
#10917=CARTESIAN_POINT('',(1164.29999999996,248.000000000003,740.529438913431));
#10918=CARTESIAN_POINT('',(785.709147461452,248.000000000007,730.000438913431));
#10919=CARTESIAN_POINT('',(971.244400251535,248.000000000005,730.000438913431));
#10920=CARTESIAN_POINT('',(785.709147461452,248.000000000007,725.));
#10921=CARTESIAN_POINT('',(785.709147461452,248.000000000007,730.000438913431));
#10922=CARTESIAN_POINT('',(763.009147461452,248.000000000008,725.));
#10923=CARTESIAN_POINT('',(770.929573730732,248.000000000007,725.));
#10924=CARTESIAN_POINT('',(763.009147461476,248.000000000007,751.247846658259));
#10925=CARTESIAN_POINT('Origin',(790.709147461464,260.000000000004,740.529438913426));
#10926=CARTESIAN_POINT('',(790.709147461464,258.000000000004,740.529438913426));
#10927=CARTESIAN_POINT('',(790.709147461464,258.000000000004,732.764719456713));
#10928=CARTESIAN_POINT('',(790.709147461464,257.856306865629,740.529438913431));
#10929=CARTESIAN_POINT('Origin',(765.,258.000000000007,725.));
#10930=CARTESIAN_POINT('',(1164.29999999998,258.000000000007,725.));
#10931=CARTESIAN_POINT('',(1164.29999999998,258.000000000007,730.));
#10932=CARTESIAN_POINT('',(1164.29999999998,258.000000000007,727.5));
#10933=CARTESIAN_POINT('',(785.709147461452,258.,725.));
#10934=CARTESIAN_POINT('',(765.,258.000000000007,725.));
#10935=CARTESIAN_POINT('',(785.709147461452,258.000000000007,730.000438913431));
#10936=CARTESIAN_POINT('',(785.709147461452,258.000000000007,727.500219456716));
#10937=CARTESIAN_POINT('',(960.889826520811,258.000000000007,730.000438913431));
#10938=CARTESIAN_POINT('',(961.149999999999,258.000000000007,730.));
#10939=CARTESIAN_POINT('Origin',(785.709147461452,260.000000000007,730.000438913431));
#10940=CARTESIAN_POINT('',(785.709147461452,245.000000000004,725.));
#10941=CARTESIAN_POINT('',(785.709147461452,250.000000000007,730.000438913431));
#10942=CARTESIAN_POINT('Origin',(765.,240.,725.));
#10943=CARTESIAN_POINT('',(1164.29999999998,248.000000000007,725.));
#10944=CARTESIAN_POINT('',(1164.29999999998,245.000000000004,725.));
#10945=CARTESIAN_POINT('',(1186.99999999998,248.000000000007,725.));
#10946=CARTESIAN_POINT('',(969.074999999995,248.000000000007,725.));
#10947=CARTESIAN_POINT('',(1187.,240.,725.));
#10948=CARTESIAN_POINT('',(1187.,250.,725.));
#10949=CARTESIAN_POINT('',(1225.00914746146,239.999999999999,725.));
#10950=CARTESIAN_POINT('',(1225.00914746146,239.999999999999,725.));
#10951=CARTESIAN_POINT('',(1225.00914746146,219.999999999999,725.));
#10952=CARTESIAN_POINT('',(1225.00914746146,239.999999999999,725.));
#10953=CARTESIAN_POINT('',(725.009147461465,220.,725.));
#10954=CARTESIAN_POINT('',(1225.00914746146,219.999999999999,725.));
#10955=CARTESIAN_POINT('',(725.009147461465,240.,725.));
#10956=CARTESIAN_POINT('',(725.009147461465,240.,725.));
#10957=CARTESIAN_POINT('',(763.009147461476,240.,725.));
#10958=CARTESIAN_POINT('',(1225.00914746146,239.999999999999,725.));
#10959=CARTESIAN_POINT('',(763.009147461476,374.981478429709,725.));
#10960=CARTESIAN_POINT('Origin',(1164.29999999998,250.000000000007,730.));
#10961=CARTESIAN_POINT('',(1164.29999999998,248.000000000007,730.));
#10962=CARTESIAN_POINT('',(1164.29999999998,252.500000000004,730.));
#10963=CARTESIAN_POINT('',(1164.29999999998,248.000000000007,730.));
#10964=CARTESIAN_POINT('Origin',(765.,258.000000000004,725.));
#10965=CARTESIAN_POINT('',(960.889826520811,258.000000000004,740.529438913431));
#10966=CARTESIAN_POINT('',(763.009147461452,258.000000000006,824.996982573201));
#10967=CARTESIAN_POINT('',(763.009147461452,258.000000000006,824.996982573201));
#10968=CARTESIAN_POINT('',(1186.99999999996,258.000000000006,824.9969825732));
#10969=CARTESIAN_POINT('',(790.709147461452,258.000000000006,824.996982573201));
#10970=CARTESIAN_POINT('',(1186.99999999996,258.000000000006,804.996982573067));
#10971=CARTESIAN_POINT('Origin',(1225.00914746148,239.962956859419,824.996982573201));
#10972=CARTESIAN_POINT('',(763.009147461476,240.,824.996982573202));
#10973=CARTESIAN_POINT('',(763.009147461476,374.962956859419,824.996982573201));
#10974=CARTESIAN_POINT('',(1187.,240.,824.996982573201));
#10975=CARTESIAN_POINT('',(995.004573730738,240.,824.996982573201));
#10976=CARTESIAN_POINT('',(1187.,242.481478429709,824.996982573201));
#10977=CARTESIAN_POINT('Origin',(1173.14999999999,248.000000000007,777.4984912866));
#10978=CARTESIAN_POINT('',(1187.,248.000000000007,776.2492456433));
#10979=CARTESIAN_POINT('',(1187.,248.000000000003,730.000000000039));
#10980=CARTESIAN_POINT('Origin',(1157.3,255.,730.));
#10981=CARTESIAN_POINT('Origin',(1156.77965304162,255.712613731255,740.529438913431));
#10982=CARTESIAN_POINT('Origin',(763.009147461476,509.962956859419,724.996982573202));
#10983=CARTESIAN_POINT('',(763.009147461476,240.,794.996982573202));
#10984=CARTESIAN_POINT('',(763.009147461476,240.,774.998491286601));
#10985=CARTESIAN_POINT('',(763.009147461476,239.962956859419,794.996982573202));
#10986=CARTESIAN_POINT('',(763.009147461476,240.462956859419,794.996982573202));
#10987=CARTESIAN_POINT('',(763.009147461476,239.962956859419,815.));
#10988=CARTESIAN_POINT('',(763.009147461476,239.962956859419,759.996982573202));
#10989=CARTESIAN_POINT('',(763.009147461476,240.,815.));
#10990=CARTESIAN_POINT('',(763.009147461476,240.962956859419,815.));
#10991=CARTESIAN_POINT('',(763.009147461476,240.,774.998491286601));
#10992=CARTESIAN_POINT('Origin',(1166.79999999998,240.000000000006,799.999999999999));
#10993=CARTESIAN_POINT('',(1159.29999999998,240.000000000006,804.999999999999));
#10994=CARTESIAN_POINT('',(1174.29999999998,240.000000000006,805.));
#10995=CARTESIAN_POINT('',(1169.54999999999,240.000000000006,805.));
#10996=CARTESIAN_POINT('',(1159.29999999998,240.000000000006,794.999999999999));
#10997=CARTESIAN_POINT('',(1159.3,240.000000000006,782.5));
#10998=CARTESIAN_POINT('',(1174.29999999998,240.000000000006,795.));
#10999=CARTESIAN_POINT('',(1169.54999999999,240.000000000006,795.));
#11000=CARTESIAN_POINT('',(1174.3,240.000000000006,782.5));
#11001=CARTESIAN_POINT('Origin',(1172.3,260.,795.));
#11002=CARTESIAN_POINT('',(1159.3,239.962956859419,795.));
#11003=CARTESIAN_POINT('',(1159.3,316.25,795.));
#11004=CARTESIAN_POINT('',(1174.3,239.962956859419,795.));
#11005=CARTESIAN_POINT('',(948.654573730738,239.962956859419,794.999999999996));
#11006=CARTESIAN_POINT('',(1174.3,240.,795.));
#11007=CARTESIAN_POINT('Origin',(1159.3,372.5,765.));
#11008=CARTESIAN_POINT('',(1159.3,239.962956859419,805.));
#11009=CARTESIAN_POINT('',(1159.3,306.25,805.));
#11010=CARTESIAN_POINT('',(1159.3,239.962956859419,779.998491286601));
#11011=CARTESIAN_POINT('Origin',(783.199999999988,240.000000000007,800.000005923211));
#11012=CARTESIAN_POINT('',(790.699999999987,240.000000000007,795.000011846423));
#11013=CARTESIAN_POINT('',(775.699999999988,240.000000000007,795.000011846423));
#11014=CARTESIAN_POINT('',(780.449999999994,240.000000000007,795.000011846423));
#11015=CARTESIAN_POINT('',(790.699999999987,240.000000000007,805.));
#11016=CARTESIAN_POINT('',(790.7,240.000000000007,782.500002961606));
#11017=CARTESIAN_POINT('',(775.699999999988,240.000000000007,805.));
#11018=CARTESIAN_POINT('',(780.449999999994,240.000000000007,805.));
#11019=CARTESIAN_POINT('',(775.7,240.000000000007,782.500002961606));
#11020=CARTESIAN_POINT('Origin',(777.7,505.,805.));
#11021=CARTESIAN_POINT('',(790.7,239.962956859419,805.));
#11022=CARTESIAN_POINT('',(790.7,438.750004772427,805.));
#11023=CARTESIAN_POINT('',(775.7,239.962956859419,805.));
#11024=CARTESIAN_POINT('',(751.354573730738,239.962956859419,805.));
#11025=CARTESIAN_POINT('',(775.7,505.,805.));
#11026=CARTESIAN_POINT('Origin',(790.7,372.500009544854,765.));
#11027=CARTESIAN_POINT('',(790.7,239.962956859419,795.000011846423));
#11028=CARTESIAN_POINT('',(790.7,306.25000507045,795.000011846423));
#11029=CARTESIAN_POINT('',(790.7,239.962956859419,779.998491286601));
#11030=CARTESIAN_POINT('Origin',(1187.,240.962956859419,815.));
#11031=CARTESIAN_POINT('',(1187.,240.,815.));
#11032=CARTESIAN_POINT('',(995.004573730732,240.,815.));
#11033=CARTESIAN_POINT('',(1187.,239.962956859419,815.));
#11034=CARTESIAN_POINT('',(975.00914746147,239.962956859419,815.));
#11035=CARTESIAN_POINT('',(1187.,240.962956859419,815.));
#11036=CARTESIAN_POINT('Origin',(725.009147461476,239.962956859419,794.996982573202));
#11037=CARTESIAN_POINT('',(1187.,239.962956859419,794.996982573201));
#11038=CARTESIAN_POINT('',(725.009147461476,239.962956859419,794.996982573202));
#11039=CARTESIAN_POINT('',(1187.,239.962956859419,784.998491286601));
#11040=CARTESIAN_POINT('',(775.7,239.962956859419,795.000011846423));
#11041=CARTESIAN_POINT('',(751.354573730738,239.962956859419,795.000011846423));
#11042=CARTESIAN_POINT('',(775.7,239.962956859419,779.998491286601));
#11043=CARTESIAN_POINT('',(1174.3,239.962956859419,805.));
#11044=CARTESIAN_POINT('',(948.654573730737,239.962956859419,804.999999999996));
#11045=CARTESIAN_POINT('',(1174.3,239.962956859419,779.998491286601));
#11046=CARTESIAN_POINT('Origin',(1225.00914746148,239.962956859419,794.996982573201));
#11047=CARTESIAN_POINT('',(1187.,240.,794.996982573201));
#11048=CARTESIAN_POINT('',(1187.,240.462956859419,794.996982573201));
#11049=CARTESIAN_POINT('',(1225.00914746148,239.962956859419,794.996982573201));
#11050=CARTESIAN_POINT('',(725.009147461476,239.962956859419,794.996982573202));
#11051=CARTESIAN_POINT('',(1225.00914746148,239.999999999999,794.996982573201));
#11052=CARTESIAN_POINT('',(1225.00914746146,239.981478429709,794.996982573201));
#11053=CARTESIAN_POINT('',(1100.00914746147,239.999999999999,794.996982573201));
#11054=CARTESIAN_POINT('Origin',(1225.00914746148,239.962956859419,794.996982573201));
#11055=CARTESIAN_POINT('',(725.009147461476,240.,794.996982573202));
#11056=CARTESIAN_POINT('',(1100.00914746147,239.999999999999,794.996982573201));
#11057=CARTESIAN_POINT('',(725.009147461476,239.962956859419,794.996982573202));
#11058=CARTESIAN_POINT('',(725.009147461465,239.981478429709,794.996982573202));
#11059=CARTESIAN_POINT('',(725.009147461476,239.962956859419,794.996982573202));
#11060=CARTESIAN_POINT('Origin',(1187.,245.,775.));
#11061=CARTESIAN_POINT('',(1187.,240.,725.));
#11062=CARTESIAN_POINT('',(1187.,240.,725.));
#11063=CARTESIAN_POINT('Origin',(1174.3,372.5,765.));
#11064=CARTESIAN_POINT('',(1174.3,240.962956859419,805.));
#11065=CARTESIAN_POINT('Origin',(1172.3,240.,805.));
#11066=CARTESIAN_POINT('Origin',(775.7,372.500009544854,765.));
#11067=CARTESIAN_POINT('',(775.7,240.962956859419,795.000011846423));
#11068=CARTESIAN_POINT('Origin',(777.7,240.000000596046,795.000011846423));
#11069=CARTESIAN_POINT('Origin',(725.009147461476,219.962956859419,814.996982573202));
#11070=CARTESIAN_POINT('',(1225.00914746146,219.999999999999,814.959939432621));
#11071=CARTESIAN_POINT('',(725.009147461465,220.,814.959939432621));
#11072=CARTESIAN_POINT('',(850.00914746147,219.999999999999,814.959939432621));
#11073=CARTESIAN_POINT('',(1225.00914746146,247.471463287864,787.488476144756));
#11074=CARTESIAN_POINT('',(725.009147461465,224.971463287864,809.988476144756));
#11075=CARTESIAN_POINT('Origin',(975.009147461465,219.999999999999,770.));
#11076=CARTESIAN_POINT('',(725.009147461465,220.,725.));
#11077=CARTESIAN_POINT('',(1225.00914746146,219.999999999999,815.));
#11078=CARTESIAN_POINT('Origin',(725.009147461465,240.,815.));
#11079=CARTESIAN_POINT('',(725.009147461465,240.,725.));
#11080=CARTESIAN_POINT('Origin',(975.009147461465,239.999999999999,770.));
#11081=CARTESIAN_POINT('',(1225.00914746146,239.999999999999,815.));
#11082=CARTESIAN_POINT('Origin',(975.009147461465,239.999999999999,770.));
#11083=CARTESIAN_POINT('Origin',(1225.00914746146,239.999999999999,725.));
#11084=CARTESIAN_POINT('Origin',(765.,240.,825.));
#11085=CARTESIAN_POINT('Origin',(1156.77965304162,495.712613731255,730.000438913431));
#11086=CARTESIAN_POINT('',(0.,0.,0.));
#11087=CARTESIAN_POINT('Origin',(265.,60.,755.));
#11088=CARTESIAN_POINT('',(265.000000000004,264.,755.));
#11089=CARTESIAN_POINT('',(265.,60.,755.));
#11090=CARTESIAN_POINT('',(265.000000000004,264.,755.));
#11091=CARTESIAN_POINT('',(277.700000000004,264.,755.));
#11092=CARTESIAN_POINT('',(265.000000000004,264.,755.));
#11093=CARTESIAN_POINT('',(277.7,60.,755.));
#11094=CARTESIAN_POINT('',(277.700000000004,264.,755.));
#11095=CARTESIAN_POINT('',(265.,60.,755.));
#11096=CARTESIAN_POINT('Origin',(265.,60.,800.));
#11097=CARTESIAN_POINT('',(265.,60.,800.));
#11098=CARTESIAN_POINT('',(265.,60.,755.));
#11099=CARTESIAN_POINT('',(277.7,60.,800.));
#11100=CARTESIAN_POINT('',(277.7,60.,755.));
#11101=CARTESIAN_POINT('',(265.,60.,800.));
#11102=CARTESIAN_POINT('Origin',(265.000000000004,264.,800.));
#11103=CARTESIAN_POINT('',(265.000000000004,264.,800.));
#11104=CARTESIAN_POINT('',(265.,60.,800.));
#11105=CARTESIAN_POINT('',(277.700000000004,264.,800.));
#11106=CARTESIAN_POINT('',(277.7,60.,800.));
#11107=CARTESIAN_POINT('',(265.000000000004,264.,800.));
#11108=CARTESIAN_POINT('Origin',(265.000000000004,264.,755.));
#11109=CARTESIAN_POINT('',(265.000000000004,264.,800.));
#11110=CARTESIAN_POINT('',(277.700000000004,264.,800.));
#11111=CARTESIAN_POINT('Origin',(277.700000000004,162.,777.5));
#11112=CARTESIAN_POINT('Origin',(265.,162.,777.5));
#11113=CARTESIAN_POINT('',(0.,0.,0.));
#11114=CARTESIAN_POINT('Origin',(685.,264.,800.));
#11115=CARTESIAN_POINT('',(685.,264.,800.));
#11116=CARTESIAN_POINT('',(685.,264.,755.));
#11117=CARTESIAN_POINT('',(685.,264.,800.));
#11118=CARTESIAN_POINT('',(672.3,264.,755.));
#11119=CARTESIAN_POINT('',(685.,264.,755.));
#11120=CARTESIAN_POINT('',(672.3,264.,800.));
#11121=CARTESIAN_POINT('',(672.3,264.,800.));
#11122=CARTESIAN_POINT('',(685.,264.,800.));
#11123=CARTESIAN_POINT('Origin',(685.,60.,800.));
#11124=CARTESIAN_POINT('',(685.,60.,800.));
#11125=CARTESIAN_POINT('',(685.,60.,800.));
#11126=CARTESIAN_POINT('',(672.3,60.,800.));
#11127=CARTESIAN_POINT('',(672.3,60.,800.));
#11128=CARTESIAN_POINT('',(685.,60.,800.));
#11129=CARTESIAN_POINT('Origin',(685.,60.,755.));
#11130=CARTESIAN_POINT('',(685.,60.,755.));
#11131=CARTESIAN_POINT('',(685.,60.,755.));
#11132=CARTESIAN_POINT('',(672.3,60.,755.));
#11133=CARTESIAN_POINT('',(672.3,60.,755.));
#11134=CARTESIAN_POINT('',(685.,60.,755.));
#11135=CARTESIAN_POINT('Origin',(685.,264.,755.));
#11136=CARTESIAN_POINT('',(685.,264.,755.));
#11137=CARTESIAN_POINT('',(672.3,264.,755.));
#11138=CARTESIAN_POINT('Origin',(672.3,162.,777.5));
#11139=CARTESIAN_POINT('Origin',(685.,162.,777.5));
#11140=CARTESIAN_POINT('',(0.,0.,0.));
#11141=CARTESIAN_POINT('Origin',(1185.,264.,800.));
#11142=CARTESIAN_POINT('',(1185.,264.,800.));
#11143=CARTESIAN_POINT('',(1185.,264.,755.));
#11144=CARTESIAN_POINT('',(1185.,264.,800.));
#11145=CARTESIAN_POINT('',(1172.3,264.,755.));
#11146=CARTESIAN_POINT('',(1185.,264.,755.));
#11147=CARTESIAN_POINT('',(1172.3,264.,800.));
#11148=CARTESIAN_POINT('',(1172.3,264.,800.));
#11149=CARTESIAN_POINT('',(1185.,264.,800.));
#11150=CARTESIAN_POINT('Origin',(1185.,60.,800.));
#11151=CARTESIAN_POINT('',(1185.,60.,800.));
#11152=CARTESIAN_POINT('',(1185.,60.,800.));
#11153=CARTESIAN_POINT('',(1172.3,60.,800.));
#11154=CARTESIAN_POINT('',(1172.3,60.,800.));
#11155=CARTESIAN_POINT('',(1185.,60.,800.));
#11156=CARTESIAN_POINT('Origin',(1185.,60.,755.));
#11157=CARTESIAN_POINT('',(1185.,60.,755.));
#11158=CARTESIAN_POINT('',(1185.,60.,755.));
#11159=CARTESIAN_POINT('',(1172.3,60.,755.));
#11160=CARTESIAN_POINT('',(1172.3,60.,755.));
#11161=CARTESIAN_POINT('',(1185.,60.,755.));
#11162=CARTESIAN_POINT('Origin',(1185.,264.,755.));
#11163=CARTESIAN_POINT('',(1185.,264.,755.));
#11164=CARTESIAN_POINT('',(1172.3,264.,755.));
#11165=CARTESIAN_POINT('Origin',(1172.3,162.,777.5));
#11166=CARTESIAN_POINT('Origin',(1185.,162.,777.5));
#11167=CARTESIAN_POINT('',(0.,0.,0.));
#11168=CARTESIAN_POINT('Origin',(779.690852538524,60.0370431405813,765.003018618891));
#11169=CARTESIAN_POINT('',(777.7,60.0370425445347,765.003018618891));
#11170=CARTESIAN_POINT('',(777.7,60.0370431405813,755.003017426798));
#11171=CARTESIAN_POINT('',(777.7,60.0370431405813,771.251509309446));
#11172=CARTESIAN_POINT('',(777.690852538524,60.0370425445347,765.003018618891));
#11173=CARTESIAN_POINT('',(779.690852538524,60.0370425445347,765.003018618891));
#11174=CARTESIAN_POINT('',(777.690852538524,60.0370431405813,755.003017426798));
#11175=CARTESIAN_POINT('',(777.690852538524,60.0370431405813,742.503017724822));
#11176=CARTESIAN_POINT('',(779.690852538524,60.0370431405813,755.003017426798));
#11177=CARTESIAN_POINT('Origin',(779.690852538524,60.0370431405812,755.003018618891));
#11178=CARTESIAN_POINT('',(777.7,60.,755.003018616683));
#11179=CARTESIAN_POINT('',(777.7,111.018522240753,755.003021657624));
#11180=CARTESIAN_POINT('',(777.690852538524,60.,755.003018616683));
#11181=CARTESIAN_POINT('',(777.690852538524,60.0370431405812,755.003018618891));
#11182=CARTESIAN_POINT('',(772.345426269262,60.,755.003018616683));
#11183=CARTESIAN_POINT('Origin',(779.690852538524,40.0370431405813,765.003017426798));
#11184=CARTESIAN_POINT('',(777.7,60.,765.003018616683));
#11185=CARTESIAN_POINT('',(777.7,101.01852194273,765.003021061578));
#11186=CARTESIAN_POINT('',(777.690852538524,60.,765.003018616683));
#11187=CARTESIAN_POINT('',(772.345426269262,60.,765.003018616683));
#11188=CARTESIAN_POINT('',(777.690852538524,60.0370425445347,765.003018618891));
#11189=CARTESIAN_POINT('Origin',(777.690852538524,50.0370431405813,760.003018022845));
#11190=CARTESIAN_POINT('',(777.690852538524,60.,780.001509011422));
#11191=CARTESIAN_POINT('Origin',(777.690852538524,172.537052685435,765.003017426798));
#11192=CARTESIAN_POINT('',(777.690852538524,60.,795.003029273222));
#11193=CARTESIAN_POINT('',(777.690852538524,60.,800.));
#11194=CARTESIAN_POINT('',(777.690852538524,60.,782.501508713399));
#11195=CARTESIAN_POINT('',(777.690852538524,60.0370440346509,795.003029273222));
#11196=CARTESIAN_POINT('',(777.690852538524,60.0370440346509,795.003029273222));
#11197=CARTESIAN_POINT('',(777.690852538524,60.0370431405813,800.));
#11198=CARTESIAN_POINT('',(777.690852538524,60.0370431405813,745.003017426798));
#11199=CARTESIAN_POINT('',(777.690852538524,218.268526342718,800.));
#11200=CARTESIAN_POINT('Origin',(779.690852538524,60.0370440346509,795.003029273222));
#11201=CARTESIAN_POINT('',(777.7,60.,795.003029273222));
#11202=CARTESIAN_POINT('',(772.345426269262,60.,795.003029273221));
#11203=CARTESIAN_POINT('',(777.7,60.0370440346509,795.003029273222));
#11204=CARTESIAN_POINT('',(777.7,111.018522017325,795.003029273221));
#11205=CARTESIAN_POINT('',(779.690852538524,60.0370440346509,795.003029273222));
#11206=CARTESIAN_POINT('Origin',(779.690852538524,60.0370431405813,805.003017426798));
#11207=CARTESIAN_POINT('',(777.7,60.0370431405813,800.));
#11208=CARTESIAN_POINT('',(777.7,60.0370431405813,791.251508713399));
#11209=CARTESIAN_POINT('',(772.345426269262,60.0370431405813,800.));
#11210=CARTESIAN_POINT('Origin',(779.690852538524,60.0370431405813,785.00302912421));
#11211=CARTESIAN_POINT('',(777.7,60.0370439069267,785.00302912421));
#11212=CARTESIAN_POINT('',(777.7,60.0370419484876,775.003030167291));
#11213=CARTESIAN_POINT('',(777.7,60.0370431405813,781.251514562105));
#11214=CARTESIAN_POINT('',(777.690852538524,60.0370439069267,785.00302912421));
#11215=CARTESIAN_POINT('',(779.690852538524,60.0370439069267,785.00302912421));
#11216=CARTESIAN_POINT('',(777.690852538524,60.0370419484876,775.003030167291));
#11217=CARTESIAN_POINT('',(777.690852538524,60.0370431405813,752.503027080659));
#11218=CARTESIAN_POINT('',(779.690852538524,60.0370419484876,775.003030167291));
#11219=CARTESIAN_POINT('Origin',(779.690852538524,60.0370419484876,775.003030167291));
#11220=CARTESIAN_POINT('',(777.7,60.,775.003030175019));
#11221=CARTESIAN_POINT('',(777.7,111.018520713787,775.003019531721));
#11222=CARTESIAN_POINT('',(777.690852538524,60.,775.003030175019));
#11223=CARTESIAN_POINT('',(777.690852538524,40.0370418590816,775.003034339618));
#11224=CARTESIAN_POINT('',(772.345426269262,60.,775.003030175019));
#11225=CARTESIAN_POINT('Origin',(779.690852538524,40.0370437366277,785.00302912421));
#11226=CARTESIAN_POINT('',(777.7,60.,785.00302912421));
#11227=CARTESIAN_POINT('',(777.7,101.018521868314,785.00302912421));
#11228=CARTESIAN_POINT('',(777.690852538524,60.,785.00302912421));
#11229=CARTESIAN_POINT('',(772.345426269262,60.,785.00302912421));
#11230=CARTESIAN_POINT('',(777.690852538524,40.0370437366277,785.00302912421));
#11231=CARTESIAN_POINT('Origin',(777.690852538524,50.0370367968697,780.00303673452));
#11232=CARTESIAN_POINT('',(777.690852538524,60.,790.00151836726));
#11233=CARTESIAN_POINT('Origin',(765.,264.,800.));
#11234=CARTESIAN_POINT('',(777.7,264.,800.));
#11235=CARTESIAN_POINT('',(777.7,60.,800.));
#11236=CARTESIAN_POINT('',(765.,264.,800.));
#11237=CARTESIAN_POINT('',(765.,264.,800.));
#11238=CARTESIAN_POINT('',(765.,60.,800.));
#11239=CARTESIAN_POINT('',(765.,60.,800.));
#11240=CARTESIAN_POINT('',(765.,60.,800.));
#11241=CARTESIAN_POINT('Origin',(777.7,162.,777.5));
#11242=CARTESIAN_POINT('',(777.7,60.,755.));
#11243=CARTESIAN_POINT('',(777.7,60.,755.));
#11244=CARTESIAN_POINT('',(777.7,264.,755.));
#11245=CARTESIAN_POINT('',(777.7,264.,755.));
#11246=CARTESIAN_POINT('',(777.7,264.,800.));
#11247=CARTESIAN_POINT('',(777.7,60.,755.));
#11248=CARTESIAN_POINT('',(777.7,60.,755.));
#11249=CARTESIAN_POINT('Origin',(765.,60.,755.));
#11250=CARTESIAN_POINT('',(765.,264.,755.));
#11251=CARTESIAN_POINT('',(765.,60.,755.));
#11252=CARTESIAN_POINT('',(765.,264.,755.));
#11253=CARTESIAN_POINT('',(765.,264.,755.));
#11254=CARTESIAN_POINT('',(765.,60.,755.));
#11255=CARTESIAN_POINT('Origin',(765.,60.,800.));
#11256=CARTESIAN_POINT('',(765.,60.,755.));
#11257=CARTESIAN_POINT('Origin',(765.,264.,755.));
#11258=CARTESIAN_POINT('',(765.,264.,800.));
#11259=CARTESIAN_POINT('Origin',(765.,162.,777.5));
#11260=CARTESIAN_POINT('',(0.,0.,0.));
#11261=CARTESIAN_POINT('Origin',(1157.3,58.,730.));
#11262=CARTESIAN_POINT('',(1162.3,58.,725.));
#11263=CARTESIAN_POINT('',(1157.3,58.,725.));
#11264=CARTESIAN_POINT('',(1164.8,58.,725.));
#11265=CARTESIAN_POINT('',(1162.3,58.,730.));
#11266=CARTESIAN_POINT('',(1162.3,58.,730.));
#11267=CARTESIAN_POINT('',(1157.3,58.,730.));
#11268=CARTESIAN_POINT('',(1157.3,58.,730.));
#11269=CARTESIAN_POINT('',(1157.3,58.,747.5));
#11270=CARTESIAN_POINT('Origin',(1172.3,48.,735.));
#11271=CARTESIAN_POINT('',(1162.3,48.,740.));
#11272=CARTESIAN_POINT('',(1162.3,48.,725.));
#11273=CARTESIAN_POINT('',(1162.3,48.,735.));
#11274=CARTESIAN_POINT('',(1172.3,48.,725.));
#11275=CARTESIAN_POINT('',(1172.3,48.,725.));
#11276=CARTESIAN_POINT('',(1172.3,48.,805.));
#11277=CARTESIAN_POINT('',(1172.3,48.,750.));
#11278=CARTESIAN_POINT('',(1157.3,48.,805.));
#11279=CARTESIAN_POINT('',(1172.3,48.,805.));
#11280=CARTESIAN_POINT('',(1157.3,48.,740.));
#11281=CARTESIAN_POINT('',(1157.3,48.,780.));
#11282=CARTESIAN_POINT('',(1167.3,48.,740.));
#11283=CARTESIAN_POINT('Origin',(1172.3,290.,725.));
#11284=CARTESIAN_POINT('',(1162.3,174.,725.));
#11285=CARTESIAN_POINT('',(1157.3,290.,725.));
#11286=CARTESIAN_POINT('',(1157.3,290.,725.));
#11287=CARTESIAN_POINT('',(1162.3,290.,725.));
#11288=CARTESIAN_POINT('',(1164.8,290.,725.));
#11289=CARTESIAN_POINT('',(1162.3,305.,725.));
#11290=CARTESIAN_POINT('',(1162.3,293.75,725.));
#11291=CARTESIAN_POINT('',(1172.3,305.,725.));
#11292=CARTESIAN_POINT('',(1157.3,305.,725.));
#11293=CARTESIAN_POINT('',(1172.3,290.,725.));
#11294=CARTESIAN_POINT('Origin',(1157.3,172.5,765.));
#11295=CARTESIAN_POINT('',(1157.3,290.,740.));
#11296=CARTESIAN_POINT('',(1157.3,113.75,740.));
#11297=CARTESIAN_POINT('',(1157.3,290.,805.));
#11298=CARTESIAN_POINT('',(1157.3,40.,805.));
#11299=CARTESIAN_POINT('',(1157.3,290.,785.));
#11300=CARTESIAN_POINT('Origin',(1157.3,290.,805.));
#11301=CARTESIAN_POINT('',(1157.3,290.,730.));
#11302=CARTESIAN_POINT('',(1162.3,290.,730.));
#11303=CARTESIAN_POINT('',(1164.8,290.,730.));
#11304=CARTESIAN_POINT('',(1162.3,290.,805.));
#11305=CARTESIAN_POINT('',(1157.3,290.,785.));
#11306=CARTESIAN_POINT('Origin',(1157.3,290.,805.));
#11307=CARTESIAN_POINT('',(1162.3,290.,740.));
#11308=CARTESIAN_POINT('',(1157.3,290.,740.));
#11309=CARTESIAN_POINT('',(1162.3,290.,805.));
#11310=CARTESIAN_POINT('',(1164.8,290.,805.));
#11311=CARTESIAN_POINT('',(1162.3,290.,805.));
#11312=CARTESIAN_POINT('Origin',(1157.3,172.5,765.));
#11313=CARTESIAN_POINT('',(1157.3,60.,730.));
#11314=CARTESIAN_POINT('Origin',(1172.3,40.,805.));
#11315=CARTESIAN_POINT('',(1172.3,305.,805.));
#11316=CARTESIAN_POINT('',(1172.3,40.,805.));
#11317=CARTESIAN_POINT('',(1162.3,305.,805.));
#11318=CARTESIAN_POINT('',(1172.3,305.,805.));
#11319=CARTESIAN_POINT('',(1162.3,168.75,805.));
#11320=CARTESIAN_POINT('Origin',(1162.3,175.,735.));
#11321=CARTESIAN_POINT('',(1162.3,55.,740.));
#11322=CARTESIAN_POINT('',(1162.3,305.,785.));
#11323=CARTESIAN_POINT('',(1162.3,55.,730.));
#11324=CARTESIAN_POINT('Origin',(1157.3,55.,730.));
#11325=CARTESIAN_POINT('Origin',(1157.3,295.,740.));
#11326=CARTESIAN_POINT('Origin',(1172.3,305.,805.));
#11327=CARTESIAN_POINT('',(1172.3,305.,805.));
#11328=CARTESIAN_POINT('Origin',(1172.3,172.5,765.));
#11329=CARTESIAN_POINT('',(0.,0.,0.));
#11330=CARTESIAN_POINT('Origin',(787.699999999999,58.,730.));
#11331=CARTESIAN_POINT('',(792.7,58.,725.));
#11332=CARTESIAN_POINT('',(787.699999999999,58.,725.));
#11333=CARTESIAN_POINT('',(782.7,58.,725.));
#11334=CARTESIAN_POINT('',(792.7,58.,730.));
#11335=CARTESIAN_POINT('',(792.7,58.,747.5));
#11336=CARTESIAN_POINT('',(787.699999999999,58.,730.));
#11337=CARTESIAN_POINT('',(972.499999999999,57.9999999999997,730.));
#11338=CARTESIAN_POINT('',(787.699999999999,58.,730.));
#11339=CARTESIAN_POINT('Origin',(1157.3,295.,730.));
#11340=CARTESIAN_POINT('',(792.7,290.,730.));
#11341=CARTESIAN_POINT('',(792.7,60.,730.));
#11342=CARTESIAN_POINT('',(787.699999999999,290.,730.));
#11343=CARTESIAN_POINT('',(967.5,290.,730.));
#11344=CARTESIAN_POINT('',(787.699999999999,60.,730.));
#11345=CARTESIAN_POINT('Origin',(792.7,172.500002754108,765.));
#11346=CARTESIAN_POINT('',(792.7,290.,725.));
#11347=CARTESIAN_POINT('',(792.7,60.,725.));
#11348=CARTESIAN_POINT('',(792.7,290.,745.000005401671));
#11349=CARTESIAN_POINT('Origin',(777.7,48.0000005960464,745.000011101365));
#11350=CARTESIAN_POINT('',(787.699999999999,48.,725.));
#11351=CARTESIAN_POINT('',(787.699999999999,48.,730.00345634023));
#11352=CARTESIAN_POINT('',(787.699999999999,48.0000005960464,737.500005550683));
#11353=CARTESIAN_POINT('',(787.699505580146,48.,730.00345634023));
#11354=CARTESIAN_POINT('',(783.435252790073,48.,730.00345634023));
#11355=CARTESIAN_POINT('',(787.699505580146,48.0000005960464,740.000010952353));
#11356=CARTESIAN_POINT('',(787.699505580146,48.0000005960464,740.000011026859));
#11357=CARTESIAN_POINT('',(787.699999999999,48.0000005960464,740.000010952353));
#11358=CARTESIAN_POINT('',(782.699752790073,48.0000005960464,740.000010952353));
#11359=CARTESIAN_POINT('',(787.699999999999,48.0000005960464,740.529));
#11360=CARTESIAN_POINT('',(787.699999999999,48.0000005960464,742.764505550683));
#11361=CARTESIAN_POINT('',(792.7,48.0000005960464,740.529));
#11362=CARTESIAN_POINT('',(785.2,48.0000005960464,740.529));
#11363=CARTESIAN_POINT('',(792.7,48.0000005960464,755.000000476837));
#11364=CARTESIAN_POINT('',(792.7,48.,755.));
#11365=CARTESIAN_POINT('',(777.7,48.0000005960464,755.000000476837));
#11366=CARTESIAN_POINT('',(777.7,48.0000005960464,755.000000476837));
#11367=CARTESIAN_POINT('',(777.7,48.,725.));
#11368=CARTESIAN_POINT('',(777.7,48.,755.));
#11369=CARTESIAN_POINT('',(777.7,48.,725.));
#11370=CARTESIAN_POINT('Origin',(792.7,172.500002754108,765.));
#11371=CARTESIAN_POINT('',(792.7,55.7496568718363,740.529));
#11372=CARTESIAN_POINT('',(792.7,290.,740.529));
#11373=CARTESIAN_POINT('',(792.7,113.750001377054,740.529));
#11374=CARTESIAN_POINT('',(792.7,290.,805.));
#11375=CARTESIAN_POINT('',(792.7,290.,745.000005401671));
#11376=CARTESIAN_POINT('',(792.7,48.,805.));
#11377=CARTESIAN_POINT('',(792.7,305.,805.));
#11378=CARTESIAN_POINT('',(792.7,48.0000005960463,785.000010028481));
#11379=CARTESIAN_POINT('',(792.7,48.0000008940697,795.000011846423));
#11380=CARTESIAN_POINT('',(792.7,47.9999987185002,775.000015243889));
#11381=CARTESIAN_POINT('',(792.7,47.9999985098843,775.000018000609));
#11382=CARTESIAN_POINT('',(792.7,47.9999988079063,775.000012025237));
#11383=CARTESIAN_POINT('',(792.7,54.9496568718363,740.529));
#11384=CARTESIAN_POINT('',(792.7,114.125001377054,740.529));
#11385=CARTESIAN_POINT('',(792.7,54.9496568718379,740.53245634023));
#11386=CARTESIAN_POINT('',(792.7,54.9496568718363,747.766228170115));
#11387=CARTESIAN_POINT('',(792.7,55.7496568718379,740.53245634023));
#11388=CARTESIAN_POINT('',(792.7,114.124829812972,740.53245634023));
#11389=CARTESIAN_POINT('',(792.7,55.7496568718363,747.766228170115));
#11390=CARTESIAN_POINT('Origin',(787.699505580146,48.0000005960464,740.000010952353));
#11391=CARTESIAN_POINT('',(787.699999999999,58.0000005960464,740.000010952353));
#11392=CARTESIAN_POINT('',(787.699999999999,51.8750002980232,740.000010952353));
#11393=CARTESIAN_POINT('',(787.699505580146,58.0000005960464,740.000010952353));
#11394=CARTESIAN_POINT('',(787.699505580146,48.0000005960464,740.000010952353));
#11395=CARTESIAN_POINT('',(792.7,58.0000005960464,740.000010952353));
#11396=CARTESIAN_POINT('Origin',(790.199752790073,58.0000005960464,737.500010952353));
#11397=CARTESIAN_POINT('',(787.699999999999,58.0000005960464,735.003028379152));
#11398=CARTESIAN_POINT('',(787.699505580146,58.0000005960464,735.003028379152));
#11399=CARTESIAN_POINT('',(789.685129185109,58.0000005960464,735.003028379152));
#11400=CARTESIAN_POINT('',(787.699999999999,58.0000005960465,736.250005476177));
#11401=CARTESIAN_POINT('',(787.699505580146,58.0000005960464,740.000010952353));
#11402=CARTESIAN_POINT('Origin',(787.699505580146,175.749656871836,735.53245634023));
#11403=CARTESIAN_POINT('',(787.699505580146,60.0370431405813,730.00345634023));
#11404=CARTESIAN_POINT('',(787.699505580146,60.,730.00345634023));
#11405=CARTESIAN_POINT('',(787.699505580146,60.0370431405813,735.003028379152));
#11406=CARTESIAN_POINT('',(787.699505580146,60.0370431405813,727.767736883514));
#11407=CARTESIAN_POINT('',(787.699505580146,107.893350304232,735.003028379152));
#11408=CARTESIAN_POINT('Origin',(777.7,48.,765.000000476837));
#11409=CARTESIAN_POINT('',(777.7,47.9999987185002,775.000015243889));
#11410=CARTESIAN_POINT('',(777.7,48.0000000000002,764.99999652803));
#11411=CARTESIAN_POINT('',(777.7,47.9999985098838,775.000015243889));
#11412=CARTESIAN_POINT('Origin',(777.7,172.500002754108,765.));
#11413=CARTESIAN_POINT('',(777.7,48.0000005960463,785.000010028481));
#11414=CARTESIAN_POINT('',(777.7,47.9999985098843,775.000018000609));
#11415=CARTESIAN_POINT('',(777.7,48.,805.));
#11416=CARTESIAN_POINT('',(777.7,48.,785.));
#11417=CARTESIAN_POINT('',(777.7,305.,805.));
#11418=CARTESIAN_POINT('',(777.7,305.,805.));
#11419=CARTESIAN_POINT('',(777.7,305.000004544854,795.000011846423));
#11420=CARTESIAN_POINT('',(777.7,305.,725.));
#11421=CARTESIAN_POINT('',(777.7,305.000004544854,785.000011697412));
#11422=CARTESIAN_POINT('',(777.7,305.,725.000010803342));
#11423=CARTESIAN_POINT('',(777.7,305.,725.000010803342));
#11424=CARTESIAN_POINT('',(777.7,305.,725.000010803342));
#11425=CARTESIAN_POINT('',(777.7,290.,725.));
#11426=CARTESIAN_POINT('',(777.7,290.,725.000010803342));
#11427=CARTESIAN_POINT('',(777.7,60.,725.));
#11428=CARTESIAN_POINT('Origin',(777.7,48.0000005960463,785.000010028481));
#11429=CARTESIAN_POINT('',(777.7,48.0000005960466,785.000011697412));
#11430=CARTESIAN_POINT('Origin',(777.7,48.,805.));
#11431=CARTESIAN_POINT('',(777.7,48.,805.));
#11432=CARTESIAN_POINT('Origin',(792.7,290.,725.000010803342));
#11433=CARTESIAN_POINT('',(787.7,290.,725.000010803342));
#11434=CARTESIAN_POINT('',(792.7,290.,725.000010803342));
#11435=CARTESIAN_POINT('',(787.7,290.,805.));
#11436=CARTESIAN_POINT('Origin',(792.7,290.,725.000010803342));
#11437=CARTESIAN_POINT('',(787.699999999999,290.,740.529));
#11438=CARTESIAN_POINT('',(975.,290.,740.529));
#11439=CARTESIAN_POINT('',(787.7,290.,805.));
#11440=CARTESIAN_POINT('',(787.7,290.,805.));
#11441=CARTESIAN_POINT('',(785.2,290.,805.));
#11442=CARTESIAN_POINT('Origin',(792.7,305.,725.000010803342));
#11443=CARTESIAN_POINT('',(792.7,305.,725.000010803342));
#11444=CARTESIAN_POINT('',(792.7,290.,725.000010803342));
#11445=CARTESIAN_POINT('',(787.7,305.,725.000010803342));
#11446=CARTESIAN_POINT('',(792.7,305.,725.000010803342));
#11447=CARTESIAN_POINT('',(787.7,290.,725.000010803342));
#11448=CARTESIAN_POINT('Origin',(777.7,305.,805.));
#11449=CARTESIAN_POINT('',(787.7,305.,805.));
#11450=CARTESIAN_POINT('',(787.7,301.25,805.));
#11451=CARTESIAN_POINT('',(777.7,305.,805.));
#11452=CARTESIAN_POINT('Origin',(777.7,305.,795.000011846423));
#11453=CARTESIAN_POINT('',(787.7,305.,780.000008624047));
#11454=CARTESIAN_POINT('',(792.7,305.,725.000010803342));
#11455=CARTESIAN_POINT('Origin',(1157.3,55.,740.529));
#11456=CARTESIAN_POINT('',(792.690852538524,55.7496568718363,740.529));
#11457=CARTESIAN_POINT('',(1158.03525279007,55.7496568718364,740.529));
#11458=CARTESIAN_POINT('',(792.690852538524,54.9496568718363,740.529));
#11459=CARTESIAN_POINT('',(792.690852538524,55.7496568718363,740.529));
#11460=CARTESIAN_POINT('',(1158.03525279007,54.9496568718364,740.529));
#11461=CARTESIAN_POINT('',(787.699999999999,55.75,740.529));
#11462=CARTESIAN_POINT('Origin',(1161.29085253852,55.7496568718364,740.53245634023));
#11463=CARTESIAN_POINT('',(792.690852538524,54.9496568718363,740.53245634023));
#11464=CARTESIAN_POINT('',(1159.29085253852,54.9496568718364,740.53245634023));
#11465=CARTESIAN_POINT('',(792.690852538524,55.7496568718363,740.53245634023));
#11466=CARTESIAN_POINT('',(792.690852538524,55.7496568718363,740.53245634023));
#11467=CARTESIAN_POINT('',(1159.29085253852,55.7496568718364,740.53245634023));
#11468=CARTESIAN_POINT('Origin',(1158.77050558015,54.9496568718363,730.53245634023));
#11469=CARTESIAN_POINT('',(792.690852538524,54.9496568718363,747.767736883514));
#11470=CARTESIAN_POINT('Origin',(1158.77050558015,55.7496568718364,730.53245634023));
#11471=CARTESIAN_POINT('',(792.690852538524,55.7496568718363,747.767736883514));
#11472=CARTESIAN_POINT('Origin',(792.690852538524,55.7496568718363,740.53245634023));
#11473=CARTESIAN_POINT('Origin',(787.699999999999,175.,735.));
#11474=CARTESIAN_POINT('',(787.699999999999,60.0370431405813,735.003028379152));
#11475=CARTESIAN_POINT('',(787.699999999999,115.374828435918,735.003028379152));
#11476=CARTESIAN_POINT('',(787.699999999999,60.0370431405813,730.00345634023));
#11477=CARTESIAN_POINT('',(787.699999999999,60.0370431405813,735.001514189576));
#11478=CARTESIAN_POINT('',(787.699999999999,117.518521570291,730.00345634023));
#11479=CARTESIAN_POINT('',(787.699999999999,54.,725.));
#11480=CARTESIAN_POINT('Origin',(789.170505580146,55.7496568718363,735.003028379152));
#11481=CARTESIAN_POINT('',(789.170505580146,60.0370431405813,735.003028379152));
#11482=CARTESIAN_POINT('Origin',(789.170505580146,60.0370431405813,735.003028379152));
#11483=CARTESIAN_POINT('',(789.170505580146,60.0370431405813,730.00345634023));
#11484=CARTESIAN_POINT('Origin',(789.170505580146,60.0370431405813,730.00345634023));
#11485=CARTESIAN_POINT('Origin',(777.7,60.,725.));
#11486=CARTESIAN_POINT('',(0.,0.,0.));
#11487=CARTESIAN_POINT('Origin',(1157.3,48.,740.));
#11488=CARTESIAN_POINT('',(785.699999999999,48.,730.));
#11489=CARTESIAN_POINT('',(1164.3,48.,730.));
#11490=CARTESIAN_POINT('',(1157.3,48.,730.));
#11491=CARTESIAN_POINT('',(1164.3,48.,740.));
#11492=CARTESIAN_POINT('',(1164.3,48.,740.));
#11493=CARTESIAN_POINT('',(785.699999999999,48.,740.));
#11494=CARTESIAN_POINT('',(1157.3,48.,740.));
#11495=CARTESIAN_POINT('',(785.699999999999,48.,740.));
#11496=CARTESIAN_POINT('Origin',(1157.3,305.,730.));
#11497=CARTESIAN_POINT('',(785.699999999999,305.,740.));
#11498=CARTESIAN_POINT('',(1164.3,305.,740.));
#11499=CARTESIAN_POINT('',(1157.3,305.,740.));
#11500=CARTESIAN_POINT('',(1164.3,305.,730.));
#11501=CARTESIAN_POINT('',(1164.3,305.,730.));
#11502=CARTESIAN_POINT('',(785.699999999999,305.,730.));
#11503=CARTESIAN_POINT('',(1157.3,305.,730.));
#11504=CARTESIAN_POINT('',(785.699999999999,305.,730.));
#11505=CARTESIAN_POINT('Origin',(1164.3,175.,735.));
#11506=CARTESIAN_POINT('',(1164.3,295.,740.));
#11507=CARTESIAN_POINT('',(1164.3,55.,730.));
#11508=CARTESIAN_POINT('Origin',(785.699999999999,175.,735.));
#11509=CARTESIAN_POINT('',(785.699999999999,55.,740.));
#11510=CARTESIAN_POINT('',(785.699999999999,295.,730.));
#11511=CARTESIAN_POINT('Origin',(1157.3,55.,730.));
#11512=CARTESIAN_POINT('Origin',(1157.3,295.,740.));
#11513=CARTESIAN_POINT('',(0.,0.,0.));
#11514=CARTESIAN_POINT('Origin',(662.3,58.0000000000004,725.));
#11515=CARTESIAN_POINT('',(662.3,58.0000000000004,725.));
#11516=CARTESIAN_POINT('',(657.3,58.0000000000005,725.));
#11517=CARTESIAN_POINT('',(667.3,58.0000000000001,725.));
#11518=CARTESIAN_POINT('',(662.3,58.0000000000004,730.));
#11519=CARTESIAN_POINT('',(662.3,58.0000000000004,725.));
#11520=CARTESIAN_POINT('',(657.3,58.0000000000005,730.));
#11521=CARTESIAN_POINT('',(477.500000000002,58.0000000000076,730.));
#11522=CARTESIAN_POINT('',(657.3,58.0000000000005,752.500005811453));
#11523=CARTESIAN_POINT('Origin',(657.3,50.0000004470354,780.000011622906));
#11524=CARTESIAN_POINT('',(657.300000000008,290.000004321337,730.));
#11525=CARTESIAN_POINT('',(657.3,52.500000223511,730.));
#11526=CARTESIAN_POINT('',(657.300000000009,290.000004321337,725.));
#11527=CARTESIAN_POINT('',(657.300000000009,290.000004321337,725.));
#11528=CARTESIAN_POINT('',(657.300000000009,305.000000000001,725.));
#11529=CARTESIAN_POINT('Origin',(292.700000000004,55.,730.));
#11530=CARTESIAN_POINT('',(662.300000000004,290.000004321337,730.));
#11531=CARTESIAN_POINT('',(662.300000000004,295.,730.));
#11532=CARTESIAN_POINT('',(482.50000000001,290.000004321344,730.));
#11533=CARTESIAN_POINT('Origin',(292.700000000004,295.,740.));
#11534=CARTESIAN_POINT('',(662.300000000004,58.0000000000004,740.000010952353));
#11535=CARTESIAN_POINT('',(662.300000000003,50.0000000000004,740.000010952353));
#11536=CARTESIAN_POINT('',(662.300000000012,176.499999999987,740.));
#11537=CARTESIAN_POINT('',(657.3,50.0000000000006,740.000010952353));
#11538=CARTESIAN_POINT('',(672.3,50.,740.000010952353));
#11539=CARTESIAN_POINT('',(657.3,53.,740.));
#11540=CARTESIAN_POINT('',(657.3,55.000000223518,740.000010952353));
#11541=CARTESIAN_POINT('',(657.299999999998,290.,740.000010952353));
#11542=CARTESIAN_POINT('',(657.3,52.5000002235178,740.));
#11543=CARTESIAN_POINT('',(662.300000000004,290.000004321337,740.000010952353));
#11544=CARTESIAN_POINT('',(475.000000000001,290.,740.));
#11545=CARTESIAN_POINT('',(662.300000000004,55.,740.));
#11546=CARTESIAN_POINT('Origin',(657.3,50.0000000000006,740.000010952353));
#11547=CARTESIAN_POINT('',(662.300000000003,48.0000000000004,740.000010952353));
#11548=CARTESIAN_POINT('',(662.300000000004,54.0000000000003,740.000010952353));
#11549=CARTESIAN_POINT('',(657.3,48.0000000000005,740.000010952353));
#11550=CARTESIAN_POINT('',(672.299999999999,48.,740.000010952353));
#11551=CARTESIAN_POINT('',(657.3,50.0000000000006,740.000010952353));
#11552=CARTESIAN_POINT('Origin',(292.700000000004,295.,725.000010952353));
#11553=CARTESIAN_POINT('',(662.300000000004,290.000004321337,725.000010952353));
#11554=CARTESIAN_POINT('',(662.299999999998,305.000000000001,725.000010952353));
#11555=CARTESIAN_POINT('',(662.299999999998,296.25,725.));
#11556=CARTESIAN_POINT('',(672.299999999999,305.000002272773,725.000010952353));
#11557=CARTESIAN_POINT('',(672.299999999998,305.000004544854,725.000010952353));
#11558=CARTESIAN_POINT('',(672.300000000009,290.000004321337,725.));
#11559=CARTESIAN_POINT('',(672.300000000004,177.500001359904,725.000010952353));
#11560=CARTESIAN_POINT('',(672.300000000009,290.000004321337,725.));
#11561=CARTESIAN_POINT('Origin',(657.299999999998,290.,805.));
#11562=CARTESIAN_POINT('',(657.299999999998,290.,805.));
#11563=CARTESIAN_POINT('',(657.300000000009,290.,792.500005811453));
#11564=CARTESIAN_POINT('',(662.299999999998,290.,805.));
#11565=CARTESIAN_POINT('',(664.800000000068,290.,805.));
#11566=CARTESIAN_POINT('',(662.299999999998,290.,805.));
#11567=CARTESIAN_POINT('Origin',(657.3,50.0000004470354,780.000011622906));
#11568=CARTESIAN_POINT('',(657.3,48.000000596047,785.000011697412));
#11569=CARTESIAN_POINT('',(657.299999999999,48.0000000000005,765.));
#11570=CARTESIAN_POINT('',(657.3,48.0000002984326,795.000011846423));
#11571=CARTESIAN_POINT('',(657.299999999999,48.0000008940703,785.000010624528));
#11572=CARTESIAN_POINT('',(657.3,48.000000596047,805.));
#11573=CARTESIAN_POINT('',(657.3,48.0000002984327,787.500011734664));
#11574=CARTESIAN_POINT('',(657.299999999994,290.000004321337,805.));
#11575=CARTESIAN_POINT('Origin',(672.300000000139,40.0000005960464,805.));
#11576=CARTESIAN_POINT('',(672.3,48.0000005960464,805.));
#11577=CARTESIAN_POINT('',(672.300000000069,48.000000298432,805.));
#11578=CARTESIAN_POINT('',(672.299999999985,305.,805.));
#11579=CARTESIAN_POINT('',(672.299999999994,290.000004321337,805.));
#11580=CARTESIAN_POINT('',(662.299999999998,305.000000000001,805.));
#11581=CARTESIAN_POINT('',(672.299999999985,305.,805.));
#11582=CARTESIAN_POINT('',(662.299999999998,168.750000298023,805.));
#11583=CARTESIAN_POINT('Origin',(672.3,48.0000005960465,785.000011518598));
#11584=CARTESIAN_POINT('',(672.3,48.0000005960464,785.000011697412));
#11585=CARTESIAN_POINT('',(672.3,48.000000298432,795.000011846423));
#11586=CARTESIAN_POINT('',(672.299999999999,48.0000008940697,785.000010624528));
#11587=CARTESIAN_POINT('',(672.3,48.000000298432,795.000011846423));
#11588=CARTESIAN_POINT('',(672.3,48.,785.000011697412));
#11589=CARTESIAN_POINT('Origin',(672.3,48.0000005960464,795.000011846423));
#11590=CARTESIAN_POINT('',(672.299999999999,48.000000298432,787.500011734664));
#11591=CARTESIAN_POINT('Origin',(672.3,47.9999999999995,735.000010952353));
#11592=CARTESIAN_POINT('',(662.299999999999,48.0000000000004,725.));
#11593=CARTESIAN_POINT('',(662.300000000003,48.0000000000004,735.000005476177));
#11594=CARTESIAN_POINT('',(672.299999999999,48.,725.));
#11595=CARTESIAN_POINT('',(672.299999999999,48.,725.));
#11596=CARTESIAN_POINT('',(672.299999999999,47.9999999999997,757.50001128763));
#11597=CARTESIAN_POINT('Origin',(672.3,50.0000004470348,780.000011622906));
#11598=CARTESIAN_POINT('',(672.300000000009,305.,725.));
#11599=CARTESIAN_POINT('',(672.299999999985,305.,805.));
#11600=CARTESIAN_POINT('Origin',(662.300000000004,175.,735.));
#11601=CARTESIAN_POINT('',(662.299999999998,305.000000000001,740.000010952353));
#11602=CARTESIAN_POINT('',(662.299999999998,305.,788.750002738088));
#11603=CARTESIAN_POINT('',(662.299999999998,305.000000000001,740.000010952353));
#11604=CARTESIAN_POINT('',(662.299999999998,290.000004321337,737.500005476177));
#11605=CARTESIAN_POINT('',(662.300000000004,169.000002160669,725.));
#11606=CARTESIAN_POINT('Origin',(672.300000000007,290.000004321337,735.000010952353));
#11607=CARTESIAN_POINT('',(672.300000000009,290.000004321337,725.));
#11608=CARTESIAN_POINT('Origin',(672.300000000009,290.000004321337,725.));
#11609=CARTESIAN_POINT('Origin',(672.299999999985,305.,805.));
#11610=CARTESIAN_POINT('',(0.,0.,0.));
#11611=CARTESIAN_POINT('Origin',(292.700000000004,58.,725.));
#11612=CARTESIAN_POINT('',(292.700000000004,58.,725.));
#11613=CARTESIAN_POINT('',(287.700000000004,58.,725.));
#11614=CARTESIAN_POINT('',(285.200000000004,58.,725.));
#11615=CARTESIAN_POINT('',(292.700000000004,58.,730.));
#11616=CARTESIAN_POINT('',(292.700000000004,58.,745.));
#11617=CARTESIAN_POINT('',(287.700000000004,58.,730.));
#11618=CARTESIAN_POINT('',(292.700000000004,58.,730.));
#11619=CARTESIAN_POINT('',(287.700000000004,58.,725.));
#11620=CARTESIAN_POINT('Origin',(292.700000000004,295.,730.));
#11621=CARTESIAN_POINT('',(292.700000000004,290.,730.));
#11622=CARTESIAN_POINT('',(292.700000000004,60.,730.));
#11623=CARTESIAN_POINT('',(287.700000000004,290.,730.));
#11624=CARTESIAN_POINT('',(285.200000000004,290.,730.));
#11625=CARTESIAN_POINT('',(287.700000000004,60.,730.));
#11626=CARTESIAN_POINT('Origin',(292.700000000004,172.5,765.));
#11627=CARTESIAN_POINT('',(292.700000000004,290.,725.));
#11628=CARTESIAN_POINT('',(292.700000000004,60.,725.));
#11629=CARTESIAN_POINT('',(292.700000000004,290.,725.));
#11630=CARTESIAN_POINT('Origin',(277.700000000004,60.,725.));
#11631=CARTESIAN_POINT('',(287.700000000004,48.,725.));
#11632=CARTESIAN_POINT('',(287.700000000004,59.,725.));
#11633=CARTESIAN_POINT('',(277.700000000004,48.,725.));
#11634=CARTESIAN_POINT('',(277.700000000004,48.,725.));
#11635=CARTESIAN_POINT('',(277.700000000004,305.,725.));
#11636=CARTESIAN_POINT('',(277.700000000004,60.,725.));
#11637=CARTESIAN_POINT('',(287.700000000004,305.,725.));
#11638=CARTESIAN_POINT('',(277.700000000004,305.,725.));
#11639=CARTESIAN_POINT('',(287.700000000004,290.,725.));
#11640=CARTESIAN_POINT('',(287.700000000004,176.25,725.));
#11641=CARTESIAN_POINT('',(277.700000000004,290.,725.));
#11642=CARTESIAN_POINT('Origin',(277.700000000004,290.,725.));
#11643=CARTESIAN_POINT('',(287.700000000004,290.,732.5));
#11644=CARTESIAN_POINT('Origin',(292.700000000004,290.,740.));
#11645=CARTESIAN_POINT('',(292.700000000004,290.,740.));
#11646=CARTESIAN_POINT('',(292.700000000004,290.,805.));
#11647=CARTESIAN_POINT('',(292.700000000004,290.,752.5));
#11648=CARTESIAN_POINT('',(287.700000000004,290.,740.));
#11649=CARTESIAN_POINT('',(292.700000000004,290.,740.));
#11650=CARTESIAN_POINT('',(287.700000000004,290.,805.));
#11651=CARTESIAN_POINT('',(287.700000000004,290.,805.));
#11652=CARTESIAN_POINT('',(285.200000000004,290.,805.));
#11653=CARTESIAN_POINT('Origin',(277.700000000004,305.,795.));
#11654=CARTESIAN_POINT('',(287.700000000004,305.,805.));
#11655=CARTESIAN_POINT('',(287.700000000004,305.,740.));
#11656=CARTESIAN_POINT('',(277.700000000004,305.,805.));
#11657=CARTESIAN_POINT('',(277.700000000004,305.,805.));
#11658=CARTESIAN_POINT('',(277.700000000004,305.,805.));
#11659=CARTESIAN_POINT('Origin',(292.700000000004,55.,740.));
#11660=CARTESIAN_POINT('',(287.700000000004,48.,740.));
#11661=CARTESIAN_POINT('',(287.700000000004,55.,740.));
#11662=CARTESIAN_POINT('',(292.700000000004,48.,740.));
#11663=CARTESIAN_POINT('',(292.700000000004,113.75,740.));
#11664=CARTESIAN_POINT('',(277.700000000004,48.,740.));
#11665=CARTESIAN_POINT('Origin',(277.700000000004,305.,805.));
#11666=CARTESIAN_POINT('',(287.700000000004,301.25,805.));
#11667=CARTESIAN_POINT('',(277.700000000004,48.,805.));
#11668=CARTESIAN_POINT('',(277.700000000004,290.,805.));
#11669=CARTESIAN_POINT('',(292.700000000004,48.,805.));
#11670=CARTESIAN_POINT('',(277.700000000004,48.,805.));
#11671=CARTESIAN_POINT('',(292.700000000004,50.,805.));
#11672=CARTESIAN_POINT('Origin',(277.700000000004,172.5,765.));
#11673=CARTESIAN_POINT('',(277.700000000004,48.,770.));
#11674=CARTESIAN_POINT('Origin',(287.700000000004,175.,735.));
#11675=CARTESIAN_POINT('',(287.700000000004,48.,735.));
#11676=CARTESIAN_POINT('Origin',(277.700000000004,48.,745.));
#11677=CARTESIAN_POINT('',(292.700000000004,48.,755.));
#11678=CARTESIAN_POINT('Origin',(292.700000000004,172.5,765.));
#11679=CARTESIAN_POINT('',(0.,0.,0.));
#11680=CARTESIAN_POINT('Origin',(292.700000000004,48.,730.));
#11681=CARTESIAN_POINT('',(664.300000000004,48.,740.));
#11682=CARTESIAN_POINT('',(285.700000000004,48.,740.));
#11683=CARTESIAN_POINT('',(662.300000000004,48.,740.));
#11684=CARTESIAN_POINT('',(285.700000000004,48.,730.));
#11685=CARTESIAN_POINT('',(285.700000000004,48.,730.));
#11686=CARTESIAN_POINT('',(664.300000000004,48.,730.));
#11687=CARTESIAN_POINT('',(287.700000000004,48.,730.));
#11688=CARTESIAN_POINT('',(664.300000000004,48.,730.));
#11689=CARTESIAN_POINT('Origin',(292.700000000004,305.,740.));
#11690=CARTESIAN_POINT('',(664.300000000004,305.,730.));
#11691=CARTESIAN_POINT('',(285.700000000004,305.,730.));
#11692=CARTESIAN_POINT('',(292.700000000004,305.,730.));
#11693=CARTESIAN_POINT('',(285.700000000004,305.,740.));
#11694=CARTESIAN_POINT('',(285.700000000004,305.,740.));
#11695=CARTESIAN_POINT('',(664.300000000004,305.,740.));
#11696=CARTESIAN_POINT('',(292.700000000004,305.,740.));
#11697=CARTESIAN_POINT('',(664.300000000004,305.,740.));
#11698=CARTESIAN_POINT('Origin',(664.300000000004,175.,735.));
#11699=CARTESIAN_POINT('',(664.300000000004,295.,740.));
#11700=CARTESIAN_POINT('',(664.300000000004,53.,730.));
#11701=CARTESIAN_POINT('Origin',(285.700000000004,175.,735.));
#11702=CARTESIAN_POINT('',(285.700000000004,295.,730.));
#11703=CARTESIAN_POINT('',(285.700000000004,53.,740.));
#11704=CARTESIAN_POINT('Origin',(292.700000000004,55.,740.));
#11705=CARTESIAN_POINT('Origin',(292.700000000004,295.,730.));
#11706=CARTESIAN_POINT('',(0.,0.,0.));
#11707=CARTESIAN_POINT('Origin',(725.,78.,840.));
#11708=CARTESIAN_POINT('',(725.,78.,840.));
#11709=CARTESIAN_POINT('',(725.,40.,840.));
#11710=CARTESIAN_POINT('',(725.,59.,840.));
#11711=CARTESIAN_POINT('',(725.,78.,825.));
#11712=CARTESIAN_POINT('',(725.,78.,837.5));
#11713=CARTESIAN_POINT('',(725.,40.,825.));
#11714=CARTESIAN_POINT('',(725.,59.,825.));
#11715=CARTESIAN_POINT('',(725.,40.,837.5));
#11716=CARTESIAN_POINT('Origin',(1225.,40.,825.));
#11717=CARTESIAN_POINT('',(1299.,78.,825.));
#11718=CARTESIAN_POINT('',(225.,78.,825.));
#11719=CARTESIAN_POINT('',(1299.,40.,825.));
#11720=CARTESIAN_POINT('',(1299.,40.,825.));
#11721=CARTESIAN_POINT('',(225.,40.,825.));
#11722=CARTESIAN_POINT('Origin',(725.,78.,835.));
#11723=CARTESIAN_POINT('',(1299.,78.,840.));
#11724=CARTESIAN_POINT('',(475.,78.,840.));
#11725=CARTESIAN_POINT('',(1299.,78.,840.));
#11726=CARTESIAN_POINT('Origin',(225.,40.,840.));
#11727=CARTESIAN_POINT('',(1299.,40.,840.));
#11728=CARTESIAN_POINT('',(475.,40.,840.));
#11729=CARTESIAN_POINT('',(1299.,40.,840.));
#11730=CARTESIAN_POINT('Origin',(1299.,40.,845.));
#11731=CARTESIAN_POINT('',(1299.,40.,840.));
#11732=CARTESIAN_POINT('Origin',(725.,40.,835.));
#11733=CARTESIAN_POINT('',(0.,0.,0.));
#11734=CARTESIAN_POINT('Origin',(725.,293.,810.));
#11735=CARTESIAN_POINT('',(725.,274.,810.));
#11736=CARTESIAN_POINT('',(725.,312.,810.));
#11737=CARTESIAN_POINT('',(725.,301.5,810.));
#11738=CARTESIAN_POINT('',(687.,312.,810.));
#11739=CARTESIAN_POINT('',(725.,312.,810.));
#11740=CARTESIAN_POINT('',(687.,274.,810.));
#11741=CARTESIAN_POINT('',(687.,301.5,810.));
#11742=CARTESIAN_POINT('',(975.,274.,810.));
#11743=CARTESIAN_POINT('Origin',(1225.,274.,825.));
#11744=CARTESIAN_POINT('',(687.,274.,825.));
#11745=CARTESIAN_POINT('',(687.,274.,825.));
#11746=CARTESIAN_POINT('',(725.,274.,825.));
#11747=CARTESIAN_POINT('',(975.,274.,825.));
#11748=CARTESIAN_POINT('',(725.,274.,825.));
#11749=CARTESIAN_POINT('Origin',(725.,40.,825.));
#11750=CARTESIAN_POINT('',(687.,40.,825.));
#11751=CARTESIAN_POINT('',(687.,175.,825.));
#11752=CARTESIAN_POINT('',(725.,40.,825.));
#11753=CARTESIAN_POINT('',(725.,40.,825.));
#11754=CARTESIAN_POINT('',(725.,310.,825.));
#11755=CARTESIAN_POINT('Origin',(687.,310.,825.));
#11756=CARTESIAN_POINT('',(687.,312.,725.));
#11757=CARTESIAN_POINT('',(687.,312.,835.));
#11758=CARTESIAN_POINT('',(687.,40.,725.));
#11759=CARTESIAN_POINT('',(687.,310.,725.));
#11760=CARTESIAN_POINT('',(687.,40.,775.));
#11761=CARTESIAN_POINT('Origin',(725.,312.,845.));
#11762=CARTESIAN_POINT('',(725.,312.,725.));
#11763=CARTESIAN_POINT('',(725.,312.,800.));
#11764=CARTESIAN_POINT('',(725.,312.,725.));
#11765=CARTESIAN_POINT('Origin',(725.,40.,725.));
#11766=CARTESIAN_POINT('',(725.,40.,725.));
#11767=CARTESIAN_POINT('',(725.,40.,725.));
#11768=CARTESIAN_POINT('',(725.,40.,800.));
#11769=CARTESIAN_POINT('Origin',(725.,310.,725.));
#11770=CARTESIAN_POINT('',(725.,310.,725.));
#11771=CARTESIAN_POINT('Origin',(725.,310.,825.));
#11772=CARTESIAN_POINT('',(0.,0.,0.));
#11773=CARTESIAN_POINT('Origin',(1375.00000111759,312.,825.000001043081));
#11774=CARTESIAN_POINT('',(1337.00000111759,312.,725.000001043081));
#11775=CARTESIAN_POINT('',(1337.00000111759,312.,825.000001043081));
#11776=CARTESIAN_POINT('',(1337.00000111759,312.,800.000001043081));
#11777=CARTESIAN_POINT('',(1375.00000111759,312.,825.000001043081));
#11778=CARTESIAN_POINT('',(1375.00000111759,312.,825.000001043081));
#11779=CARTESIAN_POINT('',(1375.00000111759,312.,725.000001043081));
#11780=CARTESIAN_POINT('',(1375.00000111759,312.,825.000001043081));
#11781=CARTESIAN_POINT('',(1375.00000111759,312.,725.000001043081));
#11782=CARTESIAN_POINT('Origin',(1375.00000111759,38.,725.000001043081));
#11783=CARTESIAN_POINT('',(1337.00000111759,38.,825.000001043081));
#11784=CARTESIAN_POINT('',(1337.00000111759,38.,725.000001043081));
#11785=CARTESIAN_POINT('',(1337.00000111759,38.,750.000001043081));
#11786=CARTESIAN_POINT('',(1375.00000111759,38.,725.000001043081));
#11787=CARTESIAN_POINT('',(1375.00000111759,38.,725.000001043081));
#11788=CARTESIAN_POINT('',(1375.00000111759,38.,825.000001043081));
#11789=CARTESIAN_POINT('',(1375.00000111759,38.,70.0000010430814));
#11790=CARTESIAN_POINT('',(1375.00000111759,38.,825.000001043081));
#11791=CARTESIAN_POINT('Origin',(1337.00000111759,175.,775.000001043081));
#11792=CARTESIAN_POINT('',(1337.00000111759,242.5,725.000001043081));
#11793=CARTESIAN_POINT('',(1337.00000111759,310.,825.000001043081));
#11794=CARTESIAN_POINT('Origin',(1375.00000111759,310.,725.000001043081));
#11795=CARTESIAN_POINT('',(1375.00000111759,310.,725.000001043081));
#11796=CARTESIAN_POINT('Origin',(1375.00000111759,40.,825.000001043081));
#11797=CARTESIAN_POINT('',(1375.00000111759,0.,825.000001043081));
#11798=CARTESIAN_POINT('Origin',(1375.00000111759,175.,775.000001043081));
#11799=CARTESIAN_POINT('',(0.,0.,0.));
#11800=CARTESIAN_POINT('Origin',(134.,175.,810.000001043081));
#11801=CARTESIAN_POINT('',(153.,76.,810.000001043081));
#11802=CARTESIAN_POINT('',(115.,76.,810.000001043081));
#11803=CARTESIAN_POINT('',(152.000000279397,76.,810.000001043081));
#11804=CARTESIAN_POINT('',(115.,38.,810.000001043081));
#11805=CARTESIAN_POINT('',(115.,106.5,810.000001043081));
#11806=CARTESIAN_POINT('',(153.,38.,810.000001043081));
#11807=CARTESIAN_POINT('',(152.000000279397,38.,810.000001043081));
#11808=CARTESIAN_POINT('',(153.,243.5,810.000001043081));
#11809=CARTESIAN_POINT('Origin',(153.,312.,825.000001043081));
#11810=CARTESIAN_POINT('',(153.,38.,825.000001043081));
#11811=CARTESIAN_POINT('',(153.,38.,800.000001043081));
#11812=CARTESIAN_POINT('',(153.,76.,825.000001043081));
#11813=CARTESIAN_POINT('',(153.,175.,825.000001043081));
#11814=CARTESIAN_POINT('',(153.,76.,800.000001043081));
#11815=CARTESIAN_POINT('Origin',(170.000000558794,76.,775.000001043081));
#11816=CARTESIAN_POINT('',(227.000001117587,76.,825.000001043081));
#11817=CARTESIAN_POINT('',(225.000001117587,76.,825.000001043081));
#11818=CARTESIAN_POINT('',(227.000001117587,76.,725.000001043081));
#11819=CARTESIAN_POINT('',(227.000001117587,76.,725.000001043081));
#11820=CARTESIAN_POINT('',(115.,76.,725.000001043081));
#11821=CARTESIAN_POINT('',(225.000001117587,76.,725.000001043081));
#11822=CARTESIAN_POINT('',(115.,76.,825.000001043081));
#11823=CARTESIAN_POINT('Origin',(115.,38.,825.000001043081));
#11824=CARTESIAN_POINT('',(227.000001117587,38.,825.000001043081));
#11825=CARTESIAN_POINT('',(225.000001117587,38.,825.000001043081));
#11826=CARTESIAN_POINT('',(227.000001117587,38.,825.000001043081));
#11827=CARTESIAN_POINT('Origin',(227.000001117587,38.,825.000001043081));
#11828=CARTESIAN_POINT('',(227.000001117587,38.,725.000001043081));
#11829=CARTESIAN_POINT('',(227.000001117587,38.,725.000001043081));
#11830=CARTESIAN_POINT('',(227.000001117587,38.,725.000001043081));
#11831=CARTESIAN_POINT('Origin',(115.,38.,725.000001043081));
#11832=CARTESIAN_POINT('',(115.,38.,725.000001043081));
#11833=CARTESIAN_POINT('',(115.,38.,725.000001043081));
#11834=CARTESIAN_POINT('',(115.,38.,825.000001043081));
#11835=CARTESIAN_POINT('Origin',(225.000001117587,38.,725.000001043081));
#11836=CARTESIAN_POINT('',(115.,38.,725.000001043081));
#11837=CARTESIAN_POINT('Origin',(170.000000558794,38.,775.000001043081));
#11838=CARTESIAN_POINT('',(0.,0.,0.));
#11839=CARTESIAN_POINT('Origin',(134.,175.,810.000001043081));
#11840=CARTESIAN_POINT('',(115.,274.,810.000001043081));
#11841=CARTESIAN_POINT('',(153.,274.,810.000001043081));
#11842=CARTESIAN_POINT('',(152.,274.,810.000001043081));
#11843=CARTESIAN_POINT('',(153.,312.,810.000001043081));
#11844=CARTESIAN_POINT('',(153.,243.5,810.000001043081));
#11845=CARTESIAN_POINT('',(115.,312.,810.000001043081));
#11846=CARTESIAN_POINT('',(152.,312.,810.000001043081));
#11847=CARTESIAN_POINT('',(115.,243.5,810.000001043081));
#11848=CARTESIAN_POINT('Origin',(153.,312.,825.000001043081));
#11849=CARTESIAN_POINT('',(153.,274.,825.));
#11850=CARTESIAN_POINT('',(153.,274.,800.000000521541));
#11851=CARTESIAN_POINT('',(153.,312.,825.000001043081));
#11852=CARTESIAN_POINT('',(153.,312.,825.));
#11853=CARTESIAN_POINT('',(153.,312.,800.000000521541));
#11854=CARTESIAN_POINT('Origin',(170.,274.,775.));
#11855=CARTESIAN_POINT('',(115.,274.,725.));
#11856=CARTESIAN_POINT('',(115.,274.,825.));
#11857=CARTESIAN_POINT('',(227.,274.,725.));
#11858=CARTESIAN_POINT('',(115.,274.,725.));
#11859=CARTESIAN_POINT('',(227.,274.,825.));
#11860=CARTESIAN_POINT('',(227.,274.,725.));
#11861=CARTESIAN_POINT('',(225.,274.,825.));
#11862=CARTESIAN_POINT('Origin',(115.,312.,825.));
#11863=CARTESIAN_POINT('',(115.,312.,725.));
#11864=CARTESIAN_POINT('',(115.,312.,825.));
#11865=CARTESIAN_POINT('',(115.,312.,725.));
#11866=CARTESIAN_POINT('Origin',(115.,312.,725.));
#11867=CARTESIAN_POINT('',(227.,312.,725.));
#11868=CARTESIAN_POINT('',(115.,312.,725.));
#11869=CARTESIAN_POINT('',(227.,311.,725.));
#11870=CARTESIAN_POINT('Origin',(227.,312.,725.));
#11871=CARTESIAN_POINT('',(227.,312.,825.));
#11872=CARTESIAN_POINT('',(227.,312.,825.));
#11873=CARTESIAN_POINT('',(227.,312.,750.));
#11874=CARTESIAN_POINT('Origin',(225.,312.,825.));
#11875=CARTESIAN_POINT('',(225.,312.,825.));
#11876=CARTESIAN_POINT('Origin',(170.,312.,775.));
#11877=CARTESIAN_POINT('',(0.,0.,0.));
#11878=CARTESIAN_POINT('Origin',(1337.0000000352,274.000000000002,804.999998887106));
#11879=CARTESIAN_POINT('',(1337.,312.,804.999998887106));
#11880=CARTESIAN_POINT('',(1337.,274.000000000002,804.999998887106));
#11881=CARTESIAN_POINT('',(1337.0000000352,243.500000000001,804.999998887106));
#11882=CARTESIAN_POINT('',(1337.,312.,809.999998887106));
#11883=CARTESIAN_POINT('',(1337.,312.,804.999998887106));
#11884=CARTESIAN_POINT('',(1337.,274.000000000002,809.999998887106));
#11885=CARTESIAN_POINT('',(1337.0000000352,243.500000000001,809.999998887106));
#11886=CARTESIAN_POINT('',(1337.,274.000000000002,804.999998887106));
#11887=CARTESIAN_POINT('Origin',(1318.,175.,809.999998887106));
#11888=CARTESIAN_POINT('',(1299.,274.000000000002,809.999998887106));
#11889=CARTESIAN_POINT('',(1299.500000044,274.000000000002,809.999998887106));
#11890=CARTESIAN_POINT('',(1299.,312.,809.999998887106));
#11891=CARTESIAN_POINT('',(1299.500000044,312.,809.999998887106));
#11892=CARTESIAN_POINT('',(1299.,106.5,809.999998887106));
#11893=CARTESIAN_POINT('Origin',(1299.,38.,824.999998887106));
#11894=CARTESIAN_POINT('',(1299.,312.,824.999998887106));
#11895=CARTESIAN_POINT('',(1299.,312.,800.000000014373));
#11896=CARTESIAN_POINT('',(1299.,274.,825.00000117332));
#11897=CARTESIAN_POINT('',(1299.,175.,825.00000117332));
#11898=CARTESIAN_POINT('',(1299.,274.000000000002,800.000000014373));
#11899=CARTESIAN_POINT('Origin',(1281.000000088,312.,775.00000114164));
#11900=CARTESIAN_POINT('',(1337.000000176,312.000000000002,725.000001240199));
#11901=CARTESIAN_POINT('',(1337.,312.,825.000001240199));
#11902=CARTESIAN_POINT('',(1225.000000176,312.000000000002,725.000001043081));
#11903=CARTESIAN_POINT('',(1337.000000176,312.000000000002,725.000001240199));
#11904=CARTESIAN_POINT('',(1225.,312.,825.000001043081));
#11905=CARTESIAN_POINT('',(1225.000000176,312.000000000002,725.000001043081));
#11906=CARTESIAN_POINT('',(1225.,312.,825.000001043081));
#11907=CARTESIAN_POINT('Origin',(1281.000000088,274.000000000002,775.00000114164));
#11908=CARTESIAN_POINT('',(1225.,274.,825.000001043081));
#11909=CARTESIAN_POINT('',(1225.,274.,825.000001043081));
#11910=CARTESIAN_POINT('',(1225.000000176,274.000000000002,725.000001043081));
#11911=CARTESIAN_POINT('',(1225.000000176,274.000000000002,725.000001043081));
#11912=CARTESIAN_POINT('',(1337.000000176,274.000000000002,725.000001240199));
#11913=CARTESIAN_POINT('',(1337.000000176,274.000000000002,725.000001240199));
#11914=CARTESIAN_POINT('',(1337.,274.,825.000001240199));
#11915=CARTESIAN_POINT('Origin',(1225.,312.,825.000001043081));
#11916=CARTESIAN_POINT('',(1225.000000176,312.000000000002,725.000001043081));
#11917=CARTESIAN_POINT('',(1225.,312.,825.000001043081));
#11918=CARTESIAN_POINT('Origin',(1337.,312.,825.000001240199));
#11919=CARTESIAN_POINT('Origin',(1337.000000176,312.000000000002,725.000001240199));
#11920=CARTESIAN_POINT('',(1337.000000176,312.000000000002,725.000001240199));
#11921=CARTESIAN_POINT('Origin',(1225.000000176,312.000000000002,725.000001043081));
#11922=CARTESIAN_POINT('',(0.,0.,0.));
#11923=CARTESIAN_POINT('Origin',(1337.0000000352,38.,804.999998887106));
#11924=CARTESIAN_POINT('',(1337.,76.,804.999998887106));
#11925=CARTESIAN_POINT('',(1337.,38.,804.999998887106));
#11926=CARTESIAN_POINT('',(1337.0000000352,106.5,804.999998887106));
#11927=CARTESIAN_POINT('',(1337.,76.,809.999998887106));
#11928=CARTESIAN_POINT('',(1337.,76.,804.999998887106));
#11929=CARTESIAN_POINT('',(1337.,38.,809.999998887106));
#11930=CARTESIAN_POINT('',(1337.0000000352,106.5,809.999998887106));
#11931=CARTESIAN_POINT('',(1337.,38.,804.999998887106));
#11932=CARTESIAN_POINT('Origin',(1318.,175.,809.999998887106));
#11933=CARTESIAN_POINT('',(1299.,76.,809.999998887106));
#11934=CARTESIAN_POINT('',(1299.500000044,76.,809.999998887106));
#11935=CARTESIAN_POINT('',(1299.,38.,809.999998887106));
#11936=CARTESIAN_POINT('',(1299.,106.5,809.999998887106));
#11937=CARTESIAN_POINT('',(1299.500000044,38.,809.999998887106));
#11938=CARTESIAN_POINT('Origin',(1299.,38.,824.999998887106));
#11939=CARTESIAN_POINT('',(1299.,76.,825.00000117332));
#11940=CARTESIAN_POINT('',(1299.,76.,800.000000014373));
#11941=CARTESIAN_POINT('',(1299.,38.,824.999998887106));
#11942=CARTESIAN_POINT('',(1299.,38.,825.00000117332));
#11943=CARTESIAN_POINT('',(1299.,38.,800.000000014373));
#11944=CARTESIAN_POINT('Origin',(1281.000000088,76.,775.00000114164));
#11945=CARTESIAN_POINT('',(1337.000000176,76.,725.000001240199));
#11946=CARTESIAN_POINT('',(1337.,76.,825.000001240199));
#11947=CARTESIAN_POINT('',(1225.000000176,76.,725.000001043081));
#11948=CARTESIAN_POINT('',(1337.000000176,76.,725.000001240199));
#11949=CARTESIAN_POINT('',(1225.,76.,825.000001043081));
#11950=CARTESIAN_POINT('',(1225.000000176,76.,725.000001043081));
#11951=CARTESIAN_POINT('',(1225.,76.,825.000001043081));
#11952=CARTESIAN_POINT('Origin',(1337.,38.,825.000001240199));
#11953=CARTESIAN_POINT('',(1337.000000176,38.,725.000001240199));
#11954=CARTESIAN_POINT('',(1337.,38.,825.000001240199));
#11955=CARTESIAN_POINT('',(1337.000000176,38.,725.000001240199));
#11956=CARTESIAN_POINT('Origin',(1337.000000176,38.,725.000001240199));
#11957=CARTESIAN_POINT('',(1225.000000176,38.,725.000001043081));
#11958=CARTESIAN_POINT('',(1337.000000176,38.,725.000001240199));
#11959=CARTESIAN_POINT('',(1225.000000176,38.,725.000001043081));
#11960=CARTESIAN_POINT('Origin',(1225.,38.,825.000001043081));
#11961=CARTESIAN_POINT('',(1225.,38.,825.000001043081));
#11962=CARTESIAN_POINT('',(1225.,38.,825.000001043081));
#11963=CARTESIAN_POINT('',(1225.,38.,825.000001043081));
#11964=CARTESIAN_POINT('Origin',(1225.000000176,38.,725.000001043081));
#11965=CARTESIAN_POINT('',(1225.000000176,38.,725.000001043081));
#11966=CARTESIAN_POINT('Origin',(1281.000000088,38.,775.00000114164));
#11967=CARTESIAN_POINT('',(0.,0.,0.));
#11968=CARTESIAN_POINT('Origin',(1318.,175.,809.999998887106));
#11969=CARTESIAN_POINT('',(1337.,312.,809.999998887106));
#11970=CARTESIAN_POINT('',(1299.,312.,809.999998887106));
#11971=CARTESIAN_POINT('',(1308.5,312.,809.999998887106));
#11972=CARTESIAN_POINT('',(1337.,38.,809.999998887106));
#11973=CARTESIAN_POINT('',(1337.,243.5,809.999998887106));
#11974=CARTESIAN_POINT('',(1299.,38.,809.999998887106));
#11975=CARTESIAN_POINT('',(1327.5,38.,809.999998887106));
#11976=CARTESIAN_POINT('',(1299.,106.5,809.999998887106));
#11977=CARTESIAN_POINT('Origin',(1337.,312.,824.999998887106));
#11978=CARTESIAN_POINT('',(1337.,312.,824.999998887106));
#11979=CARTESIAN_POINT('',(1337.,312.,824.999998887106));
#11980=CARTESIAN_POINT('',(1337.,38.,824.999998887106));
#11981=CARTESIAN_POINT('',(1337.,312.,824.999998887106));
#11982=CARTESIAN_POINT('',(1337.,38.,824.999998887106));
#11983=CARTESIAN_POINT('Origin',(1299.,312.,824.999998887106));
#11984=CARTESIAN_POINT('',(1299.,312.,824.999998887106));
#11985=CARTESIAN_POINT('',(1299.,312.,824.999998887106));
#11986=CARTESIAN_POINT('',(1299.,312.,824.999998887106));
#11987=CARTESIAN_POINT('Origin',(1299.,38.,824.999998887106));
#11988=CARTESIAN_POINT('',(1299.,38.,824.999998887106));
#11989=CARTESIAN_POINT('',(1299.,38.,824.999998887106));
#11990=CARTESIAN_POINT('',(1299.,38.,824.999998887106));
#11991=CARTESIAN_POINT('Origin',(1337.,38.,824.999998887106));
#11992=CARTESIAN_POINT('',(1337.,38.,824.999998887106));
#11993=CARTESIAN_POINT('Origin',(1318.,175.,824.999998887106));
#11994=CARTESIAN_POINT('',(0.,0.,0.));
#11995=CARTESIAN_POINT('Origin',(132.,175.,810.000001043081));
#11996=CARTESIAN_POINT('',(113.,312.,810.000001043081));
#11997=CARTESIAN_POINT('',(113.,38.,810.000001043081));
#11998=CARTESIAN_POINT('',(113.,106.5,810.000001043081));
#11999=CARTESIAN_POINT('',(151.,312.,810.000001043081));
#12000=CARTESIAN_POINT('',(122.5,312.,810.000001043081));
#12001=CARTESIAN_POINT('',(151.,38.,810.000001043081));
#12002=CARTESIAN_POINT('',(151.,243.5,810.000001043081));
#12003=CARTESIAN_POINT('',(141.5,38.,810.000001043081));
#12004=CARTESIAN_POINT('Origin',(113.,312.,825.000001043081));
#12005=CARTESIAN_POINT('',(113.,312.,825.000001043081));
#12006=CARTESIAN_POINT('',(113.,312.,825.000001043081));
#12007=CARTESIAN_POINT('',(151.,312.,825.000001043081));
#12008=CARTESIAN_POINT('',(151.,312.,825.000001043081));
#12009=CARTESIAN_POINT('',(151.,312.,825.000001043081));
#12010=CARTESIAN_POINT('Origin',(113.,38.,825.000001043081));
#12011=CARTESIAN_POINT('',(113.,38.,825.000001043081));
#12012=CARTESIAN_POINT('',(113.,38.,825.000001043081));
#12013=CARTESIAN_POINT('',(113.,312.,825.000001043081));
#12014=CARTESIAN_POINT('Origin',(151.,38.,825.000001043081));
#12015=CARTESIAN_POINT('',(151.,38.,825.000001043081));
#12016=CARTESIAN_POINT('',(151.,38.,825.000001043081));
#12017=CARTESIAN_POINT('',(113.,38.,825.000001043081));
#12018=CARTESIAN_POINT('Origin',(151.,312.,825.000001043081));
#12019=CARTESIAN_POINT('',(151.,38.,825.000001043081));
#12020=CARTESIAN_POINT('Origin',(132.,175.,825.000001043081));
#12021=CARTESIAN_POINT('',(0.,0.,0.));
#12022=CARTESIAN_POINT('Origin',(225.,274.,825.));
#12023=CARTESIAN_POINT('',(225.,312.,825.));
#12024=CARTESIAN_POINT('',(225.,274.,825.));
#12025=CARTESIAN_POINT('',(225.,312.,825.));
#12026=CARTESIAN_POINT('',(225.,312.,810.));
#12027=CARTESIAN_POINT('',(225.,312.,825.));
#12028=CARTESIAN_POINT('',(225.,274.,810.));
#12029=CARTESIAN_POINT('',(225.,312.,810.));
#12030=CARTESIAN_POINT('',(225.,274.,825.));
#12031=CARTESIAN_POINT('Origin',(1225.,274.,825.));
#12032=CARTESIAN_POINT('',(1225.,274.,825.));
#12033=CARTESIAN_POINT('',(225.,274.,825.));
#12034=CARTESIAN_POINT('',(1225.,274.,810.));
#12035=CARTESIAN_POINT('',(225.,274.,810.));
#12036=CARTESIAN_POINT('',(1225.,274.,825.));
#12037=CARTESIAN_POINT('Origin',(1225.,312.,825.));
#12038=CARTESIAN_POINT('',(1225.,312.,825.));
#12039=CARTESIAN_POINT('',(1225.,274.,825.));
#12040=CARTESIAN_POINT('',(1225.,312.,810.));
#12041=CARTESIAN_POINT('',(1225.,274.,810.));
#12042=CARTESIAN_POINT('',(1225.,312.,825.));
#12043=CARTESIAN_POINT('Origin',(225.,312.,825.));
#12044=CARTESIAN_POINT('',(1225.,312.,825.));
#12045=CARTESIAN_POINT('',(1225.,312.,810.));
#12046=CARTESIAN_POINT('Origin',(725.,293.,825.));
#12047=CARTESIAN_POINT('Origin',(725.,293.,810.));
#12048=CARTESIAN_POINT('',(0.,0.,0.));
#12049=CARTESIAN_POINT('Origin',(725.,78.,840.));
#12050=CARTESIAN_POINT('',(725.,78.,840.));
#12051=CARTESIAN_POINT('',(725.,40.,840.));
#12052=CARTESIAN_POINT('',(725.,78.,840.));
#12053=CARTESIAN_POINT('',(725.,40.,825.));
#12054=CARTESIAN_POINT('',(725.,40.,840.));
#12055=CARTESIAN_POINT('',(725.,78.,825.));
#12056=CARTESIAN_POINT('',(725.,78.,825.));
#12057=CARTESIAN_POINT('',(725.,78.,840.));
#12058=CARTESIAN_POINT('Origin',(151.,78.,840.));
#12059=CARTESIAN_POINT('',(151.,78.,840.));
#12060=CARTESIAN_POINT('',(151.,78.,840.));
#12061=CARTESIAN_POINT('',(151.,78.,825.));
#12062=CARTESIAN_POINT('',(151.,78.,825.));
#12063=CARTESIAN_POINT('',(151.,78.,840.));
#12064=CARTESIAN_POINT('Origin',(151.,40.,840.));
#12065=CARTESIAN_POINT('',(151.,40.,840.));
#12066=CARTESIAN_POINT('',(151.,40.,840.));
#12067=CARTESIAN_POINT('',(151.,40.,825.));
#12068=CARTESIAN_POINT('',(151.,40.,825.));
#12069=CARTESIAN_POINT('',(151.,40.,840.));
#12070=CARTESIAN_POINT('Origin',(725.,40.,840.));
#12071=CARTESIAN_POINT('',(725.,40.,840.));
#12072=CARTESIAN_POINT('',(725.,40.,825.));
#12073=CARTESIAN_POINT('Origin',(438.,59.,840.));
#12074=CARTESIAN_POINT('Origin',(438.,59.,825.));
#12075=CARTESIAN_POINT('',(0.,0.,0.));
#12076=CARTESIAN_POINT('Origin',(664.300000000004,297.5,772.5));
#12077=CARTESIAN_POINT('',(664.300000000004,305.,740.));
#12078=CARTESIAN_POINT('',(664.300000000004,305.,805.));
#12079=CARTESIAN_POINT('',(664.300000000004,305.,740.));
#12080=CARTESIAN_POINT('',(664.300000000004,290.,805.));
#12081=CARTESIAN_POINT('',(664.300000000004,305.,805.));
#12082=CARTESIAN_POINT('',(664.300000000004,290.,740.));
#12083=CARTESIAN_POINT('',(664.300000000004,290.,805.));
#12084=CARTESIAN_POINT('',(664.300000000004,290.,740.));
#12085=CARTESIAN_POINT('Origin',(290.700000000004,290.,805.));
#12086=CARTESIAN_POINT('',(285.700000000004,305.,805.));
#12087=CARTESIAN_POINT('',(290.700000000004,305.,805.));
#12088=CARTESIAN_POINT('',(285.700000000004,290.,805.));
#12089=CARTESIAN_POINT('',(285.700000000004,305.,805.));
#12090=CARTESIAN_POINT('',(290.700000000004,290.,805.));
#12091=CARTESIAN_POINT('Origin',(290.700000000004,290.,740.));
#12092=CARTESIAN_POINT('',(285.700000000004,290.,740.));
#12093=CARTESIAN_POINT('',(285.700000000004,290.,805.));
#12094=CARTESIAN_POINT('',(290.700000000004,290.,740.));
#12095=CARTESIAN_POINT('Origin',(290.700000000004,305.,740.));
#12096=CARTESIAN_POINT('',(285.700000000004,305.,740.));
#12097=CARTESIAN_POINT('',(285.700000000004,290.,740.));
#12098=CARTESIAN_POINT('',(290.700000000004,305.,740.));
#12099=CARTESIAN_POINT('Origin',(290.700000000004,305.,805.));
#12100=CARTESIAN_POINT('',(285.700000000004,305.,740.));
#12101=CARTESIAN_POINT('Origin',(285.700000000004,297.5,772.5));
#12102=CARTESIAN_POINT('',(0.,0.,0.));
#12103=CARTESIAN_POINT('Origin',(1164.3,305.,805.));
#12104=CARTESIAN_POINT('',(1164.3,305.,740.));
#12105=CARTESIAN_POINT('',(1164.3,305.,805.));
#12106=CARTESIAN_POINT('',(1164.3,305.,740.));
#12107=CARTESIAN_POINT('',(785.699999999999,305.,740.));
#12108=CARTESIAN_POINT('',(1164.3,305.,740.));
#12109=CARTESIAN_POINT('',(785.699999999999,305.,805.));
#12110=CARTESIAN_POINT('',(785.699999999999,305.,740.));
#12111=CARTESIAN_POINT('',(1164.3,305.,805.));
#12112=CARTESIAN_POINT('Origin',(1164.3,290.,805.));
#12113=CARTESIAN_POINT('',(1164.3,290.,805.));
#12114=CARTESIAN_POINT('',(1164.3,305.,805.));
#12115=CARTESIAN_POINT('',(785.699999999999,290.,805.));
#12116=CARTESIAN_POINT('',(785.699999999999,305.,805.));
#12117=CARTESIAN_POINT('',(1164.3,290.,805.));
#12118=CARTESIAN_POINT('Origin',(1164.3,290.,740.));
#12119=CARTESIAN_POINT('',(1164.3,290.,740.));
#12120=CARTESIAN_POINT('',(1164.3,290.,805.));
#12121=CARTESIAN_POINT('',(785.699999999999,290.,740.));
#12122=CARTESIAN_POINT('',(785.699999999999,290.,805.));
#12123=CARTESIAN_POINT('',(1164.3,290.,740.));
#12124=CARTESIAN_POINT('Origin',(1164.3,305.,740.));
#12125=CARTESIAN_POINT('',(1164.3,290.,740.));
#12126=CARTESIAN_POINT('',(785.699999999999,290.,740.));
#12127=CARTESIAN_POINT('Origin',(785.699999999999,297.5,772.5));
#12128=CARTESIAN_POINT('Origin',(1164.3,297.5,772.5));
#12129=CARTESIAN_POINT('',(0.,0.,0.));
#12130=CARTESIAN_POINT('',(0.,0.,0.));
#12131=CARTESIAN_POINT('',(0.,0.,0.));
#12132=CARTESIAN_POINT('',(0.,0.,0.));
#12133=CARTESIAN_POINT('',(0.,0.,0.));
#12134=CARTESIAN_POINT('',(0.,0.,0.));
#12135=CARTESIAN_POINT('',(-40.,0.,0.));
#12136=CARTESIAN_POINT('',(0.,0.,0.));
#12137=CARTESIAN_POINT('',(0.,0.,0.));
#12138=CARTESIAN_POINT('',(-4.12618091608594,2.25173279619902,-1.58918591075263));
#12139=CARTESIAN_POINT('',(0.,0.,0.));
#12140=CARTESIAN_POINT('',(0.,0.,0.));
#12141=CARTESIAN_POINT('',(0.,0.,0.));
#12142=CARTESIAN_POINT('',(-0.00914746147515493,-199.962956859416,0.00301742679724559));
#12143=CARTESIAN_POINT('',(-2.,0.,0.));
#12144=CARTESIAN_POINT('',(2.,0.,0.));
#12145=CARTESIAN_POINT('',(2.,0.,0.));
#12146=CARTESIAN_POINT('',(-2.,0.,0.));
#12147=CARTESIAN_POINT('',(2.,0.,0.));
#12148=CARTESIAN_POINT('',(-2.,0.,0.));
#12149=CARTESIAN_POINT('',(0.,0.,0.));
#12150=CARTESIAN_POINT('',(2.,0.,0.));
#12151=CARTESIAN_POINT('',(-2.,0.,0.));
#12152=CARTESIAN_POINT('',(0.,0.,0.));
#12153=CARTESIAN_POINT('',(0.,0.,0.));
#12154=CARTESIAN_POINT('',(0.,0.,0.));
#12155=CARTESIAN_POINT('',(0.,0.,0.));
#12156=CARTESIAN_POINT('',(-2.,0.,0.));
#12157=CARTESIAN_POINT('',(-2.,0.,0.));
#12158=CARTESIAN_POINT('',(0.,0.,0.));
#12159=CARTESIAN_POINT('',(0.,0.,0.));
#12160=CARTESIAN_POINT('',(0.,0.,0.));
#12161=CARTESIAN_POINT('',(0.,0.,0.));
#12162=CARTESIAN_POINT('',(0.,0.,0.));
#12163=CARTESIAN_POINT('',(0.,0.,0.));
#12164=CARTESIAN_POINT('',(0.,0.,0.));
#12165=CARTESIAN_POINT('',(0.,0.,0.));
#12166=UNCERTAINTY_MEASURE_WITH_UNIT(LENGTH_MEASURE(0.01),#12244,
'DISTANCE_ACCURACY_VALUE',
'Maximum model space distance between geometric entities at asserted c
onnectivities');
#12167=UNCERTAINTY_MEASURE_WITH_UNIT(LENGTH_MEASURE(0.01),#12244,
'DISTANCE_ACCURACY_VALUE',
'Maximum model space distance between geometric entities at asserted c
onnectivities');
#12168=UNCERTAINTY_MEASURE_WITH_UNIT(LENGTH_MEASURE(0.01),#12244,
'DISTANCE_ACCURACY_VALUE',
'Maximum model space distance between geometric entities at asserted c
onnectivities');
#12169=UNCERTAINTY_MEASURE_WITH_UNIT(LENGTH_MEASURE(0.01),#12244,
'DISTANCE_ACCURACY_VALUE',
'Maximum model space distance between geometric entities at asserted c
onnectivities');
#12170=UNCERTAINTY_MEASURE_WITH_UNIT(LENGTH_MEASURE(0.01),#12244,
'DISTANCE_ACCURACY_VALUE',
'Maximum model space distance between geometric entities at asserted c
onnectivities');
#12171=UNCERTAINTY_MEASURE_WITH_UNIT(LENGTH_MEASURE(0.01),#12244,
'DISTANCE_ACCURACY_VALUE',
'Maximum model space distance between geometric entities at asserted c
onnectivities');
#12172=UNCERTAINTY_MEASURE_WITH_UNIT(LENGTH_MEASURE(0.01),#12244,
'DISTANCE_ACCURACY_VALUE',
'Maximum model space distance between geometric entities at asserted c
onnectivities');
#12173=UNCERTAINTY_MEASURE_WITH_UNIT(LENGTH_MEASURE(0.01),#12244,
'DISTANCE_ACCURACY_VALUE',
'Maximum model space distance between geometric entities at asserted c
onnectivities');
#12174=UNCERTAINTY_MEASURE_WITH_UNIT(LENGTH_MEASURE(0.01),#12244,
'DISTANCE_ACCURACY_VALUE',
'Maximum model space distance between geometric entities at asserted c
onnectivities');
#12175=UNCERTAINTY_MEASURE_WITH_UNIT(LENGTH_MEASURE(0.01),#12244,
'DISTANCE_ACCURACY_VALUE',
'Maximum model space distance between geometric entities at asserted c
onnectivities');
#12176=UNCERTAINTY_MEASURE_WITH_UNIT(LENGTH_MEASURE(0.01),#12244,
'DISTANCE_ACCURACY_VALUE',
'Maximum model space distance between geometric entities at asserted c
onnectivities');
#12177=UNCERTAINTY_MEASURE_WITH_UNIT(LENGTH_MEASURE(0.01),#12244,
'DISTANCE_ACCURACY_VALUE',
'Maximum model space distance between geometric entities at asserted c
onnectivities');
#12178=UNCERTAINTY_MEASURE_WITH_UNIT(LENGTH_MEASURE(0.01),#12244,
'DISTANCE_ACCURACY_VALUE',
'Maximum model space distance between geometric entities at asserted c
onnectivities');
#12179=UNCERTAINTY_MEASURE_WITH_UNIT(LENGTH_MEASURE(0.01),#12244,
'DISTANCE_ACCURACY_VALUE',
'Maximum model space distance between geometric entities at asserted c
onnectivities');
#12180=UNCERTAINTY_MEASURE_WITH_UNIT(LENGTH_MEASURE(0.01),#12244,
'DISTANCE_ACCURACY_VALUE',
'Maximum model space distance between geometric entities at asserted c
onnectivities');
#12181=UNCERTAINTY_MEASURE_WITH_UNIT(LENGTH_MEASURE(0.01),#12244,
'DISTANCE_ACCURACY_VALUE',
'Maximum model space distance between geometric entities at asserted c
onnectivities');
#12182=UNCERTAINTY_MEASURE_WITH_UNIT(LENGTH_MEASURE(0.01),#12244,
'DISTANCE_ACCURACY_VALUE',
'Maximum model space distance between geometric entities at asserted c
onnectivities');
#12183=UNCERTAINTY_MEASURE_WITH_UNIT(LENGTH_MEASURE(0.01),#12244,
'DISTANCE_ACCURACY_VALUE',
'Maximum model space distance between geometric entities at asserted c
onnectivities');
#12184=UNCERTAINTY_MEASURE_WITH_UNIT(LENGTH_MEASURE(0.01),#12244,
'DISTANCE_ACCURACY_VALUE',
'Maximum model space distance between geometric entities at asserted c
onnectivities');
#12185=UNCERTAINTY_MEASURE_WITH_UNIT(LENGTH_MEASURE(0.01),#12244,
'DISTANCE_ACCURACY_VALUE',
'Maximum model space distance between geometric entities at asserted c
onnectivities');
#12186=UNCERTAINTY_MEASURE_WITH_UNIT(LENGTH_MEASURE(0.01),#12244,
'DISTANCE_ACCURACY_VALUE',
'Maximum model space distance between geometric entities at asserted c
onnectivities');
#12187=UNCERTAINTY_MEASURE_WITH_UNIT(LENGTH_MEASURE(0.01),#12244,
'DISTANCE_ACCURACY_VALUE',
'Maximum model space distance between geometric entities at asserted c
onnectivities');
#12188=UNCERTAINTY_MEASURE_WITH_UNIT(LENGTH_MEASURE(0.01),#12244,
'DISTANCE_ACCURACY_VALUE',
'Maximum model space distance between geometric entities at asserted c
onnectivities');
#12189=UNCERTAINTY_MEASURE_WITH_UNIT(LENGTH_MEASURE(0.01),#12244,
'DISTANCE_ACCURACY_VALUE',
'Maximum model space distance between geometric entities at asserted c
onnectivities');
#12190=UNCERTAINTY_MEASURE_WITH_UNIT(LENGTH_MEASURE(0.01),#12244,
'DISTANCE_ACCURACY_VALUE',
'Maximum model space distance between geometric entities at asserted c
onnectivities');
#12191=UNCERTAINTY_MEASURE_WITH_UNIT(LENGTH_MEASURE(0.01),#12244,
'DISTANCE_ACCURACY_VALUE',
'Maximum model space distance between geometric entities at asserted c
onnectivities');
#12192=UNCERTAINTY_MEASURE_WITH_UNIT(LENGTH_MEASURE(0.01),#12244,
'DISTANCE_ACCURACY_VALUE',
'Maximum model space distance between geometric entities at asserted c
onnectivities');
#12193=UNCERTAINTY_MEASURE_WITH_UNIT(LENGTH_MEASURE(0.01),#12244,
'DISTANCE_ACCURACY_VALUE',
'Maximum model space distance between geometric entities at asserted c
onnectivities');
#12194=UNCERTAINTY_MEASURE_WITH_UNIT(LENGTH_MEASURE(0.01),#12244,
'DISTANCE_ACCURACY_VALUE',
'Maximum model space distance between geometric entities at asserted c
onnectivities');
#12195=UNCERTAINTY_MEASURE_WITH_UNIT(LENGTH_MEASURE(0.01),#12244,
'DISTANCE_ACCURACY_VALUE',
'Maximum model space distance between geometric entities at asserted c
onnectivities');
#12196=UNCERTAINTY_MEASURE_WITH_UNIT(LENGTH_MEASURE(0.01),#12244,
'DISTANCE_ACCURACY_VALUE',
'Maximum model space distance between geometric entities at asserted c
onnectivities');
#12197=UNCERTAINTY_MEASURE_WITH_UNIT(LENGTH_MEASURE(0.01),#12244,
'DISTANCE_ACCURACY_VALUE',
'Maximum model space distance between geometric entities at asserted c
onnectivities');
#12198=UNCERTAINTY_MEASURE_WITH_UNIT(LENGTH_MEASURE(0.01),#12244,
'DISTANCE_ACCURACY_VALUE',
'Maximum model space distance between geometric entities at asserted c
onnectivities');
#12199=UNCERTAINTY_MEASURE_WITH_UNIT(LENGTH_MEASURE(0.01),#12244,
'DISTANCE_ACCURACY_VALUE',
'Maximum model space distance between geometric entities at asserted c
onnectivities');
#12200=UNCERTAINTY_MEASURE_WITH_UNIT(LENGTH_MEASURE(0.01),#12244,
'DISTANCE_ACCURACY_VALUE',
'Maximum model space distance between geometric entities at asserted c
onnectivities');
#12201=UNCERTAINTY_MEASURE_WITH_UNIT(LENGTH_MEASURE(0.01),#12244,
'DISTANCE_ACCURACY_VALUE',
'Maximum model space distance between geometric entities at asserted c
onnectivities');
#12202=UNCERTAINTY_MEASURE_WITH_UNIT(LENGTH_MEASURE(0.01),#12244,
'DISTANCE_ACCURACY_VALUE',
'Maximum model space distance between geometric entities at asserted c
onnectivities');
#12203=UNCERTAINTY_MEASURE_WITH_UNIT(LENGTH_MEASURE(0.01),#12244,
'DISTANCE_ACCURACY_VALUE',
'Maximum model space distance between geometric entities at asserted c
onnectivities');
#12204=UNCERTAINTY_MEASURE_WITH_UNIT(LENGTH_MEASURE(0.01),#12244,
'DISTANCE_ACCURACY_VALUE',
'Maximum model space distance between geometric entities at asserted c
onnectivities');
#12205=(
GEOMETRIC_REPRESENTATION_CONTEXT(3)
GLOBAL_UNCERTAINTY_ASSIGNED_CONTEXT((#12166))
GLOBAL_UNIT_ASSIGNED_CONTEXT((#12244,#12246,#12247))
REPRESENTATION_CONTEXT('','3D')
);
#12206=(
GEOMETRIC_REPRESENTATION_CONTEXT(3)
GLOBAL_UNCERTAINTY_ASSIGNED_CONTEXT((#12167))
GLOBAL_UNIT_ASSIGNED_CONTEXT((#12244,#12246,#12247))
REPRESENTATION_CONTEXT('','3D')
);
#12207=(
GEOMETRIC_REPRESENTATION_CONTEXT(3)
GLOBAL_UNCERTAINTY_ASSIGNED_CONTEXT((#12168))
GLOBAL_UNIT_ASSIGNED_CONTEXT((#12244,#12246,#12247))
REPRESENTATION_CONTEXT('','3D')
);
#12208=(
GEOMETRIC_REPRESENTATION_CONTEXT(3)
GLOBAL_UNCERTAINTY_ASSIGNED_CONTEXT((#12169))
GLOBAL_UNIT_ASSIGNED_CONTEXT((#12244,#12246,#12247))
REPRESENTATION_CONTEXT('','3D')
);
#12209=(
GEOMETRIC_REPRESENTATION_CONTEXT(3)
GLOBAL_UNCERTAINTY_ASSIGNED_CONTEXT((#12170))
GLOBAL_UNIT_ASSIGNED_CONTEXT((#12244,#12246,#12247))
REPRESENTATION_CONTEXT('','3D')
);
#12210=(
GEOMETRIC_REPRESENTATION_CONTEXT(3)
GLOBAL_UNCERTAINTY_ASSIGNED_CONTEXT((#12171))
GLOBAL_UNIT_ASSIGNED_CONTEXT((#12244,#12246,#12247))
REPRESENTATION_CONTEXT('','3D')
);
#12211=(
GEOMETRIC_REPRESENTATION_CONTEXT(3)
GLOBAL_UNCERTAINTY_ASSIGNED_CONTEXT((#12172))
GLOBAL_UNIT_ASSIGNED_CONTEXT((#12244,#12246,#12247))
REPRESENTATION_CONTEXT('','3D')
);
#12212=(
GEOMETRIC_REPRESENTATION_CONTEXT(3)
GLOBAL_UNCERTAINTY_ASSIGNED_CONTEXT((#12173))
GLOBAL_UNIT_ASSIGNED_CONTEXT((#12244,#12246,#12247))
REPRESENTATION_CONTEXT('','3D')
);
#12213=(
GEOMETRIC_REPRESENTATION_CONTEXT(3)
GLOBAL_UNCERTAINTY_ASSIGNED_CONTEXT((#12174))
GLOBAL_UNIT_ASSIGNED_CONTEXT((#12244,#12246,#12247))
REPRESENTATION_CONTEXT('','3D')
);
#12214=(
GEOMETRIC_REPRESENTATION_CONTEXT(3)
GLOBAL_UNCERTAINTY_ASSIGNED_CONTEXT((#12175))
GLOBAL_UNIT_ASSIGNED_CONTEXT((#12244,#12246,#12247))
REPRESENTATION_CONTEXT('','3D')
);
#12215=(
GEOMETRIC_REPRESENTATION_CONTEXT(3)
GLOBAL_UNCERTAINTY_ASSIGNED_CONTEXT((#12176))
GLOBAL_UNIT_ASSIGNED_CONTEXT((#12244,#12246,#12247))
REPRESENTATION_CONTEXT('','3D')
);
#12216=(
GEOMETRIC_REPRESENTATION_CONTEXT(3)
GLOBAL_UNCERTAINTY_ASSIGNED_CONTEXT((#12177))
GLOBAL_UNIT_ASSIGNED_CONTEXT((#12244,#12246,#12247))
REPRESENTATION_CONTEXT('','3D')
);
#12217=(
GEOMETRIC_REPRESENTATION_CONTEXT(3)
GLOBAL_UNCERTAINTY_ASSIGNED_CONTEXT((#12178))
GLOBAL_UNIT_ASSIGNED_CONTEXT((#12244,#12246,#12247))
REPRESENTATION_CONTEXT('','3D')
);
#12218=(
GEOMETRIC_REPRESENTATION_CONTEXT(3)
GLOBAL_UNCERTAINTY_ASSIGNED_CONTEXT((#12179))
GLOBAL_UNIT_ASSIGNED_CONTEXT((#12244,#12246,#12247))
REPRESENTATION_CONTEXT('','3D')
);
#12219=(
GEOMETRIC_REPRESENTATION_CONTEXT(3)
GLOBAL_UNCERTAINTY_ASSIGNED_CONTEXT((#12180))
GLOBAL_UNIT_ASSIGNED_CONTEXT((#12244,#12246,#12247))
REPRESENTATION_CONTEXT('','3D')
);
#12220=(
GEOMETRIC_REPRESENTATION_CONTEXT(3)
GLOBAL_UNCERTAINTY_ASSIGNED_CONTEXT((#12181))
GLOBAL_UNIT_ASSIGNED_CONTEXT((#12244,#12246,#12247))
REPRESENTATION_CONTEXT('','3D')
);
#12221=(
GEOMETRIC_REPRESENTATION_CONTEXT(3)
GLOBAL_UNCERTAINTY_ASSIGNED_CONTEXT((#12182))
GLOBAL_UNIT_ASSIGNED_CONTEXT((#12244,#12246,#12247))
REPRESENTATION_CONTEXT('','3D')
);
#12222=(
GEOMETRIC_REPRESENTATION_CONTEXT(3)
GLOBAL_UNCERTAINTY_ASSIGNED_CONTEXT((#12183))
GLOBAL_UNIT_ASSIGNED_CONTEXT((#12244,#12246,#12247))
REPRESENTATION_CONTEXT('','3D')
);
#12223=(
GEOMETRIC_REPRESENTATION_CONTEXT(3)
GLOBAL_UNCERTAINTY_ASSIGNED_CONTEXT((#12184))
GLOBAL_UNIT_ASSIGNED_CONTEXT((#12244,#12246,#12247))
REPRESENTATION_CONTEXT('','3D')
);
#12224=(
GEOMETRIC_REPRESENTATION_CONTEXT(3)
GLOBAL_UNCERTAINTY_ASSIGNED_CONTEXT((#12185))
GLOBAL_UNIT_ASSIGNED_CONTEXT((#12244,#12246,#12247))
REPRESENTATION_CONTEXT('','3D')
);
#12225=(
GEOMETRIC_REPRESENTATION_CONTEXT(3)
GLOBAL_UNCERTAINTY_ASSIGNED_CONTEXT((#12186))
GLOBAL_UNIT_ASSIGNED_CONTEXT((#12244,#12246,#12247))
REPRESENTATION_CONTEXT('','3D')
);
#12226=(
GEOMETRIC_REPRESENTATION_CONTEXT(3)
GLOBAL_UNCERTAINTY_ASSIGNED_CONTEXT((#12187))
GLOBAL_UNIT_ASSIGNED_CONTEXT((#12244,#12246,#12247))
REPRESENTATION_CONTEXT('','3D')
);
#12227=(
GEOMETRIC_REPRESENTATION_CONTEXT(3)
GLOBAL_UNCERTAINTY_ASSIGNED_CONTEXT((#12188))
GLOBAL_UNIT_ASSIGNED_CONTEXT((#12244,#12246,#12247))
REPRESENTATION_CONTEXT('','3D')
);
#12228=(
GEOMETRIC_REPRESENTATION_CONTEXT(3)
GLOBAL_UNCERTAINTY_ASSIGNED_CONTEXT((#12189))
GLOBAL_UNIT_ASSIGNED_CONTEXT((#12244,#12246,#12247))
REPRESENTATION_CONTEXT('','3D')
);
#12229=(
GEOMETRIC_REPRESENTATION_CONTEXT(3)
GLOBAL_UNCERTAINTY_ASSIGNED_CONTEXT((#12190))
GLOBAL_UNIT_ASSIGNED_CONTEXT((#12244,#12246,#12247))
REPRESENTATION_CONTEXT('','3D')
);
#12230=(
GEOMETRIC_REPRESENTATION_CONTEXT(3)
GLOBAL_UNCERTAINTY_ASSIGNED_CONTEXT((#12191))
GLOBAL_UNIT_ASSIGNED_CONTEXT((#12244,#12246,#12247))
REPRESENTATION_CONTEXT('','3D')
);
#12231=(
GEOMETRIC_REPRESENTATION_CONTEXT(3)
GLOBAL_UNCERTAINTY_ASSIGNED_CONTEXT((#12192))
GLOBAL_UNIT_ASSIGNED_CONTEXT((#12244,#12246,#12247))
REPRESENTATION_CONTEXT('','3D')
);
#12232=(
GEOMETRIC_REPRESENTATION_CONTEXT(3)
GLOBAL_UNCERTAINTY_ASSIGNED_CONTEXT((#12193))
GLOBAL_UNIT_ASSIGNED_CONTEXT((#12244,#12246,#12247))
REPRESENTATION_CONTEXT('','3D')
);
#12233=(
GEOMETRIC_REPRESENTATION_CONTEXT(3)
GLOBAL_UNCERTAINTY_ASSIGNED_CONTEXT((#12194))
GLOBAL_UNIT_ASSIGNED_CONTEXT((#12244,#12246,#12247))
REPRESENTATION_CONTEXT('','3D')
);
#12234=(
GEOMETRIC_REPRESENTATION_CONTEXT(3)
GLOBAL_UNCERTAINTY_ASSIGNED_CONTEXT((#12195))
GLOBAL_UNIT_ASSIGNED_CONTEXT((#12244,#12246,#12247))
REPRESENTATION_CONTEXT('','3D')
);
#12235=(
GEOMETRIC_REPRESENTATION_CONTEXT(3)
GLOBAL_UNCERTAINTY_ASSIGNED_CONTEXT((#12196))
GLOBAL_UNIT_ASSIGNED_CONTEXT((#12244,#12246,#12247))
REPRESENTATION_CONTEXT('','3D')
);
#12236=(
GEOMETRIC_REPRESENTATION_CONTEXT(3)
GLOBAL_UNCERTAINTY_ASSIGNED_CONTEXT((#12197))
GLOBAL_UNIT_ASSIGNED_CONTEXT((#12244,#12246,#12247))
REPRESENTATION_CONTEXT('','3D')
);
#12237=(
GEOMETRIC_REPRESENTATION_CONTEXT(3)
GLOBAL_UNCERTAINTY_ASSIGNED_CONTEXT((#12198))
GLOBAL_UNIT_ASSIGNED_CONTEXT((#12244,#12246,#12247))
REPRESENTATION_CONTEXT('','3D')
);
#12238=(
GEOMETRIC_REPRESENTATION_CONTEXT(3)
GLOBAL_UNCERTAINTY_ASSIGNED_CONTEXT((#12199))
GLOBAL_UNIT_ASSIGNED_CONTEXT((#12244,#12246,#12247))
REPRESENTATION_CONTEXT('','3D')
);
#12239=(
GEOMETRIC_REPRESENTATION_CONTEXT(3)
GLOBAL_UNCERTAINTY_ASSIGNED_CONTEXT((#12200))
GLOBAL_UNIT_ASSIGNED_CONTEXT((#12244,#12246,#12247))
REPRESENTATION_CONTEXT('','3D')
);
#12240=(
GEOMETRIC_REPRESENTATION_CONTEXT(3)
GLOBAL_UNCERTAINTY_ASSIGNED_CONTEXT((#12201))
GLOBAL_UNIT_ASSIGNED_CONTEXT((#12244,#12246,#12247))
REPRESENTATION_CONTEXT('','3D')
);
#12241=(
GEOMETRIC_REPRESENTATION_CONTEXT(3)
GLOBAL_UNCERTAINTY_ASSIGNED_CONTEXT((#12202))
GLOBAL_UNIT_ASSIGNED_CONTEXT((#12244,#12246,#12247))
REPRESENTATION_CONTEXT('','3D')
);
#12242=(
GEOMETRIC_REPRESENTATION_CONTEXT(3)
GLOBAL_UNCERTAINTY_ASSIGNED_CONTEXT((#12203))
GLOBAL_UNIT_ASSIGNED_CONTEXT((#12244,#12246,#12247))
REPRESENTATION_CONTEXT('','3D')
);
#12243=(
GEOMETRIC_REPRESENTATION_CONTEXT(3)
GLOBAL_UNCERTAINTY_ASSIGNED_CONTEXT((#12204))
GLOBAL_UNIT_ASSIGNED_CONTEXT((#12244,#12246,#12247))
REPRESENTATION_CONTEXT('','3D')
);
#12244=(
LENGTH_UNIT()
NAMED_UNIT(*)
SI_UNIT(.MILLI.,.METRE.)
);
#12245=(
LENGTH_UNIT()
NAMED_UNIT(*)
SI_UNIT($,.METRE.)
);
#12246=(
NAMED_UNIT(*)
PLANE_ANGLE_UNIT()
SI_UNIT($,.RADIAN.)
);
#12247=(
NAMED_UNIT(*)
SI_UNIT($,.STERADIAN.)
SOLID_ANGLE_UNIT()
);
#12248=SHAPE_DEFINITION_REPRESENTATION(#12286,#12361);
#12249=SHAPE_DEFINITION_REPRESENTATION(#12287,#12362);
#12250=SHAPE_DEFINITION_REPRESENTATION(#12288,#12363);
#12251=SHAPE_DEFINITION_REPRESENTATION(#12289,#12364);
#12252=SHAPE_DEFINITION_REPRESENTATION(#12290,#12365);
#12253=SHAPE_DEFINITION_REPRESENTATION(#12291,#12366);
#12254=SHAPE_DEFINITION_REPRESENTATION(#12292,#12367);
#12255=SHAPE_DEFINITION_REPRESENTATION(#12293,#12368);
#12256=SHAPE_DEFINITION_REPRESENTATION(#12294,#12369);
#12257=SHAPE_DEFINITION_REPRESENTATION(#12295,#12370);
#12258=SHAPE_DEFINITION_REPRESENTATION(#12296,#12371);
#12259=SHAPE_DEFINITION_REPRESENTATION(#12297,#12372);
#12260=SHAPE_DEFINITION_REPRESENTATION(#12298,#12373);
#12261=SHAPE_DEFINITION_REPRESENTATION(#12299,#12374);
#12262=SHAPE_DEFINITION_REPRESENTATION(#12300,#12375);
#12263=SHAPE_DEFINITION_REPRESENTATION(#12301,#12376);
#12264=SHAPE_DEFINITION_REPRESENTATION(#12302,#12377);
#12265=SHAPE_DEFINITION_REPRESENTATION(#12303,#12378);
#12266=SHAPE_DEFINITION_REPRESENTATION(#12304,#12379);
#12267=SHAPE_DEFINITION_REPRESENTATION(#12305,#12380);
#12268=SHAPE_DEFINITION_REPRESENTATION(#12306,#12381);
#12269=SHAPE_DEFINITION_REPRESENTATION(#12307,#12382);
#12270=SHAPE_DEFINITION_REPRESENTATION(#12308,#12383);
#12271=SHAPE_DEFINITION_REPRESENTATION(#12309,#12384);
#12272=SHAPE_DEFINITION_REPRESENTATION(#12310,#12385);
#12273=SHAPE_DEFINITION_REPRESENTATION(#12311,#12386);
#12274=SHAPE_DEFINITION_REPRESENTATION(#12312,#12387);
#12275=SHAPE_DEFINITION_REPRESENTATION(#12313,#12388);
#12276=SHAPE_DEFINITION_REPRESENTATION(#12314,#12389);
#12277=SHAPE_DEFINITION_REPRESENTATION(#12315,#12390);
#12278=SHAPE_DEFINITION_REPRESENTATION(#12316,#12391);
#12279=SHAPE_DEFINITION_REPRESENTATION(#12317,#12392);
#12280=SHAPE_DEFINITION_REPRESENTATION(#12318,#12393);
#12281=SHAPE_DEFINITION_REPRESENTATION(#12319,#12394);
#12282=SHAPE_DEFINITION_REPRESENTATION(#12320,#12395);
#12283=SHAPE_DEFINITION_REPRESENTATION(#12321,#12396);
#12284=SHAPE_DEFINITION_REPRESENTATION(#12322,#12397);
#12285=SHAPE_DEFINITION_REPRESENTATION(#12323,#12398);
#12286=PRODUCT_DEFINITION_SHAPE('',$,#12400);
#12287=PRODUCT_DEFINITION_SHAPE('',$,#12401);
#12288=PRODUCT_DEFINITION_SHAPE('',$,#12402);
#12289=PRODUCT_DEFINITION_SHAPE('',$,#12403);
#12290=PRODUCT_DEFINITION_SHAPE('',$,#12404);
#12291=PRODUCT_DEFINITION_SHAPE('',$,#12405);
#12292=PRODUCT_DEFINITION_SHAPE('',$,#12406);
#12293=PRODUCT_DEFINITION_SHAPE('',$,#12407);
#12294=PRODUCT_DEFINITION_SHAPE('',$,#12408);
#12295=PRODUCT_DEFINITION_SHAPE('',$,#12409);
#12296=PRODUCT_DEFINITION_SHAPE('',$,#12410);
#12297=PRODUCT_DEFINITION_SHAPE('',$,#12411);
#12298=PRODUCT_DEFINITION_SHAPE('',$,#12412);
#12299=PRODUCT_DEFINITION_SHAPE('',$,#12413);
#12300=PRODUCT_DEFINITION_SHAPE('',$,#12414);
#12301=PRODUCT_DEFINITION_SHAPE('',$,#12415);
#12302=PRODUCT_DEFINITION_SHAPE('',$,#12416);
#12303=PRODUCT_DEFINITION_SHAPE('',$,#12417);
#12304=PRODUCT_DEFINITION_SHAPE('',$,#12418);
#12305=PRODUCT_DEFINITION_SHAPE('',$,#12419);
#12306=PRODUCT_DEFINITION_SHAPE('',$,#12420);
#12307=PRODUCT_DEFINITION_SHAPE('',$,#12421);
#12308=PRODUCT_DEFINITION_SHAPE('',$,#12422);
#12309=PRODUCT_DEFINITION_SHAPE('',$,#12423);
#12310=PRODUCT_DEFINITION_SHAPE('',$,#12424);
#12311=PRODUCT_DEFINITION_SHAPE('',$,#12425);
#12312=PRODUCT_DEFINITION_SHAPE('',$,#12426);
#12313=PRODUCT_DEFINITION_SHAPE('',$,#12427);
#12314=PRODUCT_DEFINITION_SHAPE('',$,#12428);
#12315=PRODUCT_DEFINITION_SHAPE('',$,#12429);
#12316=PRODUCT_DEFINITION_SHAPE('',$,#12430);
#12317=PRODUCT_DEFINITION_SHAPE('',$,#12431);
#12318=PRODUCT_DEFINITION_SHAPE('',$,#12432);
#12319=PRODUCT_DEFINITION_SHAPE('',$,#12433);
#12320=PRODUCT_DEFINITION_SHAPE('',$,#12434);
#12321=PRODUCT_DEFINITION_SHAPE('',$,#12435);
#12322=PRODUCT_DEFINITION_SHAPE('',$,#12436);
#12323=PRODUCT_DEFINITION_SHAPE('',$,#12437);
#12324=PRODUCT_DEFINITION_SHAPE($,$,#122);
#12325=PRODUCT_DEFINITION_SHAPE($,$,#123);
#12326=PRODUCT_DEFINITION_SHAPE($,$,#124);
#12327=PRODUCT_DEFINITION_SHAPE($,$,#125);
#12328=PRODUCT_DEFINITION_SHAPE($,$,#126);
#12329=PRODUCT_DEFINITION_SHAPE($,$,#127);
#12330=PRODUCT_DEFINITION_SHAPE($,$,#128);
#12331=PRODUCT_DEFINITION_SHAPE($,$,#129);
#12332=PRODUCT_DEFINITION_SHAPE($,$,#130);
#12333=PRODUCT_DEFINITION_SHAPE($,$,#131);
#12334=PRODUCT_DEFINITION_SHAPE($,$,#132);
#12335=PRODUCT_DEFINITION_SHAPE($,$,#133);
#12336=PRODUCT_DEFINITION_SHAPE($,$,#134);
#12337=PRODUCT_DEFINITION_SHAPE($,$,#135);
#12338=PRODUCT_DEFINITION_SHAPE($,$,#136);
#12339=PRODUCT_DEFINITION_SHAPE($,$,#137);
#12340=PRODUCT_DEFINITION_SHAPE($,$,#138);
#12341=PRODUCT_DEFINITION_SHAPE($,$,#139);
#12342=PRODUCT_DEFINITION_SHAPE($,$,#140);
#12343=PRODUCT_DEFINITION_SHAPE($,$,#141);
#12344=PRODUCT_DEFINITION_SHAPE($,$,#142);
#12345=PRODUCT_DEFINITION_SHAPE($,$,#143);
#12346=PRODUCT_DEFINITION_SHAPE($,$,#144);
#12347=PRODUCT_DEFINITION_SHAPE($,$,#145);
#12348=PRODUCT_DEFINITION_SHAPE($,$,#146);
#12349=PRODUCT_DEFINITION_SHAPE($,$,#147);
#12350=PRODUCT_DEFINITION_SHAPE($,$,#148);
#12351=PRODUCT_DEFINITION_SHAPE($,$,#149);
#12352=PRODUCT_DEFINITION_SHAPE($,$,#150);
#12353=PRODUCT_DEFINITION_SHAPE($,$,#151);
#12354=PRODUCT_DEFINITION_SHAPE($,$,#152);
#12355=PRODUCT_DEFINITION_SHAPE($,$,#153);
#12356=PRODUCT_DEFINITION_SHAPE($,$,#154);
#12357=PRODUCT_DEFINITION_SHAPE($,$,#155);
#12358=PRODUCT_DEFINITION_SHAPE($,$,#156);
#12359=PRODUCT_DEFINITION_SHAPE($,$,#157);
#12360=PRODUCT_DEFINITION_SHAPE($,$,#158);
#12361=SHAPE_REPRESENTATION('',(#7742,#8176,#8177,#8178,#8179,#8180,#8181,
#8182,#8183,#8184,#8185,#8186,#8187,#8188,#8189,#8190,#8191,#8192,#8193,
#8194,#8195,#8196,#8197,#8198,#8199,#8200,#8201,#8202,#8203,#8204,#8205,
#8206,#8207,#8208,#8209,#8210,#8211,#8212),#12205);
#12362=SHAPE_REPRESENTATION('',(#7743),#12206);
#12363=SHAPE_REPRESENTATION('',(#7756),#12207);
#12364=SHAPE_REPRESENTATION('',(#7767),#12208);
#12365=SHAPE_REPRESENTATION('',(#7779),#12209);
#12366=SHAPE_REPRESENTATION('',(#7790),#12210);
#12367=SHAPE_REPRESENTATION('',(#7803),#12211);
#12368=SHAPE_REPRESENTATION('',(#7814),#12212);
#12369=SHAPE_REPRESENTATION('',(#7821),#12213);
#12370=SHAPE_REPRESENTATION('',(#7832),#12214);
#12371=SHAPE_REPRESENTATION('',(#7839),#12215);
#12372=SHAPE_REPRESENTATION('',(#7848),#12216);
#12373=SHAPE_REPRESENTATION('',(#7857),#12217);
#12374=SHAPE_REPRESENTATION('',(#7866),#12218);
#12375=SHAPE_REPRESENTATION('',(#7897),#12219);
#12376=SHAPE_REPRESENTATION('',(#7946),#12220);
#12377=SHAPE_REPRESENTATION('',(#7953),#12221);
#12378=SHAPE_REPRESENTATION('',(#7960),#12222);
#12379=SHAPE_REPRESENTATION('',(#7967),#12223);
#12380=SHAPE_REPRESENTATION('',(#7985),#12224);
#12381=SHAPE_REPRESENTATION('',(#7999),#12225);
#12382=SHAPE_REPRESENTATION('',(#8027),#12226);
#12383=SHAPE_REPRESENTATION('',(#8034),#12227);
#12384=SHAPE_REPRESENTATION('',(#8052),#12228);
#12385=SHAPE_REPRESENTATION('',(#8066),#12229);
#12386=SHAPE_REPRESENTATION('',(#8073),#12230);
#12387=SHAPE_REPRESENTATION('',(#8080),#12231);
#12388=SHAPE_REPRESENTATION('',(#8089),#12232);
#12389=SHAPE_REPRESENTATION('',(#8096),#12233);
#12390=SHAPE_REPRESENTATION('',(#8105),#12234);
#12391=SHAPE_REPRESENTATION('',(#8114),#12235);
#12392=SHAPE_REPRESENTATION('',(#8124),#12236);
#12393=SHAPE_REPRESENTATION('',(#8134),#12237);
#12394=SHAPE_REPRESENTATION('',(#8141),#12238);
#12395=SHAPE_REPRESENTATION('',(#8148),#12239);
#12396=SHAPE_REPRESENTATION('',(#8155),#12240);
#12397=SHAPE_REPRESENTATION('',(#8162),#12241);
#12398=SHAPE_REPRESENTATION('',(#8169),#12242);
#12399=PRODUCT_DEFINITION_CONTEXT('part definition',#12515,'design');
#12400=PRODUCT_DEFINITION('table maia','table maia v20',#12438,#12399);
#12401=PRODUCT_DEFINITION('Composant1','Composant1',#12439,#12399);
#12402=PRODUCT_DEFINITION('Composant2','Composant2',#12440,#12399);
#12403=PRODUCT_DEFINITION('Composant3','Composant3',#12441,#12399);
#12404=PRODUCT_DEFINITION('Composant5','Composant5',#12442,#12399);
#12405=PRODUCT_DEFINITION('Composant6','Composant6',#12443,#12399);
#12406=PRODUCT_DEFINITION('Composant7','Composant7',#12444,#12399);
#12407=PRODUCT_DEFINITION('Composant9','Composant9',#12445,#12399);
#12408=PRODUCT_DEFINITION('Composant10','Composant10',#12446,#12399);
#12409=PRODUCT_DEFINITION('Composant11','Composant11',#12447,#12399);
#12410=PRODUCT_DEFINITION('Composant12','Composant12',#12448,#12399);
#12411=PRODUCT_DEFINITION('Composant13','Composant13',#12449,#12399);
#12412=PRODUCT_DEFINITION('Composant15','Composant15',#12450,#12399);
#12413=PRODUCT_DEFINITION('Composant16','Composant16',#12451,#12399);
#12414=PRODUCT_DEFINITION('Composant19','Composant19',#12452,#12399);
#12415=PRODUCT_DEFINITION('glissiere 1','glissiere 1',#12453,#12399);
#12416=PRODUCT_DEFINITION('glissiere 2','glissiere 2',#12454,#12399);
#12417=PRODUCT_DEFINITION('glissiere 3','glissiere 3',#12455,#12399);
#12418=PRODUCT_DEFINITION('glissiere 4','glissiere 4',#12456,#12399);
#12419=PRODUCT_DEFINITION('Composant31','Composant31',#12457,#12399);
#12420=PRODUCT_DEFINITION('Composant32','Composant32',#12458,#12399);
#12421=PRODUCT_DEFINITION('Composant34','Composant34',#12459,#12399);
#12422=PRODUCT_DEFINITION('Composant35','Composant35',#12460,#12399);
#12423=PRODUCT_DEFINITION('Composant36','Composant36',#12461,#12399);
#12424=PRODUCT_DEFINITION('Composant38','Composant38',#12462,#12399);
#12425=PRODUCT_DEFINITION('Composant41','Composant41',#12463,#12399);
#12426=PRODUCT_DEFINITION('Composant42','Composant42',#12464,#12399);
#12427=PRODUCT_DEFINITION('Composant43','Composant43',#12465,#12399);
#12428=PRODUCT_DEFINITION('Composant44','Composant44',#12466,#12399);
#12429=PRODUCT_DEFINITION('Composant45','Composant45',#12467,#12399);
#12430=PRODUCT_DEFINITION('Composant46','Composant46',#12468,#12399);
#12431=PRODUCT_DEFINITION('Composant47','Composant47',#12469,#12399);
#12432=PRODUCT_DEFINITION('Composant48','Composant48',#12470,#12399);
#12433=PRODUCT_DEFINITION('Composant49','Composant49',#12471,#12399);
#12434=PRODUCT_DEFINITION('Composant50','Composant50',#12472,#12399);
#12435=PRODUCT_DEFINITION('Composant51','Composant51',#12473,#12399);
#12436=PRODUCT_DEFINITION('Composant52','Composant52',#12474,#12399);
#12437=PRODUCT_DEFINITION('Composant53','Composant53',#12475,#12399);
#12438=PRODUCT_DEFINITION_FORMATION('',$,#12517);
#12439=PRODUCT_DEFINITION_FORMATION('',$,#12518);
#12440=PRODUCT_DEFINITION_FORMATION('',$,#12519);
#12441=PRODUCT_DEFINITION_FORMATION('',$,#12520);
#12442=PRODUCT_DEFINITION_FORMATION('',$,#12521);
#12443=PRODUCT_DEFINITION_FORMATION('',$,#12522);
#12444=PRODUCT_DEFINITION_FORMATION('',$,#12523);
#12445=PRODUCT_DEFINITION_FORMATION('',$,#12524);
#12446=PRODUCT_DEFINITION_FORMATION('',$,#12525);
#12447=PRODUCT_DEFINITION_FORMATION('',$,#12526);
#12448=PRODUCT_DEFINITION_FORMATION('',$,#12527);
#12449=PRODUCT_DEFINITION_FORMATION('',$,#12528);
#12450=PRODUCT_DEFINITION_FORMATION('',$,#12529);
#12451=PRODUCT_DEFINITION_FORMATION('',$,#12530);
#12452=PRODUCT_DEFINITION_FORMATION('',$,#12531);
#12453=PRODUCT_DEFINITION_FORMATION('',$,#12532);
#12454=PRODUCT_DEFINITION_FORMATION('',$,#12533);
#12455=PRODUCT_DEFINITION_FORMATION('',$,#12534);
#12456=PRODUCT_DEFINITION_FORMATION('',$,#12535);
#12457=PRODUCT_DEFINITION_FORMATION('',$,#12536);
#12458=PRODUCT_DEFINITION_FORMATION('',$,#12537);
#12459=PRODUCT_DEFINITION_FORMATION('',$,#12538);
#12460=PRODUCT_DEFINITION_FORMATION('',$,#12539);
#12461=PRODUCT_DEFINITION_FORMATION('',$,#12540);
#12462=PRODUCT_DEFINITION_FORMATION('',$,#12541);
#12463=PRODUCT_DEFINITION_FORMATION('',$,#12542);
#12464=PRODUCT_DEFINITION_FORMATION('',$,#12543);
#12465=PRODUCT_DEFINITION_FORMATION('',$,#12544);
#12466=PRODUCT_DEFINITION_FORMATION('',$,#12545);
#12467=PRODUCT_DEFINITION_FORMATION('',$,#12546);
#12468=PRODUCT_DEFINITION_FORMATION('',$,#12547);
#12469=PRODUCT_DEFINITION_FORMATION('',$,#12548);
#12470=PRODUCT_DEFINITION_FORMATION('',$,#12549);
#12471=PRODUCT_DEFINITION_FORMATION('',$,#12550);
#12472=PRODUCT_DEFINITION_FORMATION('',$,#12551);
#12473=PRODUCT_DEFINITION_FORMATION('',$,#12552);
#12474=PRODUCT_DEFINITION_FORMATION('',$,#12553);
#12475=PRODUCT_DEFINITION_FORMATION('',$,#12554);
#12476=PRODUCT_RELATED_PRODUCT_CATEGORY('table maia v20',
'table maia v20',(#12517));
#12477=PRODUCT_RELATED_PRODUCT_CATEGORY('Composant1','Composant1',(#12518));
#12478=PRODUCT_RELATED_PRODUCT_CATEGORY('Composant2','Composant2',(#12519));
#12479=PRODUCT_RELATED_PRODUCT_CATEGORY('Composant3','Composant3',(#12520));
#12480=PRODUCT_RELATED_PRODUCT_CATEGORY('Composant5','Composant5',(#12521));
#12481=PRODUCT_RELATED_PRODUCT_CATEGORY('Composant6','Composant6',(#12522));
#12482=PRODUCT_RELATED_PRODUCT_CATEGORY('Composant7','Composant7',(#12523));
#12483=PRODUCT_RELATED_PRODUCT_CATEGORY('Composant9','Composant9',(#12524));
#12484=PRODUCT_RELATED_PRODUCT_CATEGORY('Composant10','Composant10',(#12525));
#12485=PRODUCT_RELATED_PRODUCT_CATEGORY('Composant11','Composant11',(#12526));
#12486=PRODUCT_RELATED_PRODUCT_CATEGORY('Composant12','Composant12',(#12527));
#12487=PRODUCT_RELATED_PRODUCT_CATEGORY('Composant13','Composant13',(#12528));
#12488=PRODUCT_RELATED_PRODUCT_CATEGORY('Composant15','Composant15',(#12529));
#12489=PRODUCT_RELATED_PRODUCT_CATEGORY('Composant16','Composant16',(#12530));
#12490=PRODUCT_RELATED_PRODUCT_CATEGORY('Composant19','Composant19',(#12531));
#12491=PRODUCT_RELATED_PRODUCT_CATEGORY('glissiere 1','glissiere 1',(#12532));
#12492=PRODUCT_RELATED_PRODUCT_CATEGORY('glissiere 2','glissiere 2',(#12533));
#12493=PRODUCT_RELATED_PRODUCT_CATEGORY('glissiere 3','glissiere 3',(#12534));
#12494=PRODUCT_RELATED_PRODUCT_CATEGORY('glissiere 4','glissiere 4',(#12535));
#12495=PRODUCT_RELATED_PRODUCT_CATEGORY('Composant31','Composant31',(#12536));
#12496=PRODUCT_RELATED_PRODUCT_CATEGORY('Composant32','Composant32',(#12537));
#12497=PRODUCT_RELATED_PRODUCT_CATEGORY('Composant34','Composant34',(#12538));
#12498=PRODUCT_RELATED_PRODUCT_CATEGORY('Composant35','Composant35',(#12539));
#12499=PRODUCT_RELATED_PRODUCT_CATEGORY('Composant36','Composant36',(#12540));
#12500=PRODUCT_RELATED_PRODUCT_CATEGORY('Composant38','Composant38',(#12541));
#12501=PRODUCT_RELATED_PRODUCT_CATEGORY('Composant41','Composant41',(#12542));
#12502=PRODUCT_RELATED_PRODUCT_CATEGORY('Composant42','Composant42',(#12543));
#12503=PRODUCT_RELATED_PRODUCT_CATEGORY('Composant43','Composant43',(#12544));
#12504=PRODUCT_RELATED_PRODUCT_CATEGORY('Composant44','Composant44',(#12545));
#12505=PRODUCT_RELATED_PRODUCT_CATEGORY('Composant45','Composant45',(#12546));
#12506=PRODUCT_RELATED_PRODUCT_CATEGORY('Composant46','Composant46',(#12547));
#12507=PRODUCT_RELATED_PRODUCT_CATEGORY('Composant47','Composant47',(#12548));
#12508=PRODUCT_RELATED_PRODUCT_CATEGORY('Composant48','Composant48',(#12549));
#12509=PRODUCT_RELATED_PRODUCT_CATEGORY('Composant49','Composant49',(#12550));
#12510=PRODUCT_RELATED_PRODUCT_CATEGORY('Composant50','Composant50',(#12551));
#12511=PRODUCT_RELATED_PRODUCT_CATEGORY('Composant51','Composant51',(#12552));
#12512=PRODUCT_RELATED_PRODUCT_CATEGORY('Composant52','Composant52',(#12553));
#12513=PRODUCT_RELATED_PRODUCT_CATEGORY('Composant53','Composant53',(#12554));
#12514=APPLICATION_PROTOCOL_DEFINITION('international standard',
'automotive_design',2009,#12515);
#12515=APPLICATION_CONTEXT(
'Core Data for Automotive Mechanical Design Process');
#12516=PRODUCT_CONTEXT('part definition',#12515,'mechanical');
#12517=PRODUCT('table maia','table maia v20',$,(#12516));
#12518=PRODUCT('Composant1','Composant1',$,(#12516));
#12519=PRODUCT('Composant2','Composant2',$,(#12516));
#12520=PRODUCT('Composant3','Composant3',$,(#12516));
#12521=PRODUCT('Composant5','Composant5',$,(#12516));
#12522=PRODUCT('Composant6','Composant6',$,(#12516));
#12523=PRODUCT('Composant7','Composant7',$,(#12516));
#12524=PRODUCT('Composant9','Composant9',$,(#12516));
#12525=PRODUCT('Composant10','Composant10',$,(#12516));
#12526=PRODUCT('Composant11','Composant11',$,(#12516));
#12527=PRODUCT('Composant12','Composant12',$,(#12516));
#12528=PRODUCT('Composant13','Composant13',$,(#12516));
#12529=PRODUCT('Composant15','Composant15',$,(#12516));
#12530=PRODUCT('Composant16','Composant16',$,(#12516));
#12531=PRODUCT('Composant19','Composant19',$,(#12516));
#12532=PRODUCT('glissiere 1','glissiere 1',$,(#12516));
#12533=PRODUCT('glissiere 2','glissiere 2',$,(#12516));
#12534=PRODUCT('glissiere 3','glissiere 3',$,(#12516));
#12535=PRODUCT('glissiere 4','glissiere 4',$,(#12516));
#12536=PRODUCT('Composant31','Composant31',$,(#12516));
#12537=PRODUCT('Composant32','Composant32',$,(#12516));
#12538=PRODUCT('Composant34','Composant34',$,(#12516));
#12539=PRODUCT('Composant35','Composant35',$,(#12516));
#12540=PRODUCT('Composant36','Composant36',$,(#12516));
#12541=PRODUCT('Composant38','Composant38',$,(#12516));
#12542=PRODUCT('Composant41','Composant41',$,(#12516));
#12543=PRODUCT('Composant42','Composant42',$,(#12516));
#12544=PRODUCT('Composant43','Composant43',$,(#12516));
#12545=PRODUCT('Composant44','Composant44',$,(#12516));
#12546=PRODUCT('Composant45','Composant45',$,(#12516));
#12547=PRODUCT('Composant46','Composant46',$,(#12516));
#12548=PRODUCT('Composant47','Composant47',$,(#12516));
#12549=PRODUCT('Composant48','Composant48',$,(#12516));
#12550=PRODUCT('Composant49','Composant49',$,(#12516));
#12551=PRODUCT('Composant50','Composant50',$,(#12516));
#12552=PRODUCT('Composant51','Composant51',$,(#12516));
#12553=PRODUCT('Composant52','Composant52',$,(#12516));
#12554=PRODUCT('Composant53','Composant53',$,(#12516));
#12555=PRESENTATION_STYLE_ASSIGNMENT((#12557));
#12556=PRESENTATION_STYLE_ASSIGNMENT((#12558));
#12557=SURFACE_STYLE_USAGE(.BOTH.,#12559);
#12558=SURFACE_STYLE_USAGE(.BOTH.,#12560);
#12559=SURFACE_SIDE_STYLE('',(#12561));
#12560=SURFACE_SIDE_STYLE('',(#12562));
#12561=SURFACE_STYLE_FILL_AREA(#12563);
#12562=SURFACE_STYLE_FILL_AREA(#12564);
#12563=FILL_AREA_STYLE('Acier - Satin\X\E9',(#12565));
#12564=FILL_AREA_STYLE('Ch\X\EAne',(#12566));
#12565=FILL_AREA_STYLE_COLOUR('Acier - Satin\X\E9',#12567);
#12566=FILL_AREA_STYLE_COLOUR('Ch\X\EAne',#12568);
#12567=COLOUR_RGB('Acier - Satin\X\E9',0.627450980392157,0.627450980392157,
0.627450980392157);
#12568=COLOUR_RGB('Ch\X\EAne',0.,0.,0.);
ENDSEC;
END-ISO-10303-21;
