ISO-10303-21;
HEADER;
/* Generated by software containing ST-Developer
 * from STEP Tools, Inc. (www.steptools.com) 
 */

FILE_DESCRIPTION(
/* description */ (''),
/* implementation_level */ '2;1');

FILE_NAME(
/* name */ 'portilllon western 2.step',
/* time_stamp */ '2026-09-01T17:54:22+02:00',
/* author */ (''),
/* organization */ (''),
/* preprocessor_version */ 'ST-DEVELOPER v20.1',
/* originating_system */ 'Autodesk Translation Framework v15.8.0.0',
/* authorisation */ '');

FILE_SCHEMA (('AUTOMOTIVE_DESIGN { 1 0 10303 214 3 1 1 }'));
ENDSEC;

DATA;
#10=MECHANICAL_DESIGN_GEOMETRIC_PRESENTATION_REPRESENTATION('',(#239,#240,
#241,#242,#243,#244,#245,#246,#247,#248,#249,#250,#251,#252,#253,#254,#255,
#256,#257,#258,#259,#260,#261,#262,#263,#264,#265,#266,#267,#268,#269,#270,
#271,#272,#273,#274,#275,#276,#277,#278,#279,#280,#281,#282,#283,#284),
#16306);
#11=SHAPE_REPRESENTATION_RELATIONSHIP('SRR','None',#16313,#12);
#12=ADVANCED_BREP_SHAPE_REPRESENTATION('',(#285,#286,#287,#288,#289,#290,
#291,#292,#293,#294,#295,#296,#297,#298,#299,#300,#301,#302,#303,#304,#305,
#306,#307,#308,#309,#310,#311,#312,#313,#314,#315,#316,#317,#318,#319,#320,
#321,#322,#323,#324,#325,#326,#327,#328,#329,#330),#16305);
#13=FACE_BOUND('',#901,.T.);
#14=FACE_BOUND('',#902,.T.);
#15=FACE_BOUND('',#907,.T.);
#16=FACE_BOUND('',#908,.T.);
#17=FACE_BOUND('',#912,.T.);
#18=FACE_BOUND('',#913,.T.);
#19=FACE_BOUND('',#917,.T.);
#20=FACE_BOUND('',#918,.T.);
#21=FACE_BOUND('',#933,.T.);
#22=FACE_BOUND('',#934,.T.);
#23=FACE_BOUND('',#937,.T.);
#24=FACE_BOUND('',#938,.T.);
#25=FACE_BOUND('',#941,.T.);
#26=FACE_BOUND('',#942,.T.);
#27=FACE_BOUND('',#945,.T.);
#28=FACE_BOUND('',#946,.T.);
#29=FACE_BOUND('',#951,.T.);
#30=FACE_BOUND('',#954,.T.);
#31=FACE_BOUND('',#958,.T.);
#32=FACE_BOUND('',#962,.T.);
#33=FACE_BOUND('',#973,.T.);
#34=FACE_BOUND('',#976,.T.);
#35=FACE_BOUND('',#982,.T.);
#36=FACE_BOUND('',#985,.T.);
#37=FACE_BOUND('',#1313,.T.);
#38=FACE_BOUND('',#1314,.T.);
#39=FACE_BOUND('',#1322,.T.);
#40=FACE_BOUND('',#1323,.T.);
#41=FACE_BOUND('',#1326,.T.);
#42=FACE_BOUND('',#1327,.T.);
#43=FACE_BOUND('',#1341,.T.);
#44=FACE_BOUND('',#1342,.T.);
#45=FACE_BOUND('',#1348,.T.);
#46=FACE_BOUND('',#1354,.T.);
#47=FACE_BOUND('',#1357,.T.);
#48=FACE_BOUND('',#1362,.T.);
#49=FACE_BOUND('',#1373,.T.);
#50=FACE_BOUND('',#1376,.T.);
#51=FACE_BOUND('',#1382,.T.);
#52=FACE_BOUND('',#1385,.T.);
#53=FACE_BOUND('',#1439,.T.);
#54=FACE_BOUND('',#1440,.T.);
#55=FACE_BOUND('',#1445,.T.);
#56=FACE_BOUND('',#1446,.T.);
#57=FACE_BOUND('',#1450,.T.);
#58=FACE_BOUND('',#1451,.T.);
#59=FACE_BOUND('',#1455,.T.);
#60=FACE_BOUND('',#1456,.T.);
#61=CIRCLE('',#10177,6.00000000000001);
#62=CIRCLE('',#10178,6.00000000000001);
#63=CIRCLE('',#10180,6.00000000000001);
#64=CIRCLE('',#10181,6.00000000000001);
#65=CIRCLE('',#10183,6.00000000000001);
#66=CIRCLE('',#10184,6.00000000000001);
#67=CIRCLE('',#10186,6.00000000000001);
#68=CIRCLE('',#10187,6.00000000000001);
#69=CIRCLE('',#10190,2379.47938001131);
#70=CIRCLE('',#10194,2379.47938001131);
#71=CIRCLE('',#10196,2379.47938001131);
#72=CIRCLE('',#10198,2379.47938001131);
#73=CIRCLE('',#10207,5.99999999999994);
#74=CIRCLE('',#10208,5.99999999999994);
#75=CIRCLE('',#10210,5.99999999999994);
#76=CIRCLE('',#10211,5.99999999999994);
#77=CIRCLE('',#10213,5.99999999999994);
#78=CIRCLE('',#10214,5.99999999999994);
#79=CIRCLE('',#10216,5.99999999999994);
#80=CIRCLE('',#10217,5.99999999999994);
#81=CIRCLE('',#10223,2379.47938001131);
#82=CIRCLE('',#10224,2379.47938001131);
#83=CIRCLE('',#10226,2379.47938001131);
#84=CIRCLE('',#10227,2379.47938001131);
#85=CIRCLE('',#10237,6.00000000000001);
#86=CIRCLE('',#10238,6.00000000000001);
#87=CIRCLE('',#10240,5.99999999999994);
#88=CIRCLE('',#10241,5.99999999999994);
#89=CIRCLE('',#10257,5.99999999999994);
#90=CIRCLE('',#10258,5.99999999999994);
#91=CIRCLE('',#10260,6.00000000000001);
#92=CIRCLE('',#10261,6.00000000000001);
#93=CIRCLE('',#10263,2379.47938001131);
#94=CIRCLE('',#10264,2379.47938001131);
#95=CIRCLE('',#10266,2379.47938001131);
#96=CIRCLE('',#10267,2379.47938001131);
#97=CIRCLE('',#10270,2715.47638735273);
#98=CIRCLE('',#10273,2715.47638735273);
#99=CIRCLE('',#10276,2379.47938001131);
#100=CIRCLE('',#10277,2379.47938001131);
#101=CIRCLE('',#10279,2379.47938001131);
#102=CIRCLE('',#10280,2379.47938001131);
#103=CIRCLE('',#10283,2715.47638735273);
#104=CIRCLE('',#10286,2715.47638735273);
#105=CIRCLE('',#10288,2715.47638735273);
#106=CIRCLE('',#10289,2715.47638735273);
#107=CIRCLE('',#10292,2505.03999999998);
#108=CIRCLE('',#10293,2505.03999999998);
#109=CIRCLE('',#10410,2715.47638735273);
#110=CIRCLE('',#10413,2715.47638735273);
#111=CIRCLE('',#10418,2715.47638735273);
#112=CIRCLE('',#10420,2715.47638735273);
#113=CIRCLE('',#10422,2715.47638735273);
#114=CIRCLE('',#10425,2715.47638735273);
#115=CIRCLE('',#10471,5.99999999999994);
#116=CIRCLE('',#10472,5.99999999999994);
#117=CIRCLE('',#10476,6.00000000000001);
#118=CIRCLE('',#10477,6.00000000000001);
#119=CIRCLE('',#10481,6.00000000000001);
#120=CIRCLE('',#10482,6.00000000000001);
#121=CIRCLE('',#10486,5.99999999999994);
#122=CIRCLE('',#10487,5.99999999999994);
#123=CIRCLE('',#10491,5.99999999999994);
#124=CIRCLE('',#10492,5.99999999999994);
#125=CIRCLE('',#10496,6.00000000000001);
#126=CIRCLE('',#10497,6.00000000000001);
#127=CIRCLE('',#10501,6.00000000000001);
#128=CIRCLE('',#10502,6.00000000000001);
#129=CIRCLE('',#10506,5.99999999999994);
#130=CIRCLE('',#10507,5.99999999999994);
#131=CIRCLE('',#10540,2715.47638735273);
#132=CIRCLE('',#10543,2715.47638735273);
#133=CIRCLE('',#10548,2715.47638735273);
#134=CIRCLE('',#10550,2715.47638735273);
#135=CIRCLE('',#10552,2715.47638735273);
#136=CIRCLE('',#10555,2715.47638735273);
#137=CIRCLE('',#10646,2379.47938001131);
#138=CIRCLE('',#10647,5.99999999999994);
#139=CIRCLE('',#10648,5.99999999999994);
#140=CIRCLE('',#10656,2379.47938001131);
#141=CIRCLE('',#10657,5.99999999999994);
#142=CIRCLE('',#10658,5.99999999999994);
#143=CIRCLE('',#10661,2379.47938001131);
#144=CIRCLE('',#10662,5.99999999999994);
#145=CIRCLE('',#10663,5.99999999999994);
#146=CIRCLE('',#10668,5.99999999999994);
#147=CIRCLE('',#10671,5.99999999999994);
#148=CIRCLE('',#10677,2379.47938001131);
#149=CIRCLE('',#10685,5.99999999999994);
#150=CIRCLE('',#10688,6.00000000000001);
#151=CIRCLE('',#10689,6.00000000000001);
#152=CIRCLE('',#10691,5.99999999999994);
#153=CIRCLE('',#10705,5.99999999999994);
#154=CIRCLE('',#10706,5.99999999999994);
#155=CIRCLE('',#10708,6.00000000000001);
#156=CIRCLE('',#10709,6.00000000000001);
#157=CIRCLE('',#10711,2379.47938001131);
#158=CIRCLE('',#10712,2379.47938001131);
#159=CIRCLE('',#10714,2379.47938001131);
#160=CIRCLE('',#10715,2379.47938001131);
#161=CIRCLE('',#10718,2715.47638735273);
#162=CIRCLE('',#10721,2715.47638735273);
#163=CIRCLE('',#10724,2379.47938001131);
#164=CIRCLE('',#10725,2379.47938001131);
#165=CIRCLE('',#10727,2379.47938001131);
#166=CIRCLE('',#10728,2379.47938001131);
#167=CIRCLE('',#10731,2715.47638735273);
#168=CIRCLE('',#10734,2715.47638735273);
#169=CIRCLE('',#10736,2715.47638735273);
#170=CIRCLE('',#10737,2715.47638735273);
#171=CIRCLE('',#10740,2505.03999999998);
#172=CIRCLE('',#10741,2505.03999999998);
#173=CIRCLE('',#10787,6.00000000000001);
#174=CIRCLE('',#10788,6.00000000000001);
#175=CIRCLE('',#10790,6.00000000000001);
#176=CIRCLE('',#10791,6.00000000000001);
#177=CIRCLE('',#10793,6.00000000000001);
#178=CIRCLE('',#10794,6.00000000000001);
#179=CIRCLE('',#10796,6.00000000000001);
#180=CIRCLE('',#10797,6.00000000000001);
#181=CIRCLE('',#10800,2379.47938001131);
#182=CIRCLE('',#10804,2379.47938001131);
#183=CIRCLE('',#10806,2379.47938001131);
#184=CIRCLE('',#10808,2379.47938001131);
#185=CYLINDRICAL_SURFACE('',#10176,6.00000000000001);
#186=CYLINDRICAL_SURFACE('',#10179,6.00000000000001);
#187=CYLINDRICAL_SURFACE('',#10182,6.00000000000001);
#188=CYLINDRICAL_SURFACE('',#10185,6.00000000000001);
#189=CYLINDRICAL_SURFACE('',#10193,2379.47938001131);
#190=CYLINDRICAL_SURFACE('',#10197,2379.47938001131);
#191=CYLINDRICAL_SURFACE('',#10206,5.99999999999994);
#192=CYLINDRICAL_SURFACE('',#10209,5.99999999999994);
#193=CYLINDRICAL_SURFACE('',#10212,5.99999999999994);
#194=CYLINDRICAL_SURFACE('',#10215,5.99999999999994);
#195=CYLINDRICAL_SURFACE('',#10222,2379.47938001131);
#196=CYLINDRICAL_SURFACE('',#10225,2379.47938001131);
#197=CYLINDRICAL_SURFACE('',#10236,6.00000000000001);
#198=CYLINDRICAL_SURFACE('',#10239,5.99999999999994);
#199=CYLINDRICAL_SURFACE('',#10256,5.99999999999994);
#200=CYLINDRICAL_SURFACE('',#10259,6.00000000000001);
#201=CYLINDRICAL_SURFACE('',#10262,2379.47938001131);
#202=CYLINDRICAL_SURFACE('',#10265,2379.47938001131);
#203=CYLINDRICAL_SURFACE('',#10275,2379.47938001131);
#204=CYLINDRICAL_SURFACE('',#10278,2379.47938001131);
#205=CYLINDRICAL_SURFACE('',#10287,2715.47638735273);
#206=CYLINDRICAL_SURFACE('',#10291,2505.03999999998);
#207=CYLINDRICAL_SURFACE('',#10424,2715.47638735273);
#208=CYLINDRICAL_SURFACE('',#10470,5.99999999999994);
#209=CYLINDRICAL_SURFACE('',#10475,6.00000000000001);
#210=CYLINDRICAL_SURFACE('',#10480,6.00000000000001);
#211=CYLINDRICAL_SURFACE('',#10485,5.99999999999994);
#212=CYLINDRICAL_SURFACE('',#10490,5.99999999999994);
#213=CYLINDRICAL_SURFACE('',#10495,6.00000000000001);
#214=CYLINDRICAL_SURFACE('',#10500,6.00000000000001);
#215=CYLINDRICAL_SURFACE('',#10505,5.99999999999994);
#216=CYLINDRICAL_SURFACE('',#10554,2715.47638735273);
#217=CYLINDRICAL_SURFACE('',#10666,5.99999999999994);
#218=CYLINDRICAL_SURFACE('',#10667,5.99999999999994);
#219=CYLINDRICAL_SURFACE('',#10669,5.99999999999994);
#220=CYLINDRICAL_SURFACE('',#10670,5.99999999999994);
#221=CYLINDRICAL_SURFACE('',#10676,2379.47938001131);
#222=CYLINDRICAL_SURFACE('',#10678,2379.47938001131);
#223=CYLINDRICAL_SURFACE('',#10687,6.00000000000001);
#224=CYLINDRICAL_SURFACE('',#10690,5.99999999999994);
#225=CYLINDRICAL_SURFACE('',#10704,5.99999999999994);
#226=CYLINDRICAL_SURFACE('',#10707,6.00000000000001);
#227=CYLINDRICAL_SURFACE('',#10710,2379.47938001131);
#228=CYLINDRICAL_SURFACE('',#10713,2379.47938001131);
#229=CYLINDRICAL_SURFACE('',#10723,2379.47938001131);
#230=CYLINDRICAL_SURFACE('',#10726,2379.47938001131);
#231=CYLINDRICAL_SURFACE('',#10735,2715.47638735273);
#232=CYLINDRICAL_SURFACE('',#10739,2505.03999999998);
#233=CYLINDRICAL_SURFACE('',#10786,6.00000000000001);
#234=CYLINDRICAL_SURFACE('',#10789,6.00000000000001);
#235=CYLINDRICAL_SURFACE('',#10792,6.00000000000001);
#236=CYLINDRICAL_SURFACE('',#10795,6.00000000000001);
#237=CYLINDRICAL_SURFACE('',#10803,2379.47938001131);
#238=CYLINDRICAL_SURFACE('',#10807,2379.47938001131);
#239=STYLED_ITEM('',(#16323),#285);
#240=STYLED_ITEM('',(#16323),#286);
#241=STYLED_ITEM('',(#16323),#287);
#242=STYLED_ITEM('',(#16323),#288);
#243=STYLED_ITEM('',(#16323),#289);
#244=STYLED_ITEM('',(#16323),#290);
#245=STYLED_ITEM('',(#16323),#291);
#246=STYLED_ITEM('',(#16323),#292);
#247=STYLED_ITEM('',(#16323),#293);
#248=STYLED_ITEM('',(#16323),#294);
#249=STYLED_ITEM('',(#16323),#295);
#250=STYLED_ITEM('',(#16323),#296);
#251=STYLED_ITEM('',(#16323),#297);
#252=STYLED_ITEM('',(#16323),#298);
#253=STYLED_ITEM('',(#16323),#299);
#254=STYLED_ITEM('',(#16323),#300);
#255=STYLED_ITEM('',(#16323),#301);
#256=STYLED_ITEM('',(#16323),#302);
#257=STYLED_ITEM('',(#16323),#303);
#258=STYLED_ITEM('',(#16323),#304);
#259=STYLED_ITEM('',(#16323),#305);
#260=STYLED_ITEM('',(#16323),#306);
#261=STYLED_ITEM('',(#16323),#307);
#262=STYLED_ITEM('',(#16323),#308);
#263=STYLED_ITEM('',(#16323),#309);
#264=STYLED_ITEM('',(#16323),#310);
#265=STYLED_ITEM('',(#16323),#311);
#266=STYLED_ITEM('',(#16323),#312);
#267=STYLED_ITEM('',(#16323),#313);
#268=STYLED_ITEM('',(#16323),#314);
#269=STYLED_ITEM('',(#16323),#315);
#270=STYLED_ITEM('',(#16323),#316);
#271=STYLED_ITEM('',(#16323),#317);
#272=STYLED_ITEM('',(#16323),#318);
#273=STYLED_ITEM('',(#16323),#319);
#274=STYLED_ITEM('',(#16323),#320);
#275=STYLED_ITEM('',(#16323),#321);
#276=STYLED_ITEM('',(#16323),#322);
#277=STYLED_ITEM('',(#16323),#323);
#278=STYLED_ITEM('',(#16323),#324);
#279=STYLED_ITEM('',(#16323),#325);
#280=STYLED_ITEM('',(#16323),#326);
#281=STYLED_ITEM('',(#16322),#327);
#282=STYLED_ITEM('',(#16322),#328);
#283=STYLED_ITEM('',(#16322),#329);
#284=STYLED_ITEM('',(#16322),#330);
#285=MANIFOLD_SOLID_BREP('Corps2',#10105);
#286=MANIFOLD_SOLID_BREP('Corps3',#10106);
#287=MANIFOLD_SOLID_BREP('Corps5',#10107);
#288=MANIFOLD_SOLID_BREP('Corps8',#10108);
#289=MANIFOLD_SOLID_BREP('Corps9',#10109);
#290=MANIFOLD_SOLID_BREP('Corps10',#10110);
#291=MANIFOLD_SOLID_BREP('Corps11',#10111);
#292=MANIFOLD_SOLID_BREP('Corps12',#10112);
#293=MANIFOLD_SOLID_BREP('Corps14',#10113);
#294=MANIFOLD_SOLID_BREP('Corps15',#10114);
#295=MANIFOLD_SOLID_BREP('Corps16',#10115);
#296=MANIFOLD_SOLID_BREP('Corps17',#10116);
#297=MANIFOLD_SOLID_BREP('Corps18',#10117);
#298=MANIFOLD_SOLID_BREP('Corps19',#10118);
#299=MANIFOLD_SOLID_BREP('Corps20',#10119);
#300=MANIFOLD_SOLID_BREP('Corps21',#10120);
#301=MANIFOLD_SOLID_BREP('Corps22',#10121);
#302=MANIFOLD_SOLID_BREP('Corps23',#10122);
#303=MANIFOLD_SOLID_BREP('Corps24',#10123);
#304=MANIFOLD_SOLID_BREP('Corps25',#10124);
#305=MANIFOLD_SOLID_BREP('Corps26',#10125);
#306=MANIFOLD_SOLID_BREP('Corps27',#10126);
#307=MANIFOLD_SOLID_BREP('Corps28',#10127);
#308=MANIFOLD_SOLID_BREP('Corps29',#10128);
#309=MANIFOLD_SOLID_BREP('Corps30',#10129);
#310=MANIFOLD_SOLID_BREP('Corps31',#10130);
#311=MANIFOLD_SOLID_BREP('Corps32',#10131);
#312=MANIFOLD_SOLID_BREP('Corps33',#10132);
#313=MANIFOLD_SOLID_BREP('Corps34',#10133);
#314=MANIFOLD_SOLID_BREP('Corps35',#10134);
#315=MANIFOLD_SOLID_BREP('Corps36',#10135);
#316=MANIFOLD_SOLID_BREP('Corps37',#10136);
#317=MANIFOLD_SOLID_BREP('Corps38',#10137);
#318=MANIFOLD_SOLID_BREP('Corps39',#10138);
#319=MANIFOLD_SOLID_BREP('Corps40',#10139);
#320=MANIFOLD_SOLID_BREP('Corps41',#10140);
#321=MANIFOLD_SOLID_BREP('Corps42',#10141);
#322=MANIFOLD_SOLID_BREP('Corps43',#10142);
#323=MANIFOLD_SOLID_BREP('Corps44',#10143);
#324=MANIFOLD_SOLID_BREP('Corps45',#10144);
#325=MANIFOLD_SOLID_BREP('Corps46',#10145);
#326=MANIFOLD_SOLID_BREP('Corps47',#10146);
#327=MANIFOLD_SOLID_BREP('Corps49',#10147);
#328=MANIFOLD_SOLID_BREP('Corps50',#10148);
#329=MANIFOLD_SOLID_BREP('Corps51',#10149);
#330=MANIFOLD_SOLID_BREP('Corps52',#10150);
#331=FACE_OUTER_BOUND('',#883,.T.);
#332=FACE_OUTER_BOUND('',#884,.T.);
#333=FACE_OUTER_BOUND('',#885,.T.);
#334=FACE_OUTER_BOUND('',#886,.T.);
#335=FACE_OUTER_BOUND('',#887,.T.);
#336=FACE_OUTER_BOUND('',#888,.T.);
#337=FACE_OUTER_BOUND('',#889,.T.);
#338=FACE_OUTER_BOUND('',#890,.T.);
#339=FACE_OUTER_BOUND('',#891,.T.);
#340=FACE_OUTER_BOUND('',#892,.T.);
#341=FACE_OUTER_BOUND('',#893,.T.);
#342=FACE_OUTER_BOUND('',#894,.T.);
#343=FACE_OUTER_BOUND('',#895,.T.);
#344=FACE_OUTER_BOUND('',#896,.T.);
#345=FACE_OUTER_BOUND('',#897,.T.);
#346=FACE_OUTER_BOUND('',#898,.T.);
#347=FACE_OUTER_BOUND('',#899,.T.);
#348=FACE_OUTER_BOUND('',#900,.T.);
#349=FACE_OUTER_BOUND('',#903,.T.);
#350=FACE_OUTER_BOUND('',#904,.T.);
#351=FACE_OUTER_BOUND('',#905,.T.);
#352=FACE_OUTER_BOUND('',#906,.T.);
#353=FACE_OUTER_BOUND('',#909,.T.);
#354=FACE_OUTER_BOUND('',#910,.T.);
#355=FACE_OUTER_BOUND('',#911,.T.);
#356=FACE_OUTER_BOUND('',#914,.T.);
#357=FACE_OUTER_BOUND('',#915,.T.);
#358=FACE_OUTER_BOUND('',#916,.T.);
#359=FACE_OUTER_BOUND('',#919,.T.);
#360=FACE_OUTER_BOUND('',#920,.T.);
#361=FACE_OUTER_BOUND('',#921,.T.);
#362=FACE_OUTER_BOUND('',#922,.T.);
#363=FACE_OUTER_BOUND('',#923,.T.);
#364=FACE_OUTER_BOUND('',#924,.T.);
#365=FACE_OUTER_BOUND('',#925,.T.);
#366=FACE_OUTER_BOUND('',#926,.T.);
#367=FACE_OUTER_BOUND('',#927,.T.);
#368=FACE_OUTER_BOUND('',#928,.T.);
#369=FACE_OUTER_BOUND('',#929,.T.);
#370=FACE_OUTER_BOUND('',#930,.T.);
#371=FACE_OUTER_BOUND('',#931,.T.);
#372=FACE_OUTER_BOUND('',#932,.T.);
#373=FACE_OUTER_BOUND('',#935,.T.);
#374=FACE_OUTER_BOUND('',#936,.T.);
#375=FACE_OUTER_BOUND('',#939,.T.);
#376=FACE_OUTER_BOUND('',#940,.T.);
#377=FACE_OUTER_BOUND('',#943,.T.);
#378=FACE_OUTER_BOUND('',#944,.T.);
#379=FACE_OUTER_BOUND('',#947,.T.);
#380=FACE_OUTER_BOUND('',#948,.T.);
#381=FACE_OUTER_BOUND('',#949,.T.);
#382=FACE_OUTER_BOUND('',#950,.T.);
#383=FACE_OUTER_BOUND('',#952,.T.);
#384=FACE_OUTER_BOUND('',#953,.T.);
#385=FACE_OUTER_BOUND('',#955,.T.);
#386=FACE_OUTER_BOUND('',#956,.T.);
#387=FACE_OUTER_BOUND('',#957,.T.);
#388=FACE_OUTER_BOUND('',#959,.T.);
#389=FACE_OUTER_BOUND('',#960,.T.);
#390=FACE_OUTER_BOUND('',#961,.T.);
#391=FACE_OUTER_BOUND('',#963,.T.);
#392=FACE_OUTER_BOUND('',#964,.T.);
#393=FACE_OUTER_BOUND('',#965,.T.);
#394=FACE_OUTER_BOUND('',#966,.T.);
#395=FACE_OUTER_BOUND('',#967,.T.);
#396=FACE_OUTER_BOUND('',#968,.T.);
#397=FACE_OUTER_BOUND('',#969,.T.);
#398=FACE_OUTER_BOUND('',#970,.T.);
#399=FACE_OUTER_BOUND('',#971,.T.);
#400=FACE_OUTER_BOUND('',#972,.T.);
#401=FACE_OUTER_BOUND('',#974,.T.);
#402=FACE_OUTER_BOUND('',#975,.T.);
#403=FACE_OUTER_BOUND('',#977,.T.);
#404=FACE_OUTER_BOUND('',#978,.T.);
#405=FACE_OUTER_BOUND('',#979,.T.);
#406=FACE_OUTER_BOUND('',#980,.T.);
#407=FACE_OUTER_BOUND('',#981,.T.);
#408=FACE_OUTER_BOUND('',#983,.T.);
#409=FACE_OUTER_BOUND('',#984,.T.);
#410=FACE_OUTER_BOUND('',#986,.T.);
#411=FACE_OUTER_BOUND('',#987,.T.);
#412=FACE_OUTER_BOUND('',#988,.T.);
#413=FACE_OUTER_BOUND('',#989,.T.);
#414=FACE_OUTER_BOUND('',#990,.T.);
#415=FACE_OUTER_BOUND('',#991,.T.);
#416=FACE_OUTER_BOUND('',#992,.T.);
#417=FACE_OUTER_BOUND('',#993,.T.);
#418=FACE_OUTER_BOUND('',#994,.T.);
#419=FACE_OUTER_BOUND('',#995,.T.);
#420=FACE_OUTER_BOUND('',#996,.T.);
#421=FACE_OUTER_BOUND('',#997,.T.);
#422=FACE_OUTER_BOUND('',#998,.T.);
#423=FACE_OUTER_BOUND('',#999,.T.);
#424=FACE_OUTER_BOUND('',#1000,.T.);
#425=FACE_OUTER_BOUND('',#1001,.T.);
#426=FACE_OUTER_BOUND('',#1002,.T.);
#427=FACE_OUTER_BOUND('',#1003,.T.);
#428=FACE_OUTER_BOUND('',#1004,.T.);
#429=FACE_OUTER_BOUND('',#1005,.T.);
#430=FACE_OUTER_BOUND('',#1006,.T.);
#431=FACE_OUTER_BOUND('',#1007,.T.);
#432=FACE_OUTER_BOUND('',#1008,.T.);
#433=FACE_OUTER_BOUND('',#1009,.T.);
#434=FACE_OUTER_BOUND('',#1010,.T.);
#435=FACE_OUTER_BOUND('',#1011,.T.);
#436=FACE_OUTER_BOUND('',#1012,.T.);
#437=FACE_OUTER_BOUND('',#1013,.T.);
#438=FACE_OUTER_BOUND('',#1014,.T.);
#439=FACE_OUTER_BOUND('',#1015,.T.);
#440=FACE_OUTER_BOUND('',#1016,.T.);
#441=FACE_OUTER_BOUND('',#1017,.T.);
#442=FACE_OUTER_BOUND('',#1018,.T.);
#443=FACE_OUTER_BOUND('',#1019,.T.);
#444=FACE_OUTER_BOUND('',#1020,.T.);
#445=FACE_OUTER_BOUND('',#1021,.T.);
#446=FACE_OUTER_BOUND('',#1022,.T.);
#447=FACE_OUTER_BOUND('',#1023,.T.);
#448=FACE_OUTER_BOUND('',#1024,.T.);
#449=FACE_OUTER_BOUND('',#1025,.T.);
#450=FACE_OUTER_BOUND('',#1026,.T.);
#451=FACE_OUTER_BOUND('',#1027,.T.);
#452=FACE_OUTER_BOUND('',#1028,.T.);
#453=FACE_OUTER_BOUND('',#1029,.T.);
#454=FACE_OUTER_BOUND('',#1030,.T.);
#455=FACE_OUTER_BOUND('',#1031,.T.);
#456=FACE_OUTER_BOUND('',#1032,.T.);
#457=FACE_OUTER_BOUND('',#1033,.T.);
#458=FACE_OUTER_BOUND('',#1034,.T.);
#459=FACE_OUTER_BOUND('',#1035,.T.);
#460=FACE_OUTER_BOUND('',#1036,.T.);
#461=FACE_OUTER_BOUND('',#1037,.T.);
#462=FACE_OUTER_BOUND('',#1038,.T.);
#463=FACE_OUTER_BOUND('',#1039,.T.);
#464=FACE_OUTER_BOUND('',#1040,.T.);
#465=FACE_OUTER_BOUND('',#1041,.T.);
#466=FACE_OUTER_BOUND('',#1042,.T.);
#467=FACE_OUTER_BOUND('',#1043,.T.);
#468=FACE_OUTER_BOUND('',#1044,.T.);
#469=FACE_OUTER_BOUND('',#1045,.T.);
#470=FACE_OUTER_BOUND('',#1046,.T.);
#471=FACE_OUTER_BOUND('',#1047,.T.);
#472=FACE_OUTER_BOUND('',#1048,.T.);
#473=FACE_OUTER_BOUND('',#1049,.T.);
#474=FACE_OUTER_BOUND('',#1050,.T.);
#475=FACE_OUTER_BOUND('',#1051,.T.);
#476=FACE_OUTER_BOUND('',#1052,.T.);
#477=FACE_OUTER_BOUND('',#1053,.T.);
#478=FACE_OUTER_BOUND('',#1054,.T.);
#479=FACE_OUTER_BOUND('',#1055,.T.);
#480=FACE_OUTER_BOUND('',#1056,.T.);
#481=FACE_OUTER_BOUND('',#1057,.T.);
#482=FACE_OUTER_BOUND('',#1058,.T.);
#483=FACE_OUTER_BOUND('',#1059,.T.);
#484=FACE_OUTER_BOUND('',#1060,.T.);
#485=FACE_OUTER_BOUND('',#1061,.T.);
#486=FACE_OUTER_BOUND('',#1062,.T.);
#487=FACE_OUTER_BOUND('',#1063,.T.);
#488=FACE_OUTER_BOUND('',#1064,.T.);
#489=FACE_OUTER_BOUND('',#1065,.T.);
#490=FACE_OUTER_BOUND('',#1066,.T.);
#491=FACE_OUTER_BOUND('',#1067,.T.);
#492=FACE_OUTER_BOUND('',#1068,.T.);
#493=FACE_OUTER_BOUND('',#1069,.T.);
#494=FACE_OUTER_BOUND('',#1070,.T.);
#495=FACE_OUTER_BOUND('',#1071,.T.);
#496=FACE_OUTER_BOUND('',#1072,.T.);
#497=FACE_OUTER_BOUND('',#1073,.T.);
#498=FACE_OUTER_BOUND('',#1074,.T.);
#499=FACE_OUTER_BOUND('',#1075,.T.);
#500=FACE_OUTER_BOUND('',#1076,.T.);
#501=FACE_OUTER_BOUND('',#1077,.T.);
#502=FACE_OUTER_BOUND('',#1078,.T.);
#503=FACE_OUTER_BOUND('',#1079,.T.);
#504=FACE_OUTER_BOUND('',#1080,.T.);
#505=FACE_OUTER_BOUND('',#1081,.T.);
#506=FACE_OUTER_BOUND('',#1082,.T.);
#507=FACE_OUTER_BOUND('',#1083,.T.);
#508=FACE_OUTER_BOUND('',#1084,.T.);
#509=FACE_OUTER_BOUND('',#1085,.T.);
#510=FACE_OUTER_BOUND('',#1086,.T.);
#511=FACE_OUTER_BOUND('',#1087,.T.);
#512=FACE_OUTER_BOUND('',#1088,.T.);
#513=FACE_OUTER_BOUND('',#1089,.T.);
#514=FACE_OUTER_BOUND('',#1090,.T.);
#515=FACE_OUTER_BOUND('',#1091,.T.);
#516=FACE_OUTER_BOUND('',#1092,.T.);
#517=FACE_OUTER_BOUND('',#1093,.T.);
#518=FACE_OUTER_BOUND('',#1094,.T.);
#519=FACE_OUTER_BOUND('',#1095,.T.);
#520=FACE_OUTER_BOUND('',#1096,.T.);
#521=FACE_OUTER_BOUND('',#1097,.T.);
#522=FACE_OUTER_BOUND('',#1098,.T.);
#523=FACE_OUTER_BOUND('',#1099,.T.);
#524=FACE_OUTER_BOUND('',#1100,.T.);
#525=FACE_OUTER_BOUND('',#1101,.T.);
#526=FACE_OUTER_BOUND('',#1102,.T.);
#527=FACE_OUTER_BOUND('',#1103,.T.);
#528=FACE_OUTER_BOUND('',#1104,.T.);
#529=FACE_OUTER_BOUND('',#1105,.T.);
#530=FACE_OUTER_BOUND('',#1106,.T.);
#531=FACE_OUTER_BOUND('',#1107,.T.);
#532=FACE_OUTER_BOUND('',#1108,.T.);
#533=FACE_OUTER_BOUND('',#1109,.T.);
#534=FACE_OUTER_BOUND('',#1110,.T.);
#535=FACE_OUTER_BOUND('',#1111,.T.);
#536=FACE_OUTER_BOUND('',#1112,.T.);
#537=FACE_OUTER_BOUND('',#1113,.T.);
#538=FACE_OUTER_BOUND('',#1114,.T.);
#539=FACE_OUTER_BOUND('',#1115,.T.);
#540=FACE_OUTER_BOUND('',#1116,.T.);
#541=FACE_OUTER_BOUND('',#1117,.T.);
#542=FACE_OUTER_BOUND('',#1118,.T.);
#543=FACE_OUTER_BOUND('',#1119,.T.);
#544=FACE_OUTER_BOUND('',#1120,.T.);
#545=FACE_OUTER_BOUND('',#1121,.T.);
#546=FACE_OUTER_BOUND('',#1122,.T.);
#547=FACE_OUTER_BOUND('',#1123,.T.);
#548=FACE_OUTER_BOUND('',#1124,.T.);
#549=FACE_OUTER_BOUND('',#1125,.T.);
#550=FACE_OUTER_BOUND('',#1126,.T.);
#551=FACE_OUTER_BOUND('',#1127,.T.);
#552=FACE_OUTER_BOUND('',#1128,.T.);
#553=FACE_OUTER_BOUND('',#1129,.T.);
#554=FACE_OUTER_BOUND('',#1130,.T.);
#555=FACE_OUTER_BOUND('',#1131,.T.);
#556=FACE_OUTER_BOUND('',#1132,.T.);
#557=FACE_OUTER_BOUND('',#1133,.T.);
#558=FACE_OUTER_BOUND('',#1134,.T.);
#559=FACE_OUTER_BOUND('',#1135,.T.);
#560=FACE_OUTER_BOUND('',#1136,.T.);
#561=FACE_OUTER_BOUND('',#1137,.T.);
#562=FACE_OUTER_BOUND('',#1138,.T.);
#563=FACE_OUTER_BOUND('',#1139,.T.);
#564=FACE_OUTER_BOUND('',#1140,.T.);
#565=FACE_OUTER_BOUND('',#1141,.T.);
#566=FACE_OUTER_BOUND('',#1142,.T.);
#567=FACE_OUTER_BOUND('',#1143,.T.);
#568=FACE_OUTER_BOUND('',#1144,.T.);
#569=FACE_OUTER_BOUND('',#1145,.T.);
#570=FACE_OUTER_BOUND('',#1146,.T.);
#571=FACE_OUTER_BOUND('',#1147,.T.);
#572=FACE_OUTER_BOUND('',#1148,.T.);
#573=FACE_OUTER_BOUND('',#1149,.T.);
#574=FACE_OUTER_BOUND('',#1150,.T.);
#575=FACE_OUTER_BOUND('',#1151,.T.);
#576=FACE_OUTER_BOUND('',#1152,.T.);
#577=FACE_OUTER_BOUND('',#1153,.T.);
#578=FACE_OUTER_BOUND('',#1154,.T.);
#579=FACE_OUTER_BOUND('',#1155,.T.);
#580=FACE_OUTER_BOUND('',#1156,.T.);
#581=FACE_OUTER_BOUND('',#1157,.T.);
#582=FACE_OUTER_BOUND('',#1158,.T.);
#583=FACE_OUTER_BOUND('',#1159,.T.);
#584=FACE_OUTER_BOUND('',#1160,.T.);
#585=FACE_OUTER_BOUND('',#1161,.T.);
#586=FACE_OUTER_BOUND('',#1162,.T.);
#587=FACE_OUTER_BOUND('',#1163,.T.);
#588=FACE_OUTER_BOUND('',#1164,.T.);
#589=FACE_OUTER_BOUND('',#1165,.T.);
#590=FACE_OUTER_BOUND('',#1166,.T.);
#591=FACE_OUTER_BOUND('',#1167,.T.);
#592=FACE_OUTER_BOUND('',#1168,.T.);
#593=FACE_OUTER_BOUND('',#1169,.T.);
#594=FACE_OUTER_BOUND('',#1170,.T.);
#595=FACE_OUTER_BOUND('',#1171,.T.);
#596=FACE_OUTER_BOUND('',#1172,.T.);
#597=FACE_OUTER_BOUND('',#1173,.T.);
#598=FACE_OUTER_BOUND('',#1174,.T.);
#599=FACE_OUTER_BOUND('',#1175,.T.);
#600=FACE_OUTER_BOUND('',#1176,.T.);
#601=FACE_OUTER_BOUND('',#1177,.T.);
#602=FACE_OUTER_BOUND('',#1178,.T.);
#603=FACE_OUTER_BOUND('',#1179,.T.);
#604=FACE_OUTER_BOUND('',#1180,.T.);
#605=FACE_OUTER_BOUND('',#1181,.T.);
#606=FACE_OUTER_BOUND('',#1182,.T.);
#607=FACE_OUTER_BOUND('',#1183,.T.);
#608=FACE_OUTER_BOUND('',#1184,.T.);
#609=FACE_OUTER_BOUND('',#1185,.T.);
#610=FACE_OUTER_BOUND('',#1186,.T.);
#611=FACE_OUTER_BOUND('',#1187,.T.);
#612=FACE_OUTER_BOUND('',#1188,.T.);
#613=FACE_OUTER_BOUND('',#1189,.T.);
#614=FACE_OUTER_BOUND('',#1190,.T.);
#615=FACE_OUTER_BOUND('',#1191,.T.);
#616=FACE_OUTER_BOUND('',#1192,.T.);
#617=FACE_OUTER_BOUND('',#1193,.T.);
#618=FACE_OUTER_BOUND('',#1194,.T.);
#619=FACE_OUTER_BOUND('',#1195,.T.);
#620=FACE_OUTER_BOUND('',#1196,.T.);
#621=FACE_OUTER_BOUND('',#1197,.T.);
#622=FACE_OUTER_BOUND('',#1198,.T.);
#623=FACE_OUTER_BOUND('',#1199,.T.);
#624=FACE_OUTER_BOUND('',#1200,.T.);
#625=FACE_OUTER_BOUND('',#1201,.T.);
#626=FACE_OUTER_BOUND('',#1202,.T.);
#627=FACE_OUTER_BOUND('',#1203,.T.);
#628=FACE_OUTER_BOUND('',#1204,.T.);
#629=FACE_OUTER_BOUND('',#1205,.T.);
#630=FACE_OUTER_BOUND('',#1206,.T.);
#631=FACE_OUTER_BOUND('',#1207,.T.);
#632=FACE_OUTER_BOUND('',#1208,.T.);
#633=FACE_OUTER_BOUND('',#1209,.T.);
#634=FACE_OUTER_BOUND('',#1210,.T.);
#635=FACE_OUTER_BOUND('',#1211,.T.);
#636=FACE_OUTER_BOUND('',#1212,.T.);
#637=FACE_OUTER_BOUND('',#1213,.T.);
#638=FACE_OUTER_BOUND('',#1214,.T.);
#639=FACE_OUTER_BOUND('',#1215,.T.);
#640=FACE_OUTER_BOUND('',#1216,.T.);
#641=FACE_OUTER_BOUND('',#1217,.T.);
#642=FACE_OUTER_BOUND('',#1218,.T.);
#643=FACE_OUTER_BOUND('',#1219,.T.);
#644=FACE_OUTER_BOUND('',#1220,.T.);
#645=FACE_OUTER_BOUND('',#1221,.T.);
#646=FACE_OUTER_BOUND('',#1222,.T.);
#647=FACE_OUTER_BOUND('',#1223,.T.);
#648=FACE_OUTER_BOUND('',#1224,.T.);
#649=FACE_OUTER_BOUND('',#1225,.T.);
#650=FACE_OUTER_BOUND('',#1226,.T.);
#651=FACE_OUTER_BOUND('',#1227,.T.);
#652=FACE_OUTER_BOUND('',#1228,.T.);
#653=FACE_OUTER_BOUND('',#1229,.T.);
#654=FACE_OUTER_BOUND('',#1230,.T.);
#655=FACE_OUTER_BOUND('',#1231,.T.);
#656=FACE_OUTER_BOUND('',#1232,.T.);
#657=FACE_OUTER_BOUND('',#1233,.T.);
#658=FACE_OUTER_BOUND('',#1234,.T.);
#659=FACE_OUTER_BOUND('',#1235,.T.);
#660=FACE_OUTER_BOUND('',#1236,.T.);
#661=FACE_OUTER_BOUND('',#1237,.T.);
#662=FACE_OUTER_BOUND('',#1238,.T.);
#663=FACE_OUTER_BOUND('',#1239,.T.);
#664=FACE_OUTER_BOUND('',#1240,.T.);
#665=FACE_OUTER_BOUND('',#1241,.T.);
#666=FACE_OUTER_BOUND('',#1242,.T.);
#667=FACE_OUTER_BOUND('',#1243,.T.);
#668=FACE_OUTER_BOUND('',#1244,.T.);
#669=FACE_OUTER_BOUND('',#1245,.T.);
#670=FACE_OUTER_BOUND('',#1246,.T.);
#671=FACE_OUTER_BOUND('',#1247,.T.);
#672=FACE_OUTER_BOUND('',#1248,.T.);
#673=FACE_OUTER_BOUND('',#1249,.T.);
#674=FACE_OUTER_BOUND('',#1250,.T.);
#675=FACE_OUTER_BOUND('',#1251,.T.);
#676=FACE_OUTER_BOUND('',#1252,.T.);
#677=FACE_OUTER_BOUND('',#1253,.T.);
#678=FACE_OUTER_BOUND('',#1254,.T.);
#679=FACE_OUTER_BOUND('',#1255,.T.);
#680=FACE_OUTER_BOUND('',#1256,.T.);
#681=FACE_OUTER_BOUND('',#1257,.T.);
#682=FACE_OUTER_BOUND('',#1258,.T.);
#683=FACE_OUTER_BOUND('',#1259,.T.);
#684=FACE_OUTER_BOUND('',#1260,.T.);
#685=FACE_OUTER_BOUND('',#1261,.T.);
#686=FACE_OUTER_BOUND('',#1262,.T.);
#687=FACE_OUTER_BOUND('',#1263,.T.);
#688=FACE_OUTER_BOUND('',#1264,.T.);
#689=FACE_OUTER_BOUND('',#1265,.T.);
#690=FACE_OUTER_BOUND('',#1266,.T.);
#691=FACE_OUTER_BOUND('',#1267,.T.);
#692=FACE_OUTER_BOUND('',#1268,.T.);
#693=FACE_OUTER_BOUND('',#1269,.T.);
#694=FACE_OUTER_BOUND('',#1270,.T.);
#695=FACE_OUTER_BOUND('',#1271,.T.);
#696=FACE_OUTER_BOUND('',#1272,.T.);
#697=FACE_OUTER_BOUND('',#1273,.T.);
#698=FACE_OUTER_BOUND('',#1274,.T.);
#699=FACE_OUTER_BOUND('',#1275,.T.);
#700=FACE_OUTER_BOUND('',#1276,.T.);
#701=FACE_OUTER_BOUND('',#1277,.T.);
#702=FACE_OUTER_BOUND('',#1278,.T.);
#703=FACE_OUTER_BOUND('',#1279,.T.);
#704=FACE_OUTER_BOUND('',#1280,.T.);
#705=FACE_OUTER_BOUND('',#1281,.T.);
#706=FACE_OUTER_BOUND('',#1282,.T.);
#707=FACE_OUTER_BOUND('',#1283,.T.);
#708=FACE_OUTER_BOUND('',#1284,.T.);
#709=FACE_OUTER_BOUND('',#1285,.T.);
#710=FACE_OUTER_BOUND('',#1286,.T.);
#711=FACE_OUTER_BOUND('',#1287,.T.);
#712=FACE_OUTER_BOUND('',#1288,.T.);
#713=FACE_OUTER_BOUND('',#1289,.T.);
#714=FACE_OUTER_BOUND('',#1290,.T.);
#715=FACE_OUTER_BOUND('',#1291,.T.);
#716=FACE_OUTER_BOUND('',#1292,.T.);
#717=FACE_OUTER_BOUND('',#1293,.T.);
#718=FACE_OUTER_BOUND('',#1294,.T.);
#719=FACE_OUTER_BOUND('',#1295,.T.);
#720=FACE_OUTER_BOUND('',#1296,.T.);
#721=FACE_OUTER_BOUND('',#1297,.T.);
#722=FACE_OUTER_BOUND('',#1298,.T.);
#723=FACE_OUTER_BOUND('',#1299,.T.);
#724=FACE_OUTER_BOUND('',#1300,.T.);
#725=FACE_OUTER_BOUND('',#1301,.T.);
#726=FACE_OUTER_BOUND('',#1302,.T.);
#727=FACE_OUTER_BOUND('',#1303,.T.);
#728=FACE_OUTER_BOUND('',#1304,.T.);
#729=FACE_OUTER_BOUND('',#1305,.T.);
#730=FACE_OUTER_BOUND('',#1306,.T.);
#731=FACE_OUTER_BOUND('',#1307,.T.);
#732=FACE_OUTER_BOUND('',#1308,.T.);
#733=FACE_OUTER_BOUND('',#1309,.T.);
#734=FACE_OUTER_BOUND('',#1310,.T.);
#735=FACE_OUTER_BOUND('',#1311,.T.);
#736=FACE_OUTER_BOUND('',#1312,.T.);
#737=FACE_OUTER_BOUND('',#1315,.T.);
#738=FACE_OUTER_BOUND('',#1316,.T.);
#739=FACE_OUTER_BOUND('',#1317,.T.);
#740=FACE_OUTER_BOUND('',#1318,.T.);
#741=FACE_OUTER_BOUND('',#1319,.T.);
#742=FACE_OUTER_BOUND('',#1320,.T.);
#743=FACE_OUTER_BOUND('',#1321,.T.);
#744=FACE_OUTER_BOUND('',#1324,.T.);
#745=FACE_OUTER_BOUND('',#1325,.T.);
#746=FACE_OUTER_BOUND('',#1328,.T.);
#747=FACE_OUTER_BOUND('',#1329,.T.);
#748=FACE_OUTER_BOUND('',#1330,.T.);
#749=FACE_OUTER_BOUND('',#1331,.T.);
#750=FACE_OUTER_BOUND('',#1332,.T.);
#751=FACE_OUTER_BOUND('',#1333,.T.);
#752=FACE_OUTER_BOUND('',#1334,.T.);
#753=FACE_OUTER_BOUND('',#1335,.T.);
#754=FACE_OUTER_BOUND('',#1336,.T.);
#755=FACE_OUTER_BOUND('',#1337,.T.);
#756=FACE_OUTER_BOUND('',#1338,.T.);
#757=FACE_OUTER_BOUND('',#1339,.T.);
#758=FACE_OUTER_BOUND('',#1340,.T.);
#759=FACE_OUTER_BOUND('',#1343,.T.);
#760=FACE_OUTER_BOUND('',#1344,.T.);
#761=FACE_OUTER_BOUND('',#1345,.T.);
#762=FACE_OUTER_BOUND('',#1346,.T.);
#763=FACE_OUTER_BOUND('',#1347,.T.);
#764=FACE_OUTER_BOUND('',#1349,.T.);
#765=FACE_OUTER_BOUND('',#1350,.T.);
#766=FACE_OUTER_BOUND('',#1351,.T.);
#767=FACE_OUTER_BOUND('',#1352,.T.);
#768=FACE_OUTER_BOUND('',#1353,.T.);
#769=FACE_OUTER_BOUND('',#1355,.T.);
#770=FACE_OUTER_BOUND('',#1356,.T.);
#771=FACE_OUTER_BOUND('',#1358,.T.);
#772=FACE_OUTER_BOUND('',#1359,.T.);
#773=FACE_OUTER_BOUND('',#1360,.T.);
#774=FACE_OUTER_BOUND('',#1361,.T.);
#775=FACE_OUTER_BOUND('',#1363,.T.);
#776=FACE_OUTER_BOUND('',#1364,.T.);
#777=FACE_OUTER_BOUND('',#1365,.T.);
#778=FACE_OUTER_BOUND('',#1366,.T.);
#779=FACE_OUTER_BOUND('',#1367,.T.);
#780=FACE_OUTER_BOUND('',#1368,.T.);
#781=FACE_OUTER_BOUND('',#1369,.T.);
#782=FACE_OUTER_BOUND('',#1370,.T.);
#783=FACE_OUTER_BOUND('',#1371,.T.);
#784=FACE_OUTER_BOUND('',#1372,.T.);
#785=FACE_OUTER_BOUND('',#1374,.T.);
#786=FACE_OUTER_BOUND('',#1375,.T.);
#787=FACE_OUTER_BOUND('',#1377,.T.);
#788=FACE_OUTER_BOUND('',#1378,.T.);
#789=FACE_OUTER_BOUND('',#1379,.T.);
#790=FACE_OUTER_BOUND('',#1380,.T.);
#791=FACE_OUTER_BOUND('',#1381,.T.);
#792=FACE_OUTER_BOUND('',#1383,.T.);
#793=FACE_OUTER_BOUND('',#1384,.T.);
#794=FACE_OUTER_BOUND('',#1386,.T.);
#795=FACE_OUTER_BOUND('',#1387,.T.);
#796=FACE_OUTER_BOUND('',#1388,.T.);
#797=FACE_OUTER_BOUND('',#1389,.T.);
#798=FACE_OUTER_BOUND('',#1390,.T.);
#799=FACE_OUTER_BOUND('',#1391,.T.);
#800=FACE_OUTER_BOUND('',#1392,.T.);
#801=FACE_OUTER_BOUND('',#1393,.T.);
#802=FACE_OUTER_BOUND('',#1394,.T.);
#803=FACE_OUTER_BOUND('',#1395,.T.);
#804=FACE_OUTER_BOUND('',#1396,.T.);
#805=FACE_OUTER_BOUND('',#1397,.T.);
#806=FACE_OUTER_BOUND('',#1398,.T.);
#807=FACE_OUTER_BOUND('',#1399,.T.);
#808=FACE_OUTER_BOUND('',#1400,.T.);
#809=FACE_OUTER_BOUND('',#1401,.T.);
#810=FACE_OUTER_BOUND('',#1402,.T.);
#811=FACE_OUTER_BOUND('',#1403,.T.);
#812=FACE_OUTER_BOUND('',#1404,.T.);
#813=FACE_OUTER_BOUND('',#1405,.T.);
#814=FACE_OUTER_BOUND('',#1406,.T.);
#815=FACE_OUTER_BOUND('',#1407,.T.);
#816=FACE_OUTER_BOUND('',#1408,.T.);
#817=FACE_OUTER_BOUND('',#1409,.T.);
#818=FACE_OUTER_BOUND('',#1410,.T.);
#819=FACE_OUTER_BOUND('',#1411,.T.);
#820=FACE_OUTER_BOUND('',#1412,.T.);
#821=FACE_OUTER_BOUND('',#1413,.T.);
#822=FACE_OUTER_BOUND('',#1414,.T.);
#823=FACE_OUTER_BOUND('',#1415,.T.);
#824=FACE_OUTER_BOUND('',#1416,.T.);
#825=FACE_OUTER_BOUND('',#1417,.T.);
#826=FACE_OUTER_BOUND('',#1418,.T.);
#827=FACE_OUTER_BOUND('',#1419,.T.);
#828=FACE_OUTER_BOUND('',#1420,.T.);
#829=FACE_OUTER_BOUND('',#1421,.T.);
#830=FACE_OUTER_BOUND('',#1422,.T.);
#831=FACE_OUTER_BOUND('',#1423,.T.);
#832=FACE_OUTER_BOUND('',#1424,.T.);
#833=FACE_OUTER_BOUND('',#1425,.T.);
#834=FACE_OUTER_BOUND('',#1426,.T.);
#835=FACE_OUTER_BOUND('',#1427,.T.);
#836=FACE_OUTER_BOUND('',#1428,.T.);
#837=FACE_OUTER_BOUND('',#1429,.T.);
#838=FACE_OUTER_BOUND('',#1430,.T.);
#839=FACE_OUTER_BOUND('',#1431,.T.);
#840=FACE_OUTER_BOUND('',#1432,.T.);
#841=FACE_OUTER_BOUND('',#1433,.T.);
#842=FACE_OUTER_BOUND('',#1434,.T.);
#843=FACE_OUTER_BOUND('',#1435,.T.);
#844=FACE_OUTER_BOUND('',#1436,.T.);
#845=FACE_OUTER_BOUND('',#1437,.T.);
#846=FACE_OUTER_BOUND('',#1438,.T.);
#847=FACE_OUTER_BOUND('',#1441,.T.);
#848=FACE_OUTER_BOUND('',#1442,.T.);
#849=FACE_OUTER_BOUND('',#1443,.T.);
#850=FACE_OUTER_BOUND('',#1444,.T.);
#851=FACE_OUTER_BOUND('',#1447,.T.);
#852=FACE_OUTER_BOUND('',#1448,.T.);
#853=FACE_OUTER_BOUND('',#1449,.T.);
#854=FACE_OUTER_BOUND('',#1452,.T.);
#855=FACE_OUTER_BOUND('',#1453,.T.);
#856=FACE_OUTER_BOUND('',#1454,.T.);
#857=FACE_OUTER_BOUND('',#1457,.T.);
#858=FACE_OUTER_BOUND('',#1458,.T.);
#859=FACE_OUTER_BOUND('',#1459,.T.);
#860=FACE_OUTER_BOUND('',#1460,.T.);
#861=FACE_OUTER_BOUND('',#1461,.T.);
#862=FACE_OUTER_BOUND('',#1462,.T.);
#863=FACE_OUTER_BOUND('',#1463,.T.);
#864=FACE_OUTER_BOUND('',#1464,.T.);
#865=FACE_OUTER_BOUND('',#1465,.T.);
#866=FACE_OUTER_BOUND('',#1466,.T.);
#867=FACE_OUTER_BOUND('',#1467,.T.);
#868=FACE_OUTER_BOUND('',#1468,.T.);
#869=FACE_OUTER_BOUND('',#1469,.T.);
#870=FACE_OUTER_BOUND('',#1470,.T.);
#871=FACE_OUTER_BOUND('',#1471,.T.);
#872=FACE_OUTER_BOUND('',#1472,.T.);
#873=FACE_OUTER_BOUND('',#1473,.T.);
#874=FACE_OUTER_BOUND('',#1474,.T.);
#875=FACE_OUTER_BOUND('',#1475,.T.);
#876=FACE_OUTER_BOUND('',#1476,.T.);
#877=FACE_OUTER_BOUND('',#1477,.T.);
#878=FACE_OUTER_BOUND('',#1478,.T.);
#879=FACE_OUTER_BOUND('',#1479,.T.);
#880=FACE_OUTER_BOUND('',#1480,.T.);
#881=FACE_OUTER_BOUND('',#1481,.T.);
#882=FACE_OUTER_BOUND('',#1482,.T.);
#883=EDGE_LOOP('',(#6295,#6296,#6297,#6298));
#884=EDGE_LOOP('',(#6299,#6300,#6301,#6302));
#885=EDGE_LOOP('',(#6303,#6304,#6305,#6306));
#886=EDGE_LOOP('',(#6307,#6308,#6309,#6310));
#887=EDGE_LOOP('',(#6311,#6312,#6313,#6314));
#888=EDGE_LOOP('',(#6315,#6316,#6317,#6318));
#889=EDGE_LOOP('',(#6319,#6320,#6321,#6322));
#890=EDGE_LOOP('',(#6323,#6324,#6325,#6326));
#891=EDGE_LOOP('',(#6327,#6328,#6329,#6330));
#892=EDGE_LOOP('',(#6331,#6332,#6333,#6334));
#893=EDGE_LOOP('',(#6335,#6336,#6337,#6338));
#894=EDGE_LOOP('',(#6339,#6340,#6341,#6342));
#895=EDGE_LOOP('',(#6343,#6344,#6345,#6346));
#896=EDGE_LOOP('',(#6347,#6348,#6349,#6350));
#897=EDGE_LOOP('',(#6351,#6352,#6353,#6354));
#898=EDGE_LOOP('',(#6355,#6356,#6357,#6358));
#899=EDGE_LOOP('',(#6359,#6360,#6361,#6362));
#900=EDGE_LOOP('',(#6363,#6364,#6365,#6366,#6367,#6368,#6369,#6370));
#901=EDGE_LOOP('',(#6371));
#902=EDGE_LOOP('',(#6372));
#903=EDGE_LOOP('',(#6373,#6374,#6375,#6376));
#904=EDGE_LOOP('',(#6377,#6378,#6379,#6380));
#905=EDGE_LOOP('',(#6381,#6382,#6383,#6384));
#906=EDGE_LOOP('',(#6385,#6386,#6387,#6388,#6389,#6390,#6391,#6392));
#907=EDGE_LOOP('',(#6393));
#908=EDGE_LOOP('',(#6394));
#909=EDGE_LOOP('',(#6395,#6396,#6397,#6398));
#910=EDGE_LOOP('',(#6399,#6400,#6401,#6402));
#911=EDGE_LOOP('',(#6403,#6404,#6405,#6406));
#912=EDGE_LOOP('',(#6407));
#913=EDGE_LOOP('',(#6408));
#914=EDGE_LOOP('',(#6409,#6410,#6411,#6412));
#915=EDGE_LOOP('',(#6413,#6414,#6415,#6416));
#916=EDGE_LOOP('',(#6417,#6418,#6419,#6420));
#917=EDGE_LOOP('',(#6421));
#918=EDGE_LOOP('',(#6422));
#919=EDGE_LOOP('',(#6423,#6424,#6425,#6426));
#920=EDGE_LOOP('',(#6427,#6428,#6429,#6430,#6431,#6432,#6433,#6434,#6435,
#6436,#6437,#6438));
#921=EDGE_LOOP('',(#6439,#6440,#6441,#6442));
#922=EDGE_LOOP('',(#6443,#6444,#6445,#6446));
#923=EDGE_LOOP('',(#6447,#6448,#6449,#6450));
#924=EDGE_LOOP('',(#6451,#6452,#6453,#6454));
#925=EDGE_LOOP('',(#6455,#6456,#6457,#6458));
#926=EDGE_LOOP('',(#6459,#6460,#6461,#6462));
#927=EDGE_LOOP('',(#6463,#6464,#6465,#6466));
#928=EDGE_LOOP('',(#6467,#6468,#6469,#6470));
#929=EDGE_LOOP('',(#6471,#6472,#6473,#6474));
#930=EDGE_LOOP('',(#6475,#6476,#6477,#6478));
#931=EDGE_LOOP('',(#6479,#6480,#6481,#6482,#6483,#6484,#6485,#6486,#6487,
#6488,#6489,#6490));
#932=EDGE_LOOP('',(#6491,#6492,#6493,#6494));
#933=EDGE_LOOP('',(#6495));
#934=EDGE_LOOP('',(#6496));
#935=EDGE_LOOP('',(#6497,#6498,#6499,#6500));
#936=EDGE_LOOP('',(#6501,#6502,#6503,#6504,#6505,#6506,#6507,#6508));
#937=EDGE_LOOP('',(#6509));
#938=EDGE_LOOP('',(#6510));
#939=EDGE_LOOP('',(#6511,#6512,#6513,#6514));
#940=EDGE_LOOP('',(#6515,#6516,#6517,#6518,#6519,#6520,#6521,#6522));
#941=EDGE_LOOP('',(#6523));
#942=EDGE_LOOP('',(#6524));
#943=EDGE_LOOP('',(#6525,#6526,#6527,#6528));
#944=EDGE_LOOP('',(#6529,#6530,#6531,#6532));
#945=EDGE_LOOP('',(#6533));
#946=EDGE_LOOP('',(#6534));
#947=EDGE_LOOP('',(#6535,#6536,#6537,#6538));
#948=EDGE_LOOP('',(#6539,#6540,#6541,#6542));
#949=EDGE_LOOP('',(#6543,#6544,#6545,#6546));
#950=EDGE_LOOP('',(#6547,#6548,#6549,#6550));
#951=EDGE_LOOP('',(#6551));
#952=EDGE_LOOP('',(#6552,#6553,#6554,#6555));
#953=EDGE_LOOP('',(#6556,#6557,#6558,#6559));
#954=EDGE_LOOP('',(#6560));
#955=EDGE_LOOP('',(#6561,#6562,#6563,#6564));
#956=EDGE_LOOP('',(#6565,#6566,#6567,#6568,#6569,#6570,#6571,#6572,#6573,
#6574,#6575,#6576));
#957=EDGE_LOOP('',(#6577,#6578,#6579,#6580));
#958=EDGE_LOOP('',(#6581));
#959=EDGE_LOOP('',(#6582,#6583,#6584,#6585));
#960=EDGE_LOOP('',(#6586,#6587,#6588,#6589));
#961=EDGE_LOOP('',(#6590,#6591,#6592,#6593));
#962=EDGE_LOOP('',(#6594));
#963=EDGE_LOOP('',(#6595,#6596,#6597,#6598));
#964=EDGE_LOOP('',(#6599,#6600,#6601,#6602,#6603,#6604,#6605,#6606,#6607,
#6608,#6609,#6610));
#965=EDGE_LOOP('',(#6611,#6612,#6613,#6614));
#966=EDGE_LOOP('',(#6615,#6616,#6617,#6618));
#967=EDGE_LOOP('',(#6619,#6620,#6621,#6622));
#968=EDGE_LOOP('',(#6623,#6624,#6625,#6626));
#969=EDGE_LOOP('',(#6627,#6628,#6629,#6630));
#970=EDGE_LOOP('',(#6631,#6632,#6633,#6634));
#971=EDGE_LOOP('',(#6635,#6636,#6637,#6638));
#972=EDGE_LOOP('',(#6639,#6640,#6641,#6642));
#973=EDGE_LOOP('',(#6643));
#974=EDGE_LOOP('',(#6644,#6645,#6646,#6647,#6648,#6649,#6650,#6651));
#975=EDGE_LOOP('',(#6652,#6653,#6654,#6655));
#976=EDGE_LOOP('',(#6656));
#977=EDGE_LOOP('',(#6657,#6658,#6659,#6660));
#978=EDGE_LOOP('',(#6661,#6662,#6663,#6664));
#979=EDGE_LOOP('',(#6665,#6666,#6667,#6668));
#980=EDGE_LOOP('',(#6669,#6670,#6671,#6672));
#981=EDGE_LOOP('',(#6673,#6674,#6675,#6676));
#982=EDGE_LOOP('',(#6677));
#983=EDGE_LOOP('',(#6678,#6679,#6680,#6681,#6682,#6683,#6684,#6685));
#984=EDGE_LOOP('',(#6686,#6687,#6688,#6689));
#985=EDGE_LOOP('',(#6690));
#986=EDGE_LOOP('',(#6691,#6692,#6693,#6694,#6695,#6696,#6697,#6698,#6699,
#6700,#6701,#6702));
#987=EDGE_LOOP('',(#6703,#6704,#6705,#6706));
#988=EDGE_LOOP('',(#6707,#6708,#6709,#6710));
#989=EDGE_LOOP('',(#6711,#6712,#6713,#6714,#6715,#6716,#6717,#6718));
#990=EDGE_LOOP('',(#6719,#6720,#6721,#6722,#6723,#6724,#6725,#6726));
#991=EDGE_LOOP('',(#6727,#6728,#6729,#6730));
#992=EDGE_LOOP('',(#6731,#6732,#6733,#6734));
#993=EDGE_LOOP('',(#6735,#6736,#6737,#6738));
#994=EDGE_LOOP('',(#6739,#6740,#6741,#6742));
#995=EDGE_LOOP('',(#6743,#6744,#6745,#6746,#6747,#6748,#6749,#6750,#6751,
#6752,#6753,#6754));
#996=EDGE_LOOP('',(#6755,#6756,#6757,#6758));
#997=EDGE_LOOP('',(#6759,#6760,#6761,#6762));
#998=EDGE_LOOP('',(#6763,#6764,#6765,#6766));
#999=EDGE_LOOP('',(#6767,#6768,#6769,#6770));
#1000=EDGE_LOOP('',(#6771,#6772,#6773,#6774));
#1001=EDGE_LOOP('',(#6775,#6776,#6777,#6778));
#1002=EDGE_LOOP('',(#6779,#6780,#6781,#6782));
#1003=EDGE_LOOP('',(#6783,#6784,#6785,#6786,#6787,#6788,#6789,#6790,#6791,
#6792,#6793,#6794));
#1004=EDGE_LOOP('',(#6795,#6796,#6797,#6798));
#1005=EDGE_LOOP('',(#6799,#6800,#6801,#6802));
#1006=EDGE_LOOP('',(#6803,#6804,#6805,#6806));
#1007=EDGE_LOOP('',(#6807,#6808,#6809,#6810));
#1008=EDGE_LOOP('',(#6811,#6812,#6813,#6814,#6815,#6816,#6817,#6818,#6819,
#6820,#6821,#6822));
#1009=EDGE_LOOP('',(#6823,#6824,#6825,#6826));
#1010=EDGE_LOOP('',(#6827,#6828,#6829,#6830));
#1011=EDGE_LOOP('',(#6831,#6832,#6833,#6834));
#1012=EDGE_LOOP('',(#6835,#6836,#6837,#6838));
#1013=EDGE_LOOP('',(#6839,#6840,#6841,#6842));
#1014=EDGE_LOOP('',(#6843,#6844,#6845,#6846));
#1015=EDGE_LOOP('',(#6847,#6848,#6849,#6850));
#1016=EDGE_LOOP('',(#6851,#6852,#6853,#6854));
#1017=EDGE_LOOP('',(#6855,#6856,#6857,#6858,#6859,#6860,#6861,#6862,#6863,
#6864,#6865,#6866));
#1018=EDGE_LOOP('',(#6867,#6868,#6869,#6870));
#1019=EDGE_LOOP('',(#6871,#6872,#6873,#6874));
#1020=EDGE_LOOP('',(#6875,#6876,#6877,#6878));
#1021=EDGE_LOOP('',(#6879,#6880,#6881,#6882));
#1022=EDGE_LOOP('',(#6883,#6884,#6885,#6886));
#1023=EDGE_LOOP('',(#6887,#6888,#6889,#6890,#6891,#6892,#6893,#6894,#6895,
#6896,#6897,#6898));
#1024=EDGE_LOOP('',(#6899,#6900,#6901,#6902));
#1025=EDGE_LOOP('',(#6903,#6904,#6905,#6906));
#1026=EDGE_LOOP('',(#6907,#6908,#6909,#6910));
#1027=EDGE_LOOP('',(#6911,#6912,#6913,#6914));
#1028=EDGE_LOOP('',(#6915,#6916,#6917,#6918));
#1029=EDGE_LOOP('',(#6919,#6920,#6921,#6922));
#1030=EDGE_LOOP('',(#6923,#6924,#6925,#6926,#6927,#6928,#6929,#6930,#6931,
#6932,#6933,#6934));
#1031=EDGE_LOOP('',(#6935,#6936,#6937,#6938));
#1032=EDGE_LOOP('',(#6939,#6940,#6941,#6942));
#1033=EDGE_LOOP('',(#6943,#6944,#6945,#6946));
#1034=EDGE_LOOP('',(#6947,#6948,#6949,#6950));
#1035=EDGE_LOOP('',(#6951,#6952,#6953,#6954));
#1036=EDGE_LOOP('',(#6955,#6956,#6957,#6958));
#1037=EDGE_LOOP('',(#6959,#6960,#6961,#6962,#6963,#6964,#6965,#6966,#6967,
#6968,#6969,#6970));
#1038=EDGE_LOOP('',(#6971,#6972,#6973,#6974));
#1039=EDGE_LOOP('',(#6975,#6976,#6977,#6978));
#1040=EDGE_LOOP('',(#6979,#6980,#6981,#6982));
#1041=EDGE_LOOP('',(#6983,#6984,#6985,#6986));
#1042=EDGE_LOOP('',(#6987,#6988,#6989,#6990));
#1043=EDGE_LOOP('',(#6991,#6992,#6993,#6994));
#1044=EDGE_LOOP('',(#6995,#6996,#6997,#6998));
#1045=EDGE_LOOP('',(#6999,#7000,#7001,#7002,#7003,#7004,#7005,#7006,#7007,
#7008,#7009,#7010));
#1046=EDGE_LOOP('',(#7011,#7012,#7013,#7014));
#1047=EDGE_LOOP('',(#7015,#7016,#7017,#7018));
#1048=EDGE_LOOP('',(#7019,#7020,#7021,#7022));
#1049=EDGE_LOOP('',(#7023,#7024,#7025,#7026));
#1050=EDGE_LOOP('',(#7027,#7028,#7029,#7030));
#1051=EDGE_LOOP('',(#7031,#7032,#7033,#7034,#7035,#7036,#7037,#7038,#7039,
#7040,#7041,#7042));
#1052=EDGE_LOOP('',(#7043,#7044,#7045,#7046));
#1053=EDGE_LOOP('',(#7047,#7048,#7049,#7050));
#1054=EDGE_LOOP('',(#7051,#7052,#7053,#7054));
#1055=EDGE_LOOP('',(#7055,#7056,#7057,#7058));
#1056=EDGE_LOOP('',(#7059,#7060,#7061,#7062));
#1057=EDGE_LOOP('',(#7063,#7064,#7065,#7066));
#1058=EDGE_LOOP('',(#7067,#7068,#7069,#7070,#7071,#7072,#7073,#7074,#7075,
#7076,#7077,#7078));
#1059=EDGE_LOOP('',(#7079,#7080,#7081,#7082));
#1060=EDGE_LOOP('',(#7083,#7084,#7085,#7086));
#1061=EDGE_LOOP('',(#7087,#7088,#7089,#7090));
#1062=EDGE_LOOP('',(#7091,#7092,#7093,#7094));
#1063=EDGE_LOOP('',(#7095,#7096,#7097,#7098));
#1064=EDGE_LOOP('',(#7099,#7100,#7101,#7102));
#1065=EDGE_LOOP('',(#7103,#7104,#7105,#7106,#7107,#7108,#7109,#7110,#7111,
#7112,#7113,#7114));
#1066=EDGE_LOOP('',(#7115,#7116,#7117,#7118));
#1067=EDGE_LOOP('',(#7119,#7120,#7121,#7122));
#1068=EDGE_LOOP('',(#7123,#7124,#7125,#7126));
#1069=EDGE_LOOP('',(#7127,#7128,#7129,#7130));
#1070=EDGE_LOOP('',(#7131,#7132,#7133,#7134));
#1071=EDGE_LOOP('',(#7135,#7136,#7137,#7138));
#1072=EDGE_LOOP('',(#7139,#7140,#7141,#7142,#7143,#7144,#7145,#7146,#7147,
#7148,#7149,#7150));
#1073=EDGE_LOOP('',(#7151,#7152,#7153,#7154));
#1074=EDGE_LOOP('',(#7155,#7156,#7157,#7158));
#1075=EDGE_LOOP('',(#7159,#7160,#7161,#7162));
#1076=EDGE_LOOP('',(#7163,#7164,#7165,#7166));
#1077=EDGE_LOOP('',(#7167,#7168,#7169,#7170));
#1078=EDGE_LOOP('',(#7171,#7172,#7173,#7174));
#1079=EDGE_LOOP('',(#7175,#7176,#7177,#7178,#7179,#7180,#7181,#7182,#7183,
#7184,#7185,#7186));
#1080=EDGE_LOOP('',(#7187,#7188,#7189,#7190));
#1081=EDGE_LOOP('',(#7191,#7192,#7193,#7194));
#1082=EDGE_LOOP('',(#7195,#7196,#7197,#7198));
#1083=EDGE_LOOP('',(#7199,#7200,#7201,#7202));
#1084=EDGE_LOOP('',(#7203,#7204,#7205,#7206));
#1085=EDGE_LOOP('',(#7207,#7208,#7209,#7210));
#1086=EDGE_LOOP('',(#7211,#7212,#7213,#7214));
#1087=EDGE_LOOP('',(#7215,#7216,#7217,#7218,#7219,#7220,#7221,#7222,#7223,
#7224,#7225,#7226));
#1088=EDGE_LOOP('',(#7227,#7228,#7229,#7230));
#1089=EDGE_LOOP('',(#7231,#7232,#7233,#7234));
#1090=EDGE_LOOP('',(#7235,#7236,#7237,#7238));
#1091=EDGE_LOOP('',(#7239,#7240,#7241,#7242));
#1092=EDGE_LOOP('',(#7243,#7244,#7245,#7246));
#1093=EDGE_LOOP('',(#7247,#7248,#7249,#7250,#7251,#7252,#7253,#7254,#7255,
#7256,#7257,#7258));
#1094=EDGE_LOOP('',(#7259,#7260,#7261,#7262));
#1095=EDGE_LOOP('',(#7263,#7264,#7265,#7266));
#1096=EDGE_LOOP('',(#7267,#7268,#7269,#7270));
#1097=EDGE_LOOP('',(#7271,#7272,#7273,#7274));
#1098=EDGE_LOOP('',(#7275,#7276,#7277,#7278));
#1099=EDGE_LOOP('',(#7279,#7280,#7281,#7282));
#1100=EDGE_LOOP('',(#7283,#7284,#7285,#7286,#7287,#7288,#7289,#7290,#7291,
#7292,#7293,#7294));
#1101=EDGE_LOOP('',(#7295,#7296,#7297,#7298));
#1102=EDGE_LOOP('',(#7299,#7300,#7301,#7302));
#1103=EDGE_LOOP('',(#7303,#7304,#7305,#7306));
#1104=EDGE_LOOP('',(#7307,#7308,#7309,#7310));
#1105=EDGE_LOOP('',(#7311,#7312,#7313,#7314));
#1106=EDGE_LOOP('',(#7315,#7316,#7317,#7318));
#1107=EDGE_LOOP('',(#7319,#7320,#7321,#7322,#7323,#7324,#7325,#7326,#7327,
#7328,#7329,#7330));
#1108=EDGE_LOOP('',(#7331,#7332,#7333,#7334));
#1109=EDGE_LOOP('',(#7335,#7336,#7337,#7338));
#1110=EDGE_LOOP('',(#7339,#7340,#7341,#7342));
#1111=EDGE_LOOP('',(#7343,#7344,#7345,#7346));
#1112=EDGE_LOOP('',(#7347,#7348,#7349,#7350));
#1113=EDGE_LOOP('',(#7351,#7352,#7353,#7354));
#1114=EDGE_LOOP('',(#7355,#7356,#7357,#7358,#7359,#7360,#7361,#7362,#7363,
#7364,#7365,#7366));
#1115=EDGE_LOOP('',(#7367,#7368,#7369,#7370));
#1116=EDGE_LOOP('',(#7371,#7372,#7373,#7374));
#1117=EDGE_LOOP('',(#7375,#7376,#7377,#7378));
#1118=EDGE_LOOP('',(#7379,#7380,#7381,#7382));
#1119=EDGE_LOOP('',(#7383,#7384,#7385,#7386));
#1120=EDGE_LOOP('',(#7387,#7388,#7389,#7390));
#1121=EDGE_LOOP('',(#7391,#7392,#7393,#7394,#7395,#7396,#7397,#7398,#7399,
#7400,#7401,#7402));
#1122=EDGE_LOOP('',(#7403,#7404,#7405,#7406));
#1123=EDGE_LOOP('',(#7407,#7408,#7409,#7410));
#1124=EDGE_LOOP('',(#7411,#7412,#7413,#7414));
#1125=EDGE_LOOP('',(#7415,#7416,#7417,#7418));
#1126=EDGE_LOOP('',(#7419,#7420,#7421,#7422));
#1127=EDGE_LOOP('',(#7423,#7424,#7425,#7426));
#1128=EDGE_LOOP('',(#7427,#7428,#7429,#7430,#7431,#7432,#7433,#7434,#7435,
#7436,#7437,#7438));
#1129=EDGE_LOOP('',(#7439,#7440,#7441,#7442));
#1130=EDGE_LOOP('',(#7443,#7444,#7445,#7446));
#1131=EDGE_LOOP('',(#7447,#7448,#7449,#7450));
#1132=EDGE_LOOP('',(#7451,#7452,#7453,#7454));
#1133=EDGE_LOOP('',(#7455,#7456,#7457,#7458));
#1134=EDGE_LOOP('',(#7459,#7460,#7461,#7462));
#1135=EDGE_LOOP('',(#7463,#7464,#7465,#7466,#7467,#7468,#7469,#7470,#7471,
#7472,#7473,#7474));
#1136=EDGE_LOOP('',(#7475,#7476,#7477,#7478));
#1137=EDGE_LOOP('',(#7479,#7480,#7481,#7482));
#1138=EDGE_LOOP('',(#7483,#7484,#7485,#7486));
#1139=EDGE_LOOP('',(#7487,#7488,#7489,#7490));
#1140=EDGE_LOOP('',(#7491,#7492,#7493,#7494));
#1141=EDGE_LOOP('',(#7495,#7496,#7497,#7498));
#1142=EDGE_LOOP('',(#7499,#7500,#7501,#7502,#7503,#7504,#7505,#7506,#7507,
#7508,#7509,#7510));
#1143=EDGE_LOOP('',(#7511,#7512,#7513,#7514));
#1144=EDGE_LOOP('',(#7515,#7516,#7517,#7518));
#1145=EDGE_LOOP('',(#7519,#7520,#7521,#7522));
#1146=EDGE_LOOP('',(#7523,#7524,#7525,#7526,#7527,#7528,#7529,#7530,#7531,
#7532,#7533,#7534));
#1147=EDGE_LOOP('',(#7535,#7536,#7537,#7538));
#1148=EDGE_LOOP('',(#7539,#7540,#7541,#7542));
#1149=EDGE_LOOP('',(#7543,#7544,#7545,#7546));
#1150=EDGE_LOOP('',(#7547,#7548,#7549,#7550));
#1151=EDGE_LOOP('',(#7551,#7552,#7553,#7554));
#1152=EDGE_LOOP('',(#7555,#7556,#7557,#7558));
#1153=EDGE_LOOP('',(#7559,#7560,#7561,#7562));
#1154=EDGE_LOOP('',(#7563,#7564,#7565,#7566));
#1155=EDGE_LOOP('',(#7567,#7568,#7569,#7570,#7571,#7572,#7573,#7574,#7575,
#7576,#7577,#7578));
#1156=EDGE_LOOP('',(#7579,#7580,#7581,#7582));
#1157=EDGE_LOOP('',(#7583,#7584,#7585,#7586));
#1158=EDGE_LOOP('',(#7587,#7588,#7589,#7590));
#1159=EDGE_LOOP('',(#7591,#7592,#7593,#7594));
#1160=EDGE_LOOP('',(#7595));
#1161=EDGE_LOOP('',(#7596));
#1162=EDGE_LOOP('',(#7597,#7598,#7599,#7600));
#1163=EDGE_LOOP('',(#7601));
#1164=EDGE_LOOP('',(#7602));
#1165=EDGE_LOOP('',(#7603,#7604,#7605,#7606));
#1166=EDGE_LOOP('',(#7607));
#1167=EDGE_LOOP('',(#7608));
#1168=EDGE_LOOP('',(#7609,#7610,#7611,#7612));
#1169=EDGE_LOOP('',(#7613));
#1170=EDGE_LOOP('',(#7614));
#1171=EDGE_LOOP('',(#7615,#7616,#7617,#7618));
#1172=EDGE_LOOP('',(#7619));
#1173=EDGE_LOOP('',(#7620));
#1174=EDGE_LOOP('',(#7621,#7622,#7623,#7624));
#1175=EDGE_LOOP('',(#7625));
#1176=EDGE_LOOP('',(#7626));
#1177=EDGE_LOOP('',(#7627,#7628,#7629,#7630));
#1178=EDGE_LOOP('',(#7631));
#1179=EDGE_LOOP('',(#7632));
#1180=EDGE_LOOP('',(#7633,#7634,#7635,#7636));
#1181=EDGE_LOOP('',(#7637));
#1182=EDGE_LOOP('',(#7638));
#1183=EDGE_LOOP('',(#7639,#7640,#7641,#7642));
#1184=EDGE_LOOP('',(#7643,#7644,#7645,#7646,#7647,#7648,#7649,#7650,#7651,
#7652,#7653,#7654));
#1185=EDGE_LOOP('',(#7655,#7656,#7657,#7658));
#1186=EDGE_LOOP('',(#7659,#7660,#7661,#7662));
#1187=EDGE_LOOP('',(#7663,#7664,#7665,#7666));
#1188=EDGE_LOOP('',(#7667,#7668,#7669,#7670));
#1189=EDGE_LOOP('',(#7671,#7672,#7673,#7674));
#1190=EDGE_LOOP('',(#7675,#7676,#7677,#7678));
#1191=EDGE_LOOP('',(#7679,#7680,#7681,#7682));
#1192=EDGE_LOOP('',(#7683,#7684,#7685,#7686));
#1193=EDGE_LOOP('',(#7687,#7688,#7689,#7690,#7691,#7692,#7693,#7694,#7695,
#7696,#7697,#7698));
#1194=EDGE_LOOP('',(#7699,#7700,#7701,#7702));
#1195=EDGE_LOOP('',(#7703,#7704,#7705,#7706));
#1196=EDGE_LOOP('',(#7707,#7708,#7709,#7710));
#1197=EDGE_LOOP('',(#7711,#7712,#7713,#7714));
#1198=EDGE_LOOP('',(#7715,#7716,#7717,#7718));
#1199=EDGE_LOOP('',(#7719,#7720,#7721,#7722));
#1200=EDGE_LOOP('',(#7723,#7724,#7725,#7726));
#1201=EDGE_LOOP('',(#7727,#7728,#7729,#7730,#7731,#7732,#7733,#7734,#7735,
#7736,#7737,#7738));
#1202=EDGE_LOOP('',(#7739,#7740,#7741,#7742));
#1203=EDGE_LOOP('',(#7743,#7744,#7745,#7746));
#1204=EDGE_LOOP('',(#7747,#7748,#7749,#7750));
#1205=EDGE_LOOP('',(#7751,#7752,#7753,#7754));
#1206=EDGE_LOOP('',(#7755,#7756,#7757,#7758));
#1207=EDGE_LOOP('',(#7759,#7760,#7761,#7762));
#1208=EDGE_LOOP('',(#7763,#7764,#7765,#7766,#7767,#7768,#7769,#7770,#7771,
#7772,#7773,#7774));
#1209=EDGE_LOOP('',(#7775,#7776,#7777,#7778));
#1210=EDGE_LOOP('',(#7779,#7780,#7781,#7782));
#1211=EDGE_LOOP('',(#7783,#7784,#7785,#7786));
#1212=EDGE_LOOP('',(#7787,#7788,#7789,#7790));
#1213=EDGE_LOOP('',(#7791,#7792,#7793,#7794));
#1214=EDGE_LOOP('',(#7795,#7796,#7797,#7798));
#1215=EDGE_LOOP('',(#7799,#7800,#7801,#7802,#7803,#7804,#7805,#7806,#7807,
#7808,#7809,#7810));
#1216=EDGE_LOOP('',(#7811,#7812,#7813,#7814));
#1217=EDGE_LOOP('',(#7815,#7816,#7817,#7818));
#1218=EDGE_LOOP('',(#7819,#7820,#7821,#7822));
#1219=EDGE_LOOP('',(#7823,#7824,#7825,#7826));
#1220=EDGE_LOOP('',(#7827,#7828,#7829,#7830));
#1221=EDGE_LOOP('',(#7831,#7832,#7833,#7834));
#1222=EDGE_LOOP('',(#7835,#7836,#7837,#7838,#7839,#7840,#7841,#7842,#7843,
#7844,#7845,#7846));
#1223=EDGE_LOOP('',(#7847,#7848,#7849,#7850));
#1224=EDGE_LOOP('',(#7851,#7852,#7853,#7854));
#1225=EDGE_LOOP('',(#7855,#7856,#7857,#7858));
#1226=EDGE_LOOP('',(#7859,#7860,#7861,#7862));
#1227=EDGE_LOOP('',(#7863,#7864,#7865,#7866));
#1228=EDGE_LOOP('',(#7867,#7868,#7869,#7870));
#1229=EDGE_LOOP('',(#7871,#7872,#7873,#7874,#7875,#7876,#7877,#7878,#7879,
#7880,#7881,#7882));
#1230=EDGE_LOOP('',(#7883,#7884,#7885,#7886));
#1231=EDGE_LOOP('',(#7887,#7888,#7889,#7890));
#1232=EDGE_LOOP('',(#7891,#7892,#7893,#7894));
#1233=EDGE_LOOP('',(#7895,#7896,#7897,#7898));
#1234=EDGE_LOOP('',(#7899,#7900,#7901,#7902));
#1235=EDGE_LOOP('',(#7903,#7904,#7905,#7906));
#1236=EDGE_LOOP('',(#7907,#7908,#7909,#7910,#7911,#7912,#7913,#7914,#7915,
#7916,#7917,#7918));
#1237=EDGE_LOOP('',(#7919,#7920,#7921,#7922));
#1238=EDGE_LOOP('',(#7923,#7924,#7925,#7926));
#1239=EDGE_LOOP('',(#7927,#7928,#7929,#7930));
#1240=EDGE_LOOP('',(#7931,#7932,#7933,#7934));
#1241=EDGE_LOOP('',(#7935,#7936,#7937,#7938));
#1242=EDGE_LOOP('',(#7939,#7940,#7941,#7942));
#1243=EDGE_LOOP('',(#7943,#7944,#7945,#7946,#7947,#7948,#7949,#7950,#7951,
#7952,#7953,#7954));
#1244=EDGE_LOOP('',(#7955,#7956,#7957,#7958));
#1245=EDGE_LOOP('',(#7959,#7960,#7961,#7962));
#1246=EDGE_LOOP('',(#7963,#7964,#7965,#7966));
#1247=EDGE_LOOP('',(#7967,#7968,#7969,#7970));
#1248=EDGE_LOOP('',(#7971,#7972,#7973,#7974));
#1249=EDGE_LOOP('',(#7975,#7976,#7977,#7978));
#1250=EDGE_LOOP('',(#7979,#7980,#7981,#7982,#7983,#7984,#7985,#7986,#7987,
#7988,#7989,#7990));
#1251=EDGE_LOOP('',(#7991,#7992,#7993,#7994));
#1252=EDGE_LOOP('',(#7995,#7996,#7997,#7998));
#1253=EDGE_LOOP('',(#7999,#8000,#8001,#8002));
#1254=EDGE_LOOP('',(#8003,#8004,#8005,#8006));
#1255=EDGE_LOOP('',(#8007,#8008,#8009,#8010));
#1256=EDGE_LOOP('',(#8011,#8012,#8013,#8014));
#1257=EDGE_LOOP('',(#8015,#8016,#8017,#8018,#8019,#8020,#8021,#8022,#8023,
#8024,#8025,#8026));
#1258=EDGE_LOOP('',(#8027,#8028,#8029,#8030));
#1259=EDGE_LOOP('',(#8031,#8032,#8033,#8034));
#1260=EDGE_LOOP('',(#8035,#8036,#8037,#8038));
#1261=EDGE_LOOP('',(#8039,#8040,#8041,#8042));
#1262=EDGE_LOOP('',(#8043,#8044,#8045,#8046));
#1263=EDGE_LOOP('',(#8047,#8048,#8049,#8050));
#1264=EDGE_LOOP('',(#8051,#8052,#8053,#8054));
#1265=EDGE_LOOP('',(#8055,#8056,#8057,#8058,#8059,#8060,#8061,#8062,#8063,
#8064,#8065,#8066));
#1266=EDGE_LOOP('',(#8067,#8068,#8069,#8070));
#1267=EDGE_LOOP('',(#8071,#8072,#8073,#8074));
#1268=EDGE_LOOP('',(#8075,#8076,#8077,#8078));
#1269=EDGE_LOOP('',(#8079,#8080,#8081,#8082));
#1270=EDGE_LOOP('',(#8083,#8084,#8085,#8086));
#1271=EDGE_LOOP('',(#8087,#8088,#8089,#8090,#8091,#8092,#8093,#8094,#8095,
#8096,#8097,#8098));
#1272=EDGE_LOOP('',(#8099,#8100,#8101,#8102));
#1273=EDGE_LOOP('',(#8103,#8104,#8105,#8106));
#1274=EDGE_LOOP('',(#8107,#8108,#8109,#8110));
#1275=EDGE_LOOP('',(#8111,#8112,#8113,#8114));
#1276=EDGE_LOOP('',(#8115,#8116,#8117,#8118));
#1277=EDGE_LOOP('',(#8119,#8120,#8121,#8122));
#1278=EDGE_LOOP('',(#8123,#8124,#8125,#8126));
#1279=EDGE_LOOP('',(#8127,#8128,#8129,#8130,#8131,#8132,#8133,#8134,#8135,
#8136,#8137,#8138));
#1280=EDGE_LOOP('',(#8139,#8140,#8141,#8142));
#1281=EDGE_LOOP('',(#8143,#8144,#8145,#8146));
#1282=EDGE_LOOP('',(#8147,#8148,#8149,#8150));
#1283=EDGE_LOOP('',(#8151,#8152,#8153,#8154));
#1284=EDGE_LOOP('',(#8155,#8156,#8157,#8158));
#1285=EDGE_LOOP('',(#8159,#8160,#8161,#8162,#8163,#8164,#8165,#8166,#8167,
#8168,#8169,#8170));
#1286=EDGE_LOOP('',(#8171,#8172,#8173,#8174));
#1287=EDGE_LOOP('',(#8175,#8176,#8177,#8178));
#1288=EDGE_LOOP('',(#8179,#8180,#8181,#8182));
#1289=EDGE_LOOP('',(#8183,#8184,#8185,#8186));
#1290=EDGE_LOOP('',(#8187,#8188,#8189,#8190));
#1291=EDGE_LOOP('',(#8191,#8192,#8193,#8194));
#1292=EDGE_LOOP('',(#8195,#8196,#8197,#8198,#8199,#8200,#8201,#8202,#8203,
#8204,#8205,#8206));
#1293=EDGE_LOOP('',(#8207,#8208,#8209,#8210));
#1294=EDGE_LOOP('',(#8211,#8212,#8213,#8214));
#1295=EDGE_LOOP('',(#8215,#8216,#8217,#8218));
#1296=EDGE_LOOP('',(#8219,#8220,#8221,#8222));
#1297=EDGE_LOOP('',(#8223,#8224,#8225,#8226));
#1298=EDGE_LOOP('',(#8227,#8228,#8229,#8230));
#1299=EDGE_LOOP('',(#8231,#8232,#8233,#8234,#8235,#8236,#8237,#8238,#8239,
#8240,#8241,#8242));
#1300=EDGE_LOOP('',(#8243,#8244,#8245,#8246));
#1301=EDGE_LOOP('',(#8247,#8248,#8249,#8250));
#1302=EDGE_LOOP('',(#8251,#8252,#8253,#8254));
#1303=EDGE_LOOP('',(#8255,#8256,#8257,#8258));
#1304=EDGE_LOOP('',(#8259,#8260,#8261,#8262));
#1305=EDGE_LOOP('',(#8263,#8264,#8265,#8266));
#1306=EDGE_LOOP('',(#8267,#8268,#8269,#8270,#8271,#8272,#8273,#8274,#8275,
#8276,#8277,#8278));
#1307=EDGE_LOOP('',(#8279,#8280,#8281,#8282));
#1308=EDGE_LOOP('',(#8283,#8284,#8285,#8286));
#1309=EDGE_LOOP('',(#8287,#8288,#8289,#8290));
#1310=EDGE_LOOP('',(#8291,#8292,#8293,#8294));
#1311=EDGE_LOOP('',(#8295,#8296,#8297,#8298));
#1312=EDGE_LOOP('',(#8299,#8300,#8301,#8302,#8303,#8304,#8305,#8306,#8307,
#8308,#8309,#8310));
#1313=EDGE_LOOP('',(#8311));
#1314=EDGE_LOOP('',(#8312));
#1315=EDGE_LOOP('',(#8313,#8314,#8315,#8316));
#1316=EDGE_LOOP('',(#8317,#8318,#8319,#8320,#8321,#8322,#8323,#8324));
#1317=EDGE_LOOP('',(#8325,#8326,#8327,#8328));
#1318=EDGE_LOOP('',(#8329,#8330,#8331,#8332));
#1319=EDGE_LOOP('',(#8333,#8334,#8335,#8336));
#1320=EDGE_LOOP('',(#8337,#8338,#8339,#8340,#8341,#8342,#8343,#8344));
#1321=EDGE_LOOP('',(#8345,#8346,#8347,#8348,#8349,#8350,#8351,#8352,#8353,
#8354));
#1322=EDGE_LOOP('',(#8355));
#1323=EDGE_LOOP('',(#8356));
#1324=EDGE_LOOP('',(#8357,#8358,#8359,#8360));
#1325=EDGE_LOOP('',(#8361,#8362,#8363,#8364,#8365,#8366,#8367,#8368,#8369,
#8370));
#1326=EDGE_LOOP('',(#8371));
#1327=EDGE_LOOP('',(#8372));
#1328=EDGE_LOOP('',(#8373,#8374,#8375,#8376));
#1329=EDGE_LOOP('',(#8377,#8378,#8379,#8380));
#1330=EDGE_LOOP('',(#8381,#8382,#8383,#8384));
#1331=EDGE_LOOP('',(#8385,#8386,#8387,#8388));
#1332=EDGE_LOOP('',(#8389,#8390,#8391,#8392));
#1333=EDGE_LOOP('',(#8393,#8394,#8395,#8396));
#1334=EDGE_LOOP('',(#8397,#8398,#8399,#8400));
#1335=EDGE_LOOP('',(#8401,#8402,#8403,#8404));
#1336=EDGE_LOOP('',(#8405,#8406,#8407,#8408));
#1337=EDGE_LOOP('',(#8409,#8410,#8411,#8412));
#1338=EDGE_LOOP('',(#8413,#8414,#8415,#8416));
#1339=EDGE_LOOP('',(#8417,#8418,#8419,#8420));
#1340=EDGE_LOOP('',(#8421,#8422,#8423,#8424,#8425,#8426,#8427,#8428,#8429,
#8430,#8431,#8432));
#1341=EDGE_LOOP('',(#8433));
#1342=EDGE_LOOP('',(#8434));
#1343=EDGE_LOOP('',(#8435,#8436,#8437,#8438));
#1344=EDGE_LOOP('',(#8439,#8440,#8441,#8442));
#1345=EDGE_LOOP('',(#8443,#8444,#8445,#8446));
#1346=EDGE_LOOP('',(#8447,#8448,#8449,#8450));
#1347=EDGE_LOOP('',(#8451,#8452,#8453,#8454,#8455,#8456));
#1348=EDGE_LOOP('',(#8457));
#1349=EDGE_LOOP('',(#8458,#8459,#8460,#8461));
#1350=EDGE_LOOP('',(#8462,#8463,#8464,#8465));
#1351=EDGE_LOOP('',(#8466,#8467,#8468,#8469));
#1352=EDGE_LOOP('',(#8470,#8471,#8472,#8473));
#1353=EDGE_LOOP('',(#8474,#8475,#8476,#8477,#8478,#8479));
#1354=EDGE_LOOP('',(#8480));
#1355=EDGE_LOOP('',(#8481,#8482,#8483,#8484));
#1356=EDGE_LOOP('',(#8485,#8486,#8487,#8488));
#1357=EDGE_LOOP('',(#8489));
#1358=EDGE_LOOP('',(#8490,#8491,#8492,#8493,#8494,#8495,#8496,#8497,#8498,
#8499,#8500,#8501));
#1359=EDGE_LOOP('',(#8502,#8503,#8504,#8505));
#1360=EDGE_LOOP('',(#8506,#8507,#8508,#8509));
#1361=EDGE_LOOP('',(#8510,#8511,#8512,#8513));
#1362=EDGE_LOOP('',(#8514));
#1363=EDGE_LOOP('',(#8515,#8516,#8517,#8518));
#1364=EDGE_LOOP('',(#8519,#8520,#8521,#8522,#8523,#8524,#8525,#8526,#8527,
#8528,#8529,#8530));
#1365=EDGE_LOOP('',(#8531,#8532,#8533,#8534));
#1366=EDGE_LOOP('',(#8535,#8536,#8537,#8538));
#1367=EDGE_LOOP('',(#8539,#8540,#8541,#8542));
#1368=EDGE_LOOP('',(#8543,#8544,#8545,#8546));
#1369=EDGE_LOOP('',(#8547,#8548,#8549,#8550));
#1370=EDGE_LOOP('',(#8551,#8552,#8553,#8554));
#1371=EDGE_LOOP('',(#8555,#8556,#8557,#8558));
#1372=EDGE_LOOP('',(#8559,#8560,#8561,#8562));
#1373=EDGE_LOOP('',(#8563));
#1374=EDGE_LOOP('',(#8564,#8565,#8566,#8567,#8568,#8569,#8570,#8571));
#1375=EDGE_LOOP('',(#8572,#8573,#8574,#8575));
#1376=EDGE_LOOP('',(#8576));
#1377=EDGE_LOOP('',(#8577,#8578,#8579,#8580));
#1378=EDGE_LOOP('',(#8581,#8582,#8583,#8584));
#1379=EDGE_LOOP('',(#8585,#8586,#8587,#8588));
#1380=EDGE_LOOP('',(#8589,#8590,#8591,#8592));
#1381=EDGE_LOOP('',(#8593,#8594,#8595,#8596));
#1382=EDGE_LOOP('',(#8597));
#1383=EDGE_LOOP('',(#8598,#8599,#8600,#8601,#8602,#8603,#8604,#8605));
#1384=EDGE_LOOP('',(#8606,#8607,#8608,#8609));
#1385=EDGE_LOOP('',(#8610));
#1386=EDGE_LOOP('',(#8611,#8612,#8613,#8614,#8615,#8616,#8617,#8618,#8619,
#8620,#8621,#8622));
#1387=EDGE_LOOP('',(#8623,#8624,#8625,#8626));
#1388=EDGE_LOOP('',(#8627,#8628,#8629,#8630));
#1389=EDGE_LOOP('',(#8631,#8632,#8633,#8634,#8635,#8636,#8637,#8638));
#1390=EDGE_LOOP('',(#8639,#8640,#8641,#8642,#8643,#8644,#8645,#8646));
#1391=EDGE_LOOP('',(#8647,#8648,#8649,#8650));
#1392=EDGE_LOOP('',(#8651,#8652,#8653,#8654));
#1393=EDGE_LOOP('',(#8655,#8656,#8657,#8658));
#1394=EDGE_LOOP('',(#8659,#8660,#8661,#8662));
#1395=EDGE_LOOP('',(#8663,#8664,#8665,#8666,#8667,#8668,#8669,#8670,#8671,
#8672,#8673,#8674));
#1396=EDGE_LOOP('',(#8675,#8676,#8677,#8678));
#1397=EDGE_LOOP('',(#8679,#8680,#8681,#8682));
#1398=EDGE_LOOP('',(#8683,#8684,#8685,#8686));
#1399=EDGE_LOOP('',(#8687,#8688,#8689,#8690));
#1400=EDGE_LOOP('',(#8691,#8692,#8693,#8694));
#1401=EDGE_LOOP('',(#8695,#8696,#8697,#8698));
#1402=EDGE_LOOP('',(#8699,#8700,#8701,#8702));
#1403=EDGE_LOOP('',(#8703,#8704,#8705,#8706,#8707,#8708,#8709,#8710,#8711,
#8712,#8713,#8714));
#1404=EDGE_LOOP('',(#8715,#8716,#8717,#8718));
#1405=EDGE_LOOP('',(#8719,#8720,#8721,#8722));
#1406=EDGE_LOOP('',(#8723,#8724,#8725,#8726));
#1407=EDGE_LOOP('',(#8727,#8728,#8729,#8730));
#1408=EDGE_LOOP('',(#8731,#8732,#8733,#8734,#8735,#8736,#8737,#8738,#8739,
#8740,#8741,#8742));
#1409=EDGE_LOOP('',(#8743,#8744,#8745,#8746));
#1410=EDGE_LOOP('',(#8747,#8748,#8749,#8750));
#1411=EDGE_LOOP('',(#8751,#8752,#8753,#8754));
#1412=EDGE_LOOP('',(#8755,#8756,#8757,#8758));
#1413=EDGE_LOOP('',(#8759,#8760,#8761,#8762));
#1414=EDGE_LOOP('',(#8763,#8764,#8765,#8766));
#1415=EDGE_LOOP('',(#8767,#8768,#8769,#8770));
#1416=EDGE_LOOP('',(#8771,#8772,#8773,#8774));
#1417=EDGE_LOOP('',(#8775,#8776,#8777,#8778,#8779,#8780,#8781,#8782,#8783,
#8784,#8785,#8786));
#1418=EDGE_LOOP('',(#8787,#8788,#8789,#8790));
#1419=EDGE_LOOP('',(#8791,#8792,#8793,#8794));
#1420=EDGE_LOOP('',(#8795,#8796,#8797,#8798));
#1421=EDGE_LOOP('',(#8799,#8800,#8801,#8802));
#1422=EDGE_LOOP('',(#8803,#8804,#8805,#8806));
#1423=EDGE_LOOP('',(#8807,#8808,#8809,#8810,#8811,#8812,#8813,#8814,#8815,
#8816,#8817,#8818));
#1424=EDGE_LOOP('',(#8819,#8820,#8821,#8822));
#1425=EDGE_LOOP('',(#8823,#8824,#8825,#8826));
#1426=EDGE_LOOP('',(#8827,#8828,#8829,#8830));
#1427=EDGE_LOOP('',(#8831,#8832,#8833,#8834));
#1428=EDGE_LOOP('',(#8835,#8836,#8837,#8838));
#1429=EDGE_LOOP('',(#8839,#8840,#8841,#8842));
#1430=EDGE_LOOP('',(#8843,#8844,#8845,#8846,#8847,#8848,#8849,#8850,#8851,
#8852,#8853,#8854));
#1431=EDGE_LOOP('',(#8855,#8856,#8857,#8858));
#1432=EDGE_LOOP('',(#8859,#8860,#8861,#8862));
#1433=EDGE_LOOP('',(#8863,#8864,#8865,#8866));
#1434=EDGE_LOOP('',(#8867,#8868,#8869,#8870));
#1435=EDGE_LOOP('',(#8871,#8872,#8873,#8874));
#1436=EDGE_LOOP('',(#8875,#8876,#8877,#8878));
#1437=EDGE_LOOP('',(#8879,#8880,#8881,#8882));
#1438=EDGE_LOOP('',(#8883,#8884,#8885,#8886,#8887,#8888,#8889,#8890));
#1439=EDGE_LOOP('',(#8891));
#1440=EDGE_LOOP('',(#8892));
#1441=EDGE_LOOP('',(#8893,#8894,#8895,#8896));
#1442=EDGE_LOOP('',(#8897,#8898,#8899,#8900));
#1443=EDGE_LOOP('',(#8901,#8902,#8903,#8904));
#1444=EDGE_LOOP('',(#8905,#8906,#8907,#8908,#8909,#8910,#8911,#8912));
#1445=EDGE_LOOP('',(#8913));
#1446=EDGE_LOOP('',(#8914));
#1447=EDGE_LOOP('',(#8915,#8916,#8917,#8918));
#1448=EDGE_LOOP('',(#8919,#8920,#8921,#8922));
#1449=EDGE_LOOP('',(#8923,#8924,#8925,#8926));
#1450=EDGE_LOOP('',(#8927));
#1451=EDGE_LOOP('',(#8928));
#1452=EDGE_LOOP('',(#8929,#8930,#8931,#8932));
#1453=EDGE_LOOP('',(#8933,#8934,#8935,#8936));
#1454=EDGE_LOOP('',(#8937,#8938,#8939,#8940));
#1455=EDGE_LOOP('',(#8941));
#1456=EDGE_LOOP('',(#8942));
#1457=EDGE_LOOP('',(#8943,#8944,#8945,#8946));
#1458=EDGE_LOOP('',(#8947,#8948,#8949,#8950,#8951,#8952,#8953,#8954,#8955,
#8956,#8957,#8958));
#1459=EDGE_LOOP('',(#8959,#8960,#8961,#8962));
#1460=EDGE_LOOP('',(#8963,#8964,#8965,#8966));
#1461=EDGE_LOOP('',(#8967,#8968,#8969,#8970));
#1462=EDGE_LOOP('',(#8971,#8972,#8973,#8974));
#1463=EDGE_LOOP('',(#8975,#8976,#8977,#8978));
#1464=EDGE_LOOP('',(#8979,#8980,#8981,#8982));
#1465=EDGE_LOOP('',(#8983,#8984,#8985,#8986));
#1466=EDGE_LOOP('',(#8987,#8988,#8989,#8990));
#1467=EDGE_LOOP('',(#8991,#8992,#8993,#8994));
#1468=EDGE_LOOP('',(#8995,#8996,#8997,#8998));
#1469=EDGE_LOOP('',(#8999,#9000,#9001,#9002));
#1470=EDGE_LOOP('',(#9003,#9004,#9005,#9006));
#1471=EDGE_LOOP('',(#9007,#9008,#9009,#9010));
#1472=EDGE_LOOP('',(#9011,#9012,#9013,#9014));
#1473=EDGE_LOOP('',(#9015,#9016,#9017,#9018));
#1474=EDGE_LOOP('',(#9019,#9020,#9021,#9022));
#1475=EDGE_LOOP('',(#9023,#9024,#9025,#9026));
#1476=EDGE_LOOP('',(#9027,#9028,#9029,#9030));
#1477=EDGE_LOOP('',(#9031,#9032,#9033,#9034));
#1478=EDGE_LOOP('',(#9035,#9036,#9037,#9038));
#1479=EDGE_LOOP('',(#9039,#9040,#9041,#9042));
#1480=EDGE_LOOP('',(#9043,#9044,#9045,#9046));
#1481=EDGE_LOOP('',(#9047,#9048,#9049,#9050));
#1482=EDGE_LOOP('',(#9051,#9052,#9053,#9054));
#1483=LINE('',#13454,#2739);
#1484=LINE('',#13456,#2740);
#1485=LINE('',#13458,#2741);
#1486=LINE('',#13459,#2742);
#1487=LINE('',#13463,#2743);
#1488=LINE('',#13465,#2744);
#1489=LINE('',#13467,#2745);
#1490=LINE('',#13468,#2746);
#1491=LINE('',#13470,#2747);
#1492=LINE('',#13471,#2748);
#1493=LINE('',#13473,#2749);
#1494=LINE('',#13475,#2750);
#1495=LINE('',#13480,#2751);
#1496=LINE('',#13482,#2752);
#1497=LINE('',#13484,#2753);
#1498=LINE('',#13485,#2754);
#1499=LINE('',#13489,#2755);
#1500=LINE('',#13491,#2756);
#1501=LINE('',#13493,#2757);
#1502=LINE('',#13494,#2758);
#1503=LINE('',#13496,#2759);
#1504=LINE('',#13497,#2760);
#1505=LINE('',#13499,#2761);
#1506=LINE('',#13501,#2762);
#1507=LINE('',#13507,#2763);
#1508=LINE('',#13513,#2764);
#1509=LINE('',#13519,#2765);
#1510=LINE('',#13525,#2766);
#1511=LINE('',#13530,#2767);
#1512=LINE('',#13532,#2768);
#1513=LINE('',#13534,#2769);
#1514=LINE('',#13535,#2770);
#1515=LINE('',#13538,#2771);
#1516=LINE('',#13540,#2772);
#1517=LINE('',#13544,#2773);
#1518=LINE('',#13546,#2774);
#1519=LINE('',#13548,#2775);
#1520=LINE('',#13549,#2776);
#1521=LINE('',#13552,#2777);
#1522=LINE('',#13553,#2778);
#1523=LINE('',#13557,#2779);
#1524=LINE('',#13559,#2780);
#1525=LINE('',#13561,#2781);
#1526=LINE('',#13562,#2782);
#1527=LINE('',#13565,#2783);
#1528=LINE('',#13568,#2784);
#1529=LINE('',#13572,#2785);
#1530=LINE('',#13574,#2786);
#1531=LINE('',#13576,#2787);
#1532=LINE('',#13577,#2788);
#1533=LINE('',#13581,#2789);
#1534=LINE('',#13584,#2790);
#1535=LINE('',#13585,#2791);
#1536=LINE('',#13588,#2792);
#1537=LINE('',#13589,#2793);
#1538=LINE('',#13592,#2794);
#1539=LINE('',#13593,#2795);
#1540=LINE('',#13595,#2796);
#1541=LINE('',#13597,#2797);
#1542=LINE('',#13599,#2798);
#1543=LINE('',#13605,#2799);
#1544=LINE('',#13611,#2800);
#1545=LINE('',#13617,#2801);
#1546=LINE('',#13623,#2802);
#1547=LINE('',#13628,#2803);
#1548=LINE('',#13630,#2804);
#1549=LINE('',#13632,#2805);
#1550=LINE('',#13633,#2806);
#1551=LINE('',#13637,#2807);
#1552=LINE('',#13639,#2808);
#1553=LINE('',#13641,#2809);
#1554=LINE('',#13642,#2810);
#1555=LINE('',#13646,#2811);
#1556=LINE('',#13648,#2812);
#1557=LINE('',#13650,#2813);
#1558=LINE('',#13651,#2814);
#1559=LINE('',#13654,#2815);
#1560=LINE('',#13656,#2816);
#1561=LINE('',#13657,#2817);
#1562=LINE('',#13662,#2818);
#1563=LINE('',#13668,#2819);
#1564=LINE('',#13671,#2820);
#1565=LINE('',#13673,#2821);
#1566=LINE('',#13675,#2822);
#1567=LINE('',#13677,#2823);
#1568=LINE('',#13679,#2824);
#1569=LINE('',#13681,#2825);
#1570=LINE('',#13683,#2826);
#1571=LINE('',#13684,#2827);
#1572=LINE('',#13685,#2828);
#1573=LINE('',#13687,#2829);
#1574=LINE('',#13689,#2830);
#1575=LINE('',#13691,#2831);
#1576=LINE('',#13693,#2832);
#1577=LINE('',#13695,#2833);
#1578=LINE('',#13697,#2834);
#1579=LINE('',#13703,#2835);
#1580=LINE('',#13709,#2836);
#1581=LINE('',#13714,#2837);
#1582=LINE('',#13716,#2838);
#1583=LINE('',#13718,#2839);
#1584=LINE('',#13719,#2840);
#1585=LINE('',#13723,#2841);
#1586=LINE('',#13724,#2842);
#1587=LINE('',#13725,#2843);
#1588=LINE('',#13729,#2844);
#1589=LINE('',#13731,#2845);
#1590=LINE('',#13733,#2846);
#1591=LINE('',#13734,#2847);
#1592=LINE('',#13737,#2848);
#1593=LINE('',#13739,#2849);
#1594=LINE('',#13740,#2850);
#1595=LINE('',#13743,#2851);
#1596=LINE('',#13745,#2852);
#1597=LINE('',#13746,#2853);
#1598=LINE('',#13749,#2854);
#1599=LINE('',#13751,#2855);
#1600=LINE('',#13753,#2856);
#1601=LINE('',#13755,#2857);
#1602=LINE('',#13757,#2858);
#1603=LINE('',#13758,#2859);
#1604=LINE('',#13759,#2860);
#1605=LINE('',#13762,#2861);
#1606=LINE('',#13763,#2862);
#1607=LINE('',#13766,#2863);
#1608=LINE('',#13767,#2864);
#1609=LINE('',#13770,#2865);
#1610=LINE('',#13771,#2866);
#1611=LINE('',#13774,#2867);
#1612=LINE('',#13775,#2868);
#1613=LINE('',#13778,#2869);
#1614=LINE('',#13779,#2870);
#1615=LINE('',#13781,#2871);
#1616=LINE('',#13782,#2872);
#1617=LINE('',#13789,#2873);
#1618=LINE('',#13795,#2874);
#1619=LINE('',#13802,#2875);
#1620=LINE('',#13805,#2876);
#1621=LINE('',#13811,#2877);
#1622=LINE('',#13814,#2878);
#1623=LINE('',#13817,#2879);
#1624=LINE('',#13819,#2880);
#1625=LINE('',#13820,#2881);
#1626=LINE('',#13823,#2882);
#1627=LINE('',#13827,#2883);
#1628=LINE('',#13828,#2884);
#1629=LINE('',#13830,#2885);
#1630=LINE('',#13832,#2886);
#1631=LINE('',#13833,#2887);
#1632=LINE('',#13836,#2888);
#1633=LINE('',#13840,#2889);
#1634=LINE('',#13841,#2890);
#1635=LINE('',#13847,#2891);
#1636=LINE('',#13850,#2892);
#1637=LINE('',#13856,#2893);
#1638=LINE('',#13859,#2894);
#1639=LINE('',#13862,#2895);
#1640=LINE('',#13864,#2896);
#1641=LINE('',#13865,#2897);
#1642=LINE('',#13868,#2898);
#1643=LINE('',#13872,#2899);
#1644=LINE('',#13873,#2900);
#1645=LINE('',#13875,#2901);
#1646=LINE('',#13877,#2902);
#1647=LINE('',#13878,#2903);
#1648=LINE('',#13881,#2904);
#1649=LINE('',#13885,#2905);
#1650=LINE('',#13889,#2906);
#1651=LINE('',#13898,#2907);
#1652=LINE('',#13900,#2908);
#1653=LINE('',#13902,#2909);
#1654=LINE('',#13903,#2910);
#1655=LINE('',#13906,#2911);
#1656=LINE('',#13908,#2912);
#1657=LINE('',#13909,#2913);
#1658=LINE('',#13913,#2914);
#1659=LINE('',#13915,#2915);
#1660=LINE('',#13917,#2916);
#1661=LINE('',#13918,#2917);
#1662=LINE('',#13921,#2918);
#1663=LINE('',#13923,#2919);
#1664=LINE('',#13924,#2920);
#1665=LINE('',#13926,#2921);
#1666=LINE('',#13928,#2922);
#1667=LINE('',#13930,#2923);
#1668=LINE('',#13932,#2924);
#1669=LINE('',#13934,#2925);
#1670=LINE('',#13936,#2926);
#1671=LINE('',#13938,#2927);
#1672=LINE('',#13939,#2928);
#1673=LINE('',#13942,#2929);
#1674=LINE('',#13943,#2930);
#1675=LINE('',#13946,#2931);
#1676=LINE('',#13947,#2932);
#1677=LINE('',#13950,#2933);
#1678=LINE('',#13951,#2934);
#1679=LINE('',#13954,#2935);
#1680=LINE('',#13955,#2936);
#1681=LINE('',#13957,#2937);
#1682=LINE('',#13960,#2938);
#1683=LINE('',#13961,#2939);
#1684=LINE('',#13964,#2940);
#1685=LINE('',#13965,#2941);
#1686=LINE('',#13967,#2942);
#1687=LINE('',#13972,#2943);
#1688=LINE('',#13974,#2944);
#1689=LINE('',#13976,#2945);
#1690=LINE('',#13977,#2946);
#1691=LINE('',#13981,#2947);
#1692=LINE('',#13983,#2948);
#1693=LINE('',#13985,#2949);
#1694=LINE('',#13986,#2950);
#1695=LINE('',#13989,#2951);
#1696=LINE('',#13991,#2952);
#1697=LINE('',#13992,#2953);
#1698=LINE('',#13995,#2954);
#1699=LINE('',#13997,#2955);
#1700=LINE('',#13999,#2956);
#1701=LINE('',#14000,#2957);
#1702=LINE('',#14002,#2958);
#1703=LINE('',#14004,#2959);
#1704=LINE('',#14006,#2960);
#1705=LINE('',#14008,#2961);
#1706=LINE('',#14009,#2962);
#1707=LINE('',#14012,#2963);
#1708=LINE('',#14013,#2964);
#1709=LINE('',#14017,#2965);
#1710=LINE('',#14018,#2966);
#1711=LINE('',#14019,#2967);
#1712=LINE('',#14022,#2968);
#1713=LINE('',#14023,#2969);
#1714=LINE('',#14026,#2970);
#1715=LINE('',#14027,#2971);
#1716=LINE('',#14030,#2972);
#1717=LINE('',#14031,#2973);
#1718=LINE('',#14033,#2974);
#1719=LINE('',#14036,#2975);
#1720=LINE('',#14037,#2976);
#1721=LINE('',#14039,#2977);
#1722=LINE('',#14041,#2978);
#1723=LINE('',#14046,#2979);
#1724=LINE('',#14048,#2980);
#1725=LINE('',#14050,#2981);
#1726=LINE('',#14051,#2982);
#1727=LINE('',#14054,#2983);
#1728=LINE('',#14056,#2984);
#1729=LINE('',#14057,#2985);
#1730=LINE('',#14061,#2986);
#1731=LINE('',#14063,#2987);
#1732=LINE('',#14065,#2988);
#1733=LINE('',#14066,#2989);
#1734=LINE('',#14069,#2990);
#1735=LINE('',#14071,#2991);
#1736=LINE('',#14072,#2992);
#1737=LINE('',#14074,#2993);
#1738=LINE('',#14076,#2994);
#1739=LINE('',#14078,#2995);
#1740=LINE('',#14080,#2996);
#1741=LINE('',#14082,#2997);
#1742=LINE('',#14084,#2998);
#1743=LINE('',#14086,#2999);
#1744=LINE('',#14087,#3000);
#1745=LINE('',#14090,#3001);
#1746=LINE('',#14091,#3002);
#1747=LINE('',#14094,#3003);
#1748=LINE('',#14095,#3004);
#1749=LINE('',#14098,#3005);
#1750=LINE('',#14099,#3006);
#1751=LINE('',#14102,#3007);
#1752=LINE('',#14103,#3008);
#1753=LINE('',#14105,#3009);
#1754=LINE('',#14108,#3010);
#1755=LINE('',#14109,#3011);
#1756=LINE('',#14112,#3012);
#1757=LINE('',#14113,#3013);
#1758=LINE('',#14115,#3014);
#1759=LINE('',#14120,#3015);
#1760=LINE('',#14122,#3016);
#1761=LINE('',#14124,#3017);
#1762=LINE('',#14125,#3018);
#1763=LINE('',#14128,#3019);
#1764=LINE('',#14130,#3020);
#1765=LINE('',#14131,#3021);
#1766=LINE('',#14135,#3022);
#1767=LINE('',#14137,#3023);
#1768=LINE('',#14139,#3024);
#1769=LINE('',#14140,#3025);
#1770=LINE('',#14144,#3026);
#1771=LINE('',#14145,#3027);
#1772=LINE('',#14146,#3028);
#1773=LINE('',#14148,#3029);
#1774=LINE('',#14150,#3030);
#1775=LINE('',#14152,#3031);
#1776=LINE('',#14154,#3032);
#1777=LINE('',#14156,#3033);
#1778=LINE('',#14158,#3034);
#1779=LINE('',#14160,#3035);
#1780=LINE('',#14161,#3036);
#1781=LINE('',#14164,#3037);
#1782=LINE('',#14165,#3038);
#1783=LINE('',#14168,#3039);
#1784=LINE('',#14169,#3040);
#1785=LINE('',#14172,#3041);
#1786=LINE('',#14173,#3042);
#1787=LINE('',#14176,#3043);
#1788=LINE('',#14177,#3044);
#1789=LINE('',#14179,#3045);
#1790=LINE('',#14182,#3046);
#1791=LINE('',#14183,#3047);
#1792=LINE('',#14186,#3048);
#1793=LINE('',#14187,#3049);
#1794=LINE('',#14189,#3050);
#1795=LINE('',#14194,#3051);
#1796=LINE('',#14196,#3052);
#1797=LINE('',#14198,#3053);
#1798=LINE('',#14199,#3054);
#1799=LINE('',#14202,#3055);
#1800=LINE('',#14204,#3056);
#1801=LINE('',#14205,#3057);
#1802=LINE('',#14209,#3058);
#1803=LINE('',#14211,#3059);
#1804=LINE('',#14213,#3060);
#1805=LINE('',#14214,#3061);
#1806=LINE('',#14217,#3062);
#1807=LINE('',#14219,#3063);
#1808=LINE('',#14220,#3064);
#1809=LINE('',#14222,#3065);
#1810=LINE('',#14224,#3066);
#1811=LINE('',#14226,#3067);
#1812=LINE('',#14228,#3068);
#1813=LINE('',#14230,#3069);
#1814=LINE('',#14232,#3070);
#1815=LINE('',#14234,#3071);
#1816=LINE('',#14235,#3072);
#1817=LINE('',#14238,#3073);
#1818=LINE('',#14239,#3074);
#1819=LINE('',#14242,#3075);
#1820=LINE('',#14243,#3076);
#1821=LINE('',#14246,#3077);
#1822=LINE('',#14247,#3078);
#1823=LINE('',#14250,#3079);
#1824=LINE('',#14251,#3080);
#1825=LINE('',#14253,#3081);
#1826=LINE('',#14256,#3082);
#1827=LINE('',#14257,#3083);
#1828=LINE('',#14260,#3084);
#1829=LINE('',#14261,#3085);
#1830=LINE('',#14263,#3086);
#1831=LINE('',#14268,#3087);
#1832=LINE('',#14270,#3088);
#1833=LINE('',#14272,#3089);
#1834=LINE('',#14273,#3090);
#1835=LINE('',#14276,#3091);
#1836=LINE('',#14278,#3092);
#1837=LINE('',#14279,#3093);
#1838=LINE('',#14283,#3094);
#1839=LINE('',#14285,#3095);
#1840=LINE('',#14287,#3096);
#1841=LINE('',#14288,#3097);
#1842=LINE('',#14291,#3098);
#1843=LINE('',#14293,#3099);
#1844=LINE('',#14294,#3100);
#1845=LINE('',#14296,#3101);
#1846=LINE('',#14298,#3102);
#1847=LINE('',#14300,#3103);
#1848=LINE('',#14302,#3104);
#1849=LINE('',#14304,#3105);
#1850=LINE('',#14306,#3106);
#1851=LINE('',#14308,#3107);
#1852=LINE('',#14309,#3108);
#1853=LINE('',#14312,#3109);
#1854=LINE('',#14313,#3110);
#1855=LINE('',#14316,#3111);
#1856=LINE('',#14317,#3112);
#1857=LINE('',#14320,#3113);
#1858=LINE('',#14321,#3114);
#1859=LINE('',#14324,#3115);
#1860=LINE('',#14325,#3116);
#1861=LINE('',#14327,#3117);
#1862=LINE('',#14330,#3118);
#1863=LINE('',#14331,#3119);
#1864=LINE('',#14334,#3120);
#1865=LINE('',#14335,#3121);
#1866=LINE('',#14337,#3122);
#1867=LINE('',#14342,#3123);
#1868=LINE('',#14344,#3124);
#1869=LINE('',#14346,#3125);
#1870=LINE('',#14347,#3126);
#1871=LINE('',#14350,#3127);
#1872=LINE('',#14352,#3128);
#1873=LINE('',#14353,#3129);
#1874=LINE('',#14357,#3130);
#1875=LINE('',#14359,#3131);
#1876=LINE('',#14361,#3132);
#1877=LINE('',#14362,#3133);
#1878=LINE('',#14365,#3134);
#1879=LINE('',#14367,#3135);
#1880=LINE('',#14368,#3136);
#1881=LINE('',#14370,#3137);
#1882=LINE('',#14372,#3138);
#1883=LINE('',#14374,#3139);
#1884=LINE('',#14376,#3140);
#1885=LINE('',#14378,#3141);
#1886=LINE('',#14380,#3142);
#1887=LINE('',#14382,#3143);
#1888=LINE('',#14383,#3144);
#1889=LINE('',#14386,#3145);
#1890=LINE('',#14387,#3146);
#1891=LINE('',#14390,#3147);
#1892=LINE('',#14391,#3148);
#1893=LINE('',#14394,#3149);
#1894=LINE('',#14395,#3150);
#1895=LINE('',#14398,#3151);
#1896=LINE('',#14399,#3152);
#1897=LINE('',#14401,#3153);
#1898=LINE('',#14404,#3154);
#1899=LINE('',#14405,#3155);
#1900=LINE('',#14408,#3156);
#1901=LINE('',#14409,#3157);
#1902=LINE('',#14411,#3158);
#1903=LINE('',#14416,#3159);
#1904=LINE('',#14418,#3160);
#1905=LINE('',#14420,#3161);
#1906=LINE('',#14421,#3162);
#1907=LINE('',#14424,#3163);
#1908=LINE('',#14426,#3164);
#1909=LINE('',#14427,#3165);
#1910=LINE('',#14431,#3166);
#1911=LINE('',#14433,#3167);
#1912=LINE('',#14435,#3168);
#1913=LINE('',#14436,#3169);
#1914=LINE('',#14440,#3170);
#1915=LINE('',#14441,#3171);
#1916=LINE('',#14442,#3172);
#1917=LINE('',#14444,#3173);
#1918=LINE('',#14446,#3174);
#1919=LINE('',#14448,#3175);
#1920=LINE('',#14450,#3176);
#1921=LINE('',#14452,#3177);
#1922=LINE('',#14454,#3178);
#1923=LINE('',#14456,#3179);
#1924=LINE('',#14457,#3180);
#1925=LINE('',#14460,#3181);
#1926=LINE('',#14461,#3182);
#1927=LINE('',#14464,#3183);
#1928=LINE('',#14465,#3184);
#1929=LINE('',#14468,#3185);
#1930=LINE('',#14469,#3186);
#1931=LINE('',#14472,#3187);
#1932=LINE('',#14473,#3188);
#1933=LINE('',#14475,#3189);
#1934=LINE('',#14478,#3190);
#1935=LINE('',#14479,#3191);
#1936=LINE('',#14482,#3192);
#1937=LINE('',#14483,#3193);
#1938=LINE('',#14485,#3194);
#1939=LINE('',#14490,#3195);
#1940=LINE('',#14492,#3196);
#1941=LINE('',#14494,#3197);
#1942=LINE('',#14495,#3198);
#1943=LINE('',#14498,#3199);
#1944=LINE('',#14500,#3200);
#1945=LINE('',#14505,#3201);
#1946=LINE('',#14507,#3202);
#1947=LINE('',#14509,#3203);
#1948=LINE('',#14510,#3204);
#1949=LINE('',#14513,#3205);
#1950=LINE('',#14516,#3206);
#1951=LINE('',#14518,#3207);
#1952=LINE('',#14520,#3208);
#1953=LINE('',#14522,#3209);
#1954=LINE('',#14524,#3210);
#1955=LINE('',#14526,#3211);
#1956=LINE('',#14528,#3212);
#1957=LINE('',#14530,#3213);
#1958=LINE('',#14531,#3214);
#1959=LINE('',#14534,#3215);
#1960=LINE('',#14535,#3216);
#1961=LINE('',#14538,#3217);
#1962=LINE('',#14539,#3218);
#1963=LINE('',#14542,#3219);
#1964=LINE('',#14547,#3220);
#1965=LINE('',#14552,#3221);
#1966=LINE('',#14553,#3222);
#1967=LINE('',#14557,#3223);
#1968=LINE('',#14559,#3224);
#1969=LINE('',#14564,#3225);
#1970=LINE('',#14566,#3226);
#1971=LINE('',#14568,#3227);
#1972=LINE('',#14569,#3228);
#1973=LINE('',#14572,#3229);
#1974=LINE('',#14574,#3230);
#1975=LINE('',#14575,#3231);
#1976=LINE('',#14579,#3232);
#1977=LINE('',#14581,#3233);
#1978=LINE('',#14583,#3234);
#1979=LINE('',#14584,#3235);
#1980=LINE('',#14587,#3236);
#1981=LINE('',#14589,#3237);
#1982=LINE('',#14590,#3238);
#1983=LINE('',#14592,#3239);
#1984=LINE('',#14594,#3240);
#1985=LINE('',#14596,#3241);
#1986=LINE('',#14598,#3242);
#1987=LINE('',#14600,#3243);
#1988=LINE('',#14602,#3244);
#1989=LINE('',#14604,#3245);
#1990=LINE('',#14605,#3246);
#1991=LINE('',#14608,#3247);
#1992=LINE('',#14609,#3248);
#1993=LINE('',#14612,#3249);
#1994=LINE('',#14613,#3250);
#1995=LINE('',#14616,#3251);
#1996=LINE('',#14617,#3252);
#1997=LINE('',#14620,#3253);
#1998=LINE('',#14621,#3254);
#1999=LINE('',#14623,#3255);
#2000=LINE('',#14626,#3256);
#2001=LINE('',#14627,#3257);
#2002=LINE('',#14630,#3258);
#2003=LINE('',#14631,#3259);
#2004=LINE('',#14633,#3260);
#2005=LINE('',#14638,#3261);
#2006=LINE('',#14640,#3262);
#2007=LINE('',#14642,#3263);
#2008=LINE('',#14643,#3264);
#2009=LINE('',#14646,#3265);
#2010=LINE('',#14648,#3266);
#2011=LINE('',#14649,#3267);
#2012=LINE('',#14653,#3268);
#2013=LINE('',#14655,#3269);
#2014=LINE('',#14657,#3270);
#2015=LINE('',#14658,#3271);
#2016=LINE('',#14661,#3272);
#2017=LINE('',#14663,#3273);
#2018=LINE('',#14664,#3274);
#2019=LINE('',#14666,#3275);
#2020=LINE('',#14668,#3276);
#2021=LINE('',#14670,#3277);
#2022=LINE('',#14672,#3278);
#2023=LINE('',#14674,#3279);
#2024=LINE('',#14676,#3280);
#2025=LINE('',#14678,#3281);
#2026=LINE('',#14679,#3282);
#2027=LINE('',#14682,#3283);
#2028=LINE('',#14683,#3284);
#2029=LINE('',#14686,#3285);
#2030=LINE('',#14687,#3286);
#2031=LINE('',#14690,#3287);
#2032=LINE('',#14691,#3288);
#2033=LINE('',#14694,#3289);
#2034=LINE('',#14695,#3290);
#2035=LINE('',#14697,#3291);
#2036=LINE('',#14700,#3292);
#2037=LINE('',#14701,#3293);
#2038=LINE('',#14704,#3294);
#2039=LINE('',#14705,#3295);
#2040=LINE('',#14707,#3296);
#2041=LINE('',#14712,#3297);
#2042=LINE('',#14714,#3298);
#2043=LINE('',#14716,#3299);
#2044=LINE('',#14717,#3300);
#2045=LINE('',#14720,#3301);
#2046=LINE('',#14722,#3302);
#2047=LINE('',#14724,#3303);
#2048=LINE('',#14726,#3304);
#2049=LINE('',#14728,#3305);
#2050=LINE('',#14730,#3306);
#2051=LINE('',#14732,#3307);
#2052=LINE('',#14734,#3308);
#2053=LINE('',#14736,#3309);
#2054=LINE('',#14738,#3310);
#2055=LINE('',#14739,#3311);
#2056=LINE('',#14742,#3312);
#2057=LINE('',#14743,#3313);
#2058=LINE('',#14746,#3314);
#2059=LINE('',#14747,#3315);
#2060=LINE('',#14750,#3316);
#2061=LINE('',#14751,#3317);
#2062=LINE('',#14754,#3318);
#2063=LINE('',#14755,#3319);
#2064=LINE('',#14758,#3320);
#2065=LINE('',#14759,#3321);
#2066=LINE('',#14762,#3322);
#2067=LINE('',#14763,#3323);
#2068=LINE('',#14766,#3324);
#2069=LINE('',#14767,#3325);
#2070=LINE('',#14770,#3326);
#2071=LINE('',#14771,#3327);
#2072=LINE('',#14774,#3328);
#2073=LINE('',#14776,#3329);
#2074=LINE('',#14777,#3330);
#2075=LINE('',#14779,#3331);
#2076=LINE('',#14781,#3332);
#2077=LINE('',#14787,#3333);
#2078=LINE('',#14795,#3334);
#2079=LINE('',#14803,#3335);
#2080=LINE('',#14811,#3336);
#2081=LINE('',#14819,#3337);
#2082=LINE('',#14827,#3338);
#2083=LINE('',#14835,#3339);
#2084=LINE('',#14843,#3340);
#2085=LINE('',#14850,#3341);
#2086=LINE('',#14852,#3342);
#2087=LINE('',#14854,#3343);
#2088=LINE('',#14855,#3344);
#2089=LINE('',#14858,#3345);
#2090=LINE('',#14860,#3346);
#2091=LINE('',#14862,#3347);
#2092=LINE('',#14864,#3348);
#2093=LINE('',#14866,#3349);
#2094=LINE('',#14868,#3350);
#2095=LINE('',#14870,#3351);
#2096=LINE('',#14872,#3352);
#2097=LINE('',#14874,#3353);
#2098=LINE('',#14876,#3354);
#2099=LINE('',#14877,#3355);
#2100=LINE('',#14880,#3356);
#2101=LINE('',#14881,#3357);
#2102=LINE('',#14884,#3358);
#2103=LINE('',#14885,#3359);
#2104=LINE('',#14888,#3360);
#2105=LINE('',#14889,#3361);
#2106=LINE('',#14892,#3362);
#2107=LINE('',#14893,#3363);
#2108=LINE('',#14896,#3364);
#2109=LINE('',#14897,#3365);
#2110=LINE('',#14900,#3366);
#2111=LINE('',#14901,#3367);
#2112=LINE('',#14904,#3368);
#2113=LINE('',#14905,#3369);
#2114=LINE('',#14908,#3370);
#2115=LINE('',#14909,#3371);
#2116=LINE('',#14912,#3372);
#2117=LINE('',#14914,#3373);
#2118=LINE('',#14915,#3374);
#2119=LINE('',#14917,#3375);
#2120=LINE('',#14919,#3376);
#2121=LINE('',#14924,#3377);
#2122=LINE('',#14926,#3378);
#2123=LINE('',#14928,#3379);
#2124=LINE('',#14929,#3380);
#2125=LINE('',#14932,#3381);
#2126=LINE('',#14934,#3382);
#2127=LINE('',#14935,#3383);
#2128=LINE('',#14939,#3384);
#2129=LINE('',#14941,#3385);
#2130=LINE('',#14943,#3386);
#2131=LINE('',#14944,#3387);
#2132=LINE('',#14947,#3388);
#2133=LINE('',#14949,#3389);
#2134=LINE('',#14950,#3390);
#2135=LINE('',#14952,#3391);
#2136=LINE('',#14954,#3392);
#2137=LINE('',#14956,#3393);
#2138=LINE('',#14958,#3394);
#2139=LINE('',#14960,#3395);
#2140=LINE('',#14962,#3396);
#2141=LINE('',#14964,#3397);
#2142=LINE('',#14965,#3398);
#2143=LINE('',#14968,#3399);
#2144=LINE('',#14969,#3400);
#2145=LINE('',#14972,#3401);
#2146=LINE('',#14973,#3402);
#2147=LINE('',#14976,#3403);
#2148=LINE('',#14977,#3404);
#2149=LINE('',#14980,#3405);
#2150=LINE('',#14981,#3406);
#2151=LINE('',#14983,#3407);
#2152=LINE('',#14986,#3408);
#2153=LINE('',#14987,#3409);
#2154=LINE('',#14990,#3410);
#2155=LINE('',#14991,#3411);
#2156=LINE('',#14993,#3412);
#2157=LINE('',#14998,#3413);
#2158=LINE('',#15000,#3414);
#2159=LINE('',#15002,#3415);
#2160=LINE('',#15003,#3416);
#2161=LINE('',#15006,#3417);
#2162=LINE('',#15008,#3418);
#2163=LINE('',#15013,#3419);
#2164=LINE('',#15015,#3420);
#2165=LINE('',#15017,#3421);
#2166=LINE('',#15018,#3422);
#2167=LINE('',#15021,#3423);
#2168=LINE('',#15024,#3424);
#2169=LINE('',#15026,#3425);
#2170=LINE('',#15028,#3426);
#2171=LINE('',#15030,#3427);
#2172=LINE('',#15032,#3428);
#2173=LINE('',#15034,#3429);
#2174=LINE('',#15036,#3430);
#2175=LINE('',#15038,#3431);
#2176=LINE('',#15039,#3432);
#2177=LINE('',#15042,#3433);
#2178=LINE('',#15043,#3434);
#2179=LINE('',#15046,#3435);
#2180=LINE('',#15047,#3436);
#2181=LINE('',#15050,#3437);
#2182=LINE('',#15055,#3438);
#2183=LINE('',#15060,#3439);
#2184=LINE('',#15061,#3440);
#2185=LINE('',#15065,#3441);
#2186=LINE('',#15067,#3442);
#2187=LINE('',#15072,#3443);
#2188=LINE('',#15074,#3444);
#2189=LINE('',#15076,#3445);
#2190=LINE('',#15077,#3446);
#2191=LINE('',#15080,#3447);
#2192=LINE('',#15082,#3448);
#2193=LINE('',#15083,#3449);
#2194=LINE('',#15087,#3450);
#2195=LINE('',#15089,#3451);
#2196=LINE('',#15091,#3452);
#2197=LINE('',#15092,#3453);
#2198=LINE('',#15095,#3454);
#2199=LINE('',#15097,#3455);
#2200=LINE('',#15098,#3456);
#2201=LINE('',#15100,#3457);
#2202=LINE('',#15102,#3458);
#2203=LINE('',#15104,#3459);
#2204=LINE('',#15106,#3460);
#2205=LINE('',#15108,#3461);
#2206=LINE('',#15110,#3462);
#2207=LINE('',#15112,#3463);
#2208=LINE('',#15113,#3464);
#2209=LINE('',#15116,#3465);
#2210=LINE('',#15117,#3466);
#2211=LINE('',#15120,#3467);
#2212=LINE('',#15121,#3468);
#2213=LINE('',#15124,#3469);
#2214=LINE('',#15125,#3470);
#2215=LINE('',#15128,#3471);
#2216=LINE('',#15129,#3472);
#2217=LINE('',#15131,#3473);
#2218=LINE('',#15134,#3474);
#2219=LINE('',#15135,#3475);
#2220=LINE('',#15138,#3476);
#2221=LINE('',#15139,#3477);
#2222=LINE('',#15141,#3478);
#2223=LINE('',#15146,#3479);
#2224=LINE('',#15148,#3480);
#2225=LINE('',#15150,#3481);
#2226=LINE('',#15151,#3482);
#2227=LINE('',#15154,#3483);
#2228=LINE('',#15156,#3484);
#2229=LINE('',#15157,#3485);
#2230=LINE('',#15161,#3486);
#2231=LINE('',#15163,#3487);
#2232=LINE('',#15165,#3488);
#2233=LINE('',#15166,#3489);
#2234=LINE('',#15169,#3490);
#2235=LINE('',#15171,#3491);
#2236=LINE('',#15172,#3492);
#2237=LINE('',#15174,#3493);
#2238=LINE('',#15176,#3494);
#2239=LINE('',#15178,#3495);
#2240=LINE('',#15180,#3496);
#2241=LINE('',#15182,#3497);
#2242=LINE('',#15184,#3498);
#2243=LINE('',#15186,#3499);
#2244=LINE('',#15187,#3500);
#2245=LINE('',#15190,#3501);
#2246=LINE('',#15191,#3502);
#2247=LINE('',#15194,#3503);
#2248=LINE('',#15195,#3504);
#2249=LINE('',#15198,#3505);
#2250=LINE('',#15199,#3506);
#2251=LINE('',#15202,#3507);
#2252=LINE('',#15203,#3508);
#2253=LINE('',#15205,#3509);
#2254=LINE('',#15208,#3510);
#2255=LINE('',#15209,#3511);
#2256=LINE('',#15212,#3512);
#2257=LINE('',#15213,#3513);
#2258=LINE('',#15215,#3514);
#2259=LINE('',#15220,#3515);
#2260=LINE('',#15222,#3516);
#2261=LINE('',#15224,#3517);
#2262=LINE('',#15225,#3518);
#2263=LINE('',#15228,#3519);
#2264=LINE('',#15230,#3520);
#2265=LINE('',#15231,#3521);
#2266=LINE('',#15235,#3522);
#2267=LINE('',#15237,#3523);
#2268=LINE('',#15239,#3524);
#2269=LINE('',#15240,#3525);
#2270=LINE('',#15244,#3526);
#2271=LINE('',#15245,#3527);
#2272=LINE('',#15246,#3528);
#2273=LINE('',#15248,#3529);
#2274=LINE('',#15250,#3530);
#2275=LINE('',#15252,#3531);
#2276=LINE('',#15254,#3532);
#2277=LINE('',#15256,#3533);
#2278=LINE('',#15258,#3534);
#2279=LINE('',#15260,#3535);
#2280=LINE('',#15261,#3536);
#2281=LINE('',#15264,#3537);
#2282=LINE('',#15265,#3538);
#2283=LINE('',#15268,#3539);
#2284=LINE('',#15269,#3540);
#2285=LINE('',#15272,#3541);
#2286=LINE('',#15273,#3542);
#2287=LINE('',#15276,#3543);
#2288=LINE('',#15277,#3544);
#2289=LINE('',#15279,#3545);
#2290=LINE('',#15282,#3546);
#2291=LINE('',#15283,#3547);
#2292=LINE('',#15286,#3548);
#2293=LINE('',#15287,#3549);
#2294=LINE('',#15289,#3550);
#2295=LINE('',#15294,#3551);
#2296=LINE('',#15296,#3552);
#2297=LINE('',#15298,#3553);
#2298=LINE('',#15299,#3554);
#2299=LINE('',#15302,#3555);
#2300=LINE('',#15304,#3556);
#2301=LINE('',#15305,#3557);
#2302=LINE('',#15309,#3558);
#2303=LINE('',#15311,#3559);
#2304=LINE('',#15313,#3560);
#2305=LINE('',#15314,#3561);
#2306=LINE('',#15317,#3562);
#2307=LINE('',#15319,#3563);
#2308=LINE('',#15320,#3564);
#2309=LINE('',#15322,#3565);
#2310=LINE('',#15324,#3566);
#2311=LINE('',#15326,#3567);
#2312=LINE('',#15328,#3568);
#2313=LINE('',#15330,#3569);
#2314=LINE('',#15332,#3570);
#2315=LINE('',#15334,#3571);
#2316=LINE('',#15335,#3572);
#2317=LINE('',#15338,#3573);
#2318=LINE('',#15339,#3574);
#2319=LINE('',#15342,#3575);
#2320=LINE('',#15343,#3576);
#2321=LINE('',#15346,#3577);
#2322=LINE('',#15347,#3578);
#2323=LINE('',#15350,#3579);
#2324=LINE('',#15351,#3580);
#2325=LINE('',#15353,#3581);
#2326=LINE('',#15356,#3582);
#2327=LINE('',#15357,#3583);
#2328=LINE('',#15360,#3584);
#2329=LINE('',#15361,#3585);
#2330=LINE('',#15363,#3586);
#2331=LINE('',#15368,#3587);
#2332=LINE('',#15370,#3588);
#2333=LINE('',#15372,#3589);
#2334=LINE('',#15373,#3590);
#2335=LINE('',#15376,#3591);
#2336=LINE('',#15378,#3592);
#2337=LINE('',#15379,#3593);
#2338=LINE('',#15383,#3594);
#2339=LINE('',#15385,#3595);
#2340=LINE('',#15387,#3596);
#2341=LINE('',#15388,#3597);
#2342=LINE('',#15392,#3598);
#2343=LINE('',#15393,#3599);
#2344=LINE('',#15394,#3600);
#2345=LINE('',#15396,#3601);
#2346=LINE('',#15398,#3602);
#2347=LINE('',#15400,#3603);
#2348=LINE('',#15402,#3604);
#2349=LINE('',#15404,#3605);
#2350=LINE('',#15406,#3606);
#2351=LINE('',#15408,#3607);
#2352=LINE('',#15409,#3608);
#2353=LINE('',#15412,#3609);
#2354=LINE('',#15413,#3610);
#2355=LINE('',#15416,#3611);
#2356=LINE('',#15417,#3612);
#2357=LINE('',#15420,#3613);
#2358=LINE('',#15421,#3614);
#2359=LINE('',#15424,#3615);
#2360=LINE('',#15425,#3616);
#2361=LINE('',#15427,#3617);
#2362=LINE('',#15430,#3618);
#2363=LINE('',#15431,#3619);
#2364=LINE('',#15434,#3620);
#2365=LINE('',#15435,#3621);
#2366=LINE('',#15437,#3622);
#2367=LINE('',#15442,#3623);
#2368=LINE('',#15444,#3624);
#2369=LINE('',#15446,#3625);
#2370=LINE('',#15447,#3626);
#2371=LINE('',#15450,#3627);
#2372=LINE('',#15452,#3628);
#2373=LINE('',#15453,#3629);
#2374=LINE('',#15457,#3630);
#2375=LINE('',#15459,#3631);
#2376=LINE('',#15461,#3632);
#2377=LINE('',#15462,#3633);
#2378=LINE('',#15465,#3634);
#2379=LINE('',#15467,#3635);
#2380=LINE('',#15468,#3636);
#2381=LINE('',#15470,#3637);
#2382=LINE('',#15472,#3638);
#2383=LINE('',#15474,#3639);
#2384=LINE('',#15476,#3640);
#2385=LINE('',#15478,#3641);
#2386=LINE('',#15480,#3642);
#2387=LINE('',#15482,#3643);
#2388=LINE('',#15483,#3644);
#2389=LINE('',#15486,#3645);
#2390=LINE('',#15487,#3646);
#2391=LINE('',#15490,#3647);
#2392=LINE('',#15491,#3648);
#2393=LINE('',#15494,#3649);
#2394=LINE('',#15495,#3650);
#2395=LINE('',#15498,#3651);
#2396=LINE('',#15499,#3652);
#2397=LINE('',#15501,#3653);
#2398=LINE('',#15504,#3654);
#2399=LINE('',#15505,#3655);
#2400=LINE('',#15508,#3656);
#2401=LINE('',#15509,#3657);
#2402=LINE('',#15511,#3658);
#2403=LINE('',#15516,#3659);
#2404=LINE('',#15518,#3660);
#2405=LINE('',#15520,#3661);
#2406=LINE('',#15521,#3662);
#2407=LINE('',#15525,#3663);
#2408=LINE('',#15527,#3664);
#2409=LINE('',#15529,#3665);
#2410=LINE('',#15530,#3666);
#2411=LINE('',#15532,#3667);
#2412=LINE('',#15533,#3668);
#2413=LINE('',#15536,#3669);
#2414=LINE('',#15538,#3670);
#2415=LINE('',#15540,#3671);
#2416=LINE('',#15542,#3672);
#2417=LINE('',#15544,#3673);
#2418=LINE('',#15546,#3674);
#2419=LINE('',#15548,#3675);
#2420=LINE('',#15551,#3676);
#2421=LINE('',#15558,#3677);
#2422=LINE('',#15559,#3678);
#2423=LINE('',#15562,#3679);
#2424=LINE('',#15564,#3680);
#2425=LINE('',#15566,#3681);
#2426=LINE('',#15568,#3682);
#2427=LINE('',#15570,#3683);
#2428=LINE('',#15571,#3684);
#2429=LINE('',#15575,#3685);
#2430=LINE('',#15577,#3686);
#2431=LINE('',#15579,#3687);
#2432=LINE('',#15580,#3688);
#2433=LINE('',#15583,#3689);
#2434=LINE('',#15585,#3690);
#2435=LINE('',#15586,#3691);
#2436=LINE('',#15589,#3692);
#2437=LINE('',#15590,#3693);
#2438=LINE('',#15592,#3694);
#2439=LINE('',#15594,#3695);
#2440=LINE('',#15596,#3696);
#2441=LINE('',#15597,#3697);
#2442=LINE('',#15600,#3698);
#2443=LINE('',#15602,#3699);
#2444=LINE('',#15603,#3700);
#2445=LINE('',#15607,#3701);
#2446=LINE('',#15609,#3702);
#2447=LINE('',#15610,#3703);
#2448=LINE('',#15617,#3704);
#2449=LINE('',#15618,#3705);
#2450=LINE('',#15621,#3706);
#2451=LINE('',#15623,#3707);
#2452=LINE('',#15625,#3708);
#2453=LINE('',#15628,#3709);
#2454=LINE('',#15629,#3710);
#2455=LINE('',#15636,#3711);
#2456=LINE('',#15637,#3712);
#2457=LINE('',#15639,#3713);
#2458=LINE('',#15641,#3714);
#2459=LINE('',#15645,#3715);
#2460=LINE('',#15647,#3716);
#2461=LINE('',#15651,#3717);
#2462=LINE('',#15653,#3718);
#2463=LINE('',#15656,#3719);
#2464=LINE('',#15658,#3720);
#2465=LINE('',#15659,#3721);
#2466=LINE('',#15661,#3722);
#2467=LINE('',#15662,#3723);
#2468=LINE('',#15668,#3724);
#2469=LINE('',#15674,#3725);
#2470=LINE('',#15676,#3726);
#2471=LINE('',#15678,#3727);
#2472=LINE('',#15679,#3728);
#2473=LINE('',#15682,#3729);
#2474=LINE('',#15684,#3730);
#2475=LINE('',#15685,#3731);
#2476=LINE('',#15688,#3732);
#2477=LINE('',#15690,#3733);
#2478=LINE('',#15692,#3734);
#2479=LINE('',#15693,#3735);
#2480=LINE('',#15698,#3736);
#2481=LINE('',#15699,#3737);
#2482=LINE('',#15704,#3738);
#2483=LINE('',#15709,#3739);
#2484=LINE('',#15713,#3740);
#2485=LINE('',#15715,#3741);
#2486=LINE('',#15717,#3742);
#2487=LINE('',#15718,#3743);
#2488=LINE('',#15720,#3744);
#2489=LINE('',#15721,#3745);
#2490=LINE('',#15725,#3746);
#2491=LINE('',#15727,#3747);
#2492=LINE('',#15729,#3748);
#2493=LINE('',#15730,#3749);
#2494=LINE('',#15733,#3750);
#2495=LINE('',#15735,#3751);
#2496=LINE('',#15736,#3752);
#2497=LINE('',#15739,#3753);
#2498=LINE('',#15741,#3754);
#2499=LINE('',#15743,#3755);
#2500=LINE('',#15745,#3756);
#2501=LINE('',#15746,#3757);
#2502=LINE('',#15747,#3758);
#2503=LINE('',#15750,#3759);
#2504=LINE('',#15751,#3760);
#2505=LINE('',#15754,#3761);
#2506=LINE('',#15755,#3762);
#2507=LINE('',#15758,#3763);
#2508=LINE('',#15759,#3764);
#2509=LINE('',#15762,#3765);
#2510=LINE('',#15763,#3766);
#2511=LINE('',#15765,#3767);
#2512=LINE('',#15766,#3768);
#2513=LINE('',#15773,#3769);
#2514=LINE('',#15779,#3770);
#2515=LINE('',#15786,#3771);
#2516=LINE('',#15789,#3772);
#2517=LINE('',#15795,#3773);
#2518=LINE('',#15798,#3774);
#2519=LINE('',#15801,#3775);
#2520=LINE('',#15803,#3776);
#2521=LINE('',#15804,#3777);
#2522=LINE('',#15807,#3778);
#2523=LINE('',#15811,#3779);
#2524=LINE('',#15812,#3780);
#2525=LINE('',#15814,#3781);
#2526=LINE('',#15816,#3782);
#2527=LINE('',#15817,#3783);
#2528=LINE('',#15820,#3784);
#2529=LINE('',#15824,#3785);
#2530=LINE('',#15825,#3786);
#2531=LINE('',#15831,#3787);
#2532=LINE('',#15834,#3788);
#2533=LINE('',#15840,#3789);
#2534=LINE('',#15843,#3790);
#2535=LINE('',#15846,#3791);
#2536=LINE('',#15848,#3792);
#2537=LINE('',#15849,#3793);
#2538=LINE('',#15852,#3794);
#2539=LINE('',#15856,#3795);
#2540=LINE('',#15857,#3796);
#2541=LINE('',#15859,#3797);
#2542=LINE('',#15861,#3798);
#2543=LINE('',#15862,#3799);
#2544=LINE('',#15865,#3800);
#2545=LINE('',#15869,#3801);
#2546=LINE('',#15873,#3802);
#2547=LINE('',#15882,#3803);
#2548=LINE('',#15884,#3804);
#2549=LINE('',#15886,#3805);
#2550=LINE('',#15887,#3806);
#2551=LINE('',#15890,#3807);
#2552=LINE('',#15892,#3808);
#2553=LINE('',#15893,#3809);
#2554=LINE('',#15897,#3810);
#2555=LINE('',#15899,#3811);
#2556=LINE('',#15901,#3812);
#2557=LINE('',#15902,#3813);
#2558=LINE('',#15905,#3814);
#2559=LINE('',#15907,#3815);
#2560=LINE('',#15908,#3816);
#2561=LINE('',#15910,#3817);
#2562=LINE('',#15912,#3818);
#2563=LINE('',#15914,#3819);
#2564=LINE('',#15916,#3820);
#2565=LINE('',#15918,#3821);
#2566=LINE('',#15920,#3822);
#2567=LINE('',#15922,#3823);
#2568=LINE('',#15923,#3824);
#2569=LINE('',#15926,#3825);
#2570=LINE('',#15927,#3826);
#2571=LINE('',#15930,#3827);
#2572=LINE('',#15931,#3828);
#2573=LINE('',#15934,#3829);
#2574=LINE('',#15935,#3830);
#2575=LINE('',#15938,#3831);
#2576=LINE('',#15939,#3832);
#2577=LINE('',#15941,#3833);
#2578=LINE('',#15944,#3834);
#2579=LINE('',#15945,#3835);
#2580=LINE('',#15948,#3836);
#2581=LINE('',#15949,#3837);
#2582=LINE('',#15951,#3838);
#2583=LINE('',#15956,#3839);
#2584=LINE('',#15958,#3840);
#2585=LINE('',#15960,#3841);
#2586=LINE('',#15961,#3842);
#2587=LINE('',#15965,#3843);
#2588=LINE('',#15967,#3844);
#2589=LINE('',#15969,#3845);
#2590=LINE('',#15970,#3846);
#2591=LINE('',#15973,#3847);
#2592=LINE('',#15975,#3848);
#2593=LINE('',#15976,#3849);
#2594=LINE('',#15979,#3850);
#2595=LINE('',#15981,#3851);
#2596=LINE('',#15983,#3852);
#2597=LINE('',#15984,#3853);
#2598=LINE('',#15986,#3854);
#2599=LINE('',#15988,#3855);
#2600=LINE('',#15990,#3856);
#2601=LINE('',#15992,#3857);
#2602=LINE('',#15993,#3858);
#2603=LINE('',#15996,#3859);
#2604=LINE('',#15997,#3860);
#2605=LINE('',#16001,#3861);
#2606=LINE('',#16002,#3862);
#2607=LINE('',#16003,#3863);
#2608=LINE('',#16006,#3864);
#2609=LINE('',#16007,#3865);
#2610=LINE('',#16010,#3866);
#2611=LINE('',#16011,#3867);
#2612=LINE('',#16014,#3868);
#2613=LINE('',#16015,#3869);
#2614=LINE('',#16017,#3870);
#2615=LINE('',#16020,#3871);
#2616=LINE('',#16021,#3872);
#2617=LINE('',#16023,#3873);
#2618=LINE('',#16025,#3874);
#2619=LINE('',#16030,#3875);
#2620=LINE('',#16032,#3876);
#2621=LINE('',#16034,#3877);
#2622=LINE('',#16035,#3878);
#2623=LINE('',#16038,#3879);
#2624=LINE('',#16040,#3880);
#2625=LINE('',#16041,#3881);
#2626=LINE('',#16045,#3882);
#2627=LINE('',#16047,#3883);
#2628=LINE('',#16049,#3884);
#2629=LINE('',#16050,#3885);
#2630=LINE('',#16053,#3886);
#2631=LINE('',#16055,#3887);
#2632=LINE('',#16056,#3888);
#2633=LINE('',#16058,#3889);
#2634=LINE('',#16060,#3890);
#2635=LINE('',#16062,#3891);
#2636=LINE('',#16064,#3892);
#2637=LINE('',#16066,#3893);
#2638=LINE('',#16068,#3894);
#2639=LINE('',#16070,#3895);
#2640=LINE('',#16071,#3896);
#2641=LINE('',#16074,#3897);
#2642=LINE('',#16075,#3898);
#2643=LINE('',#16078,#3899);
#2644=LINE('',#16079,#3900);
#2645=LINE('',#16082,#3901);
#2646=LINE('',#16083,#3902);
#2647=LINE('',#16086,#3903);
#2648=LINE('',#16087,#3904);
#2649=LINE('',#16089,#3905);
#2650=LINE('',#16092,#3906);
#2651=LINE('',#16093,#3907);
#2652=LINE('',#16096,#3908);
#2653=LINE('',#16097,#3909);
#2654=LINE('',#16099,#3910);
#2655=LINE('',#16105,#3911);
#2656=LINE('',#16111,#3912);
#2657=LINE('',#16117,#3913);
#2658=LINE('',#16123,#3914);
#2659=LINE('',#16128,#3915);
#2660=LINE('',#16130,#3916);
#2661=LINE('',#16132,#3917);
#2662=LINE('',#16133,#3918);
#2663=LINE('',#16136,#3919);
#2664=LINE('',#16138,#3920);
#2665=LINE('',#16142,#3921);
#2666=LINE('',#16144,#3922);
#2667=LINE('',#16146,#3923);
#2668=LINE('',#16147,#3924);
#2669=LINE('',#16150,#3925);
#2670=LINE('',#16151,#3926);
#2671=LINE('',#16155,#3927);
#2672=LINE('',#16157,#3928);
#2673=LINE('',#16159,#3929);
#2674=LINE('',#16160,#3930);
#2675=LINE('',#16163,#3931);
#2676=LINE('',#16166,#3932);
#2677=LINE('',#16170,#3933);
#2678=LINE('',#16172,#3934);
#2679=LINE('',#16174,#3935);
#2680=LINE('',#16175,#3936);
#2681=LINE('',#16179,#3937);
#2682=LINE('',#16182,#3938);
#2683=LINE('',#16183,#3939);
#2684=LINE('',#16186,#3940);
#2685=LINE('',#16187,#3941);
#2686=LINE('',#16190,#3942);
#2687=LINE('',#16191,#3943);
#2688=LINE('',#16193,#3944);
#2689=LINE('',#16195,#3945);
#2690=LINE('',#16197,#3946);
#2691=LINE('',#16202,#3947);
#2692=LINE('',#16204,#3948);
#2693=LINE('',#16206,#3949);
#2694=LINE('',#16207,#3950);
#2695=LINE('',#16210,#3951);
#2696=LINE('',#16212,#3952);
#2697=LINE('',#16213,#3953);
#2698=LINE('',#16216,#3954);
#2699=LINE('',#16217,#3955);
#2700=LINE('',#16220,#3956);
#2701=LINE('',#16221,#3957);
#2702=LINE('',#16223,#3958);
#2703=LINE('',#16228,#3959);
#2704=LINE('',#16230,#3960);
#2705=LINE('',#16232,#3961);
#2706=LINE('',#16233,#3962);
#2707=LINE('',#16236,#3963);
#2708=LINE('',#16238,#3964);
#2709=LINE('',#16239,#3965);
#2710=LINE('',#16242,#3966);
#2711=LINE('',#16243,#3967);
#2712=LINE('',#16246,#3968);
#2713=LINE('',#16247,#3969);
#2714=LINE('',#16249,#3970);
#2715=LINE('',#16254,#3971);
#2716=LINE('',#16256,#3972);
#2717=LINE('',#16258,#3973);
#2718=LINE('',#16259,#3974);
#2719=LINE('',#16262,#3975);
#2720=LINE('',#16264,#3976);
#2721=LINE('',#16265,#3977);
#2722=LINE('',#16268,#3978);
#2723=LINE('',#16269,#3979);
#2724=LINE('',#16272,#3980);
#2725=LINE('',#16273,#3981);
#2726=LINE('',#16275,#3982);
#2727=LINE('',#16280,#3983);
#2728=LINE('',#16282,#3984);
#2729=LINE('',#16284,#3985);
#2730=LINE('',#16285,#3986);
#2731=LINE('',#16288,#3987);
#2732=LINE('',#16290,#3988);
#2733=LINE('',#16291,#3989);
#2734=LINE('',#16294,#3990);
#2735=LINE('',#16295,#3991);
#2736=LINE('',#16298,#3992);
#2737=LINE('',#16299,#3993);
#2738=LINE('',#16301,#3994);
#2739=VECTOR('',#10844,10.);
#2740=VECTOR('',#10845,10.);
#2741=VECTOR('',#10846,10.);
#2742=VECTOR('',#10847,10.);
#2743=VECTOR('',#10850,10.);
#2744=VECTOR('',#10851,10.);
#2745=VECTOR('',#10852,10.);
#2746=VECTOR('',#10853,10.);
#2747=VECTOR('',#10856,10.);
#2748=VECTOR('',#10857,10.);
#2749=VECTOR('',#10860,10.);
#2750=VECTOR('',#10863,10.);
#2751=VECTOR('',#10868,10.);
#2752=VECTOR('',#10869,10.);
#2753=VECTOR('',#10870,10.);
#2754=VECTOR('',#10871,10.);
#2755=VECTOR('',#10874,10.);
#2756=VECTOR('',#10875,10.);
#2757=VECTOR('',#10876,10.);
#2758=VECTOR('',#10877,10.);
#2759=VECTOR('',#10880,10.);
#2760=VECTOR('',#10881,10.);
#2761=VECTOR('',#10884,10.);
#2762=VECTOR('',#10887,10.);
#2763=VECTOR('',#10894,6.00000000000001);
#2764=VECTOR('',#10901,6.00000000000001);
#2765=VECTOR('',#10908,6.00000000000001);
#2766=VECTOR('',#10915,6.00000000000001);
#2767=VECTOR('',#10920,10.);
#2768=VECTOR('',#10921,10.);
#2769=VECTOR('',#10922,10.);
#2770=VECTOR('',#10923,10.);
#2771=VECTOR('',#10926,10.);
#2772=VECTOR('',#10927,10.);
#2773=VECTOR('',#10930,10.);
#2774=VECTOR('',#10931,10.);
#2775=VECTOR('',#10932,10.);
#2776=VECTOR('',#10933,10.);
#2777=VECTOR('',#10936,10.);
#2778=VECTOR('',#10937,10.);
#2779=VECTOR('',#10940,10.);
#2780=VECTOR('',#10941,10.);
#2781=VECTOR('',#10942,10.);
#2782=VECTOR('',#10943,10.);
#2783=VECTOR('',#10946,10.);
#2784=VECTOR('',#10949,10.);
#2785=VECTOR('',#10954,10.);
#2786=VECTOR('',#10955,10.);
#2787=VECTOR('',#10956,10.);
#2788=VECTOR('',#10957,10.);
#2789=VECTOR('',#10962,10.);
#2790=VECTOR('',#10965,10.);
#2791=VECTOR('',#10966,10.);
#2792=VECTOR('',#10969,10.);
#2793=VECTOR('',#10970,10.);
#2794=VECTOR('',#10973,10.);
#2795=VECTOR('',#10974,10.);
#2796=VECTOR('',#10977,10.);
#2797=VECTOR('',#10980,10.);
#2798=VECTOR('',#10983,10.);
#2799=VECTOR('',#10990,5.99999999999994);
#2800=VECTOR('',#10997,5.99999999999994);
#2801=VECTOR('',#11004,5.99999999999994);
#2802=VECTOR('',#11011,5.99999999999994);
#2803=VECTOR('',#11016,10.);
#2804=VECTOR('',#11017,10.);
#2805=VECTOR('',#11018,10.);
#2806=VECTOR('',#11019,10.);
#2807=VECTOR('',#11022,10.);
#2808=VECTOR('',#11023,10.);
#2809=VECTOR('',#11024,10.);
#2810=VECTOR('',#11025,10.);
#2811=VECTOR('',#11028,10.);
#2812=VECTOR('',#11029,10.);
#2813=VECTOR('',#11030,10.);
#2814=VECTOR('',#11031,10.);
#2815=VECTOR('',#11034,10.);
#2816=VECTOR('',#11035,10.);
#2817=VECTOR('',#11036,10.);
#2818=VECTOR('',#11041,10.);
#2819=VECTOR('',#11048,10.);
#2820=VECTOR('',#11053,10.);
#2821=VECTOR('',#11054,10.);
#2822=VECTOR('',#11055,10.);
#2823=VECTOR('',#11056,10.);
#2824=VECTOR('',#11057,10.);
#2825=VECTOR('',#11058,10.);
#2826=VECTOR('',#11059,10.);
#2827=VECTOR('',#11060,10.);
#2828=VECTOR('',#11061,10.);
#2829=VECTOR('',#11064,10.);
#2830=VECTOR('',#11067,10.);
#2831=VECTOR('',#11070,10.);
#2832=VECTOR('',#11073,10.);
#2833=VECTOR('',#11076,10.);
#2834=VECTOR('',#11079,10.);
#2835=VECTOR('',#11086,6.00000000000001);
#2836=VECTOR('',#11093,5.99999999999994);
#2837=VECTOR('',#11098,10.);
#2838=VECTOR('',#11099,10.);
#2839=VECTOR('',#11100,10.);
#2840=VECTOR('',#11101,10.);
#2841=VECTOR('',#11104,10.);
#2842=VECTOR('',#11105,10.);
#2843=VECTOR('',#11106,10.);
#2844=VECTOR('',#11109,10.);
#2845=VECTOR('',#11110,10.);
#2846=VECTOR('',#11111,10.);
#2847=VECTOR('',#11112,10.);
#2848=VECTOR('',#11115,10.);
#2849=VECTOR('',#11116,10.);
#2850=VECTOR('',#11117,10.);
#2851=VECTOR('',#11120,10.);
#2852=VECTOR('',#11121,10.);
#2853=VECTOR('',#11122,10.);
#2854=VECTOR('',#11125,10.);
#2855=VECTOR('',#11126,10.);
#2856=VECTOR('',#11127,10.);
#2857=VECTOR('',#11128,10.);
#2858=VECTOR('',#11129,10.);
#2859=VECTOR('',#11130,10.);
#2860=VECTOR('',#11131,10.);
#2861=VECTOR('',#11134,10.);
#2862=VECTOR('',#11135,10.);
#2863=VECTOR('',#11138,10.);
#2864=VECTOR('',#11139,10.);
#2865=VECTOR('',#11142,10.);
#2866=VECTOR('',#11143,10.);
#2867=VECTOR('',#11146,10.);
#2868=VECTOR('',#11147,10.);
#2869=VECTOR('',#11150,10.);
#2870=VECTOR('',#11151,10.);
#2871=VECTOR('',#11154,10.);
#2872=VECTOR('',#11155,10.);
#2873=VECTOR('',#11164,5.99999999999994);
#2874=VECTOR('',#11171,6.00000000000001);
#2875=VECTOR('',#11178,10.);
#2876=VECTOR('',#11181,10.);
#2877=VECTOR('',#11186,10.);
#2878=VECTOR('',#11189,10.);
#2879=VECTOR('',#11192,10.);
#2880=VECTOR('',#11193,10.);
#2881=VECTOR('',#11194,10.);
#2882=VECTOR('',#11197,10.);
#2883=VECTOR('',#11202,10.);
#2884=VECTOR('',#11203,10.);
#2885=VECTOR('',#11204,10.);
#2886=VECTOR('',#11205,10.);
#2887=VECTOR('',#11206,10.);
#2888=VECTOR('',#11209,10.);
#2889=VECTOR('',#11214,10.);
#2890=VECTOR('',#11215,10.);
#2891=VECTOR('',#11220,10.);
#2892=VECTOR('',#11223,10.);
#2893=VECTOR('',#11228,10.);
#2894=VECTOR('',#11231,10.);
#2895=VECTOR('',#11234,10.);
#2896=VECTOR('',#11235,10.);
#2897=VECTOR('',#11236,10.);
#2898=VECTOR('',#11239,10.);
#2899=VECTOR('',#11244,10.);
#2900=VECTOR('',#11245,10.);
#2901=VECTOR('',#11246,10.);
#2902=VECTOR('',#11247,10.);
#2903=VECTOR('',#11248,10.);
#2904=VECTOR('',#11251,10.);
#2905=VECTOR('',#11256,10.);
#2906=VECTOR('',#11263,10.);
#2907=VECTOR('',#11276,10.);
#2908=VECTOR('',#11277,10.);
#2909=VECTOR('',#11278,10.);
#2910=VECTOR('',#11279,10.);
#2911=VECTOR('',#11282,10.);
#2912=VECTOR('',#11283,10.);
#2913=VECTOR('',#11284,10.);
#2914=VECTOR('',#11287,10.);
#2915=VECTOR('',#11288,10.);
#2916=VECTOR('',#11289,10.);
#2917=VECTOR('',#11290,10.);
#2918=VECTOR('',#11293,10.);
#2919=VECTOR('',#11294,10.);
#2920=VECTOR('',#11295,10.);
#2921=VECTOR('',#11298,10.);
#2922=VECTOR('',#11299,10.);
#2923=VECTOR('',#11300,10.);
#2924=VECTOR('',#11301,10.);
#2925=VECTOR('',#11302,10.);
#2926=VECTOR('',#11303,10.);
#2927=VECTOR('',#11304,10.);
#2928=VECTOR('',#11305,10.);
#2929=VECTOR('',#11308,10.);
#2930=VECTOR('',#11309,10.);
#2931=VECTOR('',#11312,10.);
#2932=VECTOR('',#11313,10.);
#2933=VECTOR('',#11316,10.);
#2934=VECTOR('',#11317,10.);
#2935=VECTOR('',#11320,10.);
#2936=VECTOR('',#11321,10.);
#2937=VECTOR('',#11324,10.);
#2938=VECTOR('',#11327,10.);
#2939=VECTOR('',#11328,10.);
#2940=VECTOR('',#11331,10.);
#2941=VECTOR('',#11332,10.);
#2942=VECTOR('',#11335,10.);
#2943=VECTOR('',#11340,10.);
#2944=VECTOR('',#11341,10.);
#2945=VECTOR('',#11342,10.);
#2946=VECTOR('',#11343,10.);
#2947=VECTOR('',#11346,10.);
#2948=VECTOR('',#11347,10.);
#2949=VECTOR('',#11348,10.);
#2950=VECTOR('',#11349,10.);
#2951=VECTOR('',#11352,10.);
#2952=VECTOR('',#11353,10.);
#2953=VECTOR('',#11354,10.);
#2954=VECTOR('',#11357,10.);
#2955=VECTOR('',#11358,10.);
#2956=VECTOR('',#11359,10.);
#2957=VECTOR('',#11360,10.);
#2958=VECTOR('',#11361,10.);
#2959=VECTOR('',#11362,10.);
#2960=VECTOR('',#11363,10.);
#2961=VECTOR('',#11364,10.);
#2962=VECTOR('',#11365,10.);
#2963=VECTOR('',#11368,10.);
#2964=VECTOR('',#11369,10.);
#2965=VECTOR('',#11372,10.);
#2966=VECTOR('',#11373,10.);
#2967=VECTOR('',#11374,10.);
#2968=VECTOR('',#11377,10.);
#2969=VECTOR('',#11378,10.);
#2970=VECTOR('',#11381,10.);
#2971=VECTOR('',#11382,10.);
#2972=VECTOR('',#11385,10.);
#2973=VECTOR('',#11386,10.);
#2974=VECTOR('',#11389,10.);
#2975=VECTOR('',#11392,10.);
#2976=VECTOR('',#11393,10.);
#2977=VECTOR('',#11396,10.);
#2978=VECTOR('',#11399,10.);
#2979=VECTOR('',#11404,10.);
#2980=VECTOR('',#11405,10.);
#2981=VECTOR('',#11406,10.);
#2982=VECTOR('',#11407,10.);
#2983=VECTOR('',#11410,10.);
#2984=VECTOR('',#11411,10.);
#2985=VECTOR('',#11412,10.);
#2986=VECTOR('',#11415,10.);
#2987=VECTOR('',#11416,10.);
#2988=VECTOR('',#11417,10.);
#2989=VECTOR('',#11418,10.);
#2990=VECTOR('',#11421,10.);
#2991=VECTOR('',#11422,10.);
#2992=VECTOR('',#11423,10.);
#2993=VECTOR('',#11426,10.);
#2994=VECTOR('',#11427,10.);
#2995=VECTOR('',#11428,10.);
#2996=VECTOR('',#11429,10.);
#2997=VECTOR('',#11430,10.);
#2998=VECTOR('',#11431,10.);
#2999=VECTOR('',#11432,10.);
#3000=VECTOR('',#11433,10.);
#3001=VECTOR('',#11436,10.);
#3002=VECTOR('',#11437,10.);
#3003=VECTOR('',#11440,10.);
#3004=VECTOR('',#11441,10.);
#3005=VECTOR('',#11444,10.);
#3006=VECTOR('',#11445,10.);
#3007=VECTOR('',#11448,10.);
#3008=VECTOR('',#11449,10.);
#3009=VECTOR('',#11452,10.);
#3010=VECTOR('',#11455,10.);
#3011=VECTOR('',#11456,10.);
#3012=VECTOR('',#11459,10.);
#3013=VECTOR('',#11460,10.);
#3014=VECTOR('',#11463,10.);
#3015=VECTOR('',#11468,10.);
#3016=VECTOR('',#11469,10.);
#3017=VECTOR('',#11470,10.);
#3018=VECTOR('',#11471,10.);
#3019=VECTOR('',#11474,10.);
#3020=VECTOR('',#11475,10.);
#3021=VECTOR('',#11476,10.);
#3022=VECTOR('',#11479,10.);
#3023=VECTOR('',#11480,10.);
#3024=VECTOR('',#11481,10.);
#3025=VECTOR('',#11482,10.);
#3026=VECTOR('',#11485,10.);
#3027=VECTOR('',#11486,10.);
#3028=VECTOR('',#11487,10.);
#3029=VECTOR('',#11490,10.);
#3030=VECTOR('',#11491,10.);
#3031=VECTOR('',#11492,10.);
#3032=VECTOR('',#11493,10.);
#3033=VECTOR('',#11494,10.);
#3034=VECTOR('',#11495,10.);
#3035=VECTOR('',#11496,10.);
#3036=VECTOR('',#11497,10.);
#3037=VECTOR('',#11500,10.);
#3038=VECTOR('',#11501,10.);
#3039=VECTOR('',#11504,10.);
#3040=VECTOR('',#11505,10.);
#3041=VECTOR('',#11508,10.);
#3042=VECTOR('',#11509,10.);
#3043=VECTOR('',#11512,10.);
#3044=VECTOR('',#11513,10.);
#3045=VECTOR('',#11516,10.);
#3046=VECTOR('',#11519,10.);
#3047=VECTOR('',#11520,10.);
#3048=VECTOR('',#11523,10.);
#3049=VECTOR('',#11524,10.);
#3050=VECTOR('',#11527,10.);
#3051=VECTOR('',#11532,10.);
#3052=VECTOR('',#11533,10.);
#3053=VECTOR('',#11534,10.);
#3054=VECTOR('',#11535,10.);
#3055=VECTOR('',#11538,10.);
#3056=VECTOR('',#11539,10.);
#3057=VECTOR('',#11540,10.);
#3058=VECTOR('',#11543,10.);
#3059=VECTOR('',#11544,10.);
#3060=VECTOR('',#11545,10.);
#3061=VECTOR('',#11546,10.);
#3062=VECTOR('',#11549,10.);
#3063=VECTOR('',#11550,10.);
#3064=VECTOR('',#11551,10.);
#3065=VECTOR('',#11554,10.);
#3066=VECTOR('',#11555,10.);
#3067=VECTOR('',#11556,10.);
#3068=VECTOR('',#11557,10.);
#3069=VECTOR('',#11558,10.);
#3070=VECTOR('',#11559,10.);
#3071=VECTOR('',#11560,10.);
#3072=VECTOR('',#11561,10.);
#3073=VECTOR('',#11564,10.);
#3074=VECTOR('',#11565,10.);
#3075=VECTOR('',#11568,10.);
#3076=VECTOR('',#11569,10.);
#3077=VECTOR('',#11572,10.);
#3078=VECTOR('',#11573,10.);
#3079=VECTOR('',#11576,10.);
#3080=VECTOR('',#11577,10.);
#3081=VECTOR('',#11580,10.);
#3082=VECTOR('',#11583,10.);
#3083=VECTOR('',#11584,10.);
#3084=VECTOR('',#11587,10.);
#3085=VECTOR('',#11588,10.);
#3086=VECTOR('',#11591,10.);
#3087=VECTOR('',#11596,10.);
#3088=VECTOR('',#11597,10.);
#3089=VECTOR('',#11598,10.);
#3090=VECTOR('',#11599,10.);
#3091=VECTOR('',#11602,10.);
#3092=VECTOR('',#11603,10.);
#3093=VECTOR('',#11604,10.);
#3094=VECTOR('',#11607,10.);
#3095=VECTOR('',#11608,10.);
#3096=VECTOR('',#11609,10.);
#3097=VECTOR('',#11610,10.);
#3098=VECTOR('',#11613,10.);
#3099=VECTOR('',#11614,10.);
#3100=VECTOR('',#11615,10.);
#3101=VECTOR('',#11618,10.);
#3102=VECTOR('',#11619,10.);
#3103=VECTOR('',#11620,10.);
#3104=VECTOR('',#11621,10.);
#3105=VECTOR('',#11622,10.);
#3106=VECTOR('',#11623,10.);
#3107=VECTOR('',#11624,10.);
#3108=VECTOR('',#11625,10.);
#3109=VECTOR('',#11628,10.);
#3110=VECTOR('',#11629,10.);
#3111=VECTOR('',#11632,10.);
#3112=VECTOR('',#11633,10.);
#3113=VECTOR('',#11636,10.);
#3114=VECTOR('',#11637,10.);
#3115=VECTOR('',#11640,10.);
#3116=VECTOR('',#11641,10.);
#3117=VECTOR('',#11644,10.);
#3118=VECTOR('',#11647,10.);
#3119=VECTOR('',#11648,10.);
#3120=VECTOR('',#11651,10.);
#3121=VECTOR('',#11652,10.);
#3122=VECTOR('',#11655,10.);
#3123=VECTOR('',#11660,10.);
#3124=VECTOR('',#11661,10.);
#3125=VECTOR('',#11662,10.);
#3126=VECTOR('',#11663,10.);
#3127=VECTOR('',#11666,10.);
#3128=VECTOR('',#11667,10.);
#3129=VECTOR('',#11668,10.);
#3130=VECTOR('',#11671,10.);
#3131=VECTOR('',#11672,10.);
#3132=VECTOR('',#11673,10.);
#3133=VECTOR('',#11674,10.);
#3134=VECTOR('',#11677,10.);
#3135=VECTOR('',#11678,10.);
#3136=VECTOR('',#11679,10.);
#3137=VECTOR('',#11682,10.);
#3138=VECTOR('',#11683,10.);
#3139=VECTOR('',#11684,10.);
#3140=VECTOR('',#11685,10.);
#3141=VECTOR('',#11686,10.);
#3142=VECTOR('',#11687,10.);
#3143=VECTOR('',#11688,10.);
#3144=VECTOR('',#11689,10.);
#3145=VECTOR('',#11692,10.);
#3146=VECTOR('',#11693,10.);
#3147=VECTOR('',#11696,10.);
#3148=VECTOR('',#11697,10.);
#3149=VECTOR('',#11700,10.);
#3150=VECTOR('',#11701,10.);
#3151=VECTOR('',#11704,10.);
#3152=VECTOR('',#11705,10.);
#3153=VECTOR('',#11708,10.);
#3154=VECTOR('',#11711,10.);
#3155=VECTOR('',#11712,10.);
#3156=VECTOR('',#11715,10.);
#3157=VECTOR('',#11716,10.);
#3158=VECTOR('',#11719,10.);
#3159=VECTOR('',#11724,10.);
#3160=VECTOR('',#11725,10.);
#3161=VECTOR('',#11726,10.);
#3162=VECTOR('',#11727,10.);
#3163=VECTOR('',#11730,10.);
#3164=VECTOR('',#11731,10.);
#3165=VECTOR('',#11732,10.);
#3166=VECTOR('',#11735,10.);
#3167=VECTOR('',#11736,10.);
#3168=VECTOR('',#11737,10.);
#3169=VECTOR('',#11738,10.);
#3170=VECTOR('',#11741,10.);
#3171=VECTOR('',#11742,10.);
#3172=VECTOR('',#11743,10.);
#3173=VECTOR('',#11746,10.);
#3174=VECTOR('',#11747,10.);
#3175=VECTOR('',#11748,10.);
#3176=VECTOR('',#11749,10.);
#3177=VECTOR('',#11750,10.);
#3178=VECTOR('',#11751,10.);
#3179=VECTOR('',#11752,10.);
#3180=VECTOR('',#11753,10.);
#3181=VECTOR('',#11756,10.);
#3182=VECTOR('',#11757,10.);
#3183=VECTOR('',#11760,10.);
#3184=VECTOR('',#11761,10.);
#3185=VECTOR('',#11764,10.);
#3186=VECTOR('',#11765,10.);
#3187=VECTOR('',#11768,10.);
#3188=VECTOR('',#11769,10.);
#3189=VECTOR('',#11772,10.);
#3190=VECTOR('',#11775,10.);
#3191=VECTOR('',#11776,10.);
#3192=VECTOR('',#11779,10.);
#3193=VECTOR('',#11780,10.);
#3194=VECTOR('',#11783,10.);
#3195=VECTOR('',#11788,10.);
#3196=VECTOR('',#11789,10.);
#3197=VECTOR('',#11790,10.);
#3198=VECTOR('',#11791,10.);
#3199=VECTOR('',#11794,10.);
#3200=VECTOR('',#11795,10.);
#3201=VECTOR('',#11800,10.);
#3202=VECTOR('',#11801,10.);
#3203=VECTOR('',#11802,10.);
#3204=VECTOR('',#11803,10.);
#3205=VECTOR('',#11806,10.);
#3206=VECTOR('',#11809,10.);
#3207=VECTOR('',#11812,10.);
#3208=VECTOR('',#11813,10.);
#3209=VECTOR('',#11814,10.);
#3210=VECTOR('',#11815,10.);
#3211=VECTOR('',#11816,10.);
#3212=VECTOR('',#11817,10.);
#3213=VECTOR('',#11818,10.);
#3214=VECTOR('',#11819,10.);
#3215=VECTOR('',#11822,10.);
#3216=VECTOR('',#11823,10.);
#3217=VECTOR('',#11826,10.);
#3218=VECTOR('',#11827,10.);
#3219=VECTOR('',#11830,10.);
#3220=VECTOR('',#11837,10.);
#3221=VECTOR('',#11844,10.);
#3222=VECTOR('',#11845,10.);
#3223=VECTOR('',#11850,10.);
#3224=VECTOR('',#11853,10.);
#3225=VECTOR('',#11858,10.);
#3226=VECTOR('',#11859,10.);
#3227=VECTOR('',#11860,10.);
#3228=VECTOR('',#11861,10.);
#3229=VECTOR('',#11864,10.);
#3230=VECTOR('',#11865,10.);
#3231=VECTOR('',#11866,10.);
#3232=VECTOR('',#11869,10.);
#3233=VECTOR('',#11870,10.);
#3234=VECTOR('',#11871,10.);
#3235=VECTOR('',#11872,10.);
#3236=VECTOR('',#11875,10.);
#3237=VECTOR('',#11876,10.);
#3238=VECTOR('',#11877,10.);
#3239=VECTOR('',#11880,10.);
#3240=VECTOR('',#11881,10.);
#3241=VECTOR('',#11882,10.);
#3242=VECTOR('',#11883,10.);
#3243=VECTOR('',#11884,10.);
#3244=VECTOR('',#11885,10.);
#3245=VECTOR('',#11886,10.);
#3246=VECTOR('',#11887,10.);
#3247=VECTOR('',#11890,10.);
#3248=VECTOR('',#11891,10.);
#3249=VECTOR('',#11894,10.);
#3250=VECTOR('',#11895,10.);
#3251=VECTOR('',#11898,10.);
#3252=VECTOR('',#11899,10.);
#3253=VECTOR('',#11902,10.);
#3254=VECTOR('',#11903,10.);
#3255=VECTOR('',#11906,10.);
#3256=VECTOR('',#11909,10.);
#3257=VECTOR('',#11910,10.);
#3258=VECTOR('',#11913,10.);
#3259=VECTOR('',#11914,10.);
#3260=VECTOR('',#11917,10.);
#3261=VECTOR('',#11922,10.);
#3262=VECTOR('',#11923,10.);
#3263=VECTOR('',#11924,10.);
#3264=VECTOR('',#11925,10.);
#3265=VECTOR('',#11928,10.);
#3266=VECTOR('',#11929,10.);
#3267=VECTOR('',#11930,10.);
#3268=VECTOR('',#11933,10.);
#3269=VECTOR('',#11934,10.);
#3270=VECTOR('',#11935,10.);
#3271=VECTOR('',#11936,10.);
#3272=VECTOR('',#11939,10.);
#3273=VECTOR('',#11940,10.);
#3274=VECTOR('',#11941,10.);
#3275=VECTOR('',#11944,10.);
#3276=VECTOR('',#11945,10.);
#3277=VECTOR('',#11946,10.);
#3278=VECTOR('',#11947,10.);
#3279=VECTOR('',#11948,10.);
#3280=VECTOR('',#11949,10.);
#3281=VECTOR('',#11950,10.);
#3282=VECTOR('',#11951,10.);
#3283=VECTOR('',#11954,10.);
#3284=VECTOR('',#11955,10.);
#3285=VECTOR('',#11958,10.);
#3286=VECTOR('',#11959,10.);
#3287=VECTOR('',#11962,10.);
#3288=VECTOR('',#11963,10.);
#3289=VECTOR('',#11966,10.);
#3290=VECTOR('',#11967,10.);
#3291=VECTOR('',#11970,10.);
#3292=VECTOR('',#11973,10.);
#3293=VECTOR('',#11974,10.);
#3294=VECTOR('',#11977,10.);
#3295=VECTOR('',#11978,10.);
#3296=VECTOR('',#11981,10.);
#3297=VECTOR('',#11986,10.);
#3298=VECTOR('',#11987,10.);
#3299=VECTOR('',#11988,10.);
#3300=VECTOR('',#11989,10.);
#3301=VECTOR('',#11992,10.);
#3302=VECTOR('',#11993,10.);
#3303=VECTOR('',#11994,10.);
#3304=VECTOR('',#11995,10.);
#3305=VECTOR('',#11996,10.);
#3306=VECTOR('',#11997,10.);
#3307=VECTOR('',#11998,10.);
#3308=VECTOR('',#11999,10.);
#3309=VECTOR('',#12000,10.);
#3310=VECTOR('',#12001,10.);
#3311=VECTOR('',#12002,10.);
#3312=VECTOR('',#12005,10.);
#3313=VECTOR('',#12006,10.);
#3314=VECTOR('',#12009,10.);
#3315=VECTOR('',#12010,10.);
#3316=VECTOR('',#12013,10.);
#3317=VECTOR('',#12014,10.);
#3318=VECTOR('',#12017,10.);
#3319=VECTOR('',#12018,10.);
#3320=VECTOR('',#12021,10.);
#3321=VECTOR('',#12022,10.);
#3322=VECTOR('',#12025,10.);
#3323=VECTOR('',#12026,10.);
#3324=VECTOR('',#12029,10.);
#3325=VECTOR('',#12030,10.);
#3326=VECTOR('',#12033,10.);
#3327=VECTOR('',#12034,10.);
#3328=VECTOR('',#12037,10.);
#3329=VECTOR('',#12038,10.);
#3330=VECTOR('',#12039,10.);
#3331=VECTOR('',#12042,10.);
#3332=VECTOR('',#12045,10.);
#3333=VECTOR('',#12052,5.99999999999994);
#3334=VECTOR('',#12063,6.00000000000001);
#3335=VECTOR('',#12074,6.00000000000001);
#3336=VECTOR('',#12085,5.99999999999994);
#3337=VECTOR('',#12096,5.99999999999994);
#3338=VECTOR('',#12107,6.00000000000001);
#3339=VECTOR('',#12118,6.00000000000001);
#3340=VECTOR('',#12129,5.99999999999994);
#3341=VECTOR('',#12138,10.);
#3342=VECTOR('',#12139,10.);
#3343=VECTOR('',#12140,10.);
#3344=VECTOR('',#12141,10.);
#3345=VECTOR('',#12144,10.);
#3346=VECTOR('',#12145,10.);
#3347=VECTOR('',#12146,10.);
#3348=VECTOR('',#12147,10.);
#3349=VECTOR('',#12148,10.);
#3350=VECTOR('',#12149,10.);
#3351=VECTOR('',#12150,10.);
#3352=VECTOR('',#12151,10.);
#3353=VECTOR('',#12152,10.);
#3354=VECTOR('',#12153,10.);
#3355=VECTOR('',#12154,10.);
#3356=VECTOR('',#12157,10.);
#3357=VECTOR('',#12158,10.);
#3358=VECTOR('',#12161,10.);
#3359=VECTOR('',#12162,10.);
#3360=VECTOR('',#12165,10.);
#3361=VECTOR('',#12166,10.);
#3362=VECTOR('',#12169,10.);
#3363=VECTOR('',#12170,10.);
#3364=VECTOR('',#12173,10.);
#3365=VECTOR('',#12174,10.);
#3366=VECTOR('',#12177,10.);
#3367=VECTOR('',#12178,10.);
#3368=VECTOR('',#12181,10.);
#3369=VECTOR('',#12182,10.);
#3370=VECTOR('',#12185,10.);
#3371=VECTOR('',#12186,10.);
#3372=VECTOR('',#12189,10.);
#3373=VECTOR('',#12190,10.);
#3374=VECTOR('',#12191,10.);
#3375=VECTOR('',#12194,10.);
#3376=VECTOR('',#12197,10.);
#3377=VECTOR('',#12202,10.);
#3378=VECTOR('',#12203,10.);
#3379=VECTOR('',#12204,10.);
#3380=VECTOR('',#12205,10.);
#3381=VECTOR('',#12208,10.);
#3382=VECTOR('',#12209,10.);
#3383=VECTOR('',#12210,10.);
#3384=VECTOR('',#12213,10.);
#3385=VECTOR('',#12214,10.);
#3386=VECTOR('',#12215,10.);
#3387=VECTOR('',#12216,10.);
#3388=VECTOR('',#12219,10.);
#3389=VECTOR('',#12220,10.);
#3390=VECTOR('',#12221,10.);
#3391=VECTOR('',#12224,10.);
#3392=VECTOR('',#12225,10.);
#3393=VECTOR('',#12226,10.);
#3394=VECTOR('',#12227,10.);
#3395=VECTOR('',#12228,10.);
#3396=VECTOR('',#12229,10.);
#3397=VECTOR('',#12230,10.);
#3398=VECTOR('',#12231,10.);
#3399=VECTOR('',#12234,10.);
#3400=VECTOR('',#12235,10.);
#3401=VECTOR('',#12238,10.);
#3402=VECTOR('',#12239,10.);
#3403=VECTOR('',#12242,10.);
#3404=VECTOR('',#12243,10.);
#3405=VECTOR('',#12246,10.);
#3406=VECTOR('',#12247,10.);
#3407=VECTOR('',#12250,10.);
#3408=VECTOR('',#12253,10.);
#3409=VECTOR('',#12254,10.);
#3410=VECTOR('',#12257,10.);
#3411=VECTOR('',#12258,10.);
#3412=VECTOR('',#12261,10.);
#3413=VECTOR('',#12266,10.);
#3414=VECTOR('',#12267,10.);
#3415=VECTOR('',#12268,10.);
#3416=VECTOR('',#12269,10.);
#3417=VECTOR('',#12272,10.);
#3418=VECTOR('',#12273,10.);
#3419=VECTOR('',#12278,10.);
#3420=VECTOR('',#12279,10.);
#3421=VECTOR('',#12280,10.);
#3422=VECTOR('',#12281,10.);
#3423=VECTOR('',#12284,10.);
#3424=VECTOR('',#12287,10.);
#3425=VECTOR('',#12290,10.);
#3426=VECTOR('',#12291,10.);
#3427=VECTOR('',#12292,10.);
#3428=VECTOR('',#12293,10.);
#3429=VECTOR('',#12294,10.);
#3430=VECTOR('',#12295,10.);
#3431=VECTOR('',#12296,10.);
#3432=VECTOR('',#12297,10.);
#3433=VECTOR('',#12300,10.);
#3434=VECTOR('',#12301,10.);
#3435=VECTOR('',#12304,10.);
#3436=VECTOR('',#12305,10.);
#3437=VECTOR('',#12308,10.);
#3438=VECTOR('',#12315,10.);
#3439=VECTOR('',#12322,10.);
#3440=VECTOR('',#12323,10.);
#3441=VECTOR('',#12328,10.);
#3442=VECTOR('',#12331,10.);
#3443=VECTOR('',#12336,10.);
#3444=VECTOR('',#12337,10.);
#3445=VECTOR('',#12338,10.);
#3446=VECTOR('',#12339,10.);
#3447=VECTOR('',#12342,10.);
#3448=VECTOR('',#12343,10.);
#3449=VECTOR('',#12344,10.);
#3450=VECTOR('',#12347,10.);
#3451=VECTOR('',#12348,10.);
#3452=VECTOR('',#12349,10.);
#3453=VECTOR('',#12350,10.);
#3454=VECTOR('',#12353,10.);
#3455=VECTOR('',#12354,10.);
#3456=VECTOR('',#12355,10.);
#3457=VECTOR('',#12358,10.);
#3458=VECTOR('',#12359,10.);
#3459=VECTOR('',#12360,10.);
#3460=VECTOR('',#12361,10.);
#3461=VECTOR('',#12362,10.);
#3462=VECTOR('',#12363,10.);
#3463=VECTOR('',#12364,10.);
#3464=VECTOR('',#12365,10.);
#3465=VECTOR('',#12368,10.);
#3466=VECTOR('',#12369,10.);
#3467=VECTOR('',#12372,10.);
#3468=VECTOR('',#12373,10.);
#3469=VECTOR('',#12376,10.);
#3470=VECTOR('',#12377,10.);
#3471=VECTOR('',#12380,10.);
#3472=VECTOR('',#12381,10.);
#3473=VECTOR('',#12384,10.);
#3474=VECTOR('',#12387,10.);
#3475=VECTOR('',#12388,10.);
#3476=VECTOR('',#12391,10.);
#3477=VECTOR('',#12392,10.);
#3478=VECTOR('',#12395,10.);
#3479=VECTOR('',#12400,10.);
#3480=VECTOR('',#12401,10.);
#3481=VECTOR('',#12402,10.);
#3482=VECTOR('',#12403,10.);
#3483=VECTOR('',#12406,10.);
#3484=VECTOR('',#12407,10.);
#3485=VECTOR('',#12408,10.);
#3486=VECTOR('',#12411,10.);
#3487=VECTOR('',#12412,10.);
#3488=VECTOR('',#12413,10.);
#3489=VECTOR('',#12414,10.);
#3490=VECTOR('',#12417,10.);
#3491=VECTOR('',#12418,10.);
#3492=VECTOR('',#12419,10.);
#3493=VECTOR('',#12422,10.);
#3494=VECTOR('',#12423,10.);
#3495=VECTOR('',#12424,10.);
#3496=VECTOR('',#12425,10.);
#3497=VECTOR('',#12426,10.);
#3498=VECTOR('',#12427,10.);
#3499=VECTOR('',#12428,10.);
#3500=VECTOR('',#12429,10.);
#3501=VECTOR('',#12432,10.);
#3502=VECTOR('',#12433,10.);
#3503=VECTOR('',#12436,10.);
#3504=VECTOR('',#12437,10.);
#3505=VECTOR('',#12440,10.);
#3506=VECTOR('',#12441,10.);
#3507=VECTOR('',#12444,10.);
#3508=VECTOR('',#12445,10.);
#3509=VECTOR('',#12448,10.);
#3510=VECTOR('',#12451,10.);
#3511=VECTOR('',#12452,10.);
#3512=VECTOR('',#12455,10.);
#3513=VECTOR('',#12456,10.);
#3514=VECTOR('',#12459,10.);
#3515=VECTOR('',#12464,10.);
#3516=VECTOR('',#12465,10.);
#3517=VECTOR('',#12466,10.);
#3518=VECTOR('',#12467,10.);
#3519=VECTOR('',#12470,10.);
#3520=VECTOR('',#12471,10.);
#3521=VECTOR('',#12472,10.);
#3522=VECTOR('',#12475,10.);
#3523=VECTOR('',#12476,10.);
#3524=VECTOR('',#12477,10.);
#3525=VECTOR('',#12478,10.);
#3526=VECTOR('',#12481,10.);
#3527=VECTOR('',#12482,10.);
#3528=VECTOR('',#12483,10.);
#3529=VECTOR('',#12486,10.);
#3530=VECTOR('',#12487,10.);
#3531=VECTOR('',#12488,10.);
#3532=VECTOR('',#12489,10.);
#3533=VECTOR('',#12490,10.);
#3534=VECTOR('',#12491,10.);
#3535=VECTOR('',#12492,10.);
#3536=VECTOR('',#12493,10.);
#3537=VECTOR('',#12496,10.);
#3538=VECTOR('',#12497,10.);
#3539=VECTOR('',#12500,10.);
#3540=VECTOR('',#12501,10.);
#3541=VECTOR('',#12504,10.);
#3542=VECTOR('',#12505,10.);
#3543=VECTOR('',#12508,10.);
#3544=VECTOR('',#12509,10.);
#3545=VECTOR('',#12512,10.);
#3546=VECTOR('',#12515,10.);
#3547=VECTOR('',#12516,10.);
#3548=VECTOR('',#12519,10.);
#3549=VECTOR('',#12520,10.);
#3550=VECTOR('',#12523,10.);
#3551=VECTOR('',#12528,10.);
#3552=VECTOR('',#12529,10.);
#3553=VECTOR('',#12530,10.);
#3554=VECTOR('',#12531,10.);
#3555=VECTOR('',#12534,10.);
#3556=VECTOR('',#12535,10.);
#3557=VECTOR('',#12536,10.);
#3558=VECTOR('',#12539,10.);
#3559=VECTOR('',#12540,10.);
#3560=VECTOR('',#12541,10.);
#3561=VECTOR('',#12542,10.);
#3562=VECTOR('',#12545,10.);
#3563=VECTOR('',#12546,10.);
#3564=VECTOR('',#12547,10.);
#3565=VECTOR('',#12550,10.);
#3566=VECTOR('',#12551,10.);
#3567=VECTOR('',#12552,10.);
#3568=VECTOR('',#12553,10.);
#3569=VECTOR('',#12554,10.);
#3570=VECTOR('',#12555,10.);
#3571=VECTOR('',#12556,10.);
#3572=VECTOR('',#12557,10.);
#3573=VECTOR('',#12560,10.);
#3574=VECTOR('',#12561,10.);
#3575=VECTOR('',#12564,10.);
#3576=VECTOR('',#12565,10.);
#3577=VECTOR('',#12568,10.);
#3578=VECTOR('',#12569,10.);
#3579=VECTOR('',#12572,10.);
#3580=VECTOR('',#12573,10.);
#3581=VECTOR('',#12576,10.);
#3582=VECTOR('',#12579,10.);
#3583=VECTOR('',#12580,10.);
#3584=VECTOR('',#12583,10.);
#3585=VECTOR('',#12584,10.);
#3586=VECTOR('',#12587,10.);
#3587=VECTOR('',#12592,10.);
#3588=VECTOR('',#12593,10.);
#3589=VECTOR('',#12594,10.);
#3590=VECTOR('',#12595,10.);
#3591=VECTOR('',#12598,10.);
#3592=VECTOR('',#12599,10.);
#3593=VECTOR('',#12600,10.);
#3594=VECTOR('',#12603,10.);
#3595=VECTOR('',#12604,10.);
#3596=VECTOR('',#12605,10.);
#3597=VECTOR('',#12606,10.);
#3598=VECTOR('',#12609,10.);
#3599=VECTOR('',#12610,10.);
#3600=VECTOR('',#12611,10.);
#3601=VECTOR('',#12614,10.);
#3602=VECTOR('',#12615,10.);
#3603=VECTOR('',#12616,10.);
#3604=VECTOR('',#12617,10.);
#3605=VECTOR('',#12618,10.);
#3606=VECTOR('',#12619,10.);
#3607=VECTOR('',#12620,10.);
#3608=VECTOR('',#12621,10.);
#3609=VECTOR('',#12624,10.);
#3610=VECTOR('',#12625,10.);
#3611=VECTOR('',#12628,10.);
#3612=VECTOR('',#12629,10.);
#3613=VECTOR('',#12632,10.);
#3614=VECTOR('',#12633,10.);
#3615=VECTOR('',#12636,10.);
#3616=VECTOR('',#12637,10.);
#3617=VECTOR('',#12640,10.);
#3618=VECTOR('',#12643,10.);
#3619=VECTOR('',#12644,10.);
#3620=VECTOR('',#12647,10.);
#3621=VECTOR('',#12648,10.);
#3622=VECTOR('',#12651,10.);
#3623=VECTOR('',#12656,10.);
#3624=VECTOR('',#12657,10.);
#3625=VECTOR('',#12658,10.);
#3626=VECTOR('',#12659,10.);
#3627=VECTOR('',#12662,10.);
#3628=VECTOR('',#12663,10.);
#3629=VECTOR('',#12664,10.);
#3630=VECTOR('',#12667,10.);
#3631=VECTOR('',#12668,10.);
#3632=VECTOR('',#12669,10.);
#3633=VECTOR('',#12670,10.);
#3634=VECTOR('',#12673,10.);
#3635=VECTOR('',#12674,10.);
#3636=VECTOR('',#12675,10.);
#3637=VECTOR('',#12678,10.);
#3638=VECTOR('',#12679,10.);
#3639=VECTOR('',#12680,10.);
#3640=VECTOR('',#12681,10.);
#3641=VECTOR('',#12682,10.);
#3642=VECTOR('',#12683,10.);
#3643=VECTOR('',#12684,10.);
#3644=VECTOR('',#12685,10.);
#3645=VECTOR('',#12688,10.);
#3646=VECTOR('',#12689,10.);
#3647=VECTOR('',#12692,10.);
#3648=VECTOR('',#12693,10.);
#3649=VECTOR('',#12696,10.);
#3650=VECTOR('',#12697,10.);
#3651=VECTOR('',#12700,10.);
#3652=VECTOR('',#12701,10.);
#3653=VECTOR('',#12704,10.);
#3654=VECTOR('',#12707,10.);
#3655=VECTOR('',#12708,10.);
#3656=VECTOR('',#12711,10.);
#3657=VECTOR('',#12712,10.);
#3658=VECTOR('',#12715,10.);
#3659=VECTOR('',#12720,10.);
#3660=VECTOR('',#12721,10.);
#3661=VECTOR('',#12722,10.);
#3662=VECTOR('',#12723,10.);
#3663=VECTOR('',#12726,10.);
#3664=VECTOR('',#12727,10.);
#3665=VECTOR('',#12728,10.);
#3666=VECTOR('',#12729,10.);
#3667=VECTOR('',#12732,10.);
#3668=VECTOR('',#12733,10.);
#3669=VECTOR('',#12736,10.);
#3670=VECTOR('',#12737,10.);
#3671=VECTOR('',#12738,10.);
#3672=VECTOR('',#12739,10.);
#3673=VECTOR('',#12740,10.);
#3674=VECTOR('',#12741,10.);
#3675=VECTOR('',#12742,10.);
#3676=VECTOR('',#12745,10.);
#3677=VECTOR('',#12752,10.);
#3678=VECTOR('',#12753,10.);
#3679=VECTOR('',#12756,10.);
#3680=VECTOR('',#12757,10.);
#3681=VECTOR('',#12758,10.);
#3682=VECTOR('',#12759,10.);
#3683=VECTOR('',#12760,10.);
#3684=VECTOR('',#12761,10.);
#3685=VECTOR('',#12764,10.);
#3686=VECTOR('',#12765,10.);
#3687=VECTOR('',#12766,10.);
#3688=VECTOR('',#12767,10.);
#3689=VECTOR('',#12770,10.);
#3690=VECTOR('',#12771,10.);
#3691=VECTOR('',#12772,10.);
#3692=VECTOR('',#12775,10.);
#3693=VECTOR('',#12776,10.);
#3694=VECTOR('',#12779,10.);
#3695=VECTOR('',#12780,10.);
#3696=VECTOR('',#12781,10.);
#3697=VECTOR('',#12782,10.);
#3698=VECTOR('',#12785,10.);
#3699=VECTOR('',#12786,10.);
#3700=VECTOR('',#12787,10.);
#3701=VECTOR('',#12790,10.);
#3702=VECTOR('',#12791,10.);
#3703=VECTOR('',#12792,10.);
#3704=VECTOR('',#12799,10.);
#3705=VECTOR('',#12800,10.);
#3706=VECTOR('',#12803,10.);
#3707=VECTOR('',#12804,10.);
#3708=VECTOR('',#12805,10.);
#3709=VECTOR('',#12808,10.);
#3710=VECTOR('',#12809,10.);
#3711=VECTOR('',#12816,10.);
#3712=VECTOR('',#12817,10.);
#3713=VECTOR('',#12820,10.);
#3714=VECTOR('',#12823,5.99999999999994);
#3715=VECTOR('',#12828,5.99999999999994);
#3716=VECTOR('',#12831,5.99999999999994);
#3717=VECTOR('',#12836,5.99999999999994);
#3718=VECTOR('',#12839,10.);
#3719=VECTOR('',#12842,10.);
#3720=VECTOR('',#12843,10.);
#3721=VECTOR('',#12844,10.);
#3722=VECTOR('',#12847,10.);
#3723=VECTOR('',#12848,10.);
#3724=VECTOR('',#12859,10.);
#3725=VECTOR('',#12866,10.);
#3726=VECTOR('',#12867,10.);
#3727=VECTOR('',#12868,10.);
#3728=VECTOR('',#12869,10.);
#3729=VECTOR('',#12872,10.);
#3730=VECTOR('',#12873,10.);
#3731=VECTOR('',#12874,10.);
#3732=VECTOR('',#12877,10.);
#3733=VECTOR('',#12878,10.);
#3734=VECTOR('',#12879,10.);
#3735=VECTOR('',#12880,10.);
#3736=VECTOR('',#12885,10.);
#3737=VECTOR('',#12886,10.);
#3738=VECTOR('',#12891,6.00000000000001);
#3739=VECTOR('',#12898,5.99999999999994);
#3740=VECTOR('',#12901,10.);
#3741=VECTOR('',#12902,10.);
#3742=VECTOR('',#12903,10.);
#3743=VECTOR('',#12904,10.);
#3744=VECTOR('',#12907,10.);
#3745=VECTOR('',#12908,10.);
#3746=VECTOR('',#12911,10.);
#3747=VECTOR('',#12912,10.);
#3748=VECTOR('',#12913,10.);
#3749=VECTOR('',#12914,10.);
#3750=VECTOR('',#12917,10.);
#3751=VECTOR('',#12918,10.);
#3752=VECTOR('',#12919,10.);
#3753=VECTOR('',#12922,10.);
#3754=VECTOR('',#12923,10.);
#3755=VECTOR('',#12924,10.);
#3756=VECTOR('',#12925,10.);
#3757=VECTOR('',#12926,10.);
#3758=VECTOR('',#12927,10.);
#3759=VECTOR('',#12930,10.);
#3760=VECTOR('',#12931,10.);
#3761=VECTOR('',#12934,10.);
#3762=VECTOR('',#12935,10.);
#3763=VECTOR('',#12938,10.);
#3764=VECTOR('',#12939,10.);
#3765=VECTOR('',#12942,10.);
#3766=VECTOR('',#12943,10.);
#3767=VECTOR('',#12946,10.);
#3768=VECTOR('',#12947,10.);
#3769=VECTOR('',#12956,5.99999999999994);
#3770=VECTOR('',#12963,6.00000000000001);
#3771=VECTOR('',#12970,10.);
#3772=VECTOR('',#12973,10.);
#3773=VECTOR('',#12978,10.);
#3774=VECTOR('',#12981,10.);
#3775=VECTOR('',#12984,10.);
#3776=VECTOR('',#12985,10.);
#3777=VECTOR('',#12986,10.);
#3778=VECTOR('',#12989,10.);
#3779=VECTOR('',#12994,10.);
#3780=VECTOR('',#12995,10.);
#3781=VECTOR('',#12996,10.);
#3782=VECTOR('',#12997,10.);
#3783=VECTOR('',#12998,10.);
#3784=VECTOR('',#13001,10.);
#3785=VECTOR('',#13006,10.);
#3786=VECTOR('',#13007,10.);
#3787=VECTOR('',#13012,10.);
#3788=VECTOR('',#13015,10.);
#3789=VECTOR('',#13020,10.);
#3790=VECTOR('',#13023,10.);
#3791=VECTOR('',#13026,10.);
#3792=VECTOR('',#13027,10.);
#3793=VECTOR('',#13028,10.);
#3794=VECTOR('',#13031,10.);
#3795=VECTOR('',#13036,10.);
#3796=VECTOR('',#13037,10.);
#3797=VECTOR('',#13038,10.);
#3798=VECTOR('',#13039,10.);
#3799=VECTOR('',#13040,10.);
#3800=VECTOR('',#13043,10.);
#3801=VECTOR('',#13048,10.);
#3802=VECTOR('',#13055,10.);
#3803=VECTOR('',#13068,10.);
#3804=VECTOR('',#13069,10.);
#3805=VECTOR('',#13070,10.);
#3806=VECTOR('',#13071,10.);
#3807=VECTOR('',#13074,10.);
#3808=VECTOR('',#13075,10.);
#3809=VECTOR('',#13076,10.);
#3810=VECTOR('',#13079,10.);
#3811=VECTOR('',#13080,10.);
#3812=VECTOR('',#13081,10.);
#3813=VECTOR('',#13082,10.);
#3814=VECTOR('',#13085,10.);
#3815=VECTOR('',#13086,10.);
#3816=VECTOR('',#13087,10.);
#3817=VECTOR('',#13090,10.);
#3818=VECTOR('',#13091,10.);
#3819=VECTOR('',#13092,10.);
#3820=VECTOR('',#13093,10.);
#3821=VECTOR('',#13094,10.);
#3822=VECTOR('',#13095,10.);
#3823=VECTOR('',#13096,10.);
#3824=VECTOR('',#13097,10.);
#3825=VECTOR('',#13100,10.);
#3826=VECTOR('',#13101,10.);
#3827=VECTOR('',#13104,10.);
#3828=VECTOR('',#13105,10.);
#3829=VECTOR('',#13108,10.);
#3830=VECTOR('',#13109,10.);
#3831=VECTOR('',#13112,10.);
#3832=VECTOR('',#13113,10.);
#3833=VECTOR('',#13116,10.);
#3834=VECTOR('',#13119,10.);
#3835=VECTOR('',#13120,10.);
#3836=VECTOR('',#13123,10.);
#3837=VECTOR('',#13124,10.);
#3838=VECTOR('',#13127,10.);
#3839=VECTOR('',#13132,10.);
#3840=VECTOR('',#13133,10.);
#3841=VECTOR('',#13134,10.);
#3842=VECTOR('',#13135,10.);
#3843=VECTOR('',#13138,10.);
#3844=VECTOR('',#13139,10.);
#3845=VECTOR('',#13140,10.);
#3846=VECTOR('',#13141,10.);
#3847=VECTOR('',#13144,10.);
#3848=VECTOR('',#13145,10.);
#3849=VECTOR('',#13146,10.);
#3850=VECTOR('',#13149,10.);
#3851=VECTOR('',#13150,10.);
#3852=VECTOR('',#13151,10.);
#3853=VECTOR('',#13152,10.);
#3854=VECTOR('',#13153,10.);
#3855=VECTOR('',#13154,10.);
#3856=VECTOR('',#13155,10.);
#3857=VECTOR('',#13156,10.);
#3858=VECTOR('',#13157,10.);
#3859=VECTOR('',#13160,10.);
#3860=VECTOR('',#13161,10.);
#3861=VECTOR('',#13164,10.);
#3862=VECTOR('',#13165,10.);
#3863=VECTOR('',#13166,10.);
#3864=VECTOR('',#13169,10.);
#3865=VECTOR('',#13170,10.);
#3866=VECTOR('',#13173,10.);
#3867=VECTOR('',#13174,10.);
#3868=VECTOR('',#13177,10.);
#3869=VECTOR('',#13178,10.);
#3870=VECTOR('',#13181,10.);
#3871=VECTOR('',#13184,10.);
#3872=VECTOR('',#13185,10.);
#3873=VECTOR('',#13188,10.);
#3874=VECTOR('',#13191,10.);
#3875=VECTOR('',#13196,10.);
#3876=VECTOR('',#13197,10.);
#3877=VECTOR('',#13198,10.);
#3878=VECTOR('',#13199,10.);
#3879=VECTOR('',#13202,10.);
#3880=VECTOR('',#13203,10.);
#3881=VECTOR('',#13204,10.);
#3882=VECTOR('',#13207,10.);
#3883=VECTOR('',#13208,10.);
#3884=VECTOR('',#13209,10.);
#3885=VECTOR('',#13210,10.);
#3886=VECTOR('',#13213,10.);
#3887=VECTOR('',#13214,10.);
#3888=VECTOR('',#13215,10.);
#3889=VECTOR('',#13218,10.);
#3890=VECTOR('',#13219,10.);
#3891=VECTOR('',#13220,10.);
#3892=VECTOR('',#13221,10.);
#3893=VECTOR('',#13222,10.);
#3894=VECTOR('',#13223,10.);
#3895=VECTOR('',#13224,10.);
#3896=VECTOR('',#13225,10.);
#3897=VECTOR('',#13228,10.);
#3898=VECTOR('',#13229,10.);
#3899=VECTOR('',#13232,10.);
#3900=VECTOR('',#13233,10.);
#3901=VECTOR('',#13236,10.);
#3902=VECTOR('',#13237,10.);
#3903=VECTOR('',#13240,10.);
#3904=VECTOR('',#13241,10.);
#3905=VECTOR('',#13244,10.);
#3906=VECTOR('',#13247,10.);
#3907=VECTOR('',#13248,10.);
#3908=VECTOR('',#13251,10.);
#3909=VECTOR('',#13252,10.);
#3910=VECTOR('',#13255,10.);
#3911=VECTOR('',#13262,6.00000000000001);
#3912=VECTOR('',#13269,6.00000000000002);
#3913=VECTOR('',#13276,6.00000000000001);
#3914=VECTOR('',#13283,6.00000000000002);
#3915=VECTOR('',#13288,10.);
#3916=VECTOR('',#13289,10.);
#3917=VECTOR('',#13290,10.);
#3918=VECTOR('',#13291,10.);
#3919=VECTOR('',#13294,10.);
#3920=VECTOR('',#13295,10.);
#3921=VECTOR('',#13298,10.);
#3922=VECTOR('',#13299,10.);
#3923=VECTOR('',#13300,10.);
#3924=VECTOR('',#13301,10.);
#3925=VECTOR('',#13304,10.);
#3926=VECTOR('',#13305,10.);
#3927=VECTOR('',#13308,10.);
#3928=VECTOR('',#13309,10.);
#3929=VECTOR('',#13310,10.);
#3930=VECTOR('',#13311,10.);
#3931=VECTOR('',#13314,10.);
#3932=VECTOR('',#13317,10.);
#3933=VECTOR('',#13322,10.);
#3934=VECTOR('',#13323,10.);
#3935=VECTOR('',#13324,10.);
#3936=VECTOR('',#13325,10.);
#3937=VECTOR('',#13330,10.);
#3938=VECTOR('',#13333,10.);
#3939=VECTOR('',#13334,10.);
#3940=VECTOR('',#13337,10.);
#3941=VECTOR('',#13338,10.);
#3942=VECTOR('',#13341,10.);
#3943=VECTOR('',#13342,10.);
#3944=VECTOR('',#13345,10.);
#3945=VECTOR('',#13348,10.);
#3946=VECTOR('',#13351,10.);
#3947=VECTOR('',#13356,10.);
#3948=VECTOR('',#13357,10.);
#3949=VECTOR('',#13358,10.);
#3950=VECTOR('',#13359,10.);
#3951=VECTOR('',#13362,10.);
#3952=VECTOR('',#13363,10.);
#3953=VECTOR('',#13364,10.);
#3954=VECTOR('',#13367,10.);
#3955=VECTOR('',#13368,10.);
#3956=VECTOR('',#13371,10.);
#3957=VECTOR('',#13372,10.);
#3958=VECTOR('',#13375,10.);
#3959=VECTOR('',#13380,10.);
#3960=VECTOR('',#13381,10.);
#3961=VECTOR('',#13382,10.);
#3962=VECTOR('',#13383,10.);
#3963=VECTOR('',#13386,10.);
#3964=VECTOR('',#13387,10.);
#3965=VECTOR('',#13388,10.);
#3966=VECTOR('',#13391,10.);
#3967=VECTOR('',#13392,10.);
#3968=VECTOR('',#13395,10.);
#3969=VECTOR('',#13396,10.);
#3970=VECTOR('',#13399,10.);
#3971=VECTOR('',#13404,10.);
#3972=VECTOR('',#13405,10.);
#3973=VECTOR('',#13406,10.);
#3974=VECTOR('',#13407,10.);
#3975=VECTOR('',#13410,10.);
#3976=VECTOR('',#13411,10.);
#3977=VECTOR('',#13412,10.);
#3978=VECTOR('',#13415,10.);
#3979=VECTOR('',#13416,10.);
#3980=VECTOR('',#13419,10.);
#3981=VECTOR('',#13420,10.);
#3982=VECTOR('',#13423,10.);
#3983=VECTOR('',#13428,10.);
#3984=VECTOR('',#13429,10.);
#3985=VECTOR('',#13430,10.);
#3986=VECTOR('',#13431,10.);
#3987=VECTOR('',#13434,10.);
#3988=VECTOR('',#13435,10.);
#3989=VECTOR('',#13436,10.);
#3990=VECTOR('',#13439,10.);
#3991=VECTOR('',#13440,10.);
#3992=VECTOR('',#13443,10.);
#3993=VECTOR('',#13444,10.);
#3994=VECTOR('',#13447,10.);
#3995=VERTEX_POINT('',#13452);
#3996=VERTEX_POINT('',#13453);
#3997=VERTEX_POINT('',#13455);
#3998=VERTEX_POINT('',#13457);
#3999=VERTEX_POINT('',#13461);
#4000=VERTEX_POINT('',#13462);
#4001=VERTEX_POINT('',#13464);
#4002=VERTEX_POINT('',#13466);
#4003=VERTEX_POINT('',#13478);
#4004=VERTEX_POINT('',#13479);
#4005=VERTEX_POINT('',#13481);
#4006=VERTEX_POINT('',#13483);
#4007=VERTEX_POINT('',#13487);
#4008=VERTEX_POINT('',#13488);
#4009=VERTEX_POINT('',#13490);
#4010=VERTEX_POINT('',#13492);
#4011=VERTEX_POINT('',#13504);
#4012=VERTEX_POINT('',#13506);
#4013=VERTEX_POINT('',#13510);
#4014=VERTEX_POINT('',#13512);
#4015=VERTEX_POINT('',#13516);
#4016=VERTEX_POINT('',#13518);
#4017=VERTEX_POINT('',#13522);
#4018=VERTEX_POINT('',#13524);
#4019=VERTEX_POINT('',#13528);
#4020=VERTEX_POINT('',#13529);
#4021=VERTEX_POINT('',#13531);
#4022=VERTEX_POINT('',#13533);
#4023=VERTEX_POINT('',#13537);
#4024=VERTEX_POINT('',#13539);
#4025=VERTEX_POINT('',#13541);
#4026=VERTEX_POINT('',#13543);
#4027=VERTEX_POINT('',#13545);
#4028=VERTEX_POINT('',#13547);
#4029=VERTEX_POINT('',#13551);
#4030=VERTEX_POINT('',#13555);
#4031=VERTEX_POINT('',#13556);
#4032=VERTEX_POINT('',#13558);
#4033=VERTEX_POINT('',#13560);
#4034=VERTEX_POINT('',#13564);
#4035=VERTEX_POINT('',#13566);
#4036=VERTEX_POINT('',#13570);
#4037=VERTEX_POINT('',#13573);
#4038=VERTEX_POINT('',#13575);
#4039=VERTEX_POINT('',#13579);
#4040=VERTEX_POINT('',#13583);
#4041=VERTEX_POINT('',#13587);
#4042=VERTEX_POINT('',#13591);
#4043=VERTEX_POINT('',#13602);
#4044=VERTEX_POINT('',#13604);
#4045=VERTEX_POINT('',#13608);
#4046=VERTEX_POINT('',#13610);
#4047=VERTEX_POINT('',#13614);
#4048=VERTEX_POINT('',#13616);
#4049=VERTEX_POINT('',#13620);
#4050=VERTEX_POINT('',#13622);
#4051=VERTEX_POINT('',#13626);
#4052=VERTEX_POINT('',#13627);
#4053=VERTEX_POINT('',#13629);
#4054=VERTEX_POINT('',#13631);
#4055=VERTEX_POINT('',#13635);
#4056=VERTEX_POINT('',#13636);
#4057=VERTEX_POINT('',#13638);
#4058=VERTEX_POINT('',#13640);
#4059=VERTEX_POINT('',#13644);
#4060=VERTEX_POINT('',#13645);
#4061=VERTEX_POINT('',#13647);
#4062=VERTEX_POINT('',#13649);
#4063=VERTEX_POINT('',#13653);
#4064=VERTEX_POINT('',#13655);
#4065=VERTEX_POINT('',#13659);
#4066=VERTEX_POINT('',#13661);
#4067=VERTEX_POINT('',#13665);
#4068=VERTEX_POINT('',#13667);
#4069=VERTEX_POINT('',#13672);
#4070=VERTEX_POINT('',#13674);
#4071=VERTEX_POINT('',#13676);
#4072=VERTEX_POINT('',#13678);
#4073=VERTEX_POINT('',#13680);
#4074=VERTEX_POINT('',#13682);
#4075=VERTEX_POINT('',#13700);
#4076=VERTEX_POINT('',#13702);
#4077=VERTEX_POINT('',#13706);
#4078=VERTEX_POINT('',#13708);
#4079=VERTEX_POINT('',#13712);
#4080=VERTEX_POINT('',#13713);
#4081=VERTEX_POINT('',#13715);
#4082=VERTEX_POINT('',#13717);
#4083=VERTEX_POINT('',#13721);
#4084=VERTEX_POINT('',#13722);
#4085=VERTEX_POINT('',#13727);
#4086=VERTEX_POINT('',#13728);
#4087=VERTEX_POINT('',#13730);
#4088=VERTEX_POINT('',#13732);
#4089=VERTEX_POINT('',#13736);
#4090=VERTEX_POINT('',#13738);
#4091=VERTEX_POINT('',#13742);
#4092=VERTEX_POINT('',#13744);
#4093=VERTEX_POINT('',#13748);
#4094=VERTEX_POINT('',#13750);
#4095=VERTEX_POINT('',#13752);
#4096=VERTEX_POINT('',#13754);
#4097=VERTEX_POINT('',#13756);
#4098=VERTEX_POINT('',#13761);
#4099=VERTEX_POINT('',#13765);
#4100=VERTEX_POINT('',#13769);
#4101=VERTEX_POINT('',#13773);
#4102=VERTEX_POINT('',#13777);
#4103=VERTEX_POINT('',#13786);
#4104=VERTEX_POINT('',#13788);
#4105=VERTEX_POINT('',#13792);
#4106=VERTEX_POINT('',#13794);
#4107=VERTEX_POINT('',#13798);
#4108=VERTEX_POINT('',#13799);
#4109=VERTEX_POINT('',#13801);
#4110=VERTEX_POINT('',#13803);
#4111=VERTEX_POINT('',#13807);
#4112=VERTEX_POINT('',#13808);
#4113=VERTEX_POINT('',#13810);
#4114=VERTEX_POINT('',#13812);
#4115=VERTEX_POINT('',#13816);
#4116=VERTEX_POINT('',#13818);
#4117=VERTEX_POINT('',#13822);
#4118=VERTEX_POINT('',#13826);
#4119=VERTEX_POINT('',#13829);
#4120=VERTEX_POINT('',#13831);
#4121=VERTEX_POINT('',#13835);
#4122=VERTEX_POINT('',#13839);
#4123=VERTEX_POINT('',#13843);
#4124=VERTEX_POINT('',#13844);
#4125=VERTEX_POINT('',#13846);
#4126=VERTEX_POINT('',#13848);
#4127=VERTEX_POINT('',#13852);
#4128=VERTEX_POINT('',#13853);
#4129=VERTEX_POINT('',#13855);
#4130=VERTEX_POINT('',#13857);
#4131=VERTEX_POINT('',#13861);
#4132=VERTEX_POINT('',#13863);
#4133=VERTEX_POINT('',#13867);
#4134=VERTEX_POINT('',#13871);
#4135=VERTEX_POINT('',#13874);
#4136=VERTEX_POINT('',#13876);
#4137=VERTEX_POINT('',#13880);
#4138=VERTEX_POINT('',#13884);
#4139=VERTEX_POINT('',#13896);
#4140=VERTEX_POINT('',#13897);
#4141=VERTEX_POINT('',#13899);
#4142=VERTEX_POINT('',#13901);
#4143=VERTEX_POINT('',#13905);
#4144=VERTEX_POINT('',#13907);
#4145=VERTEX_POINT('',#13911);
#4146=VERTEX_POINT('',#13912);
#4147=VERTEX_POINT('',#13914);
#4148=VERTEX_POINT('',#13916);
#4149=VERTEX_POINT('',#13920);
#4150=VERTEX_POINT('',#13922);
#4151=VERTEX_POINT('',#13927);
#4152=VERTEX_POINT('',#13929);
#4153=VERTEX_POINT('',#13931);
#4154=VERTEX_POINT('',#13933);
#4155=VERTEX_POINT('',#13935);
#4156=VERTEX_POINT('',#13937);
#4157=VERTEX_POINT('',#13941);
#4158=VERTEX_POINT('',#13945);
#4159=VERTEX_POINT('',#13949);
#4160=VERTEX_POINT('',#13953);
#4161=VERTEX_POINT('',#13959);
#4162=VERTEX_POINT('',#13963);
#4163=VERTEX_POINT('',#13970);
#4164=VERTEX_POINT('',#13971);
#4165=VERTEX_POINT('',#13973);
#4166=VERTEX_POINT('',#13975);
#4167=VERTEX_POINT('',#13979);
#4168=VERTEX_POINT('',#13980);
#4169=VERTEX_POINT('',#13982);
#4170=VERTEX_POINT('',#13984);
#4171=VERTEX_POINT('',#13988);
#4172=VERTEX_POINT('',#13990);
#4173=VERTEX_POINT('',#13994);
#4174=VERTEX_POINT('',#13996);
#4175=VERTEX_POINT('',#13998);
#4176=VERTEX_POINT('',#14001);
#4177=VERTEX_POINT('',#14003);
#4178=VERTEX_POINT('',#14005);
#4179=VERTEX_POINT('',#14007);
#4180=VERTEX_POINT('',#14011);
#4181=VERTEX_POINT('',#14015);
#4182=VERTEX_POINT('',#14016);
#4183=VERTEX_POINT('',#14021);
#4184=VERTEX_POINT('',#14025);
#4185=VERTEX_POINT('',#14029);
#4186=VERTEX_POINT('',#14035);
#4187=VERTEX_POINT('',#14044);
#4188=VERTEX_POINT('',#14045);
#4189=VERTEX_POINT('',#14047);
#4190=VERTEX_POINT('',#14049);
#4191=VERTEX_POINT('',#14053);
#4192=VERTEX_POINT('',#14055);
#4193=VERTEX_POINT('',#14059);
#4194=VERTEX_POINT('',#14060);
#4195=VERTEX_POINT('',#14062);
#4196=VERTEX_POINT('',#14064);
#4197=VERTEX_POINT('',#14068);
#4198=VERTEX_POINT('',#14070);
#4199=VERTEX_POINT('',#14075);
#4200=VERTEX_POINT('',#14077);
#4201=VERTEX_POINT('',#14079);
#4202=VERTEX_POINT('',#14081);
#4203=VERTEX_POINT('',#14083);
#4204=VERTEX_POINT('',#14085);
#4205=VERTEX_POINT('',#14089);
#4206=VERTEX_POINT('',#14093);
#4207=VERTEX_POINT('',#14097);
#4208=VERTEX_POINT('',#14101);
#4209=VERTEX_POINT('',#14107);
#4210=VERTEX_POINT('',#14111);
#4211=VERTEX_POINT('',#14118);
#4212=VERTEX_POINT('',#14119);
#4213=VERTEX_POINT('',#14121);
#4214=VERTEX_POINT('',#14123);
#4215=VERTEX_POINT('',#14127);
#4216=VERTEX_POINT('',#14129);
#4217=VERTEX_POINT('',#14133);
#4218=VERTEX_POINT('',#14134);
#4219=VERTEX_POINT('',#14136);
#4220=VERTEX_POINT('',#14138);
#4221=VERTEX_POINT('',#14142);
#4222=VERTEX_POINT('',#14143);
#4223=VERTEX_POINT('',#14149);
#4224=VERTEX_POINT('',#14151);
#4225=VERTEX_POINT('',#14153);
#4226=VERTEX_POINT('',#14155);
#4227=VERTEX_POINT('',#14157);
#4228=VERTEX_POINT('',#14159);
#4229=VERTEX_POINT('',#14163);
#4230=VERTEX_POINT('',#14167);
#4231=VERTEX_POINT('',#14171);
#4232=VERTEX_POINT('',#14175);
#4233=VERTEX_POINT('',#14181);
#4234=VERTEX_POINT('',#14185);
#4235=VERTEX_POINT('',#14192);
#4236=VERTEX_POINT('',#14193);
#4237=VERTEX_POINT('',#14195);
#4238=VERTEX_POINT('',#14197);
#4239=VERTEX_POINT('',#14201);
#4240=VERTEX_POINT('',#14203);
#4241=VERTEX_POINT('',#14207);
#4242=VERTEX_POINT('',#14208);
#4243=VERTEX_POINT('',#14210);
#4244=VERTEX_POINT('',#14212);
#4245=VERTEX_POINT('',#14216);
#4246=VERTEX_POINT('',#14218);
#4247=VERTEX_POINT('',#14223);
#4248=VERTEX_POINT('',#14225);
#4249=VERTEX_POINT('',#14227);
#4250=VERTEX_POINT('',#14229);
#4251=VERTEX_POINT('',#14231);
#4252=VERTEX_POINT('',#14233);
#4253=VERTEX_POINT('',#14237);
#4254=VERTEX_POINT('',#14241);
#4255=VERTEX_POINT('',#14245);
#4256=VERTEX_POINT('',#14249);
#4257=VERTEX_POINT('',#14255);
#4258=VERTEX_POINT('',#14259);
#4259=VERTEX_POINT('',#14266);
#4260=VERTEX_POINT('',#14267);
#4261=VERTEX_POINT('',#14269);
#4262=VERTEX_POINT('',#14271);
#4263=VERTEX_POINT('',#14275);
#4264=VERTEX_POINT('',#14277);
#4265=VERTEX_POINT('',#14281);
#4266=VERTEX_POINT('',#14282);
#4267=VERTEX_POINT('',#14284);
#4268=VERTEX_POINT('',#14286);
#4269=VERTEX_POINT('',#14290);
#4270=VERTEX_POINT('',#14292);
#4271=VERTEX_POINT('',#14297);
#4272=VERTEX_POINT('',#14299);
#4273=VERTEX_POINT('',#14301);
#4274=VERTEX_POINT('',#14303);
#4275=VERTEX_POINT('',#14305);
#4276=VERTEX_POINT('',#14307);
#4277=VERTEX_POINT('',#14311);
#4278=VERTEX_POINT('',#14315);
#4279=VERTEX_POINT('',#14319);
#4280=VERTEX_POINT('',#14323);
#4281=VERTEX_POINT('',#14329);
#4282=VERTEX_POINT('',#14333);
#4283=VERTEX_POINT('',#14340);
#4284=VERTEX_POINT('',#14341);
#4285=VERTEX_POINT('',#14343);
#4286=VERTEX_POINT('',#14345);
#4287=VERTEX_POINT('',#14349);
#4288=VERTEX_POINT('',#14351);
#4289=VERTEX_POINT('',#14355);
#4290=VERTEX_POINT('',#14356);
#4291=VERTEX_POINT('',#14358);
#4292=VERTEX_POINT('',#14360);
#4293=VERTEX_POINT('',#14364);
#4294=VERTEX_POINT('',#14366);
#4295=VERTEX_POINT('',#14371);
#4296=VERTEX_POINT('',#14373);
#4297=VERTEX_POINT('',#14375);
#4298=VERTEX_POINT('',#14377);
#4299=VERTEX_POINT('',#14379);
#4300=VERTEX_POINT('',#14381);
#4301=VERTEX_POINT('',#14385);
#4302=VERTEX_POINT('',#14389);
#4303=VERTEX_POINT('',#14393);
#4304=VERTEX_POINT('',#14397);
#4305=VERTEX_POINT('',#14403);
#4306=VERTEX_POINT('',#14407);
#4307=VERTEX_POINT('',#14414);
#4308=VERTEX_POINT('',#14415);
#4309=VERTEX_POINT('',#14417);
#4310=VERTEX_POINT('',#14419);
#4311=VERTEX_POINT('',#14423);
#4312=VERTEX_POINT('',#14425);
#4313=VERTEX_POINT('',#14429);
#4314=VERTEX_POINT('',#14430);
#4315=VERTEX_POINT('',#14432);
#4316=VERTEX_POINT('',#14434);
#4317=VERTEX_POINT('',#14438);
#4318=VERTEX_POINT('',#14439);
#4319=VERTEX_POINT('',#14445);
#4320=VERTEX_POINT('',#14447);
#4321=VERTEX_POINT('',#14449);
#4322=VERTEX_POINT('',#14451);
#4323=VERTEX_POINT('',#14453);
#4324=VERTEX_POINT('',#14455);
#4325=VERTEX_POINT('',#14459);
#4326=VERTEX_POINT('',#14463);
#4327=VERTEX_POINT('',#14467);
#4328=VERTEX_POINT('',#14471);
#4329=VERTEX_POINT('',#14477);
#4330=VERTEX_POINT('',#14481);
#4331=VERTEX_POINT('',#14488);
#4332=VERTEX_POINT('',#14489);
#4333=VERTEX_POINT('',#14491);
#4334=VERTEX_POINT('',#14493);
#4335=VERTEX_POINT('',#14497);
#4336=VERTEX_POINT('',#14499);
#4337=VERTEX_POINT('',#14503);
#4338=VERTEX_POINT('',#14504);
#4339=VERTEX_POINT('',#14506);
#4340=VERTEX_POINT('',#14508);
#4341=VERTEX_POINT('',#14512);
#4342=VERTEX_POINT('',#14514);
#4343=VERTEX_POINT('',#14519);
#4344=VERTEX_POINT('',#14521);
#4345=VERTEX_POINT('',#14523);
#4346=VERTEX_POINT('',#14525);
#4347=VERTEX_POINT('',#14527);
#4348=VERTEX_POINT('',#14529);
#4349=VERTEX_POINT('',#14533);
#4350=VERTEX_POINT('',#14537);
#4351=VERTEX_POINT('',#14541);
#4352=VERTEX_POINT('',#14545);
#4353=VERTEX_POINT('',#14551);
#4354=VERTEX_POINT('',#14555);
#4355=VERTEX_POINT('',#14562);
#4356=VERTEX_POINT('',#14563);
#4357=VERTEX_POINT('',#14565);
#4358=VERTEX_POINT('',#14567);
#4359=VERTEX_POINT('',#14571);
#4360=VERTEX_POINT('',#14573);
#4361=VERTEX_POINT('',#14577);
#4362=VERTEX_POINT('',#14578);
#4363=VERTEX_POINT('',#14580);
#4364=VERTEX_POINT('',#14582);
#4365=VERTEX_POINT('',#14586);
#4366=VERTEX_POINT('',#14588);
#4367=VERTEX_POINT('',#14593);
#4368=VERTEX_POINT('',#14595);
#4369=VERTEX_POINT('',#14597);
#4370=VERTEX_POINT('',#14599);
#4371=VERTEX_POINT('',#14601);
#4372=VERTEX_POINT('',#14603);
#4373=VERTEX_POINT('',#14607);
#4374=VERTEX_POINT('',#14611);
#4375=VERTEX_POINT('',#14615);
#4376=VERTEX_POINT('',#14619);
#4377=VERTEX_POINT('',#14625);
#4378=VERTEX_POINT('',#14629);
#4379=VERTEX_POINT('',#14636);
#4380=VERTEX_POINT('',#14637);
#4381=VERTEX_POINT('',#14639);
#4382=VERTEX_POINT('',#14641);
#4383=VERTEX_POINT('',#14645);
#4384=VERTEX_POINT('',#14647);
#4385=VERTEX_POINT('',#14651);
#4386=VERTEX_POINT('',#14652);
#4387=VERTEX_POINT('',#14654);
#4388=VERTEX_POINT('',#14656);
#4389=VERTEX_POINT('',#14660);
#4390=VERTEX_POINT('',#14662);
#4391=VERTEX_POINT('',#14667);
#4392=VERTEX_POINT('',#14669);
#4393=VERTEX_POINT('',#14671);
#4394=VERTEX_POINT('',#14673);
#4395=VERTEX_POINT('',#14675);
#4396=VERTEX_POINT('',#14677);
#4397=VERTEX_POINT('',#14681);
#4398=VERTEX_POINT('',#14685);
#4399=VERTEX_POINT('',#14689);
#4400=VERTEX_POINT('',#14693);
#4401=VERTEX_POINT('',#14699);
#4402=VERTEX_POINT('',#14703);
#4403=VERTEX_POINT('',#14710);
#4404=VERTEX_POINT('',#14711);
#4405=VERTEX_POINT('',#14713);
#4406=VERTEX_POINT('',#14715);
#4407=VERTEX_POINT('',#14719);
#4408=VERTEX_POINT('',#14721);
#4409=VERTEX_POINT('',#14723);
#4410=VERTEX_POINT('',#14725);
#4411=VERTEX_POINT('',#14727);
#4412=VERTEX_POINT('',#14729);
#4413=VERTEX_POINT('',#14731);
#4414=VERTEX_POINT('',#14733);
#4415=VERTEX_POINT('',#14735);
#4416=VERTEX_POINT('',#14737);
#4417=VERTEX_POINT('',#14741);
#4418=VERTEX_POINT('',#14745);
#4419=VERTEX_POINT('',#14749);
#4420=VERTEX_POINT('',#14753);
#4421=VERTEX_POINT('',#14757);
#4422=VERTEX_POINT('',#14761);
#4423=VERTEX_POINT('',#14765);
#4424=VERTEX_POINT('',#14769);
#4425=VERTEX_POINT('',#14773);
#4426=VERTEX_POINT('',#14775);
#4427=VERTEX_POINT('',#14784);
#4428=VERTEX_POINT('',#14786);
#4429=VERTEX_POINT('',#14792);
#4430=VERTEX_POINT('',#14794);
#4431=VERTEX_POINT('',#14800);
#4432=VERTEX_POINT('',#14802);
#4433=VERTEX_POINT('',#14808);
#4434=VERTEX_POINT('',#14810);
#4435=VERTEX_POINT('',#14816);
#4436=VERTEX_POINT('',#14818);
#4437=VERTEX_POINT('',#14824);
#4438=VERTEX_POINT('',#14826);
#4439=VERTEX_POINT('',#14832);
#4440=VERTEX_POINT('',#14834);
#4441=VERTEX_POINT('',#14840);
#4442=VERTEX_POINT('',#14842);
#4443=VERTEX_POINT('',#14848);
#4444=VERTEX_POINT('',#14849);
#4445=VERTEX_POINT('',#14851);
#4446=VERTEX_POINT('',#14853);
#4447=VERTEX_POINT('',#14857);
#4448=VERTEX_POINT('',#14859);
#4449=VERTEX_POINT('',#14861);
#4450=VERTEX_POINT('',#14863);
#4451=VERTEX_POINT('',#14865);
#4452=VERTEX_POINT('',#14867);
#4453=VERTEX_POINT('',#14869);
#4454=VERTEX_POINT('',#14871);
#4455=VERTEX_POINT('',#14873);
#4456=VERTEX_POINT('',#14875);
#4457=VERTEX_POINT('',#14879);
#4458=VERTEX_POINT('',#14883);
#4459=VERTEX_POINT('',#14887);
#4460=VERTEX_POINT('',#14891);
#4461=VERTEX_POINT('',#14895);
#4462=VERTEX_POINT('',#14899);
#4463=VERTEX_POINT('',#14903);
#4464=VERTEX_POINT('',#14907);
#4465=VERTEX_POINT('',#14911);
#4466=VERTEX_POINT('',#14913);
#4467=VERTEX_POINT('',#14922);
#4468=VERTEX_POINT('',#14923);
#4469=VERTEX_POINT('',#14925);
#4470=VERTEX_POINT('',#14927);
#4471=VERTEX_POINT('',#14931);
#4472=VERTEX_POINT('',#14933);
#4473=VERTEX_POINT('',#14937);
#4474=VERTEX_POINT('',#14938);
#4475=VERTEX_POINT('',#14940);
#4476=VERTEX_POINT('',#14942);
#4477=VERTEX_POINT('',#14946);
#4478=VERTEX_POINT('',#14948);
#4479=VERTEX_POINT('',#14953);
#4480=VERTEX_POINT('',#14955);
#4481=VERTEX_POINT('',#14957);
#4482=VERTEX_POINT('',#14959);
#4483=VERTEX_POINT('',#14961);
#4484=VERTEX_POINT('',#14963);
#4485=VERTEX_POINT('',#14967);
#4486=VERTEX_POINT('',#14971);
#4487=VERTEX_POINT('',#14975);
#4488=VERTEX_POINT('',#14979);
#4489=VERTEX_POINT('',#14985);
#4490=VERTEX_POINT('',#14989);
#4491=VERTEX_POINT('',#14996);
#4492=VERTEX_POINT('',#14997);
#4493=VERTEX_POINT('',#14999);
#4494=VERTEX_POINT('',#15001);
#4495=VERTEX_POINT('',#15005);
#4496=VERTEX_POINT('',#15007);
#4497=VERTEX_POINT('',#15011);
#4498=VERTEX_POINT('',#15012);
#4499=VERTEX_POINT('',#15014);
#4500=VERTEX_POINT('',#15016);
#4501=VERTEX_POINT('',#15020);
#4502=VERTEX_POINT('',#15022);
#4503=VERTEX_POINT('',#15027);
#4504=VERTEX_POINT('',#15029);
#4505=VERTEX_POINT('',#15031);
#4506=VERTEX_POINT('',#15033);
#4507=VERTEX_POINT('',#15035);
#4508=VERTEX_POINT('',#15037);
#4509=VERTEX_POINT('',#15041);
#4510=VERTEX_POINT('',#15045);
#4511=VERTEX_POINT('',#15049);
#4512=VERTEX_POINT('',#15053);
#4513=VERTEX_POINT('',#15059);
#4514=VERTEX_POINT('',#15063);
#4515=VERTEX_POINT('',#15070);
#4516=VERTEX_POINT('',#15071);
#4517=VERTEX_POINT('',#15073);
#4518=VERTEX_POINT('',#15075);
#4519=VERTEX_POINT('',#15079);
#4520=VERTEX_POINT('',#15081);
#4521=VERTEX_POINT('',#15085);
#4522=VERTEX_POINT('',#15086);
#4523=VERTEX_POINT('',#15088);
#4524=VERTEX_POINT('',#15090);
#4525=VERTEX_POINT('',#15094);
#4526=VERTEX_POINT('',#15096);
#4527=VERTEX_POINT('',#15101);
#4528=VERTEX_POINT('',#15103);
#4529=VERTEX_POINT('',#15105);
#4530=VERTEX_POINT('',#15107);
#4531=VERTEX_POINT('',#15109);
#4532=VERTEX_POINT('',#15111);
#4533=VERTEX_POINT('',#15115);
#4534=VERTEX_POINT('',#15119);
#4535=VERTEX_POINT('',#15123);
#4536=VERTEX_POINT('',#15127);
#4537=VERTEX_POINT('',#15133);
#4538=VERTEX_POINT('',#15137);
#4539=VERTEX_POINT('',#15144);
#4540=VERTEX_POINT('',#15145);
#4541=VERTEX_POINT('',#15147);
#4542=VERTEX_POINT('',#15149);
#4543=VERTEX_POINT('',#15153);
#4544=VERTEX_POINT('',#15155);
#4545=VERTEX_POINT('',#15159);
#4546=VERTEX_POINT('',#15160);
#4547=VERTEX_POINT('',#15162);
#4548=VERTEX_POINT('',#15164);
#4549=VERTEX_POINT('',#15168);
#4550=VERTEX_POINT('',#15170);
#4551=VERTEX_POINT('',#15175);
#4552=VERTEX_POINT('',#15177);
#4553=VERTEX_POINT('',#15179);
#4554=VERTEX_POINT('',#15181);
#4555=VERTEX_POINT('',#15183);
#4556=VERTEX_POINT('',#15185);
#4557=VERTEX_POINT('',#15189);
#4558=VERTEX_POINT('',#15193);
#4559=VERTEX_POINT('',#15197);
#4560=VERTEX_POINT('',#15201);
#4561=VERTEX_POINT('',#15207);
#4562=VERTEX_POINT('',#15211);
#4563=VERTEX_POINT('',#15218);
#4564=VERTEX_POINT('',#15219);
#4565=VERTEX_POINT('',#15221);
#4566=VERTEX_POINT('',#15223);
#4567=VERTEX_POINT('',#15227);
#4568=VERTEX_POINT('',#15229);
#4569=VERTEX_POINT('',#15233);
#4570=VERTEX_POINT('',#15234);
#4571=VERTEX_POINT('',#15236);
#4572=VERTEX_POINT('',#15238);
#4573=VERTEX_POINT('',#15242);
#4574=VERTEX_POINT('',#15243);
#4575=VERTEX_POINT('',#15249);
#4576=VERTEX_POINT('',#15251);
#4577=VERTEX_POINT('',#15253);
#4578=VERTEX_POINT('',#15255);
#4579=VERTEX_POINT('',#15257);
#4580=VERTEX_POINT('',#15259);
#4581=VERTEX_POINT('',#15263);
#4582=VERTEX_POINT('',#15267);
#4583=VERTEX_POINT('',#15271);
#4584=VERTEX_POINT('',#15275);
#4585=VERTEX_POINT('',#15281);
#4586=VERTEX_POINT('',#15285);
#4587=VERTEX_POINT('',#15292);
#4588=VERTEX_POINT('',#15293);
#4589=VERTEX_POINT('',#15295);
#4590=VERTEX_POINT('',#15297);
#4591=VERTEX_POINT('',#15301);
#4592=VERTEX_POINT('',#15303);
#4593=VERTEX_POINT('',#15307);
#4594=VERTEX_POINT('',#15308);
#4595=VERTEX_POINT('',#15310);
#4596=VERTEX_POINT('',#15312);
#4597=VERTEX_POINT('',#15316);
#4598=VERTEX_POINT('',#15318);
#4599=VERTEX_POINT('',#15323);
#4600=VERTEX_POINT('',#15325);
#4601=VERTEX_POINT('',#15327);
#4602=VERTEX_POINT('',#15329);
#4603=VERTEX_POINT('',#15331);
#4604=VERTEX_POINT('',#15333);
#4605=VERTEX_POINT('',#15337);
#4606=VERTEX_POINT('',#15341);
#4607=VERTEX_POINT('',#15345);
#4608=VERTEX_POINT('',#15349);
#4609=VERTEX_POINT('',#15355);
#4610=VERTEX_POINT('',#15359);
#4611=VERTEX_POINT('',#15366);
#4612=VERTEX_POINT('',#15367);
#4613=VERTEX_POINT('',#15369);
#4614=VERTEX_POINT('',#15371);
#4615=VERTEX_POINT('',#15375);
#4616=VERTEX_POINT('',#15377);
#4617=VERTEX_POINT('',#15381);
#4618=VERTEX_POINT('',#15382);
#4619=VERTEX_POINT('',#15384);
#4620=VERTEX_POINT('',#15386);
#4621=VERTEX_POINT('',#15390);
#4622=VERTEX_POINT('',#15391);
#4623=VERTEX_POINT('',#15397);
#4624=VERTEX_POINT('',#15399);
#4625=VERTEX_POINT('',#15401);
#4626=VERTEX_POINT('',#15403);
#4627=VERTEX_POINT('',#15405);
#4628=VERTEX_POINT('',#15407);
#4629=VERTEX_POINT('',#15411);
#4630=VERTEX_POINT('',#15415);
#4631=VERTEX_POINT('',#15419);
#4632=VERTEX_POINT('',#15423);
#4633=VERTEX_POINT('',#15429);
#4634=VERTEX_POINT('',#15433);
#4635=VERTEX_POINT('',#15440);
#4636=VERTEX_POINT('',#15441);
#4637=VERTEX_POINT('',#15443);
#4638=VERTEX_POINT('',#15445);
#4639=VERTEX_POINT('',#15449);
#4640=VERTEX_POINT('',#15451);
#4641=VERTEX_POINT('',#15455);
#4642=VERTEX_POINT('',#15456);
#4643=VERTEX_POINT('',#15458);
#4644=VERTEX_POINT('',#15460);
#4645=VERTEX_POINT('',#15464);
#4646=VERTEX_POINT('',#15466);
#4647=VERTEX_POINT('',#15471);
#4648=VERTEX_POINT('',#15473);
#4649=VERTEX_POINT('',#15475);
#4650=VERTEX_POINT('',#15477);
#4651=VERTEX_POINT('',#15479);
#4652=VERTEX_POINT('',#15481);
#4653=VERTEX_POINT('',#15485);
#4654=VERTEX_POINT('',#15489);
#4655=VERTEX_POINT('',#15493);
#4656=VERTEX_POINT('',#15497);
#4657=VERTEX_POINT('',#15503);
#4658=VERTEX_POINT('',#15507);
#4659=VERTEX_POINT('',#15514);
#4660=VERTEX_POINT('',#15515);
#4661=VERTEX_POINT('',#15517);
#4662=VERTEX_POINT('',#15519);
#4663=VERTEX_POINT('',#15523);
#4664=VERTEX_POINT('',#15524);
#4665=VERTEX_POINT('',#15526);
#4666=VERTEX_POINT('',#15528);
#4667=VERTEX_POINT('',#15535);
#4668=VERTEX_POINT('',#15537);
#4669=VERTEX_POINT('',#15539);
#4670=VERTEX_POINT('',#15541);
#4671=VERTEX_POINT('',#15543);
#4672=VERTEX_POINT('',#15545);
#4673=VERTEX_POINT('',#15547);
#4674=VERTEX_POINT('',#15549);
#4675=VERTEX_POINT('',#15552);
#4676=VERTEX_POINT('',#15554);
#4677=VERTEX_POINT('',#15557);
#4678=VERTEX_POINT('',#15561);
#4679=VERTEX_POINT('',#15563);
#4680=VERTEX_POINT('',#15565);
#4681=VERTEX_POINT('',#15567);
#4682=VERTEX_POINT('',#15569);
#4683=VERTEX_POINT('',#15573);
#4684=VERTEX_POINT('',#15574);
#4685=VERTEX_POINT('',#15576);
#4686=VERTEX_POINT('',#15578);
#4687=VERTEX_POINT('',#15582);
#4688=VERTEX_POINT('',#15584);
#4689=VERTEX_POINT('',#15588);
#4690=VERTEX_POINT('',#15593);
#4691=VERTEX_POINT('',#15595);
#4692=VERTEX_POINT('',#15599);
#4693=VERTEX_POINT('',#15601);
#4694=VERTEX_POINT('',#15604);
#4695=VERTEX_POINT('',#15606);
#4696=VERTEX_POINT('',#15608);
#4697=VERTEX_POINT('',#15611);
#4698=VERTEX_POINT('',#15613);
#4699=VERTEX_POINT('',#15616);
#4700=VERTEX_POINT('',#15620);
#4701=VERTEX_POINT('',#15622);
#4702=VERTEX_POINT('',#15624);
#4703=VERTEX_POINT('',#15627);
#4704=VERTEX_POINT('',#15630);
#4705=VERTEX_POINT('',#15632);
#4706=VERTEX_POINT('',#15635);
#4707=VERTEX_POINT('',#15643);
#4708=VERTEX_POINT('',#15649);
#4709=VERTEX_POINT('',#15655);
#4710=VERTEX_POINT('',#15657);
#4711=VERTEX_POINT('',#15672);
#4712=VERTEX_POINT('',#15673);
#4713=VERTEX_POINT('',#15675);
#4714=VERTEX_POINT('',#15677);
#4715=VERTEX_POINT('',#15681);
#4716=VERTEX_POINT('',#15683);
#4717=VERTEX_POINT('',#15687);
#4718=VERTEX_POINT('',#15689);
#4719=VERTEX_POINT('',#15691);
#4720=VERTEX_POINT('',#15694);
#4721=VERTEX_POINT('',#15697);
#4722=VERTEX_POINT('',#15701);
#4723=VERTEX_POINT('',#15703);
#4724=VERTEX_POINT('',#15707);
#4725=VERTEX_POINT('',#15711);
#4726=VERTEX_POINT('',#15712);
#4727=VERTEX_POINT('',#15714);
#4728=VERTEX_POINT('',#15716);
#4729=VERTEX_POINT('',#15723);
#4730=VERTEX_POINT('',#15724);
#4731=VERTEX_POINT('',#15726);
#4732=VERTEX_POINT('',#15728);
#4733=VERTEX_POINT('',#15732);
#4734=VERTEX_POINT('',#15734);
#4735=VERTEX_POINT('',#15738);
#4736=VERTEX_POINT('',#15740);
#4737=VERTEX_POINT('',#15742);
#4738=VERTEX_POINT('',#15744);
#4739=VERTEX_POINT('',#15749);
#4740=VERTEX_POINT('',#15753);
#4741=VERTEX_POINT('',#15757);
#4742=VERTEX_POINT('',#15761);
#4743=VERTEX_POINT('',#15770);
#4744=VERTEX_POINT('',#15772);
#4745=VERTEX_POINT('',#15776);
#4746=VERTEX_POINT('',#15778);
#4747=VERTEX_POINT('',#15782);
#4748=VERTEX_POINT('',#15783);
#4749=VERTEX_POINT('',#15785);
#4750=VERTEX_POINT('',#15787);
#4751=VERTEX_POINT('',#15791);
#4752=VERTEX_POINT('',#15792);
#4753=VERTEX_POINT('',#15794);
#4754=VERTEX_POINT('',#15796);
#4755=VERTEX_POINT('',#15800);
#4756=VERTEX_POINT('',#15802);
#4757=VERTEX_POINT('',#15806);
#4758=VERTEX_POINT('',#15810);
#4759=VERTEX_POINT('',#15813);
#4760=VERTEX_POINT('',#15815);
#4761=VERTEX_POINT('',#15819);
#4762=VERTEX_POINT('',#15823);
#4763=VERTEX_POINT('',#15827);
#4764=VERTEX_POINT('',#15828);
#4765=VERTEX_POINT('',#15830);
#4766=VERTEX_POINT('',#15832);
#4767=VERTEX_POINT('',#15836);
#4768=VERTEX_POINT('',#15837);
#4769=VERTEX_POINT('',#15839);
#4770=VERTEX_POINT('',#15841);
#4771=VERTEX_POINT('',#15845);
#4772=VERTEX_POINT('',#15847);
#4773=VERTEX_POINT('',#15851);
#4774=VERTEX_POINT('',#15855);
#4775=VERTEX_POINT('',#15858);
#4776=VERTEX_POINT('',#15860);
#4777=VERTEX_POINT('',#15864);
#4778=VERTEX_POINT('',#15868);
#4779=VERTEX_POINT('',#15880);
#4780=VERTEX_POINT('',#15881);
#4781=VERTEX_POINT('',#15883);
#4782=VERTEX_POINT('',#15885);
#4783=VERTEX_POINT('',#15889);
#4784=VERTEX_POINT('',#15891);
#4785=VERTEX_POINT('',#15895);
#4786=VERTEX_POINT('',#15896);
#4787=VERTEX_POINT('',#15898);
#4788=VERTEX_POINT('',#15900);
#4789=VERTEX_POINT('',#15904);
#4790=VERTEX_POINT('',#15906);
#4791=VERTEX_POINT('',#15911);
#4792=VERTEX_POINT('',#15913);
#4793=VERTEX_POINT('',#15915);
#4794=VERTEX_POINT('',#15917);
#4795=VERTEX_POINT('',#15919);
#4796=VERTEX_POINT('',#15921);
#4797=VERTEX_POINT('',#15925);
#4798=VERTEX_POINT('',#15929);
#4799=VERTEX_POINT('',#15933);
#4800=VERTEX_POINT('',#15937);
#4801=VERTEX_POINT('',#15943);
#4802=VERTEX_POINT('',#15947);
#4803=VERTEX_POINT('',#15954);
#4804=VERTEX_POINT('',#15955);
#4805=VERTEX_POINT('',#15957);
#4806=VERTEX_POINT('',#15959);
#4807=VERTEX_POINT('',#15963);
#4808=VERTEX_POINT('',#15964);
#4809=VERTEX_POINT('',#15966);
#4810=VERTEX_POINT('',#15968);
#4811=VERTEX_POINT('',#15972);
#4812=VERTEX_POINT('',#15974);
#4813=VERTEX_POINT('',#15978);
#4814=VERTEX_POINT('',#15980);
#4815=VERTEX_POINT('',#15982);
#4816=VERTEX_POINT('',#15985);
#4817=VERTEX_POINT('',#15987);
#4818=VERTEX_POINT('',#15989);
#4819=VERTEX_POINT('',#15991);
#4820=VERTEX_POINT('',#15995);
#4821=VERTEX_POINT('',#15999);
#4822=VERTEX_POINT('',#16000);
#4823=VERTEX_POINT('',#16005);
#4824=VERTEX_POINT('',#16009);
#4825=VERTEX_POINT('',#16013);
#4826=VERTEX_POINT('',#16019);
#4827=VERTEX_POINT('',#16028);
#4828=VERTEX_POINT('',#16029);
#4829=VERTEX_POINT('',#16031);
#4830=VERTEX_POINT('',#16033);
#4831=VERTEX_POINT('',#16037);
#4832=VERTEX_POINT('',#16039);
#4833=VERTEX_POINT('',#16043);
#4834=VERTEX_POINT('',#16044);
#4835=VERTEX_POINT('',#16046);
#4836=VERTEX_POINT('',#16048);
#4837=VERTEX_POINT('',#16052);
#4838=VERTEX_POINT('',#16054);
#4839=VERTEX_POINT('',#16059);
#4840=VERTEX_POINT('',#16061);
#4841=VERTEX_POINT('',#16063);
#4842=VERTEX_POINT('',#16065);
#4843=VERTEX_POINT('',#16067);
#4844=VERTEX_POINT('',#16069);
#4845=VERTEX_POINT('',#16073);
#4846=VERTEX_POINT('',#16077);
#4847=VERTEX_POINT('',#16081);
#4848=VERTEX_POINT('',#16085);
#4849=VERTEX_POINT('',#16091);
#4850=VERTEX_POINT('',#16095);
#4851=VERTEX_POINT('',#16102);
#4852=VERTEX_POINT('',#16104);
#4853=VERTEX_POINT('',#16108);
#4854=VERTEX_POINT('',#16110);
#4855=VERTEX_POINT('',#16114);
#4856=VERTEX_POINT('',#16116);
#4857=VERTEX_POINT('',#16120);
#4858=VERTEX_POINT('',#16122);
#4859=VERTEX_POINT('',#16126);
#4860=VERTEX_POINT('',#16127);
#4861=VERTEX_POINT('',#16129);
#4862=VERTEX_POINT('',#16131);
#4863=VERTEX_POINT('',#16135);
#4864=VERTEX_POINT('',#16137);
#4865=VERTEX_POINT('',#16139);
#4866=VERTEX_POINT('',#16141);
#4867=VERTEX_POINT('',#16143);
#4868=VERTEX_POINT('',#16145);
#4869=VERTEX_POINT('',#16149);
#4870=VERTEX_POINT('',#16153);
#4871=VERTEX_POINT('',#16154);
#4872=VERTEX_POINT('',#16156);
#4873=VERTEX_POINT('',#16158);
#4874=VERTEX_POINT('',#16162);
#4875=VERTEX_POINT('',#16164);
#4876=VERTEX_POINT('',#16168);
#4877=VERTEX_POINT('',#16171);
#4878=VERTEX_POINT('',#16173);
#4879=VERTEX_POINT('',#16177);
#4880=VERTEX_POINT('',#16181);
#4881=VERTEX_POINT('',#16185);
#4882=VERTEX_POINT('',#16189);
#4883=VERTEX_POINT('',#16200);
#4884=VERTEX_POINT('',#16201);
#4885=VERTEX_POINT('',#16203);
#4886=VERTEX_POINT('',#16205);
#4887=VERTEX_POINT('',#16209);
#4888=VERTEX_POINT('',#16211);
#4889=VERTEX_POINT('',#16215);
#4890=VERTEX_POINT('',#16219);
#4891=VERTEX_POINT('',#16226);
#4892=VERTEX_POINT('',#16227);
#4893=VERTEX_POINT('',#16229);
#4894=VERTEX_POINT('',#16231);
#4895=VERTEX_POINT('',#16235);
#4896=VERTEX_POINT('',#16237);
#4897=VERTEX_POINT('',#16241);
#4898=VERTEX_POINT('',#16245);
#4899=VERTEX_POINT('',#16252);
#4900=VERTEX_POINT('',#16253);
#4901=VERTEX_POINT('',#16255);
#4902=VERTEX_POINT('',#16257);
#4903=VERTEX_POINT('',#16261);
#4904=VERTEX_POINT('',#16263);
#4905=VERTEX_POINT('',#16267);
#4906=VERTEX_POINT('',#16271);
#4907=VERTEX_POINT('',#16278);
#4908=VERTEX_POINT('',#16279);
#4909=VERTEX_POINT('',#16281);
#4910=VERTEX_POINT('',#16283);
#4911=VERTEX_POINT('',#16287);
#4912=VERTEX_POINT('',#16289);
#4913=VERTEX_POINT('',#16293);
#4914=VERTEX_POINT('',#16297);
#4915=EDGE_CURVE('',#3995,#3996,#1483,.T.);
#4916=EDGE_CURVE('',#3995,#3997,#1484,.T.);
#4917=EDGE_CURVE('',#3997,#3998,#1485,.T.);
#4918=EDGE_CURVE('',#3998,#3996,#1486,.T.);
#4919=EDGE_CURVE('',#3999,#4000,#1487,.T.);
#4920=EDGE_CURVE('',#4001,#3999,#1488,.T.);
#4921=EDGE_CURVE('',#4001,#4002,#1489,.T.);
#4922=EDGE_CURVE('',#4002,#4000,#1490,.T.);
#4923=EDGE_CURVE('',#4000,#3995,#1491,.T.);
#4924=EDGE_CURVE('',#3996,#3999,#1492,.T.);
#4925=EDGE_CURVE('',#3998,#4001,#1493,.T.);
#4926=EDGE_CURVE('',#3997,#4002,#1494,.T.);
#4927=EDGE_CURVE('',#4003,#4004,#1495,.T.);
#4928=EDGE_CURVE('',#4005,#4003,#1496,.T.);
#4929=EDGE_CURVE('',#4006,#4005,#1497,.T.);
#4930=EDGE_CURVE('',#4006,#4004,#1498,.T.);
#4931=EDGE_CURVE('',#4007,#4008,#1499,.T.);
#4932=EDGE_CURVE('',#4009,#4007,#1500,.T.);
#4933=EDGE_CURVE('',#4009,#4010,#1501,.T.);
#4934=EDGE_CURVE('',#4010,#4008,#1502,.T.);
#4935=EDGE_CURVE('',#4004,#4007,#1503,.T.);
#4936=EDGE_CURVE('',#4008,#4003,#1504,.T.);
#4937=EDGE_CURVE('',#4005,#4010,#1505,.T.);
#4938=EDGE_CURVE('',#4006,#4009,#1506,.T.);
#4939=EDGE_CURVE('',#4011,#4011,#61,.T.);
#4940=EDGE_CURVE('',#4011,#4012,#1507,.T.);
#4941=EDGE_CURVE('',#4012,#4012,#62,.T.);
#4942=EDGE_CURVE('',#4013,#4013,#63,.T.);
#4943=EDGE_CURVE('',#4013,#4014,#1508,.T.);
#4944=EDGE_CURVE('',#4014,#4014,#64,.T.);
#4945=EDGE_CURVE('',#4015,#4015,#65,.T.);
#4946=EDGE_CURVE('',#4015,#4016,#1509,.T.);
#4947=EDGE_CURVE('',#4016,#4016,#66,.T.);
#4948=EDGE_CURVE('',#4017,#4017,#67,.T.);
#4949=EDGE_CURVE('',#4017,#4018,#1510,.T.);
#4950=EDGE_CURVE('',#4018,#4018,#68,.T.);
#4951=EDGE_CURVE('',#4019,#4020,#1511,.T.);
#4952=EDGE_CURVE('',#4021,#4020,#1512,.T.);
#4953=EDGE_CURVE('',#4021,#4022,#1513,.T.);
#4954=EDGE_CURVE('',#4019,#4022,#1514,.T.);
#4955=EDGE_CURVE('',#4023,#4019,#1515,.T.);
#4956=EDGE_CURVE('',#4023,#4024,#1516,.T.);
#4957=EDGE_CURVE('',#4024,#4025,#69,.T.);
#4958=EDGE_CURVE('',#4025,#4026,#1517,.T.);
#4959=EDGE_CURVE('',#4026,#4027,#1518,.T.);
#4960=EDGE_CURVE('',#4027,#4028,#1519,.T.);
#4961=EDGE_CURVE('',#4020,#4028,#1520,.T.);
#4962=EDGE_CURVE('',#4022,#4029,#1521,.T.);
#4963=EDGE_CURVE('',#4023,#4029,#1522,.T.);
#4964=EDGE_CURVE('',#4030,#4031,#1523,.T.);
#4965=EDGE_CURVE('',#4031,#4032,#1524,.T.);
#4966=EDGE_CURVE('',#4033,#4032,#1525,.T.);
#4967=EDGE_CURVE('',#4033,#4030,#1526,.T.);
#4968=EDGE_CURVE('',#4034,#4024,#1527,.T.);
#4969=EDGE_CURVE('',#4034,#4035,#70,.T.);
#4970=EDGE_CURVE('',#4035,#4025,#1528,.T.);
#4971=EDGE_CURVE('',#4036,#4030,#71,.T.);
#4972=EDGE_CURVE('',#4029,#4036,#1529,.T.);
#4973=EDGE_CURVE('',#4037,#4021,#1530,.T.);
#4974=EDGE_CURVE('',#4038,#4037,#1531,.T.);
#4975=EDGE_CURVE('',#4031,#4038,#1532,.T.);
#4976=EDGE_CURVE('',#4039,#4033,#72,.T.);
#4977=EDGE_CURVE('',#4036,#4039,#1533,.T.);
#4978=EDGE_CURVE('',#4040,#4035,#1534,.T.);
#4979=EDGE_CURVE('',#4040,#4026,#1535,.T.);
#4980=EDGE_CURVE('',#4032,#4041,#1536,.T.);
#4981=EDGE_CURVE('',#4041,#4039,#1537,.T.);
#4982=EDGE_CURVE('',#4042,#4040,#1538,.T.);
#4983=EDGE_CURVE('',#4042,#4027,#1539,.T.);
#4984=EDGE_CURVE('',#4037,#4028,#1540,.T.);
#4985=EDGE_CURVE('',#4034,#4042,#1541,.T.);
#4986=EDGE_CURVE('',#4038,#4041,#1542,.T.);
#4987=EDGE_CURVE('',#4043,#4043,#73,.T.);
#4988=EDGE_CURVE('',#4043,#4044,#1543,.T.);
#4989=EDGE_CURVE('',#4044,#4044,#74,.T.);
#4990=EDGE_CURVE('',#4045,#4045,#75,.T.);
#4991=EDGE_CURVE('',#4045,#4046,#1544,.T.);
#4992=EDGE_CURVE('',#4046,#4046,#76,.T.);
#4993=EDGE_CURVE('',#4047,#4047,#77,.T.);
#4994=EDGE_CURVE('',#4047,#4048,#1545,.T.);
#4995=EDGE_CURVE('',#4048,#4048,#78,.T.);
#4996=EDGE_CURVE('',#4049,#4049,#79,.T.);
#4997=EDGE_CURVE('',#4049,#4050,#1546,.T.);
#4998=EDGE_CURVE('',#4050,#4050,#80,.T.);
#4999=EDGE_CURVE('',#4051,#4052,#1547,.T.);
#5000=EDGE_CURVE('',#4053,#4052,#1548,.T.);
#5001=EDGE_CURVE('',#4053,#4054,#1549,.T.);
#5002=EDGE_CURVE('',#4051,#4054,#1550,.T.);
#5003=EDGE_CURVE('',#4055,#4056,#1551,.T.);
#5004=EDGE_CURVE('',#4057,#4055,#1552,.T.);
#5005=EDGE_CURVE('',#4057,#4058,#1553,.T.);
#5006=EDGE_CURVE('',#4058,#4056,#1554,.T.);
#5007=EDGE_CURVE('',#4059,#4060,#1555,.T.);
#5008=EDGE_CURVE('',#4060,#4061,#1556,.T.);
#5009=EDGE_CURVE('',#4062,#4061,#1557,.T.);
#5010=EDGE_CURVE('',#4059,#4062,#1558,.T.);
#5011=EDGE_CURVE('',#4052,#4063,#1559,.T.);
#5012=EDGE_CURVE('',#4064,#4063,#1560,.T.);
#5013=EDGE_CURVE('',#4064,#4053,#1561,.T.);
#5014=EDGE_CURVE('',#4058,#4065,#81,.T.);
#5015=EDGE_CURVE('',#4065,#4066,#1562,.T.);
#5016=EDGE_CURVE('',#4056,#4066,#82,.T.);
#5017=EDGE_CURVE('',#4060,#4067,#83,.T.);
#5018=EDGE_CURVE('',#4068,#4067,#1563,.T.);
#5019=EDGE_CURVE('',#4061,#4068,#84,.T.);
#5020=EDGE_CURVE('',#4066,#4063,#1564,.T.);
#5021=EDGE_CURVE('',#4069,#4065,#1565,.T.);
#5022=EDGE_CURVE('',#4069,#4070,#1566,.T.);
#5023=EDGE_CURVE('',#4071,#4070,#1567,.T.);
#5024=EDGE_CURVE('',#4071,#4072,#1568,.T.);
#5025=EDGE_CURVE('',#4072,#4073,#1569,.T.);
#5026=EDGE_CURVE('',#4073,#4074,#1570,.T.);
#5027=EDGE_CURVE('',#4068,#4074,#1571,.T.);
#5028=EDGE_CURVE('',#4067,#4064,#1572,.T.);
#5029=EDGE_CURVE('',#4057,#4069,#1573,.T.);
#5030=EDGE_CURVE('',#4070,#4055,#1574,.T.);
#5031=EDGE_CURVE('',#4071,#4051,#1575,.T.);
#5032=EDGE_CURVE('',#4054,#4072,#1576,.T.);
#5033=EDGE_CURVE('',#4073,#4059,#1577,.T.);
#5034=EDGE_CURVE('',#4074,#4062,#1578,.T.);
#5035=EDGE_CURVE('',#4075,#4075,#85,.T.);
#5036=EDGE_CURVE('',#4075,#4076,#1579,.T.);
#5037=EDGE_CURVE('',#4076,#4076,#86,.T.);
#5038=EDGE_CURVE('',#4077,#4077,#87,.T.);
#5039=EDGE_CURVE('',#4077,#4078,#1580,.T.);
#5040=EDGE_CURVE('',#4078,#4078,#88,.T.);
#5041=EDGE_CURVE('',#4079,#4080,#1581,.T.);
#5042=EDGE_CURVE('',#4081,#4079,#1582,.T.);
#5043=EDGE_CURVE('',#4081,#4082,#1583,.T.);
#5044=EDGE_CURVE('',#4080,#4082,#1584,.T.);
#5045=EDGE_CURVE('',#4083,#4084,#1585,.T.);
#5046=EDGE_CURVE('',#4082,#4083,#1586,.T.);
#5047=EDGE_CURVE('',#4084,#4081,#1587,.T.);
#5048=EDGE_CURVE('',#4085,#4086,#1588,.T.);
#5049=EDGE_CURVE('',#4087,#4085,#1589,.T.);
#5050=EDGE_CURVE('',#4087,#4088,#1590,.T.);
#5051=EDGE_CURVE('',#4086,#4088,#1591,.T.);
#5052=EDGE_CURVE('',#4088,#4089,#1592,.T.);
#5053=EDGE_CURVE('',#4090,#4087,#1593,.T.);
#5054=EDGE_CURVE('',#4089,#4090,#1594,.T.);
#5055=EDGE_CURVE('',#4084,#4091,#1595,.T.);
#5056=EDGE_CURVE('',#4092,#4091,#1596,.T.);
#5057=EDGE_CURVE('',#4083,#4092,#1597,.T.);
#5058=EDGE_CURVE('',#4093,#4092,#1598,.T.);
#5059=EDGE_CURVE('',#4093,#4094,#1599,.T.);
#5060=EDGE_CURVE('',#4095,#4094,#1600,.T.);
#5061=EDGE_CURVE('',#4096,#4095,#1601,.T.);
#5062=EDGE_CURVE('',#4097,#4096,#1602,.T.);
#5063=EDGE_CURVE('',#4090,#4097,#1603,.T.);
#5064=EDGE_CURVE('',#4080,#4085,#1604,.T.);
#5065=EDGE_CURVE('',#4091,#4098,#1605,.T.);
#5066=EDGE_CURVE('',#4093,#4098,#1606,.T.);
#5067=EDGE_CURVE('',#4098,#4099,#1607,.T.);
#5068=EDGE_CURVE('',#4094,#4099,#1608,.T.);
#5069=EDGE_CURVE('',#4100,#4097,#1609,.T.);
#5070=EDGE_CURVE('',#4089,#4100,#1610,.T.);
#5071=EDGE_CURVE('',#4101,#4100,#1611,.T.);
#5072=EDGE_CURVE('',#4101,#4096,#1612,.T.);
#5073=EDGE_CURVE('',#4102,#4095,#1613,.T.);
#5074=EDGE_CURVE('',#4101,#4102,#1614,.T.);
#5075=EDGE_CURVE('',#4079,#4086,#1615,.T.);
#5076=EDGE_CURVE('',#4099,#4102,#1616,.T.);
#5077=EDGE_CURVE('',#4103,#4103,#89,.T.);
#5078=EDGE_CURVE('',#4103,#4104,#1617,.T.);
#5079=EDGE_CURVE('',#4104,#4104,#90,.T.);
#5080=EDGE_CURVE('',#4105,#4105,#91,.T.);
#5081=EDGE_CURVE('',#4105,#4106,#1618,.T.);
#5082=EDGE_CURVE('',#4106,#4106,#92,.T.);
#5083=EDGE_CURVE('',#4107,#4108,#93,.T.);
#5084=EDGE_CURVE('',#4109,#4107,#1619,.T.);
#5085=EDGE_CURVE('',#4110,#4109,#94,.T.);
#5086=EDGE_CURVE('',#4108,#4110,#1620,.T.);
#5087=EDGE_CURVE('',#4111,#4112,#95,.T.);
#5088=EDGE_CURVE('',#4113,#4111,#1621,.T.);
#5089=EDGE_CURVE('',#4114,#4113,#96,.T.);
#5090=EDGE_CURVE('',#4112,#4114,#1622,.T.);
#5091=EDGE_CURVE('',#4111,#4115,#1623,.T.);
#5092=EDGE_CURVE('',#4115,#4116,#1624,.T.);
#5093=EDGE_CURVE('',#4113,#4116,#1625,.T.);
#5094=EDGE_CURVE('',#4112,#4117,#1626,.T.);
#5095=EDGE_CURVE('',#4117,#4115,#97,.T.);
#5096=EDGE_CURVE('',#4107,#4118,#1627,.T.);
#5097=EDGE_CURVE('',#4118,#4117,#1628,.T.);
#5098=EDGE_CURVE('',#4119,#4114,#1629,.T.);
#5099=EDGE_CURVE('',#4120,#4119,#1630,.T.);
#5100=EDGE_CURVE('',#4120,#4109,#1631,.T.);
#5101=EDGE_CURVE('',#4121,#4108,#1632,.T.);
#5102=EDGE_CURVE('',#4118,#4121,#98,.T.);
#5103=EDGE_CURVE('',#4122,#4110,#1633,.T.);
#5104=EDGE_CURVE('',#4121,#4122,#1634,.T.);
#5105=EDGE_CURVE('',#4123,#4124,#99,.T.);
#5106=EDGE_CURVE('',#4123,#4125,#1635,.T.);
#5107=EDGE_CURVE('',#4126,#4125,#100,.T.);
#5108=EDGE_CURVE('',#4124,#4126,#1636,.T.);
#5109=EDGE_CURVE('',#4127,#4128,#101,.T.);
#5110=EDGE_CURVE('',#4129,#4127,#1637,.T.);
#5111=EDGE_CURVE('',#4130,#4129,#102,.T.);
#5112=EDGE_CURVE('',#4130,#4128,#1638,.T.);
#5113=EDGE_CURVE('',#4127,#4131,#1639,.T.);
#5114=EDGE_CURVE('',#4132,#4131,#1640,.T.);
#5115=EDGE_CURVE('',#4129,#4132,#1641,.T.);
#5116=EDGE_CURVE('',#4133,#4128,#1642,.T.);
#5117=EDGE_CURVE('',#4131,#4133,#103,.T.);
#5118=EDGE_CURVE('',#4134,#4123,#1643,.T.);
#5119=EDGE_CURVE('',#4133,#4134,#1644,.T.);
#5120=EDGE_CURVE('',#4135,#4130,#1645,.T.);
#5121=EDGE_CURVE('',#4135,#4136,#1646,.T.);
#5122=EDGE_CURVE('',#4125,#4136,#1647,.T.);
#5123=EDGE_CURVE('',#4137,#4124,#1648,.T.);
#5124=EDGE_CURVE('',#4137,#4134,#104,.T.);
#5125=EDGE_CURVE('',#4137,#4138,#1649,.T.);
#5126=EDGE_CURVE('',#4116,#4138,#105,.T.);
#5127=EDGE_CURVE('',#4132,#4122,#106,.T.);
#5128=EDGE_CURVE('',#4138,#4126,#1650,.T.);
#5129=EDGE_CURVE('',#4136,#4119,#107,.T.);
#5130=EDGE_CURVE('',#4135,#4120,#108,.T.);
#5131=EDGE_CURVE('',#4139,#4140,#1651,.T.);
#5132=EDGE_CURVE('',#4141,#4140,#1652,.T.);
#5133=EDGE_CURVE('',#4141,#4142,#1653,.T.);
#5134=EDGE_CURVE('',#4139,#4142,#1654,.T.);
#5135=EDGE_CURVE('',#4143,#4141,#1655,.T.);
#5136=EDGE_CURVE('',#4144,#4143,#1656,.T.);
#5137=EDGE_CURVE('',#4142,#4144,#1657,.T.);
#5138=EDGE_CURVE('',#4145,#4146,#1658,.T.);
#5139=EDGE_CURVE('',#4147,#4146,#1659,.T.);
#5140=EDGE_CURVE('',#4147,#4148,#1660,.T.);
#5141=EDGE_CURVE('',#4145,#4148,#1661,.T.);
#5142=EDGE_CURVE('',#4149,#4147,#1662,.T.);
#5143=EDGE_CURVE('',#4150,#4149,#1663,.T.);
#5144=EDGE_CURVE('',#4148,#4150,#1664,.T.);
#5145=EDGE_CURVE('',#4140,#4145,#1665,.T.);
#5146=EDGE_CURVE('',#4150,#4151,#1666,.T.);
#5147=EDGE_CURVE('',#4152,#4151,#1667,.T.);
#5148=EDGE_CURVE('',#4152,#4153,#1668,.T.);
#5149=EDGE_CURVE('',#4154,#4153,#1669,.T.);
#5150=EDGE_CURVE('',#4155,#4154,#1670,.T.);
#5151=EDGE_CURVE('',#4156,#4155,#1671,.T.);
#5152=EDGE_CURVE('',#4143,#4156,#1672,.T.);
#5153=EDGE_CURVE('',#4157,#4156,#1673,.T.);
#5154=EDGE_CURVE('',#4144,#4157,#1674,.T.);
#5155=EDGE_CURVE('',#4158,#4155,#1675,.T.);
#5156=EDGE_CURVE('',#4158,#4157,#1676,.T.);
#5157=EDGE_CURVE('',#4149,#4159,#1677,.T.);
#5158=EDGE_CURVE('',#4151,#4159,#1678,.T.);
#5159=EDGE_CURVE('',#4152,#4160,#1679,.T.);
#5160=EDGE_CURVE('',#4159,#4160,#1680,.T.);
#5161=EDGE_CURVE('',#4146,#4139,#1681,.T.);
#5162=EDGE_CURVE('',#4160,#4161,#1682,.T.);
#5163=EDGE_CURVE('',#4153,#4161,#1683,.T.);
#5164=EDGE_CURVE('',#4162,#4154,#1684,.T.);
#5165=EDGE_CURVE('',#4158,#4162,#1685,.T.);
#5166=EDGE_CURVE('',#4161,#4162,#1686,.T.);
#5167=EDGE_CURVE('',#4163,#4164,#1687,.T.);
#5168=EDGE_CURVE('',#4164,#4165,#1688,.T.);
#5169=EDGE_CURVE('',#4165,#4166,#1689,.T.);
#5170=EDGE_CURVE('',#4166,#4163,#1690,.T.);
#5171=EDGE_CURVE('',#4167,#4168,#1691,.T.);
#5172=EDGE_CURVE('',#4169,#4168,#1692,.T.);
#5173=EDGE_CURVE('',#4170,#4169,#1693,.T.);
#5174=EDGE_CURVE('',#4170,#4167,#1694,.T.);
#5175=EDGE_CURVE('',#4164,#4171,#1695,.T.);
#5176=EDGE_CURVE('',#4172,#4171,#1696,.T.);
#5177=EDGE_CURVE('',#4165,#4172,#1697,.T.);
#5178=EDGE_CURVE('',#4172,#4173,#1698,.T.);
#5179=EDGE_CURVE('',#4173,#4174,#1699,.T.);
#5180=EDGE_CURVE('',#4174,#4175,#1700,.T.);
#5181=EDGE_CURVE('',#4170,#4175,#1701,.T.);
#5182=EDGE_CURVE('',#4176,#4169,#1702,.T.);
#5183=EDGE_CURVE('',#4177,#4176,#1703,.T.);
#5184=EDGE_CURVE('',#4178,#4177,#1704,.T.);
#5185=EDGE_CURVE('',#4179,#4178,#1705,.T.);
#5186=EDGE_CURVE('',#4179,#4166,#1706,.T.);
#5187=EDGE_CURVE('',#4171,#4180,#1707,.T.);
#5188=EDGE_CURVE('',#4180,#4173,#1708,.T.);
#5189=EDGE_CURVE('',#4181,#4182,#1709,.T.);
#5190=EDGE_CURVE('',#4182,#4177,#1710,.T.);
#5191=EDGE_CURVE('',#4181,#4176,#1711,.T.);
#5192=EDGE_CURVE('',#4183,#4179,#1712,.T.);
#5193=EDGE_CURVE('',#4163,#4183,#1713,.T.);
#5194=EDGE_CURVE('',#4184,#4180,#1714,.T.);
#5195=EDGE_CURVE('',#4174,#4184,#1715,.T.);
#5196=EDGE_CURVE('',#4185,#4178,#1716,.T.);
#5197=EDGE_CURVE('',#4183,#4185,#1717,.T.);
#5198=EDGE_CURVE('',#4182,#4185,#1718,.T.);
#5199=EDGE_CURVE('',#4184,#4186,#1719,.T.);
#5200=EDGE_CURVE('',#4175,#4186,#1720,.T.);
#5201=EDGE_CURVE('',#4186,#4167,#1721,.T.);
#5202=EDGE_CURVE('',#4168,#4181,#1722,.T.);
#5203=EDGE_CURVE('',#4187,#4188,#1723,.T.);
#5204=EDGE_CURVE('',#4189,#4188,#1724,.T.);
#5205=EDGE_CURVE('',#4189,#4190,#1725,.T.);
#5206=EDGE_CURVE('',#4187,#4190,#1726,.T.);
#5207=EDGE_CURVE('',#4191,#4189,#1727,.T.);
#5208=EDGE_CURVE('',#4192,#4191,#1728,.T.);
#5209=EDGE_CURVE('',#4190,#4192,#1729,.T.);
#5210=EDGE_CURVE('',#4193,#4194,#1730,.T.);
#5211=EDGE_CURVE('',#4195,#4194,#1731,.T.);
#5212=EDGE_CURVE('',#4195,#4196,#1732,.T.);
#5213=EDGE_CURVE('',#4193,#4196,#1733,.T.);
#5214=EDGE_CURVE('',#4197,#4195,#1734,.T.);
#5215=EDGE_CURVE('',#4198,#4197,#1735,.T.);
#5216=EDGE_CURVE('',#4196,#4198,#1736,.T.);
#5217=EDGE_CURVE('',#4188,#4193,#1737,.T.);
#5218=EDGE_CURVE('',#4198,#4199,#1738,.T.);
#5219=EDGE_CURVE('',#4200,#4199,#1739,.T.);
#5220=EDGE_CURVE('',#4200,#4201,#1740,.T.);
#5221=EDGE_CURVE('',#4202,#4201,#1741,.T.);
#5222=EDGE_CURVE('',#4203,#4202,#1742,.T.);
#5223=EDGE_CURVE('',#4204,#4203,#1743,.T.);
#5224=EDGE_CURVE('',#4191,#4204,#1744,.T.);
#5225=EDGE_CURVE('',#4205,#4204,#1745,.T.);
#5226=EDGE_CURVE('',#4192,#4205,#1746,.T.);
#5227=EDGE_CURVE('',#4206,#4203,#1747,.T.);
#5228=EDGE_CURVE('',#4206,#4205,#1748,.T.);
#5229=EDGE_CURVE('',#4197,#4207,#1749,.T.);
#5230=EDGE_CURVE('',#4199,#4207,#1750,.T.);
#5231=EDGE_CURVE('',#4200,#4208,#1751,.T.);
#5232=EDGE_CURVE('',#4207,#4208,#1752,.T.);
#5233=EDGE_CURVE('',#4194,#4187,#1753,.T.);
#5234=EDGE_CURVE('',#4209,#4202,#1754,.T.);
#5235=EDGE_CURVE('',#4206,#4209,#1755,.T.);
#5236=EDGE_CURVE('',#4210,#4209,#1756,.T.);
#5237=EDGE_CURVE('',#4208,#4210,#1757,.T.);
#5238=EDGE_CURVE('',#4201,#4210,#1758,.T.);
#5239=EDGE_CURVE('',#4211,#4212,#1759,.T.);
#5240=EDGE_CURVE('',#4213,#4212,#1760,.T.);
#5241=EDGE_CURVE('',#4213,#4214,#1761,.T.);
#5242=EDGE_CURVE('',#4211,#4214,#1762,.T.);
#5243=EDGE_CURVE('',#4215,#4213,#1763,.T.);
#5244=EDGE_CURVE('',#4216,#4215,#1764,.T.);
#5245=EDGE_CURVE('',#4214,#4216,#1765,.T.);
#5246=EDGE_CURVE('',#4217,#4218,#1766,.T.);
#5247=EDGE_CURVE('',#4219,#4218,#1767,.T.);
#5248=EDGE_CURVE('',#4219,#4220,#1768,.T.);
#5249=EDGE_CURVE('',#4217,#4220,#1769,.T.);
#5250=EDGE_CURVE('',#4221,#4222,#1770,.T.);
#5251=EDGE_CURVE('',#4220,#4221,#1771,.T.);
#5252=EDGE_CURVE('',#4222,#4219,#1772,.T.);
#5253=EDGE_CURVE('',#4212,#4217,#1773,.T.);
#5254=EDGE_CURVE('',#4221,#4223,#1774,.T.);
#5255=EDGE_CURVE('',#4224,#4223,#1775,.T.);
#5256=EDGE_CURVE('',#4224,#4225,#1776,.T.);
#5257=EDGE_CURVE('',#4226,#4225,#1777,.T.);
#5258=EDGE_CURVE('',#4227,#4226,#1778,.T.);
#5259=EDGE_CURVE('',#4228,#4227,#1779,.T.);
#5260=EDGE_CURVE('',#4215,#4228,#1780,.T.);
#5261=EDGE_CURVE('',#4222,#4229,#1781,.T.);
#5262=EDGE_CURVE('',#4223,#4229,#1782,.T.);
#5263=EDGE_CURVE('',#4230,#4228,#1783,.T.);
#5264=EDGE_CURVE('',#4216,#4230,#1784,.T.);
#5265=EDGE_CURVE('',#4231,#4227,#1785,.T.);
#5266=EDGE_CURVE('',#4231,#4230,#1786,.T.);
#5267=EDGE_CURVE('',#4229,#4232,#1787,.T.);
#5268=EDGE_CURVE('',#4224,#4232,#1788,.T.);
#5269=EDGE_CURVE('',#4218,#4211,#1789,.T.);
#5270=EDGE_CURVE('',#4232,#4233,#1790,.T.);
#5271=EDGE_CURVE('',#4225,#4233,#1791,.T.);
#5272=EDGE_CURVE('',#4234,#4226,#1792,.T.);
#5273=EDGE_CURVE('',#4231,#4234,#1793,.T.);
#5274=EDGE_CURVE('',#4233,#4234,#1794,.T.);
#5275=EDGE_CURVE('',#4235,#4236,#1795,.T.);
#5276=EDGE_CURVE('',#4237,#4236,#1796,.T.);
#5277=EDGE_CURVE('',#4237,#4238,#1797,.T.);
#5278=EDGE_CURVE('',#4235,#4238,#1798,.T.);
#5279=EDGE_CURVE('',#4239,#4237,#1799,.T.);
#5280=EDGE_CURVE('',#4240,#4239,#1800,.T.);
#5281=EDGE_CURVE('',#4238,#4240,#1801,.T.);
#5282=EDGE_CURVE('',#4241,#4242,#1802,.T.);
#5283=EDGE_CURVE('',#4243,#4242,#1803,.T.);
#5284=EDGE_CURVE('',#4243,#4244,#1804,.T.);
#5285=EDGE_CURVE('',#4241,#4244,#1805,.T.);
#5286=EDGE_CURVE('',#4245,#4243,#1806,.T.);
#5287=EDGE_CURVE('',#4246,#4245,#1807,.T.);
#5288=EDGE_CURVE('',#4244,#4246,#1808,.T.);
#5289=EDGE_CURVE('',#4236,#4241,#1809,.T.);
#5290=EDGE_CURVE('',#4246,#4247,#1810,.T.);
#5291=EDGE_CURVE('',#4248,#4247,#1811,.T.);
#5292=EDGE_CURVE('',#4248,#4249,#1812,.T.);
#5293=EDGE_CURVE('',#4250,#4249,#1813,.T.);
#5294=EDGE_CURVE('',#4251,#4250,#1814,.T.);
#5295=EDGE_CURVE('',#4252,#4251,#1815,.T.);
#5296=EDGE_CURVE('',#4239,#4252,#1816,.T.);
#5297=EDGE_CURVE('',#4245,#4253,#1817,.T.);
#5298=EDGE_CURVE('',#4247,#4253,#1818,.T.);
#5299=EDGE_CURVE('',#4248,#4254,#1819,.T.);
#5300=EDGE_CURVE('',#4253,#4254,#1820,.T.);
#5301=EDGE_CURVE('',#4255,#4252,#1821,.T.);
#5302=EDGE_CURVE('',#4240,#4255,#1822,.T.);
#5303=EDGE_CURVE('',#4256,#4251,#1823,.T.);
#5304=EDGE_CURVE('',#4256,#4255,#1824,.T.);
#5305=EDGE_CURVE('',#4242,#4235,#1825,.T.);
#5306=EDGE_CURVE('',#4254,#4257,#1826,.T.);
#5307=EDGE_CURVE('',#4249,#4257,#1827,.T.);
#5308=EDGE_CURVE('',#4256,#4258,#1828,.T.);
#5309=EDGE_CURVE('',#4257,#4258,#1829,.T.);
#5310=EDGE_CURVE('',#4258,#4250,#1830,.T.);
#5311=EDGE_CURVE('',#4259,#4260,#1831,.T.);
#5312=EDGE_CURVE('',#4261,#4260,#1832,.T.);
#5313=EDGE_CURVE('',#4261,#4262,#1833,.T.);
#5314=EDGE_CURVE('',#4259,#4262,#1834,.T.);
#5315=EDGE_CURVE('',#4263,#4261,#1835,.T.);
#5316=EDGE_CURVE('',#4264,#4263,#1836,.T.);
#5317=EDGE_CURVE('',#4262,#4264,#1837,.T.);
#5318=EDGE_CURVE('',#4265,#4266,#1838,.T.);
#5319=EDGE_CURVE('',#4267,#4266,#1839,.T.);
#5320=EDGE_CURVE('',#4267,#4268,#1840,.T.);
#5321=EDGE_CURVE('',#4265,#4268,#1841,.T.);
#5322=EDGE_CURVE('',#4269,#4267,#1842,.T.);
#5323=EDGE_CURVE('',#4270,#4269,#1843,.T.);
#5324=EDGE_CURVE('',#4268,#4270,#1844,.T.);
#5325=EDGE_CURVE('',#4260,#4265,#1845,.T.);
#5326=EDGE_CURVE('',#4270,#4271,#1846,.T.);
#5327=EDGE_CURVE('',#4272,#4271,#1847,.T.);
#5328=EDGE_CURVE('',#4272,#4273,#1848,.T.);
#5329=EDGE_CURVE('',#4274,#4273,#1849,.T.);
#5330=EDGE_CURVE('',#4275,#4274,#1850,.T.);
#5331=EDGE_CURVE('',#4276,#4275,#1851,.T.);
#5332=EDGE_CURVE('',#4263,#4276,#1852,.T.);
#5333=EDGE_CURVE('',#4277,#4276,#1853,.T.);
#5334=EDGE_CURVE('',#4264,#4277,#1854,.T.);
#5335=EDGE_CURVE('',#4278,#4275,#1855,.T.);
#5336=EDGE_CURVE('',#4278,#4277,#1856,.T.);
#5337=EDGE_CURVE('',#4269,#4279,#1857,.T.);
#5338=EDGE_CURVE('',#4271,#4279,#1858,.T.);
#5339=EDGE_CURVE('',#4272,#4280,#1859,.T.);
#5340=EDGE_CURVE('',#4279,#4280,#1860,.T.);
#5341=EDGE_CURVE('',#4266,#4259,#1861,.T.);
#5342=EDGE_CURVE('',#4281,#4274,#1862,.T.);
#5343=EDGE_CURVE('',#4278,#4281,#1863,.T.);
#5344=EDGE_CURVE('',#4282,#4281,#1864,.T.);
#5345=EDGE_CURVE('',#4280,#4282,#1865,.T.);
#5346=EDGE_CURVE('',#4273,#4282,#1866,.T.);
#5347=EDGE_CURVE('',#4283,#4284,#1867,.T.);
#5348=EDGE_CURVE('',#4285,#4284,#1868,.T.);
#5349=EDGE_CURVE('',#4285,#4286,#1869,.T.);
#5350=EDGE_CURVE('',#4283,#4286,#1870,.T.);
#5351=EDGE_CURVE('',#4287,#4285,#1871,.T.);
#5352=EDGE_CURVE('',#4288,#4287,#1872,.T.);
#5353=EDGE_CURVE('',#4286,#4288,#1873,.T.);
#5354=EDGE_CURVE('',#4289,#4290,#1874,.T.);
#5355=EDGE_CURVE('',#4291,#4290,#1875,.T.);
#5356=EDGE_CURVE('',#4291,#4292,#1876,.T.);
#5357=EDGE_CURVE('',#4289,#4292,#1877,.T.);
#5358=EDGE_CURVE('',#4293,#4291,#1878,.T.);
#5359=EDGE_CURVE('',#4294,#4293,#1879,.T.);
#5360=EDGE_CURVE('',#4292,#4294,#1880,.T.);
#5361=EDGE_CURVE('',#4284,#4289,#1881,.T.);
#5362=EDGE_CURVE('',#4294,#4295,#1882,.T.);
#5363=EDGE_CURVE('',#4296,#4295,#1883,.T.);
#5364=EDGE_CURVE('',#4296,#4297,#1884,.T.);
#5365=EDGE_CURVE('',#4298,#4297,#1885,.T.);
#5366=EDGE_CURVE('',#4299,#4298,#1886,.T.);
#5367=EDGE_CURVE('',#4300,#4299,#1887,.T.);
#5368=EDGE_CURVE('',#4287,#4300,#1888,.T.);
#5369=EDGE_CURVE('',#4301,#4300,#1889,.T.);
#5370=EDGE_CURVE('',#4288,#4301,#1890,.T.);
#5371=EDGE_CURVE('',#4302,#4299,#1891,.T.);
#5372=EDGE_CURVE('',#4302,#4301,#1892,.T.);
#5373=EDGE_CURVE('',#4293,#4303,#1893,.T.);
#5374=EDGE_CURVE('',#4295,#4303,#1894,.T.);
#5375=EDGE_CURVE('',#4296,#4304,#1895,.T.);
#5376=EDGE_CURVE('',#4303,#4304,#1896,.T.);
#5377=EDGE_CURVE('',#4290,#4283,#1897,.T.);
#5378=EDGE_CURVE('',#4304,#4305,#1898,.T.);
#5379=EDGE_CURVE('',#4297,#4305,#1899,.T.);
#5380=EDGE_CURVE('',#4306,#4298,#1900,.T.);
#5381=EDGE_CURVE('',#4302,#4306,#1901,.T.);
#5382=EDGE_CURVE('',#4305,#4306,#1902,.T.);
#5383=EDGE_CURVE('',#4307,#4308,#1903,.T.);
#5384=EDGE_CURVE('',#4309,#4308,#1904,.T.);
#5385=EDGE_CURVE('',#4309,#4310,#1905,.T.);
#5386=EDGE_CURVE('',#4307,#4310,#1906,.T.);
#5387=EDGE_CURVE('',#4311,#4309,#1907,.T.);
#5388=EDGE_CURVE('',#4312,#4311,#1908,.T.);
#5389=EDGE_CURVE('',#4310,#4312,#1909,.T.);
#5390=EDGE_CURVE('',#4313,#4314,#1910,.T.);
#5391=EDGE_CURVE('',#4315,#4314,#1911,.T.);
#5392=EDGE_CURVE('',#4315,#4316,#1912,.T.);
#5393=EDGE_CURVE('',#4313,#4316,#1913,.T.);
#5394=EDGE_CURVE('',#4317,#4318,#1914,.T.);
#5395=EDGE_CURVE('',#4316,#4317,#1915,.T.);
#5396=EDGE_CURVE('',#4318,#4315,#1916,.T.);
#5397=EDGE_CURVE('',#4308,#4313,#1917,.T.);
#5398=EDGE_CURVE('',#4317,#4319,#1918,.T.);
#5399=EDGE_CURVE('',#4320,#4319,#1919,.T.);
#5400=EDGE_CURVE('',#4320,#4321,#1920,.T.);
#5401=EDGE_CURVE('',#4322,#4321,#1921,.T.);
#5402=EDGE_CURVE('',#4323,#4322,#1922,.T.);
#5403=EDGE_CURVE('',#4324,#4323,#1923,.T.);
#5404=EDGE_CURVE('',#4311,#4324,#1924,.T.);
#5405=EDGE_CURVE('',#4318,#4325,#1925,.T.);
#5406=EDGE_CURVE('',#4319,#4325,#1926,.T.);
#5407=EDGE_CURVE('',#4326,#4324,#1927,.T.);
#5408=EDGE_CURVE('',#4312,#4326,#1928,.T.);
#5409=EDGE_CURVE('',#4327,#4323,#1929,.T.);
#5410=EDGE_CURVE('',#4327,#4326,#1930,.T.);
#5411=EDGE_CURVE('',#4325,#4328,#1931,.T.);
#5412=EDGE_CURVE('',#4320,#4328,#1932,.T.);
#5413=EDGE_CURVE('',#4314,#4307,#1933,.T.);
#5414=EDGE_CURVE('',#4329,#4322,#1934,.T.);
#5415=EDGE_CURVE('',#4327,#4329,#1935,.T.);
#5416=EDGE_CURVE('',#4330,#4329,#1936,.T.);
#5417=EDGE_CURVE('',#4328,#4330,#1937,.T.);
#5418=EDGE_CURVE('',#4321,#4330,#1938,.T.);
#5419=EDGE_CURVE('',#4331,#4332,#1939,.T.);
#5420=EDGE_CURVE('',#4333,#4332,#1940,.T.);
#5421=EDGE_CURVE('',#4333,#4334,#1941,.T.);
#5422=EDGE_CURVE('',#4331,#4334,#1942,.T.);
#5423=EDGE_CURVE('',#4335,#4333,#1943,.T.);
#5424=EDGE_CURVE('',#4336,#4335,#1944,.T.);
#5425=EDGE_CURVE('',#4334,#4336,#109,.T.);
#5426=EDGE_CURVE('',#4337,#4338,#1945,.T.);
#5427=EDGE_CURVE('',#4339,#4338,#1946,.T.);
#5428=EDGE_CURVE('',#4339,#4340,#1947,.T.);
#5429=EDGE_CURVE('',#4337,#4340,#1948,.T.);
#5430=EDGE_CURVE('',#4340,#4341,#1949,.T.);
#5431=EDGE_CURVE('',#4342,#4339,#110,.T.);
#5432=EDGE_CURVE('',#4341,#4342,#1950,.T.);
#5433=EDGE_CURVE('',#4332,#4337,#1951,.T.);
#5434=EDGE_CURVE('',#4341,#4343,#1952,.T.);
#5435=EDGE_CURVE('',#4344,#4343,#1953,.T.);
#5436=EDGE_CURVE('',#4344,#4345,#1954,.T.);
#5437=EDGE_CURVE('',#4346,#4345,#1955,.T.);
#5438=EDGE_CURVE('',#4347,#4346,#1956,.T.);
#5439=EDGE_CURVE('',#4348,#4347,#1957,.T.);
#5440=EDGE_CURVE('',#4335,#4348,#1958,.T.);
#5441=EDGE_CURVE('',#4342,#4349,#1959,.T.);
#5442=EDGE_CURVE('',#4343,#4349,#1960,.T.);
#5443=EDGE_CURVE('',#4350,#4348,#1961,.T.);
#5444=EDGE_CURVE('',#4336,#4350,#1962,.T.);
#5445=EDGE_CURVE('',#4351,#4347,#1963,.T.);
#5446=EDGE_CURVE('',#4351,#4350,#111,.T.);
#5447=EDGE_CURVE('',#4349,#4352,#112,.T.);
#5448=EDGE_CURVE('',#4344,#4352,#1964,.T.);
#5449=EDGE_CURVE('',#4338,#4331,#113,.T.);
#5450=EDGE_CURVE('',#4353,#4346,#1965,.T.);
#5451=EDGE_CURVE('',#4351,#4353,#1966,.T.);
#5452=EDGE_CURVE('',#4354,#4353,#114,.T.);
#5453=EDGE_CURVE('',#4352,#4354,#1967,.T.);
#5454=EDGE_CURVE('',#4345,#4354,#1968,.T.);
#5455=EDGE_CURVE('',#4355,#4356,#1969,.T.);
#5456=EDGE_CURVE('',#4357,#4356,#1970,.T.);
#5457=EDGE_CURVE('',#4357,#4358,#1971,.T.);
#5458=EDGE_CURVE('',#4355,#4358,#1972,.T.);
#5459=EDGE_CURVE('',#4359,#4357,#1973,.T.);
#5460=EDGE_CURVE('',#4360,#4359,#1974,.T.);
#5461=EDGE_CURVE('',#4358,#4360,#1975,.T.);
#5462=EDGE_CURVE('',#4361,#4362,#1976,.T.);
#5463=EDGE_CURVE('',#4363,#4362,#1977,.T.);
#5464=EDGE_CURVE('',#4363,#4364,#1978,.T.);
#5465=EDGE_CURVE('',#4361,#4364,#1979,.T.);
#5466=EDGE_CURVE('',#4364,#4365,#1980,.T.);
#5467=EDGE_CURVE('',#4366,#4363,#1981,.T.);
#5468=EDGE_CURVE('',#4365,#4366,#1982,.T.);
#5469=EDGE_CURVE('',#4356,#4361,#1983,.T.);
#5470=EDGE_CURVE('',#4365,#4367,#1984,.T.);
#5471=EDGE_CURVE('',#4368,#4367,#1985,.T.);
#5472=EDGE_CURVE('',#4368,#4369,#1986,.T.);
#5473=EDGE_CURVE('',#4370,#4369,#1987,.T.);
#5474=EDGE_CURVE('',#4371,#4370,#1988,.T.);
#5475=EDGE_CURVE('',#4372,#4371,#1989,.T.);
#5476=EDGE_CURVE('',#4359,#4372,#1990,.T.);
#5477=EDGE_CURVE('',#4366,#4373,#1991,.T.);
#5478=EDGE_CURVE('',#4367,#4373,#1992,.T.);
#5479=EDGE_CURVE('',#4374,#4372,#1993,.T.);
#5480=EDGE_CURVE('',#4360,#4374,#1994,.T.);
#5481=EDGE_CURVE('',#4375,#4371,#1995,.T.);
#5482=EDGE_CURVE('',#4375,#4374,#1996,.T.);
#5483=EDGE_CURVE('',#4373,#4376,#1997,.T.);
#5484=EDGE_CURVE('',#4368,#4376,#1998,.T.);
#5485=EDGE_CURVE('',#4362,#4355,#1999,.T.);
#5486=EDGE_CURVE('',#4377,#4370,#2000,.T.);
#5487=EDGE_CURVE('',#4375,#4377,#2001,.T.);
#5488=EDGE_CURVE('',#4378,#4377,#2002,.T.);
#5489=EDGE_CURVE('',#4376,#4378,#2003,.T.);
#5490=EDGE_CURVE('',#4369,#4378,#2004,.T.);
#5491=EDGE_CURVE('',#4379,#4380,#2005,.T.);
#5492=EDGE_CURVE('',#4381,#4380,#2006,.T.);
#5493=EDGE_CURVE('',#4381,#4382,#2007,.T.);
#5494=EDGE_CURVE('',#4379,#4382,#2008,.T.);
#5495=EDGE_CURVE('',#4383,#4381,#2009,.T.);
#5496=EDGE_CURVE('',#4384,#4383,#2010,.T.);
#5497=EDGE_CURVE('',#4382,#4384,#2011,.T.);
#5498=EDGE_CURVE('',#4385,#4386,#2012,.T.);
#5499=EDGE_CURVE('',#4387,#4386,#2013,.T.);
#5500=EDGE_CURVE('',#4387,#4388,#2014,.T.);
#5501=EDGE_CURVE('',#4385,#4388,#2015,.T.);
#5502=EDGE_CURVE('',#4388,#4389,#2016,.T.);
#5503=EDGE_CURVE('',#4390,#4387,#2017,.T.);
#5504=EDGE_CURVE('',#4389,#4390,#2018,.T.);
#5505=EDGE_CURVE('',#4380,#4385,#2019,.T.);
#5506=EDGE_CURVE('',#4389,#4391,#2020,.T.);
#5507=EDGE_CURVE('',#4392,#4391,#2021,.T.);
#5508=EDGE_CURVE('',#4392,#4393,#2022,.T.);
#5509=EDGE_CURVE('',#4394,#4393,#2023,.T.);
#5510=EDGE_CURVE('',#4395,#4394,#2024,.T.);
#5511=EDGE_CURVE('',#4396,#4395,#2025,.T.);
#5512=EDGE_CURVE('',#4383,#4396,#2026,.T.);
#5513=EDGE_CURVE('',#4390,#4397,#2027,.T.);
#5514=EDGE_CURVE('',#4391,#4397,#2028,.T.);
#5515=EDGE_CURVE('',#4398,#4396,#2029,.T.);
#5516=EDGE_CURVE('',#4384,#4398,#2030,.T.);
#5517=EDGE_CURVE('',#4399,#4395,#2031,.T.);
#5518=EDGE_CURVE('',#4399,#4398,#2032,.T.);
#5519=EDGE_CURVE('',#4397,#4400,#2033,.T.);
#5520=EDGE_CURVE('',#4392,#4400,#2034,.T.);
#5521=EDGE_CURVE('',#4386,#4379,#2035,.T.);
#5522=EDGE_CURVE('',#4401,#4394,#2036,.T.);
#5523=EDGE_CURVE('',#4399,#4401,#2037,.T.);
#5524=EDGE_CURVE('',#4402,#4401,#2038,.T.);
#5525=EDGE_CURVE('',#4400,#4402,#2039,.T.);
#5526=EDGE_CURVE('',#4393,#4402,#2040,.T.);
#5527=EDGE_CURVE('',#4403,#4404,#2041,.T.);
#5528=EDGE_CURVE('',#4405,#4403,#2042,.T.);
#5529=EDGE_CURVE('',#4406,#4405,#2043,.T.);
#5530=EDGE_CURVE('',#4404,#4406,#2044,.T.);
#5531=EDGE_CURVE('',#4403,#4407,#2045,.T.);
#5532=EDGE_CURVE('',#4407,#4408,#2046,.T.);
#5533=EDGE_CURVE('',#4408,#4409,#2047,.T.);
#5534=EDGE_CURVE('',#4410,#4409,#2048,.T.);
#5535=EDGE_CURVE('',#4410,#4411,#2049,.T.);
#5536=EDGE_CURVE('',#4412,#4411,#2050,.T.);
#5537=EDGE_CURVE('',#4413,#4412,#2051,.T.);
#5538=EDGE_CURVE('',#4414,#4413,#2052,.T.);
#5539=EDGE_CURVE('',#4415,#4414,#2053,.T.);
#5540=EDGE_CURVE('',#4415,#4416,#2054,.T.);
#5541=EDGE_CURVE('',#4416,#4405,#2055,.T.);
#5542=EDGE_CURVE('',#4417,#4404,#2056,.T.);
#5543=EDGE_CURVE('',#4417,#4407,#2057,.T.);
#5544=EDGE_CURVE('',#4418,#4417,#2058,.T.);
#5545=EDGE_CURVE('',#4408,#4418,#2059,.T.);
#5546=EDGE_CURVE('',#4416,#4419,#2060,.T.);
#5547=EDGE_CURVE('',#4406,#4419,#2061,.T.);
#5548=EDGE_CURVE('',#4420,#4415,#2062,.T.);
#5549=EDGE_CURVE('',#4419,#4420,#2063,.T.);
#5550=EDGE_CURVE('',#4418,#4421,#2064,.T.);
#5551=EDGE_CURVE('',#4409,#4421,#2065,.T.);
#5552=EDGE_CURVE('',#4410,#4422,#2066,.T.);
#5553=EDGE_CURVE('',#4421,#4422,#2067,.T.);
#5554=EDGE_CURVE('',#4423,#4414,#2068,.T.);
#5555=EDGE_CURVE('',#4420,#4423,#2069,.T.);
#5556=EDGE_CURVE('',#4424,#4413,#2070,.T.);
#5557=EDGE_CURVE('',#4424,#4423,#2071,.T.);
#5558=EDGE_CURVE('',#4424,#4425,#2072,.T.);
#5559=EDGE_CURVE('',#4426,#4425,#2073,.T.);
#5560=EDGE_CURVE('',#4422,#4426,#2074,.T.);
#5561=EDGE_CURVE('',#4411,#4426,#2075,.T.);
#5562=EDGE_CURVE('',#4425,#4412,#2076,.T.);
#5563=EDGE_CURVE('',#4427,#4427,#115,.T.);
#5564=EDGE_CURVE('',#4427,#4428,#2077,.T.);
#5565=EDGE_CURVE('',#4428,#4428,#116,.T.);
#5566=EDGE_CURVE('',#4429,#4429,#117,.T.);
#5567=EDGE_CURVE('',#4429,#4430,#2078,.T.);
#5568=EDGE_CURVE('',#4430,#4430,#118,.T.);
#5569=EDGE_CURVE('',#4431,#4431,#119,.T.);
#5570=EDGE_CURVE('',#4431,#4432,#2079,.T.);
#5571=EDGE_CURVE('',#4432,#4432,#120,.T.);
#5572=EDGE_CURVE('',#4433,#4433,#121,.T.);
#5573=EDGE_CURVE('',#4433,#4434,#2080,.T.);
#5574=EDGE_CURVE('',#4434,#4434,#122,.T.);
#5575=EDGE_CURVE('',#4435,#4435,#123,.T.);
#5576=EDGE_CURVE('',#4435,#4436,#2081,.T.);
#5577=EDGE_CURVE('',#4436,#4436,#124,.T.);
#5578=EDGE_CURVE('',#4437,#4437,#125,.T.);
#5579=EDGE_CURVE('',#4437,#4438,#2082,.T.);
#5580=EDGE_CURVE('',#4438,#4438,#126,.T.);
#5581=EDGE_CURVE('',#4439,#4439,#127,.T.);
#5582=EDGE_CURVE('',#4439,#4440,#2083,.T.);
#5583=EDGE_CURVE('',#4440,#4440,#128,.T.);
#5584=EDGE_CURVE('',#4441,#4441,#129,.T.);
#5585=EDGE_CURVE('',#4441,#4442,#2084,.T.);
#5586=EDGE_CURVE('',#4442,#4442,#130,.T.);
#5587=EDGE_CURVE('',#4443,#4444,#2085,.T.);
#5588=EDGE_CURVE('',#4445,#4443,#2086,.T.);
#5589=EDGE_CURVE('',#4446,#4445,#2087,.T.);
#5590=EDGE_CURVE('',#4444,#4446,#2088,.T.);
#5591=EDGE_CURVE('',#4443,#4447,#2089,.T.);
#5592=EDGE_CURVE('',#4447,#4448,#2090,.T.);
#5593=EDGE_CURVE('',#4448,#4449,#2091,.T.);
#5594=EDGE_CURVE('',#4450,#4449,#2092,.T.);
#5595=EDGE_CURVE('',#4450,#4451,#2093,.T.);
#5596=EDGE_CURVE('',#4452,#4451,#2094,.T.);
#5597=EDGE_CURVE('',#4453,#4452,#2095,.T.);
#5598=EDGE_CURVE('',#4454,#4453,#2096,.T.);
#5599=EDGE_CURVE('',#4455,#4454,#2097,.T.);
#5600=EDGE_CURVE('',#4455,#4456,#2098,.T.);
#5601=EDGE_CURVE('',#4456,#4445,#2099,.T.);
#5602=EDGE_CURVE('',#4457,#4444,#2100,.T.);
#5603=EDGE_CURVE('',#4457,#4447,#2101,.T.);
#5604=EDGE_CURVE('',#4458,#4457,#2102,.T.);
#5605=EDGE_CURVE('',#4448,#4458,#2103,.T.);
#5606=EDGE_CURVE('',#4456,#4459,#2104,.T.);
#5607=EDGE_CURVE('',#4446,#4459,#2105,.T.);
#5608=EDGE_CURVE('',#4460,#4455,#2106,.T.);
#5609=EDGE_CURVE('',#4459,#4460,#2107,.T.);
#5610=EDGE_CURVE('',#4458,#4461,#2108,.T.);
#5611=EDGE_CURVE('',#4449,#4461,#2109,.T.);
#5612=EDGE_CURVE('',#4450,#4462,#2110,.T.);
#5613=EDGE_CURVE('',#4461,#4462,#2111,.T.);
#5614=EDGE_CURVE('',#4463,#4454,#2112,.T.);
#5615=EDGE_CURVE('',#4460,#4463,#2113,.T.);
#5616=EDGE_CURVE('',#4464,#4453,#2114,.T.);
#5617=EDGE_CURVE('',#4464,#4463,#2115,.T.);
#5618=EDGE_CURVE('',#4464,#4465,#2116,.T.);
#5619=EDGE_CURVE('',#4466,#4465,#2117,.T.);
#5620=EDGE_CURVE('',#4462,#4466,#2118,.T.);
#5621=EDGE_CURVE('',#4451,#4466,#2119,.T.);
#5622=EDGE_CURVE('',#4465,#4452,#2120,.T.);
#5623=EDGE_CURVE('',#4467,#4468,#2121,.T.);
#5624=EDGE_CURVE('',#4469,#4468,#2122,.T.);
#5625=EDGE_CURVE('',#4469,#4470,#2123,.T.);
#5626=EDGE_CURVE('',#4467,#4470,#2124,.T.);
#5627=EDGE_CURVE('',#4471,#4469,#2125,.T.);
#5628=EDGE_CURVE('',#4472,#4471,#2126,.T.);
#5629=EDGE_CURVE('',#4470,#4472,#2127,.T.);
#5630=EDGE_CURVE('',#4473,#4474,#2128,.T.);
#5631=EDGE_CURVE('',#4475,#4474,#2129,.T.);
#5632=EDGE_CURVE('',#4475,#4476,#2130,.T.);
#5633=EDGE_CURVE('',#4473,#4476,#2131,.T.);
#5634=EDGE_CURVE('',#4476,#4477,#2132,.T.);
#5635=EDGE_CURVE('',#4478,#4475,#2133,.T.);
#5636=EDGE_CURVE('',#4477,#4478,#2134,.T.);
#5637=EDGE_CURVE('',#4468,#4473,#2135,.T.);
#5638=EDGE_CURVE('',#4477,#4479,#2136,.T.);
#5639=EDGE_CURVE('',#4480,#4479,#2137,.T.);
#5640=EDGE_CURVE('',#4480,#4481,#2138,.T.);
#5641=EDGE_CURVE('',#4482,#4481,#2139,.T.);
#5642=EDGE_CURVE('',#4483,#4482,#2140,.T.);
#5643=EDGE_CURVE('',#4484,#4483,#2141,.T.);
#5644=EDGE_CURVE('',#4471,#4484,#2142,.T.);
#5645=EDGE_CURVE('',#4478,#4485,#2143,.T.);
#5646=EDGE_CURVE('',#4479,#4485,#2144,.T.);
#5647=EDGE_CURVE('',#4486,#4484,#2145,.T.);
#5648=EDGE_CURVE('',#4472,#4486,#2146,.T.);
#5649=EDGE_CURVE('',#4487,#4483,#2147,.T.);
#5650=EDGE_CURVE('',#4487,#4486,#2148,.T.);
#5651=EDGE_CURVE('',#4485,#4488,#2149,.T.);
#5652=EDGE_CURVE('',#4480,#4488,#2150,.T.);
#5653=EDGE_CURVE('',#4474,#4467,#2151,.T.);
#5654=EDGE_CURVE('',#4489,#4482,#2152,.T.);
#5655=EDGE_CURVE('',#4487,#4489,#2153,.T.);
#5656=EDGE_CURVE('',#4490,#4489,#2154,.T.);
#5657=EDGE_CURVE('',#4488,#4490,#2155,.T.);
#5658=EDGE_CURVE('',#4481,#4490,#2156,.T.);
#5659=EDGE_CURVE('',#4491,#4492,#2157,.T.);
#5660=EDGE_CURVE('',#4493,#4492,#2158,.T.);
#5661=EDGE_CURVE('',#4493,#4494,#2159,.T.);
#5662=EDGE_CURVE('',#4491,#4494,#2160,.T.);
#5663=EDGE_CURVE('',#4495,#4493,#2161,.T.);
#5664=EDGE_CURVE('',#4496,#4495,#2162,.T.);
#5665=EDGE_CURVE('',#4494,#4496,#131,.T.);
#5666=EDGE_CURVE('',#4497,#4498,#2163,.T.);
#5667=EDGE_CURVE('',#4499,#4498,#2164,.T.);
#5668=EDGE_CURVE('',#4499,#4500,#2165,.T.);
#5669=EDGE_CURVE('',#4497,#4500,#2166,.T.);
#5670=EDGE_CURVE('',#4500,#4501,#2167,.T.);
#5671=EDGE_CURVE('',#4502,#4499,#132,.T.);
#5672=EDGE_CURVE('',#4501,#4502,#2168,.T.);
#5673=EDGE_CURVE('',#4492,#4497,#2169,.T.);
#5674=EDGE_CURVE('',#4501,#4503,#2170,.T.);
#5675=EDGE_CURVE('',#4504,#4503,#2171,.T.);
#5676=EDGE_CURVE('',#4504,#4505,#2172,.T.);
#5677=EDGE_CURVE('',#4506,#4505,#2173,.T.);
#5678=EDGE_CURVE('',#4507,#4506,#2174,.T.);
#5679=EDGE_CURVE('',#4508,#4507,#2175,.T.);
#5680=EDGE_CURVE('',#4495,#4508,#2176,.T.);
#5681=EDGE_CURVE('',#4502,#4509,#2177,.T.);
#5682=EDGE_CURVE('',#4503,#4509,#2178,.T.);
#5683=EDGE_CURVE('',#4510,#4508,#2179,.T.);
#5684=EDGE_CURVE('',#4496,#4510,#2180,.T.);
#5685=EDGE_CURVE('',#4511,#4507,#2181,.T.);
#5686=EDGE_CURVE('',#4511,#4510,#133,.T.);
#5687=EDGE_CURVE('',#4509,#4512,#134,.T.);
#5688=EDGE_CURVE('',#4504,#4512,#2182,.T.);
#5689=EDGE_CURVE('',#4498,#4491,#135,.T.);
#5690=EDGE_CURVE('',#4513,#4506,#2183,.T.);
#5691=EDGE_CURVE('',#4511,#4513,#2184,.T.);
#5692=EDGE_CURVE('',#4514,#4513,#136,.T.);
#5693=EDGE_CURVE('',#4512,#4514,#2185,.T.);
#5694=EDGE_CURVE('',#4505,#4514,#2186,.T.);
#5695=EDGE_CURVE('',#4515,#4516,#2187,.T.);
#5696=EDGE_CURVE('',#4517,#4516,#2188,.T.);
#5697=EDGE_CURVE('',#4517,#4518,#2189,.T.);
#5698=EDGE_CURVE('',#4515,#4518,#2190,.T.);
#5699=EDGE_CURVE('',#4519,#4517,#2191,.T.);
#5700=EDGE_CURVE('',#4520,#4519,#2192,.T.);
#5701=EDGE_CURVE('',#4518,#4520,#2193,.T.);
#5702=EDGE_CURVE('',#4521,#4522,#2194,.T.);
#5703=EDGE_CURVE('',#4523,#4522,#2195,.T.);
#5704=EDGE_CURVE('',#4523,#4524,#2196,.T.);
#5705=EDGE_CURVE('',#4521,#4524,#2197,.T.);
#5706=EDGE_CURVE('',#4525,#4523,#2198,.T.);
#5707=EDGE_CURVE('',#4526,#4525,#2199,.T.);
#5708=EDGE_CURVE('',#4524,#4526,#2200,.T.);
#5709=EDGE_CURVE('',#4516,#4521,#2201,.T.);
#5710=EDGE_CURVE('',#4526,#4527,#2202,.T.);
#5711=EDGE_CURVE('',#4528,#4527,#2203,.T.);
#5712=EDGE_CURVE('',#4528,#4529,#2204,.T.);
#5713=EDGE_CURVE('',#4530,#4529,#2205,.T.);
#5714=EDGE_CURVE('',#4531,#4530,#2206,.T.);
#5715=EDGE_CURVE('',#4532,#4531,#2207,.T.);
#5716=EDGE_CURVE('',#4519,#4532,#2208,.T.);
#5717=EDGE_CURVE('',#4533,#4532,#2209,.T.);
#5718=EDGE_CURVE('',#4520,#4533,#2210,.T.);
#5719=EDGE_CURVE('',#4534,#4531,#2211,.T.);
#5720=EDGE_CURVE('',#4534,#4533,#2212,.T.);
#5721=EDGE_CURVE('',#4525,#4535,#2213,.T.);
#5722=EDGE_CURVE('',#4527,#4535,#2214,.T.);
#5723=EDGE_CURVE('',#4528,#4536,#2215,.T.);
#5724=EDGE_CURVE('',#4535,#4536,#2216,.T.);
#5725=EDGE_CURVE('',#4522,#4515,#2217,.T.);
#5726=EDGE_CURVE('',#4537,#4530,#2218,.T.);
#5727=EDGE_CURVE('',#4534,#4537,#2219,.T.);
#5728=EDGE_CURVE('',#4538,#4537,#2220,.T.);
#5729=EDGE_CURVE('',#4536,#4538,#2221,.T.);
#5730=EDGE_CURVE('',#4529,#4538,#2222,.T.);
#5731=EDGE_CURVE('',#4539,#4540,#2223,.T.);
#5732=EDGE_CURVE('',#4541,#4540,#2224,.T.);
#5733=EDGE_CURVE('',#4541,#4542,#2225,.T.);
#5734=EDGE_CURVE('',#4539,#4542,#2226,.T.);
#5735=EDGE_CURVE('',#4543,#4541,#2227,.T.);
#5736=EDGE_CURVE('',#4544,#4543,#2228,.T.);
#5737=EDGE_CURVE('',#4542,#4544,#2229,.T.);
#5738=EDGE_CURVE('',#4545,#4546,#2230,.T.);
#5739=EDGE_CURVE('',#4547,#4546,#2231,.T.);
#5740=EDGE_CURVE('',#4547,#4548,#2232,.T.);
#5741=EDGE_CURVE('',#4545,#4548,#2233,.T.);
#5742=EDGE_CURVE('',#4549,#4547,#2234,.T.);
#5743=EDGE_CURVE('',#4550,#4549,#2235,.T.);
#5744=EDGE_CURVE('',#4548,#4550,#2236,.T.);
#5745=EDGE_CURVE('',#4540,#4545,#2237,.T.);
#5746=EDGE_CURVE('',#4550,#4551,#2238,.T.);
#5747=EDGE_CURVE('',#4552,#4551,#2239,.T.);
#5748=EDGE_CURVE('',#4552,#4553,#2240,.T.);
#5749=EDGE_CURVE('',#4554,#4553,#2241,.T.);
#5750=EDGE_CURVE('',#4555,#4554,#2242,.T.);
#5751=EDGE_CURVE('',#4556,#4555,#2243,.T.);
#5752=EDGE_CURVE('',#4543,#4556,#2244,.T.);
#5753=EDGE_CURVE('',#4549,#4557,#2245,.T.);
#5754=EDGE_CURVE('',#4551,#4557,#2246,.T.);
#5755=EDGE_CURVE('',#4552,#4558,#2247,.T.);
#5756=EDGE_CURVE('',#4557,#4558,#2248,.T.);
#5757=EDGE_CURVE('',#4559,#4556,#2249,.T.);
#5758=EDGE_CURVE('',#4544,#4559,#2250,.T.);
#5759=EDGE_CURVE('',#4560,#4555,#2251,.T.);
#5760=EDGE_CURVE('',#4560,#4559,#2252,.T.);
#5761=EDGE_CURVE('',#4546,#4539,#2253,.T.);
#5762=EDGE_CURVE('',#4558,#4561,#2254,.T.);
#5763=EDGE_CURVE('',#4553,#4561,#2255,.T.);
#5764=EDGE_CURVE('',#4560,#4562,#2256,.T.);
#5765=EDGE_CURVE('',#4561,#4562,#2257,.T.);
#5766=EDGE_CURVE('',#4562,#4554,#2258,.T.);
#5767=EDGE_CURVE('',#4563,#4564,#2259,.T.);
#5768=EDGE_CURVE('',#4565,#4564,#2260,.T.);
#5769=EDGE_CURVE('',#4565,#4566,#2261,.T.);
#5770=EDGE_CURVE('',#4563,#4566,#2262,.T.);
#5771=EDGE_CURVE('',#4567,#4565,#2263,.T.);
#5772=EDGE_CURVE('',#4568,#4567,#2264,.T.);
#5773=EDGE_CURVE('',#4566,#4568,#2265,.T.);
#5774=EDGE_CURVE('',#4569,#4570,#2266,.T.);
#5775=EDGE_CURVE('',#4571,#4570,#2267,.T.);
#5776=EDGE_CURVE('',#4571,#4572,#2268,.T.);
#5777=EDGE_CURVE('',#4569,#4572,#2269,.T.);
#5778=EDGE_CURVE('',#4573,#4574,#2270,.T.);
#5779=EDGE_CURVE('',#4572,#4573,#2271,.T.);
#5780=EDGE_CURVE('',#4574,#4571,#2272,.T.);
#5781=EDGE_CURVE('',#4564,#4569,#2273,.T.);
#5782=EDGE_CURVE('',#4573,#4575,#2274,.T.);
#5783=EDGE_CURVE('',#4576,#4575,#2275,.T.);
#5784=EDGE_CURVE('',#4576,#4577,#2276,.T.);
#5785=EDGE_CURVE('',#4578,#4577,#2277,.T.);
#5786=EDGE_CURVE('',#4579,#4578,#2278,.T.);
#5787=EDGE_CURVE('',#4580,#4579,#2279,.T.);
#5788=EDGE_CURVE('',#4567,#4580,#2280,.T.);
#5789=EDGE_CURVE('',#4574,#4581,#2281,.T.);
#5790=EDGE_CURVE('',#4575,#4581,#2282,.T.);
#5791=EDGE_CURVE('',#4582,#4580,#2283,.T.);
#5792=EDGE_CURVE('',#4568,#4582,#2284,.T.);
#5793=EDGE_CURVE('',#4583,#4579,#2285,.T.);
#5794=EDGE_CURVE('',#4583,#4582,#2286,.T.);
#5795=EDGE_CURVE('',#4581,#4584,#2287,.T.);
#5796=EDGE_CURVE('',#4576,#4584,#2288,.T.);
#5797=EDGE_CURVE('',#4570,#4563,#2289,.T.);
#5798=EDGE_CURVE('',#4584,#4585,#2290,.T.);
#5799=EDGE_CURVE('',#4577,#4585,#2291,.T.);
#5800=EDGE_CURVE('',#4586,#4578,#2292,.T.);
#5801=EDGE_CURVE('',#4583,#4586,#2293,.T.);
#5802=EDGE_CURVE('',#4585,#4586,#2294,.T.);
#5803=EDGE_CURVE('',#4587,#4588,#2295,.T.);
#5804=EDGE_CURVE('',#4589,#4588,#2296,.T.);
#5805=EDGE_CURVE('',#4589,#4590,#2297,.T.);
#5806=EDGE_CURVE('',#4587,#4590,#2298,.T.);
#5807=EDGE_CURVE('',#4591,#4589,#2299,.T.);
#5808=EDGE_CURVE('',#4592,#4591,#2300,.T.);
#5809=EDGE_CURVE('',#4590,#4592,#2301,.T.);
#5810=EDGE_CURVE('',#4593,#4594,#2302,.T.);
#5811=EDGE_CURVE('',#4595,#4594,#2303,.T.);
#5812=EDGE_CURVE('',#4595,#4596,#2304,.T.);
#5813=EDGE_CURVE('',#4593,#4596,#2305,.T.);
#5814=EDGE_CURVE('',#4597,#4595,#2306,.T.);
#5815=EDGE_CURVE('',#4598,#4597,#2307,.T.);
#5816=EDGE_CURVE('',#4596,#4598,#2308,.T.);
#5817=EDGE_CURVE('',#4588,#4593,#2309,.T.);
#5818=EDGE_CURVE('',#4598,#4599,#2310,.T.);
#5819=EDGE_CURVE('',#4600,#4599,#2311,.T.);
#5820=EDGE_CURVE('',#4600,#4601,#2312,.T.);
#5821=EDGE_CURVE('',#4602,#4601,#2313,.T.);
#5822=EDGE_CURVE('',#4603,#4602,#2314,.T.);
#5823=EDGE_CURVE('',#4604,#4603,#2315,.T.);
#5824=EDGE_CURVE('',#4591,#4604,#2316,.T.);
#5825=EDGE_CURVE('',#4605,#4604,#2317,.T.);
#5826=EDGE_CURVE('',#4592,#4605,#2318,.T.);
#5827=EDGE_CURVE('',#4606,#4603,#2319,.T.);
#5828=EDGE_CURVE('',#4606,#4605,#2320,.T.);
#5829=EDGE_CURVE('',#4597,#4607,#2321,.T.);
#5830=EDGE_CURVE('',#4599,#4607,#2322,.T.);
#5831=EDGE_CURVE('',#4600,#4608,#2323,.T.);
#5832=EDGE_CURVE('',#4607,#4608,#2324,.T.);
#5833=EDGE_CURVE('',#4594,#4587,#2325,.T.);
#5834=EDGE_CURVE('',#4608,#4609,#2326,.T.);
#5835=EDGE_CURVE('',#4601,#4609,#2327,.T.);
#5836=EDGE_CURVE('',#4610,#4602,#2328,.T.);
#5837=EDGE_CURVE('',#4606,#4610,#2329,.T.);
#5838=EDGE_CURVE('',#4609,#4610,#2330,.T.);
#5839=EDGE_CURVE('',#4611,#4612,#2331,.T.);
#5840=EDGE_CURVE('',#4613,#4612,#2332,.T.);
#5841=EDGE_CURVE('',#4613,#4614,#2333,.T.);
#5842=EDGE_CURVE('',#4611,#4614,#2334,.T.);
#5843=EDGE_CURVE('',#4615,#4613,#2335,.T.);
#5844=EDGE_CURVE('',#4616,#4615,#2336,.T.);
#5845=EDGE_CURVE('',#4614,#4616,#2337,.T.);
#5846=EDGE_CURVE('',#4617,#4618,#2338,.T.);
#5847=EDGE_CURVE('',#4619,#4618,#2339,.T.);
#5848=EDGE_CURVE('',#4619,#4620,#2340,.T.);
#5849=EDGE_CURVE('',#4617,#4620,#2341,.T.);
#5850=EDGE_CURVE('',#4621,#4622,#2342,.T.);
#5851=EDGE_CURVE('',#4620,#4621,#2343,.T.);
#5852=EDGE_CURVE('',#4622,#4619,#2344,.T.);
#5853=EDGE_CURVE('',#4612,#4617,#2345,.T.);
#5854=EDGE_CURVE('',#4621,#4623,#2346,.T.);
#5855=EDGE_CURVE('',#4624,#4623,#2347,.T.);
#5856=EDGE_CURVE('',#4624,#4625,#2348,.T.);
#5857=EDGE_CURVE('',#4626,#4625,#2349,.T.);
#5858=EDGE_CURVE('',#4627,#4626,#2350,.T.);
#5859=EDGE_CURVE('',#4628,#4627,#2351,.T.);
#5860=EDGE_CURVE('',#4615,#4628,#2352,.T.);
#5861=EDGE_CURVE('',#4622,#4629,#2353,.T.);
#5862=EDGE_CURVE('',#4623,#4629,#2354,.T.);
#5863=EDGE_CURVE('',#4630,#4628,#2355,.T.);
#5864=EDGE_CURVE('',#4616,#4630,#2356,.T.);
#5865=EDGE_CURVE('',#4631,#4627,#2357,.T.);
#5866=EDGE_CURVE('',#4631,#4630,#2358,.T.);
#5867=EDGE_CURVE('',#4629,#4632,#2359,.T.);
#5868=EDGE_CURVE('',#4624,#4632,#2360,.T.);
#5869=EDGE_CURVE('',#4618,#4611,#2361,.T.);
#5870=EDGE_CURVE('',#4633,#4626,#2362,.T.);
#5871=EDGE_CURVE('',#4631,#4633,#2363,.T.);
#5872=EDGE_CURVE('',#4634,#4633,#2364,.T.);
#5873=EDGE_CURVE('',#4632,#4634,#2365,.T.);
#5874=EDGE_CURVE('',#4625,#4634,#2366,.T.);
#5875=EDGE_CURVE('',#4635,#4636,#2367,.T.);
#5876=EDGE_CURVE('',#4637,#4636,#2368,.T.);
#5877=EDGE_CURVE('',#4637,#4638,#2369,.T.);
#5878=EDGE_CURVE('',#4635,#4638,#2370,.T.);
#5879=EDGE_CURVE('',#4639,#4637,#2371,.T.);
#5880=EDGE_CURVE('',#4640,#4639,#2372,.T.);
#5881=EDGE_CURVE('',#4638,#4640,#2373,.T.);
#5882=EDGE_CURVE('',#4641,#4642,#2374,.T.);
#5883=EDGE_CURVE('',#4643,#4642,#2375,.T.);
#5884=EDGE_CURVE('',#4643,#4644,#2376,.T.);
#5885=EDGE_CURVE('',#4641,#4644,#2377,.T.);
#5886=EDGE_CURVE('',#4644,#4645,#2378,.T.);
#5887=EDGE_CURVE('',#4646,#4643,#2379,.T.);
#5888=EDGE_CURVE('',#4645,#4646,#2380,.T.);
#5889=EDGE_CURVE('',#4636,#4641,#2381,.T.);
#5890=EDGE_CURVE('',#4645,#4647,#2382,.T.);
#5891=EDGE_CURVE('',#4648,#4647,#2383,.T.);
#5892=EDGE_CURVE('',#4648,#4649,#2384,.T.);
#5893=EDGE_CURVE('',#4650,#4649,#2385,.T.);
#5894=EDGE_CURVE('',#4651,#4650,#2386,.T.);
#5895=EDGE_CURVE('',#4652,#4651,#2387,.T.);
#5896=EDGE_CURVE('',#4639,#4652,#2388,.T.);
#5897=EDGE_CURVE('',#4646,#4653,#2389,.T.);
#5898=EDGE_CURVE('',#4647,#4653,#2390,.T.);
#5899=EDGE_CURVE('',#4654,#4652,#2391,.T.);
#5900=EDGE_CURVE('',#4640,#4654,#2392,.T.);
#5901=EDGE_CURVE('',#4655,#4651,#2393,.T.);
#5902=EDGE_CURVE('',#4655,#4654,#2394,.T.);
#5903=EDGE_CURVE('',#4653,#4656,#2395,.T.);
#5904=EDGE_CURVE('',#4648,#4656,#2396,.T.);
#5905=EDGE_CURVE('',#4642,#4635,#2397,.T.);
#5906=EDGE_CURVE('',#4657,#4650,#2398,.T.);
#5907=EDGE_CURVE('',#4655,#4657,#2399,.T.);
#5908=EDGE_CURVE('',#4658,#4657,#2400,.T.);
#5909=EDGE_CURVE('',#4656,#4658,#2401,.T.);
#5910=EDGE_CURVE('',#4649,#4658,#2402,.T.);
#5911=EDGE_CURVE('',#4659,#4660,#2403,.T.);
#5912=EDGE_CURVE('',#4661,#4659,#2404,.T.);
#5913=EDGE_CURVE('',#4662,#4661,#2405,.T.);
#5914=EDGE_CURVE('',#4660,#4662,#2406,.T.);
#5915=EDGE_CURVE('',#4663,#4664,#2407,.T.);
#5916=EDGE_CURVE('',#4665,#4663,#2408,.T.);
#5917=EDGE_CURVE('',#4666,#4665,#2409,.T.);
#5918=EDGE_CURVE('',#4666,#4664,#2410,.T.);
#5919=EDGE_CURVE('',#4664,#4659,#2411,.T.);
#5920=EDGE_CURVE('',#4661,#4666,#2412,.T.);
#5921=EDGE_CURVE('',#4665,#4667,#2413,.T.);
#5922=EDGE_CURVE('',#4667,#4668,#2414,.T.);
#5923=EDGE_CURVE('',#4668,#4669,#2415,.T.);
#5924=EDGE_CURVE('',#4669,#4670,#2416,.T.);
#5925=EDGE_CURVE('',#4670,#4671,#2417,.T.);
#5926=EDGE_CURVE('',#4671,#4672,#2418,.T.);
#5927=EDGE_CURVE('',#4672,#4673,#2419,.T.);
#5928=EDGE_CURVE('',#4673,#4674,#137,.T.);
#5929=EDGE_CURVE('',#4674,#4662,#2420,.T.);
#5930=EDGE_CURVE('',#4675,#4675,#138,.T.);
#5931=EDGE_CURVE('',#4676,#4676,#139,.T.);
#5932=EDGE_CURVE('',#4677,#4663,#2421,.T.);
#5933=EDGE_CURVE('',#4677,#4667,#2422,.T.);
#5934=EDGE_CURVE('',#4674,#4678,#2423,.T.);
#5935=EDGE_CURVE('',#4678,#4679,#2424,.T.);
#5936=EDGE_CURVE('',#4679,#4680,#2425,.T.);
#5937=EDGE_CURVE('',#4681,#4680,#2426,.T.);
#5938=EDGE_CURVE('',#4682,#4681,#2427,.T.);
#5939=EDGE_CURVE('',#4660,#4682,#2428,.T.);
#5940=EDGE_CURVE('',#4683,#4684,#2429,.T.);
#5941=EDGE_CURVE('',#4685,#4683,#2430,.T.);
#5942=EDGE_CURVE('',#4686,#4685,#2431,.T.);
#5943=EDGE_CURVE('',#4686,#4684,#2432,.T.);
#5944=EDGE_CURVE('',#4669,#4687,#2433,.T.);
#5945=EDGE_CURVE('',#4688,#4687,#2434,.T.);
#5946=EDGE_CURVE('',#4670,#4688,#2435,.T.);
#5947=EDGE_CURVE('',#4689,#4677,#2436,.T.);
#5948=EDGE_CURVE('',#4668,#4689,#2437,.T.);
#5949=EDGE_CURVE('',#4684,#4689,#2438,.T.);
#5950=EDGE_CURVE('',#4690,#4686,#2439,.T.);
#5951=EDGE_CURVE('',#4691,#4690,#2440,.T.);
#5952=EDGE_CURVE('',#4687,#4691,#2441,.T.);
#5953=EDGE_CURVE('',#4692,#4691,#2442,.T.);
#5954=EDGE_CURVE('',#4693,#4692,#2443,.T.);
#5955=EDGE_CURVE('',#4679,#4693,#2444,.T.);
#5956=EDGE_CURVE('',#4694,#4678,#140,.T.);
#5957=EDGE_CURVE('',#4695,#4694,#2445,.T.);
#5958=EDGE_CURVE('',#4696,#4695,#2446,.T.);
#5959=EDGE_CURVE('',#4688,#4696,#2447,.T.);
#5960=EDGE_CURVE('',#4697,#4697,#141,.T.);
#5961=EDGE_CURVE('',#4698,#4698,#142,.T.);
#5962=EDGE_CURVE('',#4690,#4699,#2448,.T.);
#5963=EDGE_CURVE('',#4699,#4692,#2449,.T.);
#5964=EDGE_CURVE('',#4685,#4700,#2450,.T.);
#5965=EDGE_CURVE('',#4700,#4701,#2451,.T.);
#5966=EDGE_CURVE('',#4701,#4702,#2452,.T.);
#5967=EDGE_CURVE('',#4702,#4681,#143,.T.);
#5968=EDGE_CURVE('',#4703,#4680,#2453,.T.);
#5969=EDGE_CURVE('',#4699,#4703,#2454,.T.);
#5970=EDGE_CURVE('',#4704,#4704,#144,.T.);
#5971=EDGE_CURVE('',#4705,#4705,#145,.T.);
#5972=EDGE_CURVE('',#4706,#4683,#2455,.T.);
#5973=EDGE_CURVE('',#4706,#4700,#2456,.T.);
#5974=EDGE_CURVE('',#4696,#4671,#2457,.T.);
#5975=EDGE_CURVE('',#4698,#4676,#2458,.T.);
#5976=EDGE_CURVE('',#4707,#4707,#146,.T.);
#5977=EDGE_CURVE('',#4707,#4705,#2459,.T.);
#5978=EDGE_CURVE('',#4697,#4675,#2460,.T.);
#5979=EDGE_CURVE('',#4708,#4708,#147,.T.);
#5980=EDGE_CURVE('',#4708,#4704,#2461,.T.);
#5981=EDGE_CURVE('',#4693,#4703,#2462,.T.);
#5982=EDGE_CURVE('',#4709,#4701,#2463,.T.);
#5983=EDGE_CURVE('',#4709,#4710,#2464,.T.);
#5984=EDGE_CURVE('',#4710,#4702,#2465,.T.);
#5985=EDGE_CURVE('',#4694,#4673,#2466,.T.);
#5986=EDGE_CURVE('',#4695,#4672,#2467,.T.);
#5987=EDGE_CURVE('',#4710,#4682,#148,.T.);
#5988=EDGE_CURVE('',#4709,#4706,#2468,.T.);
#5989=EDGE_CURVE('',#4711,#4712,#2469,.T.);
#5990=EDGE_CURVE('',#4711,#4713,#2470,.T.);
#5991=EDGE_CURVE('',#4714,#4713,#2471,.T.);
#5992=EDGE_CURVE('',#4712,#4714,#2472,.T.);
#5993=EDGE_CURVE('',#4715,#4711,#2473,.T.);
#5994=EDGE_CURVE('',#4716,#4715,#2474,.T.);
#5995=EDGE_CURVE('',#4713,#4716,#2475,.T.);
#5996=EDGE_CURVE('',#4712,#4717,#2476,.T.);
#5997=EDGE_CURVE('',#4717,#4718,#2477,.T.);
#5998=EDGE_CURVE('',#4719,#4718,#2478,.T.);
#5999=EDGE_CURVE('',#4719,#4715,#2479,.T.);
#6000=EDGE_CURVE('',#4720,#4720,#149,.T.);
#6001=EDGE_CURVE('',#4714,#4721,#2480,.T.);
#6002=EDGE_CURVE('',#4721,#4717,#2481,.T.);
#6003=EDGE_CURVE('',#4722,#4722,#150,.T.);
#6004=EDGE_CURVE('',#4722,#4723,#2482,.T.);
#6005=EDGE_CURVE('',#4723,#4723,#151,.T.);
#6006=EDGE_CURVE('',#4724,#4724,#152,.T.);
#6007=EDGE_CURVE('',#4724,#4720,#2483,.T.);
#6008=EDGE_CURVE('',#4725,#4726,#2484,.T.);
#6009=EDGE_CURVE('',#4727,#4725,#2485,.T.);
#6010=EDGE_CURVE('',#4727,#4728,#2486,.T.);
#6011=EDGE_CURVE('',#4726,#4728,#2487,.T.);
#6012=EDGE_CURVE('',#4728,#4716,#2488,.T.);
#6013=EDGE_CURVE('',#4721,#4727,#2489,.T.);
#6014=EDGE_CURVE('',#4729,#4730,#2490,.T.);
#6015=EDGE_CURVE('',#4731,#4729,#2491,.T.);
#6016=EDGE_CURVE('',#4731,#4732,#2492,.T.);
#6017=EDGE_CURVE('',#4730,#4732,#2493,.T.);
#6018=EDGE_CURVE('',#4732,#4733,#2494,.T.);
#6019=EDGE_CURVE('',#4734,#4731,#2495,.T.);
#6020=EDGE_CURVE('',#4733,#4734,#2496,.T.);
#6021=EDGE_CURVE('',#4719,#4735,#2497,.T.);
#6022=EDGE_CURVE('',#4736,#4735,#2498,.T.);
#6023=EDGE_CURVE('',#4737,#4736,#2499,.T.);
#6024=EDGE_CURVE('',#4738,#4737,#2500,.T.);
#6025=EDGE_CURVE('',#4734,#4738,#2501,.T.);
#6026=EDGE_CURVE('',#4726,#4729,#2502,.T.);
#6027=EDGE_CURVE('',#4718,#4739,#2503,.T.);
#6028=EDGE_CURVE('',#4735,#4739,#2504,.T.);
#6029=EDGE_CURVE('',#4740,#4738,#2505,.T.);
#6030=EDGE_CURVE('',#4733,#4740,#2506,.T.);
#6031=EDGE_CURVE('',#4741,#4740,#2507,.T.);
#6032=EDGE_CURVE('',#4741,#4737,#2508,.T.);
#6033=EDGE_CURVE('',#4742,#4736,#2509,.T.);
#6034=EDGE_CURVE('',#4741,#4742,#2510,.T.);
#6035=EDGE_CURVE('',#4725,#4730,#2511,.T.);
#6036=EDGE_CURVE('',#4739,#4742,#2512,.T.);
#6037=EDGE_CURVE('',#4743,#4743,#153,.T.);
#6038=EDGE_CURVE('',#4743,#4744,#2513,.T.);
#6039=EDGE_CURVE('',#4744,#4744,#154,.T.);
#6040=EDGE_CURVE('',#4745,#4745,#155,.T.);
#6041=EDGE_CURVE('',#4745,#4746,#2514,.T.);
#6042=EDGE_CURVE('',#4746,#4746,#156,.T.);
#6043=EDGE_CURVE('',#4747,#4748,#157,.T.);
#6044=EDGE_CURVE('',#4749,#4747,#2515,.T.);
#6045=EDGE_CURVE('',#4750,#4749,#158,.T.);
#6046=EDGE_CURVE('',#4748,#4750,#2516,.T.);
#6047=EDGE_CURVE('',#4751,#4752,#159,.T.);
#6048=EDGE_CURVE('',#4753,#4751,#2517,.T.);
#6049=EDGE_CURVE('',#4754,#4753,#160,.T.);
#6050=EDGE_CURVE('',#4752,#4754,#2518,.T.);
#6051=EDGE_CURVE('',#4751,#4755,#2519,.T.);
#6052=EDGE_CURVE('',#4755,#4756,#2520,.T.);
#6053=EDGE_CURVE('',#4753,#4756,#2521,.T.);
#6054=EDGE_CURVE('',#4752,#4757,#2522,.T.);
#6055=EDGE_CURVE('',#4757,#4755,#161,.T.);
#6056=EDGE_CURVE('',#4747,#4758,#2523,.T.);
#6057=EDGE_CURVE('',#4758,#4757,#2524,.T.);
#6058=EDGE_CURVE('',#4759,#4754,#2525,.T.);
#6059=EDGE_CURVE('',#4760,#4759,#2526,.T.);
#6060=EDGE_CURVE('',#4760,#4749,#2527,.T.);
#6061=EDGE_CURVE('',#4761,#4748,#2528,.T.);
#6062=EDGE_CURVE('',#4758,#4761,#162,.T.);
#6063=EDGE_CURVE('',#4762,#4750,#2529,.T.);
#6064=EDGE_CURVE('',#4761,#4762,#2530,.T.);
#6065=EDGE_CURVE('',#4763,#4764,#163,.T.);
#6066=EDGE_CURVE('',#4763,#4765,#2531,.T.);
#6067=EDGE_CURVE('',#4766,#4765,#164,.T.);
#6068=EDGE_CURVE('',#4764,#4766,#2532,.T.);
#6069=EDGE_CURVE('',#4767,#4768,#165,.T.);
#6070=EDGE_CURVE('',#4769,#4767,#2533,.T.);
#6071=EDGE_CURVE('',#4770,#4769,#166,.T.);
#6072=EDGE_CURVE('',#4770,#4768,#2534,.T.);
#6073=EDGE_CURVE('',#4767,#4771,#2535,.T.);
#6074=EDGE_CURVE('',#4772,#4771,#2536,.T.);
#6075=EDGE_CURVE('',#4769,#4772,#2537,.T.);
#6076=EDGE_CURVE('',#4773,#4768,#2538,.T.);
#6077=EDGE_CURVE('',#4771,#4773,#167,.T.);
#6078=EDGE_CURVE('',#4774,#4763,#2539,.T.);
#6079=EDGE_CURVE('',#4773,#4774,#2540,.T.);
#6080=EDGE_CURVE('',#4775,#4770,#2541,.T.);
#6081=EDGE_CURVE('',#4775,#4776,#2542,.T.);
#6082=EDGE_CURVE('',#4765,#4776,#2543,.T.);
#6083=EDGE_CURVE('',#4777,#4764,#2544,.T.);
#6084=EDGE_CURVE('',#4777,#4774,#168,.T.);
#6085=EDGE_CURVE('',#4777,#4778,#2545,.T.);
#6086=EDGE_CURVE('',#4756,#4778,#169,.T.);
#6087=EDGE_CURVE('',#4772,#4762,#170,.T.);
#6088=EDGE_CURVE('',#4778,#4766,#2546,.T.);
#6089=EDGE_CURVE('',#4776,#4759,#171,.T.);
#6090=EDGE_CURVE('',#4775,#4760,#172,.T.);
#6091=EDGE_CURVE('',#4779,#4780,#2547,.T.);
#6092=EDGE_CURVE('',#4781,#4780,#2548,.T.);
#6093=EDGE_CURVE('',#4781,#4782,#2549,.T.);
#6094=EDGE_CURVE('',#4779,#4782,#2550,.T.);
#6095=EDGE_CURVE('',#4783,#4781,#2551,.T.);
#6096=EDGE_CURVE('',#4784,#4783,#2552,.T.);
#6097=EDGE_CURVE('',#4782,#4784,#2553,.T.);
#6098=EDGE_CURVE('',#4785,#4786,#2554,.T.);
#6099=EDGE_CURVE('',#4787,#4786,#2555,.T.);
#6100=EDGE_CURVE('',#4787,#4788,#2556,.T.);
#6101=EDGE_CURVE('',#4785,#4788,#2557,.T.);
#6102=EDGE_CURVE('',#4789,#4787,#2558,.T.);
#6103=EDGE_CURVE('',#4790,#4789,#2559,.T.);
#6104=EDGE_CURVE('',#4788,#4790,#2560,.T.);
#6105=EDGE_CURVE('',#4780,#4785,#2561,.T.);
#6106=EDGE_CURVE('',#4790,#4791,#2562,.T.);
#6107=EDGE_CURVE('',#4792,#4791,#2563,.T.);
#6108=EDGE_CURVE('',#4792,#4793,#2564,.T.);
#6109=EDGE_CURVE('',#4794,#4793,#2565,.T.);
#6110=EDGE_CURVE('',#4795,#4794,#2566,.T.);
#6111=EDGE_CURVE('',#4796,#4795,#2567,.T.);
#6112=EDGE_CURVE('',#4783,#4796,#2568,.T.);
#6113=EDGE_CURVE('',#4797,#4796,#2569,.T.);
#6114=EDGE_CURVE('',#4784,#4797,#2570,.T.);
#6115=EDGE_CURVE('',#4798,#4795,#2571,.T.);
#6116=EDGE_CURVE('',#4798,#4797,#2572,.T.);
#6117=EDGE_CURVE('',#4789,#4799,#2573,.T.);
#6118=EDGE_CURVE('',#4791,#4799,#2574,.T.);
#6119=EDGE_CURVE('',#4792,#4800,#2575,.T.);
#6120=EDGE_CURVE('',#4799,#4800,#2576,.T.);
#6121=EDGE_CURVE('',#4786,#4779,#2577,.T.);
#6122=EDGE_CURVE('',#4800,#4801,#2578,.T.);
#6123=EDGE_CURVE('',#4793,#4801,#2579,.T.);
#6124=EDGE_CURVE('',#4802,#4794,#2580,.T.);
#6125=EDGE_CURVE('',#4798,#4802,#2581,.T.);
#6126=EDGE_CURVE('',#4801,#4802,#2582,.T.);
#6127=EDGE_CURVE('',#4803,#4804,#2583,.T.);
#6128=EDGE_CURVE('',#4804,#4805,#2584,.T.);
#6129=EDGE_CURVE('',#4805,#4806,#2585,.T.);
#6130=EDGE_CURVE('',#4806,#4803,#2586,.T.);
#6131=EDGE_CURVE('',#4807,#4808,#2587,.T.);
#6132=EDGE_CURVE('',#4809,#4808,#2588,.T.);
#6133=EDGE_CURVE('',#4810,#4809,#2589,.T.);
#6134=EDGE_CURVE('',#4810,#4807,#2590,.T.);
#6135=EDGE_CURVE('',#4804,#4811,#2591,.T.);
#6136=EDGE_CURVE('',#4812,#4811,#2592,.T.);
#6137=EDGE_CURVE('',#4805,#4812,#2593,.T.);
#6138=EDGE_CURVE('',#4812,#4813,#2594,.T.);
#6139=EDGE_CURVE('',#4813,#4814,#2595,.T.);
#6140=EDGE_CURVE('',#4814,#4815,#2596,.T.);
#6141=EDGE_CURVE('',#4810,#4815,#2597,.T.);
#6142=EDGE_CURVE('',#4816,#4809,#2598,.T.);
#6143=EDGE_CURVE('',#4817,#4816,#2599,.T.);
#6144=EDGE_CURVE('',#4818,#4817,#2600,.T.);
#6145=EDGE_CURVE('',#4819,#4818,#2601,.T.);
#6146=EDGE_CURVE('',#4819,#4806,#2602,.T.);
#6147=EDGE_CURVE('',#4811,#4820,#2603,.T.);
#6148=EDGE_CURVE('',#4820,#4813,#2604,.T.);
#6149=EDGE_CURVE('',#4821,#4822,#2605,.T.);
#6150=EDGE_CURVE('',#4822,#4817,#2606,.T.);
#6151=EDGE_CURVE('',#4821,#4816,#2607,.T.);
#6152=EDGE_CURVE('',#4823,#4819,#2608,.T.);
#6153=EDGE_CURVE('',#4803,#4823,#2609,.T.);
#6154=EDGE_CURVE('',#4824,#4820,#2610,.T.);
#6155=EDGE_CURVE('',#4814,#4824,#2611,.T.);
#6156=EDGE_CURVE('',#4825,#4818,#2612,.T.);
#6157=EDGE_CURVE('',#4823,#4825,#2613,.T.);
#6158=EDGE_CURVE('',#4822,#4825,#2614,.T.);
#6159=EDGE_CURVE('',#4824,#4826,#2615,.T.);
#6160=EDGE_CURVE('',#4815,#4826,#2616,.T.);
#6161=EDGE_CURVE('',#4826,#4807,#2617,.T.);
#6162=EDGE_CURVE('',#4808,#4821,#2618,.T.);
#6163=EDGE_CURVE('',#4827,#4828,#2619,.T.);
#6164=EDGE_CURVE('',#4829,#4828,#2620,.T.);
#6165=EDGE_CURVE('',#4829,#4830,#2621,.T.);
#6166=EDGE_CURVE('',#4827,#4830,#2622,.T.);
#6167=EDGE_CURVE('',#4831,#4829,#2623,.T.);
#6168=EDGE_CURVE('',#4832,#4831,#2624,.T.);
#6169=EDGE_CURVE('',#4830,#4832,#2625,.T.);
#6170=EDGE_CURVE('',#4833,#4834,#2626,.T.);
#6171=EDGE_CURVE('',#4835,#4834,#2627,.T.);
#6172=EDGE_CURVE('',#4835,#4836,#2628,.T.);
#6173=EDGE_CURVE('',#4833,#4836,#2629,.T.);
#6174=EDGE_CURVE('',#4837,#4835,#2630,.T.);
#6175=EDGE_CURVE('',#4838,#4837,#2631,.T.);
#6176=EDGE_CURVE('',#4836,#4838,#2632,.T.);
#6177=EDGE_CURVE('',#4828,#4833,#2633,.T.);
#6178=EDGE_CURVE('',#4838,#4839,#2634,.T.);
#6179=EDGE_CURVE('',#4840,#4839,#2635,.T.);
#6180=EDGE_CURVE('',#4840,#4841,#2636,.T.);
#6181=EDGE_CURVE('',#4842,#4841,#2637,.T.);
#6182=EDGE_CURVE('',#4843,#4842,#2638,.T.);
#6183=EDGE_CURVE('',#4844,#4843,#2639,.T.);
#6184=EDGE_CURVE('',#4831,#4844,#2640,.T.);
#6185=EDGE_CURVE('',#4845,#4844,#2641,.T.);
#6186=EDGE_CURVE('',#4832,#4845,#2642,.T.);
#6187=EDGE_CURVE('',#4846,#4843,#2643,.T.);
#6188=EDGE_CURVE('',#4846,#4845,#2644,.T.);
#6189=EDGE_CURVE('',#4837,#4847,#2645,.T.);
#6190=EDGE_CURVE('',#4839,#4847,#2646,.T.);
#6191=EDGE_CURVE('',#4840,#4848,#2647,.T.);
#6192=EDGE_CURVE('',#4847,#4848,#2648,.T.);
#6193=EDGE_CURVE('',#4834,#4827,#2649,.T.);
#6194=EDGE_CURVE('',#4849,#4842,#2650,.T.);
#6195=EDGE_CURVE('',#4846,#4849,#2651,.T.);
#6196=EDGE_CURVE('',#4850,#4849,#2652,.T.);
#6197=EDGE_CURVE('',#4848,#4850,#2653,.T.);
#6198=EDGE_CURVE('',#4841,#4850,#2654,.T.);
#6199=EDGE_CURVE('',#4851,#4851,#173,.T.);
#6200=EDGE_CURVE('',#4851,#4852,#2655,.T.);
#6201=EDGE_CURVE('',#4852,#4852,#174,.T.);
#6202=EDGE_CURVE('',#4853,#4853,#175,.T.);
#6203=EDGE_CURVE('',#4853,#4854,#2656,.T.);
#6204=EDGE_CURVE('',#4854,#4854,#176,.T.);
#6205=EDGE_CURVE('',#4855,#4855,#177,.T.);
#6206=EDGE_CURVE('',#4855,#4856,#2657,.T.);
#6207=EDGE_CURVE('',#4856,#4856,#178,.T.);
#6208=EDGE_CURVE('',#4857,#4857,#179,.T.);
#6209=EDGE_CURVE('',#4857,#4858,#2658,.T.);
#6210=EDGE_CURVE('',#4858,#4858,#180,.T.);
#6211=EDGE_CURVE('',#4859,#4860,#2659,.T.);
#6212=EDGE_CURVE('',#4861,#4860,#2660,.T.);
#6213=EDGE_CURVE('',#4861,#4862,#2661,.T.);
#6214=EDGE_CURVE('',#4859,#4862,#2662,.T.);
#6215=EDGE_CURVE('',#4863,#4859,#2663,.T.);
#6216=EDGE_CURVE('',#4863,#4864,#2664,.T.);
#6217=EDGE_CURVE('',#4864,#4865,#181,.T.);
#6218=EDGE_CURVE('',#4865,#4866,#2665,.T.);
#6219=EDGE_CURVE('',#4866,#4867,#2666,.T.);
#6220=EDGE_CURVE('',#4867,#4868,#2667,.T.);
#6221=EDGE_CURVE('',#4860,#4868,#2668,.T.);
#6222=EDGE_CURVE('',#4862,#4869,#2669,.T.);
#6223=EDGE_CURVE('',#4863,#4869,#2670,.T.);
#6224=EDGE_CURVE('',#4870,#4871,#2671,.T.);
#6225=EDGE_CURVE('',#4871,#4872,#2672,.T.);
#6226=EDGE_CURVE('',#4873,#4872,#2673,.T.);
#6227=EDGE_CURVE('',#4873,#4870,#2674,.T.);
#6228=EDGE_CURVE('',#4874,#4864,#2675,.T.);
#6229=EDGE_CURVE('',#4874,#4875,#182,.T.);
#6230=EDGE_CURVE('',#4875,#4865,#2676,.T.);
#6231=EDGE_CURVE('',#4876,#4870,#183,.T.);
#6232=EDGE_CURVE('',#4869,#4876,#2677,.T.);
#6233=EDGE_CURVE('',#4877,#4861,#2678,.T.);
#6234=EDGE_CURVE('',#4878,#4877,#2679,.T.);
#6235=EDGE_CURVE('',#4871,#4878,#2680,.T.);
#6236=EDGE_CURVE('',#4879,#4873,#184,.T.);
#6237=EDGE_CURVE('',#4876,#4879,#2681,.T.);
#6238=EDGE_CURVE('',#4880,#4875,#2682,.T.);
#6239=EDGE_CURVE('',#4880,#4866,#2683,.T.);
#6240=EDGE_CURVE('',#4872,#4881,#2684,.T.);
#6241=EDGE_CURVE('',#4881,#4879,#2685,.T.);
#6242=EDGE_CURVE('',#4882,#4880,#2686,.T.);
#6243=EDGE_CURVE('',#4882,#4867,#2687,.T.);
#6244=EDGE_CURVE('',#4877,#4868,#2688,.T.);
#6245=EDGE_CURVE('',#4874,#4882,#2689,.T.);
#6246=EDGE_CURVE('',#4878,#4881,#2690,.T.);
#6247=EDGE_CURVE('',#4883,#4884,#2691,.T.);
#6248=EDGE_CURVE('',#4885,#4883,#2692,.T.);
#6249=EDGE_CURVE('',#4886,#4885,#2693,.T.);
#6250=EDGE_CURVE('',#4884,#4886,#2694,.T.);
#6251=EDGE_CURVE('',#4883,#4887,#2695,.T.);
#6252=EDGE_CURVE('',#4888,#4887,#2696,.T.);
#6253=EDGE_CURVE('',#4885,#4888,#2697,.T.);
#6254=EDGE_CURVE('',#4884,#4889,#2698,.T.);
#6255=EDGE_CURVE('',#4887,#4889,#2699,.T.);
#6256=EDGE_CURVE('',#4890,#4888,#2700,.T.);
#6257=EDGE_CURVE('',#4886,#4890,#2701,.T.);
#6258=EDGE_CURVE('',#4889,#4890,#2702,.T.);
#6259=EDGE_CURVE('',#4891,#4892,#2703,.T.);
#6260=EDGE_CURVE('',#4893,#4891,#2704,.T.);
#6261=EDGE_CURVE('',#4894,#4893,#2705,.T.);
#6262=EDGE_CURVE('',#4892,#4894,#2706,.T.);
#6263=EDGE_CURVE('',#4891,#4895,#2707,.T.);
#6264=EDGE_CURVE('',#4896,#4895,#2708,.T.);
#6265=EDGE_CURVE('',#4893,#4896,#2709,.T.);
#6266=EDGE_CURVE('',#4892,#4897,#2710,.T.);
#6267=EDGE_CURVE('',#4895,#4897,#2711,.T.);
#6268=EDGE_CURVE('',#4898,#4896,#2712,.T.);
#6269=EDGE_CURVE('',#4894,#4898,#2713,.T.);
#6270=EDGE_CURVE('',#4897,#4898,#2714,.T.);
#6271=EDGE_CURVE('',#4899,#4900,#2715,.T.);
#6272=EDGE_CURVE('',#4901,#4899,#2716,.T.);
#6273=EDGE_CURVE('',#4902,#4901,#2717,.T.);
#6274=EDGE_CURVE('',#4900,#4902,#2718,.T.);
#6275=EDGE_CURVE('',#4899,#4903,#2719,.T.);
#6276=EDGE_CURVE('',#4904,#4903,#2720,.T.);
#6277=EDGE_CURVE('',#4901,#4904,#2721,.T.);
#6278=EDGE_CURVE('',#4900,#4905,#2722,.T.);
#6279=EDGE_CURVE('',#4903,#4905,#2723,.T.);
#6280=EDGE_CURVE('',#4906,#4904,#2724,.T.);
#6281=EDGE_CURVE('',#4902,#4906,#2725,.T.);
#6282=EDGE_CURVE('',#4905,#4906,#2726,.T.);
#6283=EDGE_CURVE('',#4907,#4908,#2727,.T.);
#6284=EDGE_CURVE('',#4909,#4907,#2728,.T.);
#6285=EDGE_CURVE('',#4910,#4909,#2729,.T.);
#6286=EDGE_CURVE('',#4908,#4910,#2730,.T.);
#6287=EDGE_CURVE('',#4907,#4911,#2731,.T.);
#6288=EDGE_CURVE('',#4912,#4911,#2732,.T.);
#6289=EDGE_CURVE('',#4909,#4912,#2733,.T.);
#6290=EDGE_CURVE('',#4908,#4913,#2734,.T.);
#6291=EDGE_CURVE('',#4911,#4913,#2735,.T.);
#6292=EDGE_CURVE('',#4914,#4912,#2736,.T.);
#6293=EDGE_CURVE('',#4910,#4914,#2737,.T.);
#6294=EDGE_CURVE('',#4913,#4914,#2738,.T.);
#6295=ORIENTED_EDGE('',*,*,#4915,.F.);
#6296=ORIENTED_EDGE('',*,*,#4916,.T.);
#6297=ORIENTED_EDGE('',*,*,#4917,.T.);
#6298=ORIENTED_EDGE('',*,*,#4918,.T.);
#6299=ORIENTED_EDGE('',*,*,#4919,.F.);
#6300=ORIENTED_EDGE('',*,*,#4920,.F.);
#6301=ORIENTED_EDGE('',*,*,#4921,.T.);
#6302=ORIENTED_EDGE('',*,*,#4922,.T.);
#6303=ORIENTED_EDGE('',*,*,#4919,.T.);
#6304=ORIENTED_EDGE('',*,*,#4923,.T.);
#6305=ORIENTED_EDGE('',*,*,#4915,.T.);
#6306=ORIENTED_EDGE('',*,*,#4924,.T.);
#6307=ORIENTED_EDGE('',*,*,#4918,.F.);
#6308=ORIENTED_EDGE('',*,*,#4925,.T.);
#6309=ORIENTED_EDGE('',*,*,#4920,.T.);
#6310=ORIENTED_EDGE('',*,*,#4924,.F.);
#6311=ORIENTED_EDGE('',*,*,#4916,.F.);
#6312=ORIENTED_EDGE('',*,*,#4923,.F.);
#6313=ORIENTED_EDGE('',*,*,#4922,.F.);
#6314=ORIENTED_EDGE('',*,*,#4926,.F.);
#6315=ORIENTED_EDGE('',*,*,#4917,.F.);
#6316=ORIENTED_EDGE('',*,*,#4926,.T.);
#6317=ORIENTED_EDGE('',*,*,#4921,.F.);
#6318=ORIENTED_EDGE('',*,*,#4925,.F.);
#6319=ORIENTED_EDGE('',*,*,#4927,.F.);
#6320=ORIENTED_EDGE('',*,*,#4928,.F.);
#6321=ORIENTED_EDGE('',*,*,#4929,.F.);
#6322=ORIENTED_EDGE('',*,*,#4930,.T.);
#6323=ORIENTED_EDGE('',*,*,#4931,.F.);
#6324=ORIENTED_EDGE('',*,*,#4932,.F.);
#6325=ORIENTED_EDGE('',*,*,#4933,.T.);
#6326=ORIENTED_EDGE('',*,*,#4934,.T.);
#6327=ORIENTED_EDGE('',*,*,#4927,.T.);
#6328=ORIENTED_EDGE('',*,*,#4935,.T.);
#6329=ORIENTED_EDGE('',*,*,#4931,.T.);
#6330=ORIENTED_EDGE('',*,*,#4936,.T.);
#6331=ORIENTED_EDGE('',*,*,#4928,.T.);
#6332=ORIENTED_EDGE('',*,*,#4936,.F.);
#6333=ORIENTED_EDGE('',*,*,#4934,.F.);
#6334=ORIENTED_EDGE('',*,*,#4937,.F.);
#6335=ORIENTED_EDGE('',*,*,#4929,.T.);
#6336=ORIENTED_EDGE('',*,*,#4937,.T.);
#6337=ORIENTED_EDGE('',*,*,#4933,.F.);
#6338=ORIENTED_EDGE('',*,*,#4938,.F.);
#6339=ORIENTED_EDGE('',*,*,#4930,.F.);
#6340=ORIENTED_EDGE('',*,*,#4938,.T.);
#6341=ORIENTED_EDGE('',*,*,#4932,.T.);
#6342=ORIENTED_EDGE('',*,*,#4935,.F.);
#6343=ORIENTED_EDGE('',*,*,#4939,.F.);
#6344=ORIENTED_EDGE('',*,*,#4940,.T.);
#6345=ORIENTED_EDGE('',*,*,#4941,.F.);
#6346=ORIENTED_EDGE('',*,*,#4940,.F.);
#6347=ORIENTED_EDGE('',*,*,#4942,.F.);
#6348=ORIENTED_EDGE('',*,*,#4943,.T.);
#6349=ORIENTED_EDGE('',*,*,#4944,.F.);
#6350=ORIENTED_EDGE('',*,*,#4943,.F.);
#6351=ORIENTED_EDGE('',*,*,#4945,.F.);
#6352=ORIENTED_EDGE('',*,*,#4946,.T.);
#6353=ORIENTED_EDGE('',*,*,#4947,.F.);
#6354=ORIENTED_EDGE('',*,*,#4946,.F.);
#6355=ORIENTED_EDGE('',*,*,#4948,.F.);
#6356=ORIENTED_EDGE('',*,*,#4949,.T.);
#6357=ORIENTED_EDGE('',*,*,#4950,.F.);
#6358=ORIENTED_EDGE('',*,*,#4949,.F.);
#6359=ORIENTED_EDGE('',*,*,#4951,.T.);
#6360=ORIENTED_EDGE('',*,*,#4952,.F.);
#6361=ORIENTED_EDGE('',*,*,#4953,.T.);
#6362=ORIENTED_EDGE('',*,*,#4954,.F.);
#6363=ORIENTED_EDGE('',*,*,#4955,.F.);
#6364=ORIENTED_EDGE('',*,*,#4956,.T.);
#6365=ORIENTED_EDGE('',*,*,#4957,.T.);
#6366=ORIENTED_EDGE('',*,*,#4958,.T.);
#6367=ORIENTED_EDGE('',*,*,#4959,.T.);
#6368=ORIENTED_EDGE('',*,*,#4960,.T.);
#6369=ORIENTED_EDGE('',*,*,#4961,.F.);
#6370=ORIENTED_EDGE('',*,*,#4951,.F.);
#6371=ORIENTED_EDGE('',*,*,#4944,.T.);
#6372=ORIENTED_EDGE('',*,*,#4950,.T.);
#6373=ORIENTED_EDGE('',*,*,#4954,.T.);
#6374=ORIENTED_EDGE('',*,*,#4962,.T.);
#6375=ORIENTED_EDGE('',*,*,#4963,.F.);
#6376=ORIENTED_EDGE('',*,*,#4955,.T.);
#6377=ORIENTED_EDGE('',*,*,#4964,.T.);
#6378=ORIENTED_EDGE('',*,*,#4965,.T.);
#6379=ORIENTED_EDGE('',*,*,#4966,.F.);
#6380=ORIENTED_EDGE('',*,*,#4967,.T.);
#6381=ORIENTED_EDGE('',*,*,#4957,.F.);
#6382=ORIENTED_EDGE('',*,*,#4968,.F.);
#6383=ORIENTED_EDGE('',*,*,#4969,.T.);
#6384=ORIENTED_EDGE('',*,*,#4970,.T.);
#6385=ORIENTED_EDGE('',*,*,#4971,.F.);
#6386=ORIENTED_EDGE('',*,*,#4972,.F.);
#6387=ORIENTED_EDGE('',*,*,#4962,.F.);
#6388=ORIENTED_EDGE('',*,*,#4953,.F.);
#6389=ORIENTED_EDGE('',*,*,#4973,.F.);
#6390=ORIENTED_EDGE('',*,*,#4974,.F.);
#6391=ORIENTED_EDGE('',*,*,#4975,.F.);
#6392=ORIENTED_EDGE('',*,*,#4964,.F.);
#6393=ORIENTED_EDGE('',*,*,#4939,.T.);
#6394=ORIENTED_EDGE('',*,*,#4945,.T.);
#6395=ORIENTED_EDGE('',*,*,#4971,.T.);
#6396=ORIENTED_EDGE('',*,*,#4967,.F.);
#6397=ORIENTED_EDGE('',*,*,#4976,.F.);
#6398=ORIENTED_EDGE('',*,*,#4977,.F.);
#6399=ORIENTED_EDGE('',*,*,#4978,.F.);
#6400=ORIENTED_EDGE('',*,*,#4979,.T.);
#6401=ORIENTED_EDGE('',*,*,#4958,.F.);
#6402=ORIENTED_EDGE('',*,*,#4970,.F.);
#6403=ORIENTED_EDGE('',*,*,#4976,.T.);
#6404=ORIENTED_EDGE('',*,*,#4966,.T.);
#6405=ORIENTED_EDGE('',*,*,#4980,.T.);
#6406=ORIENTED_EDGE('',*,*,#4981,.T.);
#6407=ORIENTED_EDGE('',*,*,#4941,.T.);
#6408=ORIENTED_EDGE('',*,*,#4947,.T.);
#6409=ORIENTED_EDGE('',*,*,#4982,.F.);
#6410=ORIENTED_EDGE('',*,*,#4983,.T.);
#6411=ORIENTED_EDGE('',*,*,#4959,.F.);
#6412=ORIENTED_EDGE('',*,*,#4979,.F.);
#6413=ORIENTED_EDGE('',*,*,#4952,.T.);
#6414=ORIENTED_EDGE('',*,*,#4961,.T.);
#6415=ORIENTED_EDGE('',*,*,#4984,.F.);
#6416=ORIENTED_EDGE('',*,*,#4973,.T.);
#6417=ORIENTED_EDGE('',*,*,#4969,.F.);
#6418=ORIENTED_EDGE('',*,*,#4985,.T.);
#6419=ORIENTED_EDGE('',*,*,#4982,.T.);
#6420=ORIENTED_EDGE('',*,*,#4978,.T.);
#6421=ORIENTED_EDGE('',*,*,#4942,.T.);
#6422=ORIENTED_EDGE('',*,*,#4948,.T.);
#6423=ORIENTED_EDGE('',*,*,#4975,.T.);
#6424=ORIENTED_EDGE('',*,*,#4986,.T.);
#6425=ORIENTED_EDGE('',*,*,#4980,.F.);
#6426=ORIENTED_EDGE('',*,*,#4965,.F.);
#6427=ORIENTED_EDGE('',*,*,#4972,.T.);
#6428=ORIENTED_EDGE('',*,*,#4977,.T.);
#6429=ORIENTED_EDGE('',*,*,#4981,.F.);
#6430=ORIENTED_EDGE('',*,*,#4986,.F.);
#6431=ORIENTED_EDGE('',*,*,#4974,.T.);
#6432=ORIENTED_EDGE('',*,*,#4984,.T.);
#6433=ORIENTED_EDGE('',*,*,#4960,.F.);
#6434=ORIENTED_EDGE('',*,*,#4983,.F.);
#6435=ORIENTED_EDGE('',*,*,#4985,.F.);
#6436=ORIENTED_EDGE('',*,*,#4968,.T.);
#6437=ORIENTED_EDGE('',*,*,#4956,.F.);
#6438=ORIENTED_EDGE('',*,*,#4963,.T.);
#6439=ORIENTED_EDGE('',*,*,#4987,.F.);
#6440=ORIENTED_EDGE('',*,*,#4988,.T.);
#6441=ORIENTED_EDGE('',*,*,#4989,.F.);
#6442=ORIENTED_EDGE('',*,*,#4988,.F.);
#6443=ORIENTED_EDGE('',*,*,#4990,.F.);
#6444=ORIENTED_EDGE('',*,*,#4991,.T.);
#6445=ORIENTED_EDGE('',*,*,#4992,.F.);
#6446=ORIENTED_EDGE('',*,*,#4991,.F.);
#6447=ORIENTED_EDGE('',*,*,#4993,.F.);
#6448=ORIENTED_EDGE('',*,*,#4994,.T.);
#6449=ORIENTED_EDGE('',*,*,#4995,.F.);
#6450=ORIENTED_EDGE('',*,*,#4994,.F.);
#6451=ORIENTED_EDGE('',*,*,#4996,.F.);
#6452=ORIENTED_EDGE('',*,*,#4997,.T.);
#6453=ORIENTED_EDGE('',*,*,#4998,.F.);
#6454=ORIENTED_EDGE('',*,*,#4997,.F.);
#6455=ORIENTED_EDGE('',*,*,#4999,.T.);
#6456=ORIENTED_EDGE('',*,*,#5000,.F.);
#6457=ORIENTED_EDGE('',*,*,#5001,.T.);
#6458=ORIENTED_EDGE('',*,*,#5002,.F.);
#6459=ORIENTED_EDGE('',*,*,#5003,.F.);
#6460=ORIENTED_EDGE('',*,*,#5004,.F.);
#6461=ORIENTED_EDGE('',*,*,#5005,.T.);
#6462=ORIENTED_EDGE('',*,*,#5006,.T.);
#6463=ORIENTED_EDGE('',*,*,#5007,.T.);
#6464=ORIENTED_EDGE('',*,*,#5008,.T.);
#6465=ORIENTED_EDGE('',*,*,#5009,.F.);
#6466=ORIENTED_EDGE('',*,*,#5010,.F.);
#6467=ORIENTED_EDGE('',*,*,#5000,.T.);
#6468=ORIENTED_EDGE('',*,*,#5011,.T.);
#6469=ORIENTED_EDGE('',*,*,#5012,.F.);
#6470=ORIENTED_EDGE('',*,*,#5013,.T.);
#6471=ORIENTED_EDGE('',*,*,#5014,.T.);
#6472=ORIENTED_EDGE('',*,*,#5015,.T.);
#6473=ORIENTED_EDGE('',*,*,#5016,.F.);
#6474=ORIENTED_EDGE('',*,*,#5006,.F.);
#6475=ORIENTED_EDGE('',*,*,#5017,.T.);
#6476=ORIENTED_EDGE('',*,*,#5018,.F.);
#6477=ORIENTED_EDGE('',*,*,#5019,.F.);
#6478=ORIENTED_EDGE('',*,*,#5008,.F.);
#6479=ORIENTED_EDGE('',*,*,#5012,.T.);
#6480=ORIENTED_EDGE('',*,*,#5020,.F.);
#6481=ORIENTED_EDGE('',*,*,#5015,.F.);
#6482=ORIENTED_EDGE('',*,*,#5021,.F.);
#6483=ORIENTED_EDGE('',*,*,#5022,.T.);
#6484=ORIENTED_EDGE('',*,*,#5023,.F.);
#6485=ORIENTED_EDGE('',*,*,#5024,.T.);
#6486=ORIENTED_EDGE('',*,*,#5025,.T.);
#6487=ORIENTED_EDGE('',*,*,#5026,.T.);
#6488=ORIENTED_EDGE('',*,*,#5027,.F.);
#6489=ORIENTED_EDGE('',*,*,#5018,.T.);
#6490=ORIENTED_EDGE('',*,*,#5028,.T.);
#6491=ORIENTED_EDGE('',*,*,#5005,.F.);
#6492=ORIENTED_EDGE('',*,*,#5029,.T.);
#6493=ORIENTED_EDGE('',*,*,#5021,.T.);
#6494=ORIENTED_EDGE('',*,*,#5014,.F.);
#6495=ORIENTED_EDGE('',*,*,#4990,.T.);
#6496=ORIENTED_EDGE('',*,*,#4996,.T.);
#6497=ORIENTED_EDGE('',*,*,#5029,.F.);
#6498=ORIENTED_EDGE('',*,*,#5004,.T.);
#6499=ORIENTED_EDGE('',*,*,#5030,.F.);
#6500=ORIENTED_EDGE('',*,*,#5022,.F.);
#6501=ORIENTED_EDGE('',*,*,#5030,.T.);
#6502=ORIENTED_EDGE('',*,*,#5003,.T.);
#6503=ORIENTED_EDGE('',*,*,#5016,.T.);
#6504=ORIENTED_EDGE('',*,*,#5020,.T.);
#6505=ORIENTED_EDGE('',*,*,#5011,.F.);
#6506=ORIENTED_EDGE('',*,*,#4999,.F.);
#6507=ORIENTED_EDGE('',*,*,#5031,.F.);
#6508=ORIENTED_EDGE('',*,*,#5023,.T.);
#6509=ORIENTED_EDGE('',*,*,#4992,.T.);
#6510=ORIENTED_EDGE('',*,*,#4998,.T.);
#6511=ORIENTED_EDGE('',*,*,#5002,.T.);
#6512=ORIENTED_EDGE('',*,*,#5032,.T.);
#6513=ORIENTED_EDGE('',*,*,#5024,.F.);
#6514=ORIENTED_EDGE('',*,*,#5031,.T.);
#6515=ORIENTED_EDGE('',*,*,#5033,.F.);
#6516=ORIENTED_EDGE('',*,*,#5025,.F.);
#6517=ORIENTED_EDGE('',*,*,#5032,.F.);
#6518=ORIENTED_EDGE('',*,*,#5001,.F.);
#6519=ORIENTED_EDGE('',*,*,#5013,.F.);
#6520=ORIENTED_EDGE('',*,*,#5028,.F.);
#6521=ORIENTED_EDGE('',*,*,#5017,.F.);
#6522=ORIENTED_EDGE('',*,*,#5007,.F.);
#6523=ORIENTED_EDGE('',*,*,#4987,.T.);
#6524=ORIENTED_EDGE('',*,*,#4993,.T.);
#6525=ORIENTED_EDGE('',*,*,#5033,.T.);
#6526=ORIENTED_EDGE('',*,*,#5010,.T.);
#6527=ORIENTED_EDGE('',*,*,#5034,.F.);
#6528=ORIENTED_EDGE('',*,*,#5026,.F.);
#6529=ORIENTED_EDGE('',*,*,#5019,.T.);
#6530=ORIENTED_EDGE('',*,*,#5027,.T.);
#6531=ORIENTED_EDGE('',*,*,#5034,.T.);
#6532=ORIENTED_EDGE('',*,*,#5009,.T.);
#6533=ORIENTED_EDGE('',*,*,#4989,.T.);
#6534=ORIENTED_EDGE('',*,*,#4995,.T.);
#6535=ORIENTED_EDGE('',*,*,#5035,.F.);
#6536=ORIENTED_EDGE('',*,*,#5036,.T.);
#6537=ORIENTED_EDGE('',*,*,#5037,.F.);
#6538=ORIENTED_EDGE('',*,*,#5036,.F.);
#6539=ORIENTED_EDGE('',*,*,#5038,.F.);
#6540=ORIENTED_EDGE('',*,*,#5039,.T.);
#6541=ORIENTED_EDGE('',*,*,#5040,.F.);
#6542=ORIENTED_EDGE('',*,*,#5039,.F.);
#6543=ORIENTED_EDGE('',*,*,#5041,.F.);
#6544=ORIENTED_EDGE('',*,*,#5042,.F.);
#6545=ORIENTED_EDGE('',*,*,#5043,.T.);
#6546=ORIENTED_EDGE('',*,*,#5044,.F.);
#6547=ORIENTED_EDGE('',*,*,#5045,.F.);
#6548=ORIENTED_EDGE('',*,*,#5046,.F.);
#6549=ORIENTED_EDGE('',*,*,#5043,.F.);
#6550=ORIENTED_EDGE('',*,*,#5047,.F.);
#6551=ORIENTED_EDGE('',*,*,#5038,.T.);
#6552=ORIENTED_EDGE('',*,*,#5048,.F.);
#6553=ORIENTED_EDGE('',*,*,#5049,.F.);
#6554=ORIENTED_EDGE('',*,*,#5050,.T.);
#6555=ORIENTED_EDGE('',*,*,#5051,.F.);
#6556=ORIENTED_EDGE('',*,*,#5052,.F.);
#6557=ORIENTED_EDGE('',*,*,#5050,.F.);
#6558=ORIENTED_EDGE('',*,*,#5053,.F.);
#6559=ORIENTED_EDGE('',*,*,#5054,.F.);
#6560=ORIENTED_EDGE('',*,*,#5035,.T.);
#6561=ORIENTED_EDGE('',*,*,#5045,.T.);
#6562=ORIENTED_EDGE('',*,*,#5055,.T.);
#6563=ORIENTED_EDGE('',*,*,#5056,.F.);
#6564=ORIENTED_EDGE('',*,*,#5057,.F.);
#6565=ORIENTED_EDGE('',*,*,#5044,.T.);
#6566=ORIENTED_EDGE('',*,*,#5046,.T.);
#6567=ORIENTED_EDGE('',*,*,#5057,.T.);
#6568=ORIENTED_EDGE('',*,*,#5058,.F.);
#6569=ORIENTED_EDGE('',*,*,#5059,.T.);
#6570=ORIENTED_EDGE('',*,*,#5060,.F.);
#6571=ORIENTED_EDGE('',*,*,#5061,.F.);
#6572=ORIENTED_EDGE('',*,*,#5062,.F.);
#6573=ORIENTED_EDGE('',*,*,#5063,.F.);
#6574=ORIENTED_EDGE('',*,*,#5053,.T.);
#6575=ORIENTED_EDGE('',*,*,#5049,.T.);
#6576=ORIENTED_EDGE('',*,*,#5064,.F.);
#6577=ORIENTED_EDGE('',*,*,#5056,.T.);
#6578=ORIENTED_EDGE('',*,*,#5065,.T.);
#6579=ORIENTED_EDGE('',*,*,#5066,.F.);
#6580=ORIENTED_EDGE('',*,*,#5058,.T.);
#6581=ORIENTED_EDGE('',*,*,#5040,.T.);
#6582=ORIENTED_EDGE('',*,*,#5066,.T.);
#6583=ORIENTED_EDGE('',*,*,#5067,.T.);
#6584=ORIENTED_EDGE('',*,*,#5068,.F.);
#6585=ORIENTED_EDGE('',*,*,#5059,.F.);
#6586=ORIENTED_EDGE('',*,*,#5054,.T.);
#6587=ORIENTED_EDGE('',*,*,#5063,.T.);
#6588=ORIENTED_EDGE('',*,*,#5069,.F.);
#6589=ORIENTED_EDGE('',*,*,#5070,.F.);
#6590=ORIENTED_EDGE('',*,*,#5071,.T.);
#6591=ORIENTED_EDGE('',*,*,#5069,.T.);
#6592=ORIENTED_EDGE('',*,*,#5062,.T.);
#6593=ORIENTED_EDGE('',*,*,#5072,.F.);
#6594=ORIENTED_EDGE('',*,*,#5037,.T.);
#6595=ORIENTED_EDGE('',*,*,#5072,.T.);
#6596=ORIENTED_EDGE('',*,*,#5061,.T.);
#6597=ORIENTED_EDGE('',*,*,#5073,.F.);
#6598=ORIENTED_EDGE('',*,*,#5074,.F.);
#6599=ORIENTED_EDGE('',*,*,#5042,.T.);
#6600=ORIENTED_EDGE('',*,*,#5075,.T.);
#6601=ORIENTED_EDGE('',*,*,#5051,.T.);
#6602=ORIENTED_EDGE('',*,*,#5052,.T.);
#6603=ORIENTED_EDGE('',*,*,#5070,.T.);
#6604=ORIENTED_EDGE('',*,*,#5071,.F.);
#6605=ORIENTED_EDGE('',*,*,#5074,.T.);
#6606=ORIENTED_EDGE('',*,*,#5076,.F.);
#6607=ORIENTED_EDGE('',*,*,#5067,.F.);
#6608=ORIENTED_EDGE('',*,*,#5065,.F.);
#6609=ORIENTED_EDGE('',*,*,#5055,.F.);
#6610=ORIENTED_EDGE('',*,*,#5047,.T.);
#6611=ORIENTED_EDGE('',*,*,#5041,.T.);
#6612=ORIENTED_EDGE('',*,*,#5064,.T.);
#6613=ORIENTED_EDGE('',*,*,#5048,.T.);
#6614=ORIENTED_EDGE('',*,*,#5075,.F.);
#6615=ORIENTED_EDGE('',*,*,#5068,.T.);
#6616=ORIENTED_EDGE('',*,*,#5076,.T.);
#6617=ORIENTED_EDGE('',*,*,#5073,.T.);
#6618=ORIENTED_EDGE('',*,*,#5060,.T.);
#6619=ORIENTED_EDGE('',*,*,#5077,.F.);
#6620=ORIENTED_EDGE('',*,*,#5078,.T.);
#6621=ORIENTED_EDGE('',*,*,#5079,.F.);
#6622=ORIENTED_EDGE('',*,*,#5078,.F.);
#6623=ORIENTED_EDGE('',*,*,#5080,.F.);
#6624=ORIENTED_EDGE('',*,*,#5081,.T.);
#6625=ORIENTED_EDGE('',*,*,#5082,.F.);
#6626=ORIENTED_EDGE('',*,*,#5081,.F.);
#6627=ORIENTED_EDGE('',*,*,#5083,.F.);
#6628=ORIENTED_EDGE('',*,*,#5084,.F.);
#6629=ORIENTED_EDGE('',*,*,#5085,.F.);
#6630=ORIENTED_EDGE('',*,*,#5086,.F.);
#6631=ORIENTED_EDGE('',*,*,#5087,.F.);
#6632=ORIENTED_EDGE('',*,*,#5088,.F.);
#6633=ORIENTED_EDGE('',*,*,#5089,.F.);
#6634=ORIENTED_EDGE('',*,*,#5090,.F.);
#6635=ORIENTED_EDGE('',*,*,#5088,.T.);
#6636=ORIENTED_EDGE('',*,*,#5091,.T.);
#6637=ORIENTED_EDGE('',*,*,#5092,.T.);
#6638=ORIENTED_EDGE('',*,*,#5093,.F.);
#6639=ORIENTED_EDGE('',*,*,#5087,.T.);
#6640=ORIENTED_EDGE('',*,*,#5094,.T.);
#6641=ORIENTED_EDGE('',*,*,#5095,.T.);
#6642=ORIENTED_EDGE('',*,*,#5091,.F.);
#6643=ORIENTED_EDGE('',*,*,#5079,.T.);
#6644=ORIENTED_EDGE('',*,*,#5096,.T.);
#6645=ORIENTED_EDGE('',*,*,#5097,.T.);
#6646=ORIENTED_EDGE('',*,*,#5094,.F.);
#6647=ORIENTED_EDGE('',*,*,#5090,.T.);
#6648=ORIENTED_EDGE('',*,*,#5098,.F.);
#6649=ORIENTED_EDGE('',*,*,#5099,.F.);
#6650=ORIENTED_EDGE('',*,*,#5100,.T.);
#6651=ORIENTED_EDGE('',*,*,#5084,.T.);
#6652=ORIENTED_EDGE('',*,*,#5083,.T.);
#6653=ORIENTED_EDGE('',*,*,#5101,.F.);
#6654=ORIENTED_EDGE('',*,*,#5102,.F.);
#6655=ORIENTED_EDGE('',*,*,#5096,.F.);
#6656=ORIENTED_EDGE('',*,*,#5077,.T.);
#6657=ORIENTED_EDGE('',*,*,#5086,.T.);
#6658=ORIENTED_EDGE('',*,*,#5103,.F.);
#6659=ORIENTED_EDGE('',*,*,#5104,.F.);
#6660=ORIENTED_EDGE('',*,*,#5101,.T.);
#6661=ORIENTED_EDGE('',*,*,#5105,.F.);
#6662=ORIENTED_EDGE('',*,*,#5106,.T.);
#6663=ORIENTED_EDGE('',*,*,#5107,.F.);
#6664=ORIENTED_EDGE('',*,*,#5108,.F.);
#6665=ORIENTED_EDGE('',*,*,#5109,.F.);
#6666=ORIENTED_EDGE('',*,*,#5110,.F.);
#6667=ORIENTED_EDGE('',*,*,#5111,.F.);
#6668=ORIENTED_EDGE('',*,*,#5112,.T.);
#6669=ORIENTED_EDGE('',*,*,#5110,.T.);
#6670=ORIENTED_EDGE('',*,*,#5113,.T.);
#6671=ORIENTED_EDGE('',*,*,#5114,.F.);
#6672=ORIENTED_EDGE('',*,*,#5115,.F.);
#6673=ORIENTED_EDGE('',*,*,#5109,.T.);
#6674=ORIENTED_EDGE('',*,*,#5116,.F.);
#6675=ORIENTED_EDGE('',*,*,#5117,.F.);
#6676=ORIENTED_EDGE('',*,*,#5113,.F.);
#6677=ORIENTED_EDGE('',*,*,#5080,.T.);
#6678=ORIENTED_EDGE('',*,*,#5118,.F.);
#6679=ORIENTED_EDGE('',*,*,#5119,.F.);
#6680=ORIENTED_EDGE('',*,*,#5116,.T.);
#6681=ORIENTED_EDGE('',*,*,#5112,.F.);
#6682=ORIENTED_EDGE('',*,*,#5120,.F.);
#6683=ORIENTED_EDGE('',*,*,#5121,.T.);
#6684=ORIENTED_EDGE('',*,*,#5122,.F.);
#6685=ORIENTED_EDGE('',*,*,#5106,.F.);
#6686=ORIENTED_EDGE('',*,*,#5105,.T.);
#6687=ORIENTED_EDGE('',*,*,#5123,.F.);
#6688=ORIENTED_EDGE('',*,*,#5124,.T.);
#6689=ORIENTED_EDGE('',*,*,#5118,.T.);
#6690=ORIENTED_EDGE('',*,*,#5082,.T.);
#6691=ORIENTED_EDGE('',*,*,#5114,.T.);
#6692=ORIENTED_EDGE('',*,*,#5117,.T.);
#6693=ORIENTED_EDGE('',*,*,#5119,.T.);
#6694=ORIENTED_EDGE('',*,*,#5124,.F.);
#6695=ORIENTED_EDGE('',*,*,#5125,.T.);
#6696=ORIENTED_EDGE('',*,*,#5126,.F.);
#6697=ORIENTED_EDGE('',*,*,#5092,.F.);
#6698=ORIENTED_EDGE('',*,*,#5095,.F.);
#6699=ORIENTED_EDGE('',*,*,#5097,.F.);
#6700=ORIENTED_EDGE('',*,*,#5102,.T.);
#6701=ORIENTED_EDGE('',*,*,#5104,.T.);
#6702=ORIENTED_EDGE('',*,*,#5127,.F.);
#6703=ORIENTED_EDGE('',*,*,#5108,.T.);
#6704=ORIENTED_EDGE('',*,*,#5128,.F.);
#6705=ORIENTED_EDGE('',*,*,#5125,.F.);
#6706=ORIENTED_EDGE('',*,*,#5123,.T.);
#6707=ORIENTED_EDGE('',*,*,#5129,.F.);
#6708=ORIENTED_EDGE('',*,*,#5121,.F.);
#6709=ORIENTED_EDGE('',*,*,#5130,.T.);
#6710=ORIENTED_EDGE('',*,*,#5099,.T.);
#6711=ORIENTED_EDGE('',*,*,#5115,.T.);
#6712=ORIENTED_EDGE('',*,*,#5127,.T.);
#6713=ORIENTED_EDGE('',*,*,#5103,.T.);
#6714=ORIENTED_EDGE('',*,*,#5085,.T.);
#6715=ORIENTED_EDGE('',*,*,#5100,.F.);
#6716=ORIENTED_EDGE('',*,*,#5130,.F.);
#6717=ORIENTED_EDGE('',*,*,#5120,.T.);
#6718=ORIENTED_EDGE('',*,*,#5111,.T.);
#6719=ORIENTED_EDGE('',*,*,#5126,.T.);
#6720=ORIENTED_EDGE('',*,*,#5128,.T.);
#6721=ORIENTED_EDGE('',*,*,#5107,.T.);
#6722=ORIENTED_EDGE('',*,*,#5122,.T.);
#6723=ORIENTED_EDGE('',*,*,#5129,.T.);
#6724=ORIENTED_EDGE('',*,*,#5098,.T.);
#6725=ORIENTED_EDGE('',*,*,#5089,.T.);
#6726=ORIENTED_EDGE('',*,*,#5093,.T.);
#6727=ORIENTED_EDGE('',*,*,#5131,.T.);
#6728=ORIENTED_EDGE('',*,*,#5132,.F.);
#6729=ORIENTED_EDGE('',*,*,#5133,.T.);
#6730=ORIENTED_EDGE('',*,*,#5134,.F.);
#6731=ORIENTED_EDGE('',*,*,#5135,.F.);
#6732=ORIENTED_EDGE('',*,*,#5136,.F.);
#6733=ORIENTED_EDGE('',*,*,#5137,.F.);
#6734=ORIENTED_EDGE('',*,*,#5133,.F.);
#6735=ORIENTED_EDGE('',*,*,#5138,.T.);
#6736=ORIENTED_EDGE('',*,*,#5139,.F.);
#6737=ORIENTED_EDGE('',*,*,#5140,.T.);
#6738=ORIENTED_EDGE('',*,*,#5141,.F.);
#6739=ORIENTED_EDGE('',*,*,#5140,.F.);
#6740=ORIENTED_EDGE('',*,*,#5142,.F.);
#6741=ORIENTED_EDGE('',*,*,#5143,.F.);
#6742=ORIENTED_EDGE('',*,*,#5144,.F.);
#6743=ORIENTED_EDGE('',*,*,#5135,.T.);
#6744=ORIENTED_EDGE('',*,*,#5132,.T.);
#6745=ORIENTED_EDGE('',*,*,#5145,.T.);
#6746=ORIENTED_EDGE('',*,*,#5141,.T.);
#6747=ORIENTED_EDGE('',*,*,#5144,.T.);
#6748=ORIENTED_EDGE('',*,*,#5146,.T.);
#6749=ORIENTED_EDGE('',*,*,#5147,.F.);
#6750=ORIENTED_EDGE('',*,*,#5148,.T.);
#6751=ORIENTED_EDGE('',*,*,#5149,.F.);
#6752=ORIENTED_EDGE('',*,*,#5150,.F.);
#6753=ORIENTED_EDGE('',*,*,#5151,.F.);
#6754=ORIENTED_EDGE('',*,*,#5152,.F.);
#6755=ORIENTED_EDGE('',*,*,#5136,.T.);
#6756=ORIENTED_EDGE('',*,*,#5152,.T.);
#6757=ORIENTED_EDGE('',*,*,#5153,.F.);
#6758=ORIENTED_EDGE('',*,*,#5154,.F.);
#6759=ORIENTED_EDGE('',*,*,#5151,.T.);
#6760=ORIENTED_EDGE('',*,*,#5155,.F.);
#6761=ORIENTED_EDGE('',*,*,#5156,.T.);
#6762=ORIENTED_EDGE('',*,*,#5153,.T.);
#6763=ORIENTED_EDGE('',*,*,#5143,.T.);
#6764=ORIENTED_EDGE('',*,*,#5157,.T.);
#6765=ORIENTED_EDGE('',*,*,#5158,.F.);
#6766=ORIENTED_EDGE('',*,*,#5146,.F.);
#6767=ORIENTED_EDGE('',*,*,#5159,.F.);
#6768=ORIENTED_EDGE('',*,*,#5147,.T.);
#6769=ORIENTED_EDGE('',*,*,#5158,.T.);
#6770=ORIENTED_EDGE('',*,*,#5160,.T.);
#6771=ORIENTED_EDGE('',*,*,#5138,.F.);
#6772=ORIENTED_EDGE('',*,*,#5145,.F.);
#6773=ORIENTED_EDGE('',*,*,#5131,.F.);
#6774=ORIENTED_EDGE('',*,*,#5161,.F.);
#6775=ORIENTED_EDGE('',*,*,#5159,.T.);
#6776=ORIENTED_EDGE('',*,*,#5162,.T.);
#6777=ORIENTED_EDGE('',*,*,#5163,.F.);
#6778=ORIENTED_EDGE('',*,*,#5148,.F.);
#6779=ORIENTED_EDGE('',*,*,#5155,.T.);
#6780=ORIENTED_EDGE('',*,*,#5150,.T.);
#6781=ORIENTED_EDGE('',*,*,#5164,.F.);
#6782=ORIENTED_EDGE('',*,*,#5165,.F.);
#6783=ORIENTED_EDGE('',*,*,#5137,.T.);
#6784=ORIENTED_EDGE('',*,*,#5154,.T.);
#6785=ORIENTED_EDGE('',*,*,#5156,.F.);
#6786=ORIENTED_EDGE('',*,*,#5165,.T.);
#6787=ORIENTED_EDGE('',*,*,#5166,.F.);
#6788=ORIENTED_EDGE('',*,*,#5162,.F.);
#6789=ORIENTED_EDGE('',*,*,#5160,.F.);
#6790=ORIENTED_EDGE('',*,*,#5157,.F.);
#6791=ORIENTED_EDGE('',*,*,#5142,.T.);
#6792=ORIENTED_EDGE('',*,*,#5139,.T.);
#6793=ORIENTED_EDGE('',*,*,#5161,.T.);
#6794=ORIENTED_EDGE('',*,*,#5134,.T.);
#6795=ORIENTED_EDGE('',*,*,#5163,.T.);
#6796=ORIENTED_EDGE('',*,*,#5166,.T.);
#6797=ORIENTED_EDGE('',*,*,#5164,.T.);
#6798=ORIENTED_EDGE('',*,*,#5149,.T.);
#6799=ORIENTED_EDGE('',*,*,#5167,.T.);
#6800=ORIENTED_EDGE('',*,*,#5168,.T.);
#6801=ORIENTED_EDGE('',*,*,#5169,.T.);
#6802=ORIENTED_EDGE('',*,*,#5170,.T.);
#6803=ORIENTED_EDGE('',*,*,#5171,.T.);
#6804=ORIENTED_EDGE('',*,*,#5172,.F.);
#6805=ORIENTED_EDGE('',*,*,#5173,.F.);
#6806=ORIENTED_EDGE('',*,*,#5174,.T.);
#6807=ORIENTED_EDGE('',*,*,#5175,.T.);
#6808=ORIENTED_EDGE('',*,*,#5176,.F.);
#6809=ORIENTED_EDGE('',*,*,#5177,.F.);
#6810=ORIENTED_EDGE('',*,*,#5168,.F.);
#6811=ORIENTED_EDGE('',*,*,#5177,.T.);
#6812=ORIENTED_EDGE('',*,*,#5178,.T.);
#6813=ORIENTED_EDGE('',*,*,#5179,.T.);
#6814=ORIENTED_EDGE('',*,*,#5180,.T.);
#6815=ORIENTED_EDGE('',*,*,#5181,.F.);
#6816=ORIENTED_EDGE('',*,*,#5173,.T.);
#6817=ORIENTED_EDGE('',*,*,#5182,.F.);
#6818=ORIENTED_EDGE('',*,*,#5183,.F.);
#6819=ORIENTED_EDGE('',*,*,#5184,.F.);
#6820=ORIENTED_EDGE('',*,*,#5185,.F.);
#6821=ORIENTED_EDGE('',*,*,#5186,.T.);
#6822=ORIENTED_EDGE('',*,*,#5169,.F.);
#6823=ORIENTED_EDGE('',*,*,#5187,.T.);
#6824=ORIENTED_EDGE('',*,*,#5188,.T.);
#6825=ORIENTED_EDGE('',*,*,#5178,.F.);
#6826=ORIENTED_EDGE('',*,*,#5176,.T.);
#6827=ORIENTED_EDGE('',*,*,#5189,.T.);
#6828=ORIENTED_EDGE('',*,*,#5190,.T.);
#6829=ORIENTED_EDGE('',*,*,#5183,.T.);
#6830=ORIENTED_EDGE('',*,*,#5191,.F.);
#6831=ORIENTED_EDGE('',*,*,#5170,.F.);
#6832=ORIENTED_EDGE('',*,*,#5186,.F.);
#6833=ORIENTED_EDGE('',*,*,#5192,.F.);
#6834=ORIENTED_EDGE('',*,*,#5193,.F.);
#6835=ORIENTED_EDGE('',*,*,#5188,.F.);
#6836=ORIENTED_EDGE('',*,*,#5194,.F.);
#6837=ORIENTED_EDGE('',*,*,#5195,.F.);
#6838=ORIENTED_EDGE('',*,*,#5179,.F.);
#6839=ORIENTED_EDGE('',*,*,#5192,.T.);
#6840=ORIENTED_EDGE('',*,*,#5185,.T.);
#6841=ORIENTED_EDGE('',*,*,#5196,.F.);
#6842=ORIENTED_EDGE('',*,*,#5197,.F.);
#6843=ORIENTED_EDGE('',*,*,#5190,.F.);
#6844=ORIENTED_EDGE('',*,*,#5198,.T.);
#6845=ORIENTED_EDGE('',*,*,#5196,.T.);
#6846=ORIENTED_EDGE('',*,*,#5184,.T.);
#6847=ORIENTED_EDGE('',*,*,#5195,.T.);
#6848=ORIENTED_EDGE('',*,*,#5199,.T.);
#6849=ORIENTED_EDGE('',*,*,#5200,.F.);
#6850=ORIENTED_EDGE('',*,*,#5180,.F.);
#6851=ORIENTED_EDGE('',*,*,#5174,.F.);
#6852=ORIENTED_EDGE('',*,*,#5181,.T.);
#6853=ORIENTED_EDGE('',*,*,#5200,.T.);
#6854=ORIENTED_EDGE('',*,*,#5201,.T.);
#6855=ORIENTED_EDGE('',*,*,#5193,.T.);
#6856=ORIENTED_EDGE('',*,*,#5197,.T.);
#6857=ORIENTED_EDGE('',*,*,#5198,.F.);
#6858=ORIENTED_EDGE('',*,*,#5189,.F.);
#6859=ORIENTED_EDGE('',*,*,#5202,.F.);
#6860=ORIENTED_EDGE('',*,*,#5171,.F.);
#6861=ORIENTED_EDGE('',*,*,#5201,.F.);
#6862=ORIENTED_EDGE('',*,*,#5199,.F.);
#6863=ORIENTED_EDGE('',*,*,#5194,.T.);
#6864=ORIENTED_EDGE('',*,*,#5187,.F.);
#6865=ORIENTED_EDGE('',*,*,#5175,.F.);
#6866=ORIENTED_EDGE('',*,*,#5167,.F.);
#6867=ORIENTED_EDGE('',*,*,#5202,.T.);
#6868=ORIENTED_EDGE('',*,*,#5191,.T.);
#6869=ORIENTED_EDGE('',*,*,#5182,.T.);
#6870=ORIENTED_EDGE('',*,*,#5172,.T.);
#6871=ORIENTED_EDGE('',*,*,#5203,.T.);
#6872=ORIENTED_EDGE('',*,*,#5204,.F.);
#6873=ORIENTED_EDGE('',*,*,#5205,.T.);
#6874=ORIENTED_EDGE('',*,*,#5206,.F.);
#6875=ORIENTED_EDGE('',*,*,#5205,.F.);
#6876=ORIENTED_EDGE('',*,*,#5207,.F.);
#6877=ORIENTED_EDGE('',*,*,#5208,.F.);
#6878=ORIENTED_EDGE('',*,*,#5209,.F.);
#6879=ORIENTED_EDGE('',*,*,#5210,.T.);
#6880=ORIENTED_EDGE('',*,*,#5211,.F.);
#6881=ORIENTED_EDGE('',*,*,#5212,.T.);
#6882=ORIENTED_EDGE('',*,*,#5213,.F.);
#6883=ORIENTED_EDGE('',*,*,#5212,.F.);
#6884=ORIENTED_EDGE('',*,*,#5214,.F.);
#6885=ORIENTED_EDGE('',*,*,#5215,.F.);
#6886=ORIENTED_EDGE('',*,*,#5216,.F.);
#6887=ORIENTED_EDGE('',*,*,#5207,.T.);
#6888=ORIENTED_EDGE('',*,*,#5204,.T.);
#6889=ORIENTED_EDGE('',*,*,#5217,.T.);
#6890=ORIENTED_EDGE('',*,*,#5213,.T.);
#6891=ORIENTED_EDGE('',*,*,#5216,.T.);
#6892=ORIENTED_EDGE('',*,*,#5218,.T.);
#6893=ORIENTED_EDGE('',*,*,#5219,.F.);
#6894=ORIENTED_EDGE('',*,*,#5220,.T.);
#6895=ORIENTED_EDGE('',*,*,#5221,.F.);
#6896=ORIENTED_EDGE('',*,*,#5222,.F.);
#6897=ORIENTED_EDGE('',*,*,#5223,.F.);
#6898=ORIENTED_EDGE('',*,*,#5224,.F.);
#6899=ORIENTED_EDGE('',*,*,#5208,.T.);
#6900=ORIENTED_EDGE('',*,*,#5224,.T.);
#6901=ORIENTED_EDGE('',*,*,#5225,.F.);
#6902=ORIENTED_EDGE('',*,*,#5226,.F.);
#6903=ORIENTED_EDGE('',*,*,#5227,.F.);
#6904=ORIENTED_EDGE('',*,*,#5228,.T.);
#6905=ORIENTED_EDGE('',*,*,#5225,.T.);
#6906=ORIENTED_EDGE('',*,*,#5223,.T.);
#6907=ORIENTED_EDGE('',*,*,#5215,.T.);
#6908=ORIENTED_EDGE('',*,*,#5229,.T.);
#6909=ORIENTED_EDGE('',*,*,#5230,.F.);
#6910=ORIENTED_EDGE('',*,*,#5218,.F.);
#6911=ORIENTED_EDGE('',*,*,#5231,.F.);
#6912=ORIENTED_EDGE('',*,*,#5219,.T.);
#6913=ORIENTED_EDGE('',*,*,#5230,.T.);
#6914=ORIENTED_EDGE('',*,*,#5232,.T.);
#6915=ORIENTED_EDGE('',*,*,#5233,.F.);
#6916=ORIENTED_EDGE('',*,*,#5210,.F.);
#6917=ORIENTED_EDGE('',*,*,#5217,.F.);
#6918=ORIENTED_EDGE('',*,*,#5203,.F.);
#6919=ORIENTED_EDGE('',*,*,#5227,.T.);
#6920=ORIENTED_EDGE('',*,*,#5222,.T.);
#6921=ORIENTED_EDGE('',*,*,#5234,.F.);
#6922=ORIENTED_EDGE('',*,*,#5235,.F.);
#6923=ORIENTED_EDGE('',*,*,#5209,.T.);
#6924=ORIENTED_EDGE('',*,*,#5226,.T.);
#6925=ORIENTED_EDGE('',*,*,#5228,.F.);
#6926=ORIENTED_EDGE('',*,*,#5235,.T.);
#6927=ORIENTED_EDGE('',*,*,#5236,.F.);
#6928=ORIENTED_EDGE('',*,*,#5237,.F.);
#6929=ORIENTED_EDGE('',*,*,#5232,.F.);
#6930=ORIENTED_EDGE('',*,*,#5229,.F.);
#6931=ORIENTED_EDGE('',*,*,#5214,.T.);
#6932=ORIENTED_EDGE('',*,*,#5211,.T.);
#6933=ORIENTED_EDGE('',*,*,#5233,.T.);
#6934=ORIENTED_EDGE('',*,*,#5206,.T.);
#6935=ORIENTED_EDGE('',*,*,#5231,.T.);
#6936=ORIENTED_EDGE('',*,*,#5237,.T.);
#6937=ORIENTED_EDGE('',*,*,#5238,.F.);
#6938=ORIENTED_EDGE('',*,*,#5220,.F.);
#6939=ORIENTED_EDGE('',*,*,#5234,.T.);
#6940=ORIENTED_EDGE('',*,*,#5221,.T.);
#6941=ORIENTED_EDGE('',*,*,#5238,.T.);
#6942=ORIENTED_EDGE('',*,*,#5236,.T.);
#6943=ORIENTED_EDGE('',*,*,#5239,.T.);
#6944=ORIENTED_EDGE('',*,*,#5240,.F.);
#6945=ORIENTED_EDGE('',*,*,#5241,.T.);
#6946=ORIENTED_EDGE('',*,*,#5242,.F.);
#6947=ORIENTED_EDGE('',*,*,#5241,.F.);
#6948=ORIENTED_EDGE('',*,*,#5243,.F.);
#6949=ORIENTED_EDGE('',*,*,#5244,.F.);
#6950=ORIENTED_EDGE('',*,*,#5245,.F.);
#6951=ORIENTED_EDGE('',*,*,#5246,.T.);
#6952=ORIENTED_EDGE('',*,*,#5247,.F.);
#6953=ORIENTED_EDGE('',*,*,#5248,.T.);
#6954=ORIENTED_EDGE('',*,*,#5249,.F.);
#6955=ORIENTED_EDGE('',*,*,#5250,.F.);
#6956=ORIENTED_EDGE('',*,*,#5251,.F.);
#6957=ORIENTED_EDGE('',*,*,#5248,.F.);
#6958=ORIENTED_EDGE('',*,*,#5252,.F.);
#6959=ORIENTED_EDGE('',*,*,#5243,.T.);
#6960=ORIENTED_EDGE('',*,*,#5240,.T.);
#6961=ORIENTED_EDGE('',*,*,#5253,.T.);
#6962=ORIENTED_EDGE('',*,*,#5249,.T.);
#6963=ORIENTED_EDGE('',*,*,#5251,.T.);
#6964=ORIENTED_EDGE('',*,*,#5254,.T.);
#6965=ORIENTED_EDGE('',*,*,#5255,.F.);
#6966=ORIENTED_EDGE('',*,*,#5256,.T.);
#6967=ORIENTED_EDGE('',*,*,#5257,.F.);
#6968=ORIENTED_EDGE('',*,*,#5258,.F.);
#6969=ORIENTED_EDGE('',*,*,#5259,.F.);
#6970=ORIENTED_EDGE('',*,*,#5260,.F.);
#6971=ORIENTED_EDGE('',*,*,#5250,.T.);
#6972=ORIENTED_EDGE('',*,*,#5261,.T.);
#6973=ORIENTED_EDGE('',*,*,#5262,.F.);
#6974=ORIENTED_EDGE('',*,*,#5254,.F.);
#6975=ORIENTED_EDGE('',*,*,#5244,.T.);
#6976=ORIENTED_EDGE('',*,*,#5260,.T.);
#6977=ORIENTED_EDGE('',*,*,#5263,.F.);
#6978=ORIENTED_EDGE('',*,*,#5264,.F.);
#6979=ORIENTED_EDGE('',*,*,#5265,.F.);
#6980=ORIENTED_EDGE('',*,*,#5266,.T.);
#6981=ORIENTED_EDGE('',*,*,#5263,.T.);
#6982=ORIENTED_EDGE('',*,*,#5259,.T.);
#6983=ORIENTED_EDGE('',*,*,#5262,.T.);
#6984=ORIENTED_EDGE('',*,*,#5267,.T.);
#6985=ORIENTED_EDGE('',*,*,#5268,.F.);
#6986=ORIENTED_EDGE('',*,*,#5255,.T.);
#6987=ORIENTED_EDGE('',*,*,#5253,.F.);
#6988=ORIENTED_EDGE('',*,*,#5239,.F.);
#6989=ORIENTED_EDGE('',*,*,#5269,.F.);
#6990=ORIENTED_EDGE('',*,*,#5246,.F.);
#6991=ORIENTED_EDGE('',*,*,#5268,.T.);
#6992=ORIENTED_EDGE('',*,*,#5270,.T.);
#6993=ORIENTED_EDGE('',*,*,#5271,.F.);
#6994=ORIENTED_EDGE('',*,*,#5256,.F.);
#6995=ORIENTED_EDGE('',*,*,#5265,.T.);
#6996=ORIENTED_EDGE('',*,*,#5258,.T.);
#6997=ORIENTED_EDGE('',*,*,#5272,.F.);
#6998=ORIENTED_EDGE('',*,*,#5273,.F.);
#6999=ORIENTED_EDGE('',*,*,#5245,.T.);
#7000=ORIENTED_EDGE('',*,*,#5264,.T.);
#7001=ORIENTED_EDGE('',*,*,#5266,.F.);
#7002=ORIENTED_EDGE('',*,*,#5273,.T.);
#7003=ORIENTED_EDGE('',*,*,#5274,.F.);
#7004=ORIENTED_EDGE('',*,*,#5270,.F.);
#7005=ORIENTED_EDGE('',*,*,#5267,.F.);
#7006=ORIENTED_EDGE('',*,*,#5261,.F.);
#7007=ORIENTED_EDGE('',*,*,#5252,.T.);
#7008=ORIENTED_EDGE('',*,*,#5247,.T.);
#7009=ORIENTED_EDGE('',*,*,#5269,.T.);
#7010=ORIENTED_EDGE('',*,*,#5242,.T.);
#7011=ORIENTED_EDGE('',*,*,#5271,.T.);
#7012=ORIENTED_EDGE('',*,*,#5274,.T.);
#7013=ORIENTED_EDGE('',*,*,#5272,.T.);
#7014=ORIENTED_EDGE('',*,*,#5257,.T.);
#7015=ORIENTED_EDGE('',*,*,#5275,.T.);
#7016=ORIENTED_EDGE('',*,*,#5276,.F.);
#7017=ORIENTED_EDGE('',*,*,#5277,.T.);
#7018=ORIENTED_EDGE('',*,*,#5278,.F.);
#7019=ORIENTED_EDGE('',*,*,#5279,.F.);
#7020=ORIENTED_EDGE('',*,*,#5280,.F.);
#7021=ORIENTED_EDGE('',*,*,#5281,.F.);
#7022=ORIENTED_EDGE('',*,*,#5277,.F.);
#7023=ORIENTED_EDGE('',*,*,#5282,.T.);
#7024=ORIENTED_EDGE('',*,*,#5283,.F.);
#7025=ORIENTED_EDGE('',*,*,#5284,.T.);
#7026=ORIENTED_EDGE('',*,*,#5285,.F.);
#7027=ORIENTED_EDGE('',*,*,#5284,.F.);
#7028=ORIENTED_EDGE('',*,*,#5286,.F.);
#7029=ORIENTED_EDGE('',*,*,#5287,.F.);
#7030=ORIENTED_EDGE('',*,*,#5288,.F.);
#7031=ORIENTED_EDGE('',*,*,#5279,.T.);
#7032=ORIENTED_EDGE('',*,*,#5276,.T.);
#7033=ORIENTED_EDGE('',*,*,#5289,.T.);
#7034=ORIENTED_EDGE('',*,*,#5285,.T.);
#7035=ORIENTED_EDGE('',*,*,#5288,.T.);
#7036=ORIENTED_EDGE('',*,*,#5290,.T.);
#7037=ORIENTED_EDGE('',*,*,#5291,.F.);
#7038=ORIENTED_EDGE('',*,*,#5292,.T.);
#7039=ORIENTED_EDGE('',*,*,#5293,.F.);
#7040=ORIENTED_EDGE('',*,*,#5294,.F.);
#7041=ORIENTED_EDGE('',*,*,#5295,.F.);
#7042=ORIENTED_EDGE('',*,*,#5296,.F.);
#7043=ORIENTED_EDGE('',*,*,#5287,.T.);
#7044=ORIENTED_EDGE('',*,*,#5297,.T.);
#7045=ORIENTED_EDGE('',*,*,#5298,.F.);
#7046=ORIENTED_EDGE('',*,*,#5290,.F.);
#7047=ORIENTED_EDGE('',*,*,#5299,.F.);
#7048=ORIENTED_EDGE('',*,*,#5291,.T.);
#7049=ORIENTED_EDGE('',*,*,#5298,.T.);
#7050=ORIENTED_EDGE('',*,*,#5300,.T.);
#7051=ORIENTED_EDGE('',*,*,#5280,.T.);
#7052=ORIENTED_EDGE('',*,*,#5296,.T.);
#7053=ORIENTED_EDGE('',*,*,#5301,.F.);
#7054=ORIENTED_EDGE('',*,*,#5302,.F.);
#7055=ORIENTED_EDGE('',*,*,#5295,.T.);
#7056=ORIENTED_EDGE('',*,*,#5303,.F.);
#7057=ORIENTED_EDGE('',*,*,#5304,.T.);
#7058=ORIENTED_EDGE('',*,*,#5301,.T.);
#7059=ORIENTED_EDGE('',*,*,#5289,.F.);
#7060=ORIENTED_EDGE('',*,*,#5275,.F.);
#7061=ORIENTED_EDGE('',*,*,#5305,.F.);
#7062=ORIENTED_EDGE('',*,*,#5282,.F.);
#7063=ORIENTED_EDGE('',*,*,#5299,.T.);
#7064=ORIENTED_EDGE('',*,*,#5306,.T.);
#7065=ORIENTED_EDGE('',*,*,#5307,.F.);
#7066=ORIENTED_EDGE('',*,*,#5292,.F.);
#7067=ORIENTED_EDGE('',*,*,#5281,.T.);
#7068=ORIENTED_EDGE('',*,*,#5302,.T.);
#7069=ORIENTED_EDGE('',*,*,#5304,.F.);
#7070=ORIENTED_EDGE('',*,*,#5308,.T.);
#7071=ORIENTED_EDGE('',*,*,#5309,.F.);
#7072=ORIENTED_EDGE('',*,*,#5306,.F.);
#7073=ORIENTED_EDGE('',*,*,#5300,.F.);
#7074=ORIENTED_EDGE('',*,*,#5297,.F.);
#7075=ORIENTED_EDGE('',*,*,#5286,.T.);
#7076=ORIENTED_EDGE('',*,*,#5283,.T.);
#7077=ORIENTED_EDGE('',*,*,#5305,.T.);
#7078=ORIENTED_EDGE('',*,*,#5278,.T.);
#7079=ORIENTED_EDGE('',*,*,#5303,.T.);
#7080=ORIENTED_EDGE('',*,*,#5294,.T.);
#7081=ORIENTED_EDGE('',*,*,#5310,.F.);
#7082=ORIENTED_EDGE('',*,*,#5308,.F.);
#7083=ORIENTED_EDGE('',*,*,#5309,.T.);
#7084=ORIENTED_EDGE('',*,*,#5310,.T.);
#7085=ORIENTED_EDGE('',*,*,#5293,.T.);
#7086=ORIENTED_EDGE('',*,*,#5307,.T.);
#7087=ORIENTED_EDGE('',*,*,#5311,.T.);
#7088=ORIENTED_EDGE('',*,*,#5312,.F.);
#7089=ORIENTED_EDGE('',*,*,#5313,.T.);
#7090=ORIENTED_EDGE('',*,*,#5314,.F.);
#7091=ORIENTED_EDGE('',*,*,#5313,.F.);
#7092=ORIENTED_EDGE('',*,*,#5315,.F.);
#7093=ORIENTED_EDGE('',*,*,#5316,.F.);
#7094=ORIENTED_EDGE('',*,*,#5317,.F.);
#7095=ORIENTED_EDGE('',*,*,#5318,.T.);
#7096=ORIENTED_EDGE('',*,*,#5319,.F.);
#7097=ORIENTED_EDGE('',*,*,#5320,.T.);
#7098=ORIENTED_EDGE('',*,*,#5321,.F.);
#7099=ORIENTED_EDGE('',*,*,#5320,.F.);
#7100=ORIENTED_EDGE('',*,*,#5322,.F.);
#7101=ORIENTED_EDGE('',*,*,#5323,.F.);
#7102=ORIENTED_EDGE('',*,*,#5324,.F.);
#7103=ORIENTED_EDGE('',*,*,#5315,.T.);
#7104=ORIENTED_EDGE('',*,*,#5312,.T.);
#7105=ORIENTED_EDGE('',*,*,#5325,.T.);
#7106=ORIENTED_EDGE('',*,*,#5321,.T.);
#7107=ORIENTED_EDGE('',*,*,#5324,.T.);
#7108=ORIENTED_EDGE('',*,*,#5326,.T.);
#7109=ORIENTED_EDGE('',*,*,#5327,.F.);
#7110=ORIENTED_EDGE('',*,*,#5328,.T.);
#7111=ORIENTED_EDGE('',*,*,#5329,.F.);
#7112=ORIENTED_EDGE('',*,*,#5330,.F.);
#7113=ORIENTED_EDGE('',*,*,#5331,.F.);
#7114=ORIENTED_EDGE('',*,*,#5332,.F.);
#7115=ORIENTED_EDGE('',*,*,#5316,.T.);
#7116=ORIENTED_EDGE('',*,*,#5332,.T.);
#7117=ORIENTED_EDGE('',*,*,#5333,.F.);
#7118=ORIENTED_EDGE('',*,*,#5334,.F.);
#7119=ORIENTED_EDGE('',*,*,#5335,.F.);
#7120=ORIENTED_EDGE('',*,*,#5336,.T.);
#7121=ORIENTED_EDGE('',*,*,#5333,.T.);
#7122=ORIENTED_EDGE('',*,*,#5331,.T.);
#7123=ORIENTED_EDGE('',*,*,#5323,.T.);
#7124=ORIENTED_EDGE('',*,*,#5337,.T.);
#7125=ORIENTED_EDGE('',*,*,#5338,.F.);
#7126=ORIENTED_EDGE('',*,*,#5326,.F.);
#7127=ORIENTED_EDGE('',*,*,#5339,.F.);
#7128=ORIENTED_EDGE('',*,*,#5327,.T.);
#7129=ORIENTED_EDGE('',*,*,#5338,.T.);
#7130=ORIENTED_EDGE('',*,*,#5340,.T.);
#7131=ORIENTED_EDGE('',*,*,#5325,.F.);
#7132=ORIENTED_EDGE('',*,*,#5311,.F.);
#7133=ORIENTED_EDGE('',*,*,#5341,.F.);
#7134=ORIENTED_EDGE('',*,*,#5318,.F.);
#7135=ORIENTED_EDGE('',*,*,#5335,.T.);
#7136=ORIENTED_EDGE('',*,*,#5330,.T.);
#7137=ORIENTED_EDGE('',*,*,#5342,.F.);
#7138=ORIENTED_EDGE('',*,*,#5343,.F.);
#7139=ORIENTED_EDGE('',*,*,#5317,.T.);
#7140=ORIENTED_EDGE('',*,*,#5334,.T.);
#7141=ORIENTED_EDGE('',*,*,#5336,.F.);
#7142=ORIENTED_EDGE('',*,*,#5343,.T.);
#7143=ORIENTED_EDGE('',*,*,#5344,.F.);
#7144=ORIENTED_EDGE('',*,*,#5345,.F.);
#7145=ORIENTED_EDGE('',*,*,#5340,.F.);
#7146=ORIENTED_EDGE('',*,*,#5337,.F.);
#7147=ORIENTED_EDGE('',*,*,#5322,.T.);
#7148=ORIENTED_EDGE('',*,*,#5319,.T.);
#7149=ORIENTED_EDGE('',*,*,#5341,.T.);
#7150=ORIENTED_EDGE('',*,*,#5314,.T.);
#7151=ORIENTED_EDGE('',*,*,#5339,.T.);
#7152=ORIENTED_EDGE('',*,*,#5345,.T.);
#7153=ORIENTED_EDGE('',*,*,#5346,.F.);
#7154=ORIENTED_EDGE('',*,*,#5328,.F.);
#7155=ORIENTED_EDGE('',*,*,#5342,.T.);
#7156=ORIENTED_EDGE('',*,*,#5329,.T.);
#7157=ORIENTED_EDGE('',*,*,#5346,.T.);
#7158=ORIENTED_EDGE('',*,*,#5344,.T.);
#7159=ORIENTED_EDGE('',*,*,#5347,.T.);
#7160=ORIENTED_EDGE('',*,*,#5348,.F.);
#7161=ORIENTED_EDGE('',*,*,#5349,.T.);
#7162=ORIENTED_EDGE('',*,*,#5350,.F.);
#7163=ORIENTED_EDGE('',*,*,#5349,.F.);
#7164=ORIENTED_EDGE('',*,*,#5351,.F.);
#7165=ORIENTED_EDGE('',*,*,#5352,.F.);
#7166=ORIENTED_EDGE('',*,*,#5353,.F.);
#7167=ORIENTED_EDGE('',*,*,#5354,.T.);
#7168=ORIENTED_EDGE('',*,*,#5355,.F.);
#7169=ORIENTED_EDGE('',*,*,#5356,.T.);
#7170=ORIENTED_EDGE('',*,*,#5357,.F.);
#7171=ORIENTED_EDGE('',*,*,#5356,.F.);
#7172=ORIENTED_EDGE('',*,*,#5358,.F.);
#7173=ORIENTED_EDGE('',*,*,#5359,.F.);
#7174=ORIENTED_EDGE('',*,*,#5360,.F.);
#7175=ORIENTED_EDGE('',*,*,#5351,.T.);
#7176=ORIENTED_EDGE('',*,*,#5348,.T.);
#7177=ORIENTED_EDGE('',*,*,#5361,.T.);
#7178=ORIENTED_EDGE('',*,*,#5357,.T.);
#7179=ORIENTED_EDGE('',*,*,#5360,.T.);
#7180=ORIENTED_EDGE('',*,*,#5362,.T.);
#7181=ORIENTED_EDGE('',*,*,#5363,.F.);
#7182=ORIENTED_EDGE('',*,*,#5364,.T.);
#7183=ORIENTED_EDGE('',*,*,#5365,.F.);
#7184=ORIENTED_EDGE('',*,*,#5366,.F.);
#7185=ORIENTED_EDGE('',*,*,#5367,.F.);
#7186=ORIENTED_EDGE('',*,*,#5368,.F.);
#7187=ORIENTED_EDGE('',*,*,#5352,.T.);
#7188=ORIENTED_EDGE('',*,*,#5368,.T.);
#7189=ORIENTED_EDGE('',*,*,#5369,.F.);
#7190=ORIENTED_EDGE('',*,*,#5370,.F.);
#7191=ORIENTED_EDGE('',*,*,#5371,.F.);
#7192=ORIENTED_EDGE('',*,*,#5372,.T.);
#7193=ORIENTED_EDGE('',*,*,#5369,.T.);
#7194=ORIENTED_EDGE('',*,*,#5367,.T.);
#7195=ORIENTED_EDGE('',*,*,#5359,.T.);
#7196=ORIENTED_EDGE('',*,*,#5373,.T.);
#7197=ORIENTED_EDGE('',*,*,#5374,.F.);
#7198=ORIENTED_EDGE('',*,*,#5362,.F.);
#7199=ORIENTED_EDGE('',*,*,#5375,.F.);
#7200=ORIENTED_EDGE('',*,*,#5363,.T.);
#7201=ORIENTED_EDGE('',*,*,#5374,.T.);
#7202=ORIENTED_EDGE('',*,*,#5376,.T.);
#7203=ORIENTED_EDGE('',*,*,#5361,.F.);
#7204=ORIENTED_EDGE('',*,*,#5347,.F.);
#7205=ORIENTED_EDGE('',*,*,#5377,.F.);
#7206=ORIENTED_EDGE('',*,*,#5354,.F.);
#7207=ORIENTED_EDGE('',*,*,#5375,.T.);
#7208=ORIENTED_EDGE('',*,*,#5378,.T.);
#7209=ORIENTED_EDGE('',*,*,#5379,.F.);
#7210=ORIENTED_EDGE('',*,*,#5364,.F.);
#7211=ORIENTED_EDGE('',*,*,#5371,.T.);
#7212=ORIENTED_EDGE('',*,*,#5366,.T.);
#7213=ORIENTED_EDGE('',*,*,#5380,.F.);
#7214=ORIENTED_EDGE('',*,*,#5381,.F.);
#7215=ORIENTED_EDGE('',*,*,#5353,.T.);
#7216=ORIENTED_EDGE('',*,*,#5370,.T.);
#7217=ORIENTED_EDGE('',*,*,#5372,.F.);
#7218=ORIENTED_EDGE('',*,*,#5381,.T.);
#7219=ORIENTED_EDGE('',*,*,#5382,.F.);
#7220=ORIENTED_EDGE('',*,*,#5378,.F.);
#7221=ORIENTED_EDGE('',*,*,#5376,.F.);
#7222=ORIENTED_EDGE('',*,*,#5373,.F.);
#7223=ORIENTED_EDGE('',*,*,#5358,.T.);
#7224=ORIENTED_EDGE('',*,*,#5355,.T.);
#7225=ORIENTED_EDGE('',*,*,#5377,.T.);
#7226=ORIENTED_EDGE('',*,*,#5350,.T.);
#7227=ORIENTED_EDGE('',*,*,#5379,.T.);
#7228=ORIENTED_EDGE('',*,*,#5382,.T.);
#7229=ORIENTED_EDGE('',*,*,#5380,.T.);
#7230=ORIENTED_EDGE('',*,*,#5365,.T.);
#7231=ORIENTED_EDGE('',*,*,#5383,.T.);
#7232=ORIENTED_EDGE('',*,*,#5384,.F.);
#7233=ORIENTED_EDGE('',*,*,#5385,.T.);
#7234=ORIENTED_EDGE('',*,*,#5386,.F.);
#7235=ORIENTED_EDGE('',*,*,#5385,.F.);
#7236=ORIENTED_EDGE('',*,*,#5387,.F.);
#7237=ORIENTED_EDGE('',*,*,#5388,.F.);
#7238=ORIENTED_EDGE('',*,*,#5389,.F.);
#7239=ORIENTED_EDGE('',*,*,#5390,.T.);
#7240=ORIENTED_EDGE('',*,*,#5391,.F.);
#7241=ORIENTED_EDGE('',*,*,#5392,.T.);
#7242=ORIENTED_EDGE('',*,*,#5393,.F.);
#7243=ORIENTED_EDGE('',*,*,#5394,.F.);
#7244=ORIENTED_EDGE('',*,*,#5395,.F.);
#7245=ORIENTED_EDGE('',*,*,#5392,.F.);
#7246=ORIENTED_EDGE('',*,*,#5396,.F.);
#7247=ORIENTED_EDGE('',*,*,#5387,.T.);
#7248=ORIENTED_EDGE('',*,*,#5384,.T.);
#7249=ORIENTED_EDGE('',*,*,#5397,.T.);
#7250=ORIENTED_EDGE('',*,*,#5393,.T.);
#7251=ORIENTED_EDGE('',*,*,#5395,.T.);
#7252=ORIENTED_EDGE('',*,*,#5398,.T.);
#7253=ORIENTED_EDGE('',*,*,#5399,.F.);
#7254=ORIENTED_EDGE('',*,*,#5400,.T.);
#7255=ORIENTED_EDGE('',*,*,#5401,.F.);
#7256=ORIENTED_EDGE('',*,*,#5402,.F.);
#7257=ORIENTED_EDGE('',*,*,#5403,.F.);
#7258=ORIENTED_EDGE('',*,*,#5404,.F.);
#7259=ORIENTED_EDGE('',*,*,#5394,.T.);
#7260=ORIENTED_EDGE('',*,*,#5405,.T.);
#7261=ORIENTED_EDGE('',*,*,#5406,.F.);
#7262=ORIENTED_EDGE('',*,*,#5398,.F.);
#7263=ORIENTED_EDGE('',*,*,#5388,.T.);
#7264=ORIENTED_EDGE('',*,*,#5404,.T.);
#7265=ORIENTED_EDGE('',*,*,#5407,.F.);
#7266=ORIENTED_EDGE('',*,*,#5408,.F.);
#7267=ORIENTED_EDGE('',*,*,#5409,.F.);
#7268=ORIENTED_EDGE('',*,*,#5410,.T.);
#7269=ORIENTED_EDGE('',*,*,#5407,.T.);
#7270=ORIENTED_EDGE('',*,*,#5403,.T.);
#7271=ORIENTED_EDGE('',*,*,#5406,.T.);
#7272=ORIENTED_EDGE('',*,*,#5411,.T.);
#7273=ORIENTED_EDGE('',*,*,#5412,.F.);
#7274=ORIENTED_EDGE('',*,*,#5399,.T.);
#7275=ORIENTED_EDGE('',*,*,#5413,.F.);
#7276=ORIENTED_EDGE('',*,*,#5390,.F.);
#7277=ORIENTED_EDGE('',*,*,#5397,.F.);
#7278=ORIENTED_EDGE('',*,*,#5383,.F.);
#7279=ORIENTED_EDGE('',*,*,#5409,.T.);
#7280=ORIENTED_EDGE('',*,*,#5402,.T.);
#7281=ORIENTED_EDGE('',*,*,#5414,.F.);
#7282=ORIENTED_EDGE('',*,*,#5415,.F.);
#7283=ORIENTED_EDGE('',*,*,#5389,.T.);
#7284=ORIENTED_EDGE('',*,*,#5408,.T.);
#7285=ORIENTED_EDGE('',*,*,#5410,.F.);
#7286=ORIENTED_EDGE('',*,*,#5415,.T.);
#7287=ORIENTED_EDGE('',*,*,#5416,.F.);
#7288=ORIENTED_EDGE('',*,*,#5417,.F.);
#7289=ORIENTED_EDGE('',*,*,#5411,.F.);
#7290=ORIENTED_EDGE('',*,*,#5405,.F.);
#7291=ORIENTED_EDGE('',*,*,#5396,.T.);
#7292=ORIENTED_EDGE('',*,*,#5391,.T.);
#7293=ORIENTED_EDGE('',*,*,#5413,.T.);
#7294=ORIENTED_EDGE('',*,*,#5386,.T.);
#7295=ORIENTED_EDGE('',*,*,#5412,.T.);
#7296=ORIENTED_EDGE('',*,*,#5417,.T.);
#7297=ORIENTED_EDGE('',*,*,#5418,.F.);
#7298=ORIENTED_EDGE('',*,*,#5400,.F.);
#7299=ORIENTED_EDGE('',*,*,#5414,.T.);
#7300=ORIENTED_EDGE('',*,*,#5401,.T.);
#7301=ORIENTED_EDGE('',*,*,#5418,.T.);
#7302=ORIENTED_EDGE('',*,*,#5416,.T.);
#7303=ORIENTED_EDGE('',*,*,#5419,.T.);
#7304=ORIENTED_EDGE('',*,*,#5420,.F.);
#7305=ORIENTED_EDGE('',*,*,#5421,.T.);
#7306=ORIENTED_EDGE('',*,*,#5422,.F.);
#7307=ORIENTED_EDGE('',*,*,#5421,.F.);
#7308=ORIENTED_EDGE('',*,*,#5423,.F.);
#7309=ORIENTED_EDGE('',*,*,#5424,.F.);
#7310=ORIENTED_EDGE('',*,*,#5425,.F.);
#7311=ORIENTED_EDGE('',*,*,#5426,.T.);
#7312=ORIENTED_EDGE('',*,*,#5427,.F.);
#7313=ORIENTED_EDGE('',*,*,#5428,.T.);
#7314=ORIENTED_EDGE('',*,*,#5429,.F.);
#7315=ORIENTED_EDGE('',*,*,#5430,.F.);
#7316=ORIENTED_EDGE('',*,*,#5428,.F.);
#7317=ORIENTED_EDGE('',*,*,#5431,.F.);
#7318=ORIENTED_EDGE('',*,*,#5432,.F.);
#7319=ORIENTED_EDGE('',*,*,#5423,.T.);
#7320=ORIENTED_EDGE('',*,*,#5420,.T.);
#7321=ORIENTED_EDGE('',*,*,#5433,.T.);
#7322=ORIENTED_EDGE('',*,*,#5429,.T.);
#7323=ORIENTED_EDGE('',*,*,#5430,.T.);
#7324=ORIENTED_EDGE('',*,*,#5434,.T.);
#7325=ORIENTED_EDGE('',*,*,#5435,.F.);
#7326=ORIENTED_EDGE('',*,*,#5436,.T.);
#7327=ORIENTED_EDGE('',*,*,#5437,.F.);
#7328=ORIENTED_EDGE('',*,*,#5438,.F.);
#7329=ORIENTED_EDGE('',*,*,#5439,.F.);
#7330=ORIENTED_EDGE('',*,*,#5440,.F.);
#7331=ORIENTED_EDGE('',*,*,#5432,.T.);
#7332=ORIENTED_EDGE('',*,*,#5441,.T.);
#7333=ORIENTED_EDGE('',*,*,#5442,.F.);
#7334=ORIENTED_EDGE('',*,*,#5434,.F.);
#7335=ORIENTED_EDGE('',*,*,#5424,.T.);
#7336=ORIENTED_EDGE('',*,*,#5440,.T.);
#7337=ORIENTED_EDGE('',*,*,#5443,.F.);
#7338=ORIENTED_EDGE('',*,*,#5444,.F.);
#7339=ORIENTED_EDGE('',*,*,#5445,.F.);
#7340=ORIENTED_EDGE('',*,*,#5446,.T.);
#7341=ORIENTED_EDGE('',*,*,#5443,.T.);
#7342=ORIENTED_EDGE('',*,*,#5439,.T.);
#7343=ORIENTED_EDGE('',*,*,#5435,.T.);
#7344=ORIENTED_EDGE('',*,*,#5442,.T.);
#7345=ORIENTED_EDGE('',*,*,#5447,.T.);
#7346=ORIENTED_EDGE('',*,*,#5448,.F.);
#7347=ORIENTED_EDGE('',*,*,#5433,.F.);
#7348=ORIENTED_EDGE('',*,*,#5419,.F.);
#7349=ORIENTED_EDGE('',*,*,#5449,.F.);
#7350=ORIENTED_EDGE('',*,*,#5426,.F.);
#7351=ORIENTED_EDGE('',*,*,#5445,.T.);
#7352=ORIENTED_EDGE('',*,*,#5438,.T.);
#7353=ORIENTED_EDGE('',*,*,#5450,.F.);
#7354=ORIENTED_EDGE('',*,*,#5451,.F.);
#7355=ORIENTED_EDGE('',*,*,#5425,.T.);
#7356=ORIENTED_EDGE('',*,*,#5444,.T.);
#7357=ORIENTED_EDGE('',*,*,#5446,.F.);
#7358=ORIENTED_EDGE('',*,*,#5451,.T.);
#7359=ORIENTED_EDGE('',*,*,#5452,.F.);
#7360=ORIENTED_EDGE('',*,*,#5453,.F.);
#7361=ORIENTED_EDGE('',*,*,#5447,.F.);
#7362=ORIENTED_EDGE('',*,*,#5441,.F.);
#7363=ORIENTED_EDGE('',*,*,#5431,.T.);
#7364=ORIENTED_EDGE('',*,*,#5427,.T.);
#7365=ORIENTED_EDGE('',*,*,#5449,.T.);
#7366=ORIENTED_EDGE('',*,*,#5422,.T.);
#7367=ORIENTED_EDGE('',*,*,#5448,.T.);
#7368=ORIENTED_EDGE('',*,*,#5453,.T.);
#7369=ORIENTED_EDGE('',*,*,#5454,.F.);
#7370=ORIENTED_EDGE('',*,*,#5436,.F.);
#7371=ORIENTED_EDGE('',*,*,#5437,.T.);
#7372=ORIENTED_EDGE('',*,*,#5454,.T.);
#7373=ORIENTED_EDGE('',*,*,#5452,.T.);
#7374=ORIENTED_EDGE('',*,*,#5450,.T.);
#7375=ORIENTED_EDGE('',*,*,#5455,.T.);
#7376=ORIENTED_EDGE('',*,*,#5456,.F.);
#7377=ORIENTED_EDGE('',*,*,#5457,.T.);
#7378=ORIENTED_EDGE('',*,*,#5458,.F.);
#7379=ORIENTED_EDGE('',*,*,#5459,.F.);
#7380=ORIENTED_EDGE('',*,*,#5460,.F.);
#7381=ORIENTED_EDGE('',*,*,#5461,.F.);
#7382=ORIENTED_EDGE('',*,*,#5457,.F.);
#7383=ORIENTED_EDGE('',*,*,#5462,.T.);
#7384=ORIENTED_EDGE('',*,*,#5463,.F.);
#7385=ORIENTED_EDGE('',*,*,#5464,.T.);
#7386=ORIENTED_EDGE('',*,*,#5465,.F.);
#7387=ORIENTED_EDGE('',*,*,#5466,.F.);
#7388=ORIENTED_EDGE('',*,*,#5464,.F.);
#7389=ORIENTED_EDGE('',*,*,#5467,.F.);
#7390=ORIENTED_EDGE('',*,*,#5468,.F.);
#7391=ORIENTED_EDGE('',*,*,#5459,.T.);
#7392=ORIENTED_EDGE('',*,*,#5456,.T.);
#7393=ORIENTED_EDGE('',*,*,#5469,.T.);
#7394=ORIENTED_EDGE('',*,*,#5465,.T.);
#7395=ORIENTED_EDGE('',*,*,#5466,.T.);
#7396=ORIENTED_EDGE('',*,*,#5470,.T.);
#7397=ORIENTED_EDGE('',*,*,#5471,.F.);
#7398=ORIENTED_EDGE('',*,*,#5472,.T.);
#7399=ORIENTED_EDGE('',*,*,#5473,.F.);
#7400=ORIENTED_EDGE('',*,*,#5474,.F.);
#7401=ORIENTED_EDGE('',*,*,#5475,.F.);
#7402=ORIENTED_EDGE('',*,*,#5476,.F.);
#7403=ORIENTED_EDGE('',*,*,#5468,.T.);
#7404=ORIENTED_EDGE('',*,*,#5477,.T.);
#7405=ORIENTED_EDGE('',*,*,#5478,.F.);
#7406=ORIENTED_EDGE('',*,*,#5470,.F.);
#7407=ORIENTED_EDGE('',*,*,#5460,.T.);
#7408=ORIENTED_EDGE('',*,*,#5476,.T.);
#7409=ORIENTED_EDGE('',*,*,#5479,.F.);
#7410=ORIENTED_EDGE('',*,*,#5480,.F.);
#7411=ORIENTED_EDGE('',*,*,#5475,.T.);
#7412=ORIENTED_EDGE('',*,*,#5481,.F.);
#7413=ORIENTED_EDGE('',*,*,#5482,.T.);
#7414=ORIENTED_EDGE('',*,*,#5479,.T.);
#7415=ORIENTED_EDGE('',*,*,#5471,.T.);
#7416=ORIENTED_EDGE('',*,*,#5478,.T.);
#7417=ORIENTED_EDGE('',*,*,#5483,.T.);
#7418=ORIENTED_EDGE('',*,*,#5484,.F.);
#7419=ORIENTED_EDGE('',*,*,#5485,.F.);
#7420=ORIENTED_EDGE('',*,*,#5462,.F.);
#7421=ORIENTED_EDGE('',*,*,#5469,.F.);
#7422=ORIENTED_EDGE('',*,*,#5455,.F.);
#7423=ORIENTED_EDGE('',*,*,#5481,.T.);
#7424=ORIENTED_EDGE('',*,*,#5474,.T.);
#7425=ORIENTED_EDGE('',*,*,#5486,.F.);
#7426=ORIENTED_EDGE('',*,*,#5487,.F.);
#7427=ORIENTED_EDGE('',*,*,#5461,.T.);
#7428=ORIENTED_EDGE('',*,*,#5480,.T.);
#7429=ORIENTED_EDGE('',*,*,#5482,.F.);
#7430=ORIENTED_EDGE('',*,*,#5487,.T.);
#7431=ORIENTED_EDGE('',*,*,#5488,.F.);
#7432=ORIENTED_EDGE('',*,*,#5489,.F.);
#7433=ORIENTED_EDGE('',*,*,#5483,.F.);
#7434=ORIENTED_EDGE('',*,*,#5477,.F.);
#7435=ORIENTED_EDGE('',*,*,#5467,.T.);
#7436=ORIENTED_EDGE('',*,*,#5463,.T.);
#7437=ORIENTED_EDGE('',*,*,#5485,.T.);
#7438=ORIENTED_EDGE('',*,*,#5458,.T.);
#7439=ORIENTED_EDGE('',*,*,#5484,.T.);
#7440=ORIENTED_EDGE('',*,*,#5489,.T.);
#7441=ORIENTED_EDGE('',*,*,#5490,.F.);
#7442=ORIENTED_EDGE('',*,*,#5472,.F.);
#7443=ORIENTED_EDGE('',*,*,#5486,.T.);
#7444=ORIENTED_EDGE('',*,*,#5473,.T.);
#7445=ORIENTED_EDGE('',*,*,#5490,.T.);
#7446=ORIENTED_EDGE('',*,*,#5488,.T.);
#7447=ORIENTED_EDGE('',*,*,#5491,.T.);
#7448=ORIENTED_EDGE('',*,*,#5492,.F.);
#7449=ORIENTED_EDGE('',*,*,#5493,.T.);
#7450=ORIENTED_EDGE('',*,*,#5494,.F.);
#7451=ORIENTED_EDGE('',*,*,#5493,.F.);
#7452=ORIENTED_EDGE('',*,*,#5495,.F.);
#7453=ORIENTED_EDGE('',*,*,#5496,.F.);
#7454=ORIENTED_EDGE('',*,*,#5497,.F.);
#7455=ORIENTED_EDGE('',*,*,#5498,.T.);
#7456=ORIENTED_EDGE('',*,*,#5499,.F.);
#7457=ORIENTED_EDGE('',*,*,#5500,.T.);
#7458=ORIENTED_EDGE('',*,*,#5501,.F.);
#7459=ORIENTED_EDGE('',*,*,#5502,.F.);
#7460=ORIENTED_EDGE('',*,*,#5500,.F.);
#7461=ORIENTED_EDGE('',*,*,#5503,.F.);
#7462=ORIENTED_EDGE('',*,*,#5504,.F.);
#7463=ORIENTED_EDGE('',*,*,#5495,.T.);
#7464=ORIENTED_EDGE('',*,*,#5492,.T.);
#7465=ORIENTED_EDGE('',*,*,#5505,.T.);
#7466=ORIENTED_EDGE('',*,*,#5501,.T.);
#7467=ORIENTED_EDGE('',*,*,#5502,.T.);
#7468=ORIENTED_EDGE('',*,*,#5506,.T.);
#7469=ORIENTED_EDGE('',*,*,#5507,.F.);
#7470=ORIENTED_EDGE('',*,*,#5508,.T.);
#7471=ORIENTED_EDGE('',*,*,#5509,.F.);
#7472=ORIENTED_EDGE('',*,*,#5510,.F.);
#7473=ORIENTED_EDGE('',*,*,#5511,.F.);
#7474=ORIENTED_EDGE('',*,*,#5512,.F.);
#7475=ORIENTED_EDGE('',*,*,#5504,.T.);
#7476=ORIENTED_EDGE('',*,*,#5513,.T.);
#7477=ORIENTED_EDGE('',*,*,#5514,.F.);
#7478=ORIENTED_EDGE('',*,*,#5506,.F.);
#7479=ORIENTED_EDGE('',*,*,#5496,.T.);
#7480=ORIENTED_EDGE('',*,*,#5512,.T.);
#7481=ORIENTED_EDGE('',*,*,#5515,.F.);
#7482=ORIENTED_EDGE('',*,*,#5516,.F.);
#7483=ORIENTED_EDGE('',*,*,#5517,.F.);
#7484=ORIENTED_EDGE('',*,*,#5518,.T.);
#7485=ORIENTED_EDGE('',*,*,#5515,.T.);
#7486=ORIENTED_EDGE('',*,*,#5511,.T.);
#7487=ORIENTED_EDGE('',*,*,#5507,.T.);
#7488=ORIENTED_EDGE('',*,*,#5514,.T.);
#7489=ORIENTED_EDGE('',*,*,#5519,.T.);
#7490=ORIENTED_EDGE('',*,*,#5520,.F.);
#7491=ORIENTED_EDGE('',*,*,#5521,.F.);
#7492=ORIENTED_EDGE('',*,*,#5498,.F.);
#7493=ORIENTED_EDGE('',*,*,#5505,.F.);
#7494=ORIENTED_EDGE('',*,*,#5491,.F.);
#7495=ORIENTED_EDGE('',*,*,#5517,.T.);
#7496=ORIENTED_EDGE('',*,*,#5510,.T.);
#7497=ORIENTED_EDGE('',*,*,#5522,.F.);
#7498=ORIENTED_EDGE('',*,*,#5523,.F.);
#7499=ORIENTED_EDGE('',*,*,#5497,.T.);
#7500=ORIENTED_EDGE('',*,*,#5516,.T.);
#7501=ORIENTED_EDGE('',*,*,#5518,.F.);
#7502=ORIENTED_EDGE('',*,*,#5523,.T.);
#7503=ORIENTED_EDGE('',*,*,#5524,.F.);
#7504=ORIENTED_EDGE('',*,*,#5525,.F.);
#7505=ORIENTED_EDGE('',*,*,#5519,.F.);
#7506=ORIENTED_EDGE('',*,*,#5513,.F.);
#7507=ORIENTED_EDGE('',*,*,#5503,.T.);
#7508=ORIENTED_EDGE('',*,*,#5499,.T.);
#7509=ORIENTED_EDGE('',*,*,#5521,.T.);
#7510=ORIENTED_EDGE('',*,*,#5494,.T.);
#7511=ORIENTED_EDGE('',*,*,#5520,.T.);
#7512=ORIENTED_EDGE('',*,*,#5525,.T.);
#7513=ORIENTED_EDGE('',*,*,#5526,.F.);
#7514=ORIENTED_EDGE('',*,*,#5508,.F.);
#7515=ORIENTED_EDGE('',*,*,#5509,.T.);
#7516=ORIENTED_EDGE('',*,*,#5526,.T.);
#7517=ORIENTED_EDGE('',*,*,#5524,.T.);
#7518=ORIENTED_EDGE('',*,*,#5522,.T.);
#7519=ORIENTED_EDGE('',*,*,#5527,.F.);
#7520=ORIENTED_EDGE('',*,*,#5528,.F.);
#7521=ORIENTED_EDGE('',*,*,#5529,.F.);
#7522=ORIENTED_EDGE('',*,*,#5530,.F.);
#7523=ORIENTED_EDGE('',*,*,#5528,.T.);
#7524=ORIENTED_EDGE('',*,*,#5531,.T.);
#7525=ORIENTED_EDGE('',*,*,#5532,.T.);
#7526=ORIENTED_EDGE('',*,*,#5533,.T.);
#7527=ORIENTED_EDGE('',*,*,#5534,.F.);
#7528=ORIENTED_EDGE('',*,*,#5535,.T.);
#7529=ORIENTED_EDGE('',*,*,#5536,.F.);
#7530=ORIENTED_EDGE('',*,*,#5537,.F.);
#7531=ORIENTED_EDGE('',*,*,#5538,.F.);
#7532=ORIENTED_EDGE('',*,*,#5539,.F.);
#7533=ORIENTED_EDGE('',*,*,#5540,.T.);
#7534=ORIENTED_EDGE('',*,*,#5541,.T.);
#7535=ORIENTED_EDGE('',*,*,#5527,.T.);
#7536=ORIENTED_EDGE('',*,*,#5542,.F.);
#7537=ORIENTED_EDGE('',*,*,#5543,.T.);
#7538=ORIENTED_EDGE('',*,*,#5531,.F.);
#7539=ORIENTED_EDGE('',*,*,#5543,.F.);
#7540=ORIENTED_EDGE('',*,*,#5544,.F.);
#7541=ORIENTED_EDGE('',*,*,#5545,.F.);
#7542=ORIENTED_EDGE('',*,*,#5532,.F.);
#7543=ORIENTED_EDGE('',*,*,#5529,.T.);
#7544=ORIENTED_EDGE('',*,*,#5541,.F.);
#7545=ORIENTED_EDGE('',*,*,#5546,.T.);
#7546=ORIENTED_EDGE('',*,*,#5547,.F.);
#7547=ORIENTED_EDGE('',*,*,#5546,.F.);
#7548=ORIENTED_EDGE('',*,*,#5540,.F.);
#7549=ORIENTED_EDGE('',*,*,#5548,.F.);
#7550=ORIENTED_EDGE('',*,*,#5549,.F.);
#7551=ORIENTED_EDGE('',*,*,#5545,.T.);
#7552=ORIENTED_EDGE('',*,*,#5550,.T.);
#7553=ORIENTED_EDGE('',*,*,#5551,.F.);
#7554=ORIENTED_EDGE('',*,*,#5533,.F.);
#7555=ORIENTED_EDGE('',*,*,#5552,.F.);
#7556=ORIENTED_EDGE('',*,*,#5534,.T.);
#7557=ORIENTED_EDGE('',*,*,#5551,.T.);
#7558=ORIENTED_EDGE('',*,*,#5553,.T.);
#7559=ORIENTED_EDGE('',*,*,#5548,.T.);
#7560=ORIENTED_EDGE('',*,*,#5539,.T.);
#7561=ORIENTED_EDGE('',*,*,#5554,.F.);
#7562=ORIENTED_EDGE('',*,*,#5555,.F.);
#7563=ORIENTED_EDGE('',*,*,#5556,.F.);
#7564=ORIENTED_EDGE('',*,*,#5557,.T.);
#7565=ORIENTED_EDGE('',*,*,#5554,.T.);
#7566=ORIENTED_EDGE('',*,*,#5538,.T.);
#7567=ORIENTED_EDGE('',*,*,#5530,.T.);
#7568=ORIENTED_EDGE('',*,*,#5547,.T.);
#7569=ORIENTED_EDGE('',*,*,#5549,.T.);
#7570=ORIENTED_EDGE('',*,*,#5555,.T.);
#7571=ORIENTED_EDGE('',*,*,#5557,.F.);
#7572=ORIENTED_EDGE('',*,*,#5558,.T.);
#7573=ORIENTED_EDGE('',*,*,#5559,.F.);
#7574=ORIENTED_EDGE('',*,*,#5560,.F.);
#7575=ORIENTED_EDGE('',*,*,#5553,.F.);
#7576=ORIENTED_EDGE('',*,*,#5550,.F.);
#7577=ORIENTED_EDGE('',*,*,#5544,.T.);
#7578=ORIENTED_EDGE('',*,*,#5542,.T.);
#7579=ORIENTED_EDGE('',*,*,#5552,.T.);
#7580=ORIENTED_EDGE('',*,*,#5560,.T.);
#7581=ORIENTED_EDGE('',*,*,#5561,.F.);
#7582=ORIENTED_EDGE('',*,*,#5535,.F.);
#7583=ORIENTED_EDGE('',*,*,#5556,.T.);
#7584=ORIENTED_EDGE('',*,*,#5537,.T.);
#7585=ORIENTED_EDGE('',*,*,#5562,.F.);
#7586=ORIENTED_EDGE('',*,*,#5558,.F.);
#7587=ORIENTED_EDGE('',*,*,#5562,.T.);
#7588=ORIENTED_EDGE('',*,*,#5536,.T.);
#7589=ORIENTED_EDGE('',*,*,#5561,.T.);
#7590=ORIENTED_EDGE('',*,*,#5559,.T.);
#7591=ORIENTED_EDGE('',*,*,#5563,.F.);
#7592=ORIENTED_EDGE('',*,*,#5564,.T.);
#7593=ORIENTED_EDGE('',*,*,#5565,.F.);
#7594=ORIENTED_EDGE('',*,*,#5564,.F.);
#7595=ORIENTED_EDGE('',*,*,#5565,.T.);
#7596=ORIENTED_EDGE('',*,*,#5563,.T.);
#7597=ORIENTED_EDGE('',*,*,#5566,.F.);
#7598=ORIENTED_EDGE('',*,*,#5567,.T.);
#7599=ORIENTED_EDGE('',*,*,#5568,.F.);
#7600=ORIENTED_EDGE('',*,*,#5567,.F.);
#7601=ORIENTED_EDGE('',*,*,#5568,.T.);
#7602=ORIENTED_EDGE('',*,*,#5566,.T.);
#7603=ORIENTED_EDGE('',*,*,#5569,.F.);
#7604=ORIENTED_EDGE('',*,*,#5570,.T.);
#7605=ORIENTED_EDGE('',*,*,#5571,.F.);
#7606=ORIENTED_EDGE('',*,*,#5570,.F.);
#7607=ORIENTED_EDGE('',*,*,#5571,.T.);
#7608=ORIENTED_EDGE('',*,*,#5569,.T.);
#7609=ORIENTED_EDGE('',*,*,#5572,.F.);
#7610=ORIENTED_EDGE('',*,*,#5573,.T.);
#7611=ORIENTED_EDGE('',*,*,#5574,.F.);
#7612=ORIENTED_EDGE('',*,*,#5573,.F.);
#7613=ORIENTED_EDGE('',*,*,#5574,.T.);
#7614=ORIENTED_EDGE('',*,*,#5572,.T.);
#7615=ORIENTED_EDGE('',*,*,#5575,.F.);
#7616=ORIENTED_EDGE('',*,*,#5576,.T.);
#7617=ORIENTED_EDGE('',*,*,#5577,.F.);
#7618=ORIENTED_EDGE('',*,*,#5576,.F.);
#7619=ORIENTED_EDGE('',*,*,#5577,.T.);
#7620=ORIENTED_EDGE('',*,*,#5575,.T.);
#7621=ORIENTED_EDGE('',*,*,#5578,.F.);
#7622=ORIENTED_EDGE('',*,*,#5579,.T.);
#7623=ORIENTED_EDGE('',*,*,#5580,.F.);
#7624=ORIENTED_EDGE('',*,*,#5579,.F.);
#7625=ORIENTED_EDGE('',*,*,#5580,.T.);
#7626=ORIENTED_EDGE('',*,*,#5578,.T.);
#7627=ORIENTED_EDGE('',*,*,#5581,.F.);
#7628=ORIENTED_EDGE('',*,*,#5582,.T.);
#7629=ORIENTED_EDGE('',*,*,#5583,.F.);
#7630=ORIENTED_EDGE('',*,*,#5582,.F.);
#7631=ORIENTED_EDGE('',*,*,#5583,.T.);
#7632=ORIENTED_EDGE('',*,*,#5581,.T.);
#7633=ORIENTED_EDGE('',*,*,#5584,.F.);
#7634=ORIENTED_EDGE('',*,*,#5585,.T.);
#7635=ORIENTED_EDGE('',*,*,#5586,.F.);
#7636=ORIENTED_EDGE('',*,*,#5585,.F.);
#7637=ORIENTED_EDGE('',*,*,#5586,.T.);
#7638=ORIENTED_EDGE('',*,*,#5584,.T.);
#7639=ORIENTED_EDGE('',*,*,#5587,.F.);
#7640=ORIENTED_EDGE('',*,*,#5588,.F.);
#7641=ORIENTED_EDGE('',*,*,#5589,.F.);
#7642=ORIENTED_EDGE('',*,*,#5590,.F.);
#7643=ORIENTED_EDGE('',*,*,#5588,.T.);
#7644=ORIENTED_EDGE('',*,*,#5591,.T.);
#7645=ORIENTED_EDGE('',*,*,#5592,.T.);
#7646=ORIENTED_EDGE('',*,*,#5593,.T.);
#7647=ORIENTED_EDGE('',*,*,#5594,.F.);
#7648=ORIENTED_EDGE('',*,*,#5595,.T.);
#7649=ORIENTED_EDGE('',*,*,#5596,.F.);
#7650=ORIENTED_EDGE('',*,*,#5597,.F.);
#7651=ORIENTED_EDGE('',*,*,#5598,.F.);
#7652=ORIENTED_EDGE('',*,*,#5599,.F.);
#7653=ORIENTED_EDGE('',*,*,#5600,.T.);
#7654=ORIENTED_EDGE('',*,*,#5601,.T.);
#7655=ORIENTED_EDGE('',*,*,#5587,.T.);
#7656=ORIENTED_EDGE('',*,*,#5602,.F.);
#7657=ORIENTED_EDGE('',*,*,#5603,.T.);
#7658=ORIENTED_EDGE('',*,*,#5591,.F.);
#7659=ORIENTED_EDGE('',*,*,#5603,.F.);
#7660=ORIENTED_EDGE('',*,*,#5604,.F.);
#7661=ORIENTED_EDGE('',*,*,#5605,.F.);
#7662=ORIENTED_EDGE('',*,*,#5592,.F.);
#7663=ORIENTED_EDGE('',*,*,#5589,.T.);
#7664=ORIENTED_EDGE('',*,*,#5601,.F.);
#7665=ORIENTED_EDGE('',*,*,#5606,.T.);
#7666=ORIENTED_EDGE('',*,*,#5607,.F.);
#7667=ORIENTED_EDGE('',*,*,#5606,.F.);
#7668=ORIENTED_EDGE('',*,*,#5600,.F.);
#7669=ORIENTED_EDGE('',*,*,#5608,.F.);
#7670=ORIENTED_EDGE('',*,*,#5609,.F.);
#7671=ORIENTED_EDGE('',*,*,#5605,.T.);
#7672=ORIENTED_EDGE('',*,*,#5610,.T.);
#7673=ORIENTED_EDGE('',*,*,#5611,.F.);
#7674=ORIENTED_EDGE('',*,*,#5593,.F.);
#7675=ORIENTED_EDGE('',*,*,#5612,.F.);
#7676=ORIENTED_EDGE('',*,*,#5594,.T.);
#7677=ORIENTED_EDGE('',*,*,#5611,.T.);
#7678=ORIENTED_EDGE('',*,*,#5613,.T.);
#7679=ORIENTED_EDGE('',*,*,#5608,.T.);
#7680=ORIENTED_EDGE('',*,*,#5599,.T.);
#7681=ORIENTED_EDGE('',*,*,#5614,.F.);
#7682=ORIENTED_EDGE('',*,*,#5615,.F.);
#7683=ORIENTED_EDGE('',*,*,#5616,.F.);
#7684=ORIENTED_EDGE('',*,*,#5617,.T.);
#7685=ORIENTED_EDGE('',*,*,#5614,.T.);
#7686=ORIENTED_EDGE('',*,*,#5598,.T.);
#7687=ORIENTED_EDGE('',*,*,#5590,.T.);
#7688=ORIENTED_EDGE('',*,*,#5607,.T.);
#7689=ORIENTED_EDGE('',*,*,#5609,.T.);
#7690=ORIENTED_EDGE('',*,*,#5615,.T.);
#7691=ORIENTED_EDGE('',*,*,#5617,.F.);
#7692=ORIENTED_EDGE('',*,*,#5618,.T.);
#7693=ORIENTED_EDGE('',*,*,#5619,.F.);
#7694=ORIENTED_EDGE('',*,*,#5620,.F.);
#7695=ORIENTED_EDGE('',*,*,#5613,.F.);
#7696=ORIENTED_EDGE('',*,*,#5610,.F.);
#7697=ORIENTED_EDGE('',*,*,#5604,.T.);
#7698=ORIENTED_EDGE('',*,*,#5602,.T.);
#7699=ORIENTED_EDGE('',*,*,#5612,.T.);
#7700=ORIENTED_EDGE('',*,*,#5620,.T.);
#7701=ORIENTED_EDGE('',*,*,#5621,.F.);
#7702=ORIENTED_EDGE('',*,*,#5595,.F.);
#7703=ORIENTED_EDGE('',*,*,#5616,.T.);
#7704=ORIENTED_EDGE('',*,*,#5597,.T.);
#7705=ORIENTED_EDGE('',*,*,#5622,.F.);
#7706=ORIENTED_EDGE('',*,*,#5618,.F.);
#7707=ORIENTED_EDGE('',*,*,#5622,.T.);
#7708=ORIENTED_EDGE('',*,*,#5596,.T.);
#7709=ORIENTED_EDGE('',*,*,#5621,.T.);
#7710=ORIENTED_EDGE('',*,*,#5619,.T.);
#7711=ORIENTED_EDGE('',*,*,#5623,.T.);
#7712=ORIENTED_EDGE('',*,*,#5624,.F.);
#7713=ORIENTED_EDGE('',*,*,#5625,.T.);
#7714=ORIENTED_EDGE('',*,*,#5626,.F.);
#7715=ORIENTED_EDGE('',*,*,#5625,.F.);
#7716=ORIENTED_EDGE('',*,*,#5627,.F.);
#7717=ORIENTED_EDGE('',*,*,#5628,.F.);
#7718=ORIENTED_EDGE('',*,*,#5629,.F.);
#7719=ORIENTED_EDGE('',*,*,#5630,.T.);
#7720=ORIENTED_EDGE('',*,*,#5631,.F.);
#7721=ORIENTED_EDGE('',*,*,#5632,.T.);
#7722=ORIENTED_EDGE('',*,*,#5633,.F.);
#7723=ORIENTED_EDGE('',*,*,#5634,.F.);
#7724=ORIENTED_EDGE('',*,*,#5632,.F.);
#7725=ORIENTED_EDGE('',*,*,#5635,.F.);
#7726=ORIENTED_EDGE('',*,*,#5636,.F.);
#7727=ORIENTED_EDGE('',*,*,#5627,.T.);
#7728=ORIENTED_EDGE('',*,*,#5624,.T.);
#7729=ORIENTED_EDGE('',*,*,#5637,.T.);
#7730=ORIENTED_EDGE('',*,*,#5633,.T.);
#7731=ORIENTED_EDGE('',*,*,#5634,.T.);
#7732=ORIENTED_EDGE('',*,*,#5638,.T.);
#7733=ORIENTED_EDGE('',*,*,#5639,.F.);
#7734=ORIENTED_EDGE('',*,*,#5640,.T.);
#7735=ORIENTED_EDGE('',*,*,#5641,.F.);
#7736=ORIENTED_EDGE('',*,*,#5642,.F.);
#7737=ORIENTED_EDGE('',*,*,#5643,.F.);
#7738=ORIENTED_EDGE('',*,*,#5644,.F.);
#7739=ORIENTED_EDGE('',*,*,#5636,.T.);
#7740=ORIENTED_EDGE('',*,*,#5645,.T.);
#7741=ORIENTED_EDGE('',*,*,#5646,.F.);
#7742=ORIENTED_EDGE('',*,*,#5638,.F.);
#7743=ORIENTED_EDGE('',*,*,#5628,.T.);
#7744=ORIENTED_EDGE('',*,*,#5644,.T.);
#7745=ORIENTED_EDGE('',*,*,#5647,.F.);
#7746=ORIENTED_EDGE('',*,*,#5648,.F.);
#7747=ORIENTED_EDGE('',*,*,#5649,.F.);
#7748=ORIENTED_EDGE('',*,*,#5650,.T.);
#7749=ORIENTED_EDGE('',*,*,#5647,.T.);
#7750=ORIENTED_EDGE('',*,*,#5643,.T.);
#7751=ORIENTED_EDGE('',*,*,#5639,.T.);
#7752=ORIENTED_EDGE('',*,*,#5646,.T.);
#7753=ORIENTED_EDGE('',*,*,#5651,.T.);
#7754=ORIENTED_EDGE('',*,*,#5652,.F.);
#7755=ORIENTED_EDGE('',*,*,#5653,.F.);
#7756=ORIENTED_EDGE('',*,*,#5630,.F.);
#7757=ORIENTED_EDGE('',*,*,#5637,.F.);
#7758=ORIENTED_EDGE('',*,*,#5623,.F.);
#7759=ORIENTED_EDGE('',*,*,#5649,.T.);
#7760=ORIENTED_EDGE('',*,*,#5642,.T.);
#7761=ORIENTED_EDGE('',*,*,#5654,.F.);
#7762=ORIENTED_EDGE('',*,*,#5655,.F.);
#7763=ORIENTED_EDGE('',*,*,#5629,.T.);
#7764=ORIENTED_EDGE('',*,*,#5648,.T.);
#7765=ORIENTED_EDGE('',*,*,#5650,.F.);
#7766=ORIENTED_EDGE('',*,*,#5655,.T.);
#7767=ORIENTED_EDGE('',*,*,#5656,.F.);
#7768=ORIENTED_EDGE('',*,*,#5657,.F.);
#7769=ORIENTED_EDGE('',*,*,#5651,.F.);
#7770=ORIENTED_EDGE('',*,*,#5645,.F.);
#7771=ORIENTED_EDGE('',*,*,#5635,.T.);
#7772=ORIENTED_EDGE('',*,*,#5631,.T.);
#7773=ORIENTED_EDGE('',*,*,#5653,.T.);
#7774=ORIENTED_EDGE('',*,*,#5626,.T.);
#7775=ORIENTED_EDGE('',*,*,#5652,.T.);
#7776=ORIENTED_EDGE('',*,*,#5657,.T.);
#7777=ORIENTED_EDGE('',*,*,#5658,.F.);
#7778=ORIENTED_EDGE('',*,*,#5640,.F.);
#7779=ORIENTED_EDGE('',*,*,#5641,.T.);
#7780=ORIENTED_EDGE('',*,*,#5658,.T.);
#7781=ORIENTED_EDGE('',*,*,#5656,.T.);
#7782=ORIENTED_EDGE('',*,*,#5654,.T.);
#7783=ORIENTED_EDGE('',*,*,#5659,.T.);
#7784=ORIENTED_EDGE('',*,*,#5660,.F.);
#7785=ORIENTED_EDGE('',*,*,#5661,.T.);
#7786=ORIENTED_EDGE('',*,*,#5662,.F.);
#7787=ORIENTED_EDGE('',*,*,#5661,.F.);
#7788=ORIENTED_EDGE('',*,*,#5663,.F.);
#7789=ORIENTED_EDGE('',*,*,#5664,.F.);
#7790=ORIENTED_EDGE('',*,*,#5665,.F.);
#7791=ORIENTED_EDGE('',*,*,#5666,.T.);
#7792=ORIENTED_EDGE('',*,*,#5667,.F.);
#7793=ORIENTED_EDGE('',*,*,#5668,.T.);
#7794=ORIENTED_EDGE('',*,*,#5669,.F.);
#7795=ORIENTED_EDGE('',*,*,#5670,.F.);
#7796=ORIENTED_EDGE('',*,*,#5668,.F.);
#7797=ORIENTED_EDGE('',*,*,#5671,.F.);
#7798=ORIENTED_EDGE('',*,*,#5672,.F.);
#7799=ORIENTED_EDGE('',*,*,#5663,.T.);
#7800=ORIENTED_EDGE('',*,*,#5660,.T.);
#7801=ORIENTED_EDGE('',*,*,#5673,.T.);
#7802=ORIENTED_EDGE('',*,*,#5669,.T.);
#7803=ORIENTED_EDGE('',*,*,#5670,.T.);
#7804=ORIENTED_EDGE('',*,*,#5674,.T.);
#7805=ORIENTED_EDGE('',*,*,#5675,.F.);
#7806=ORIENTED_EDGE('',*,*,#5676,.T.);
#7807=ORIENTED_EDGE('',*,*,#5677,.F.);
#7808=ORIENTED_EDGE('',*,*,#5678,.F.);
#7809=ORIENTED_EDGE('',*,*,#5679,.F.);
#7810=ORIENTED_EDGE('',*,*,#5680,.F.);
#7811=ORIENTED_EDGE('',*,*,#5672,.T.);
#7812=ORIENTED_EDGE('',*,*,#5681,.T.);
#7813=ORIENTED_EDGE('',*,*,#5682,.F.);
#7814=ORIENTED_EDGE('',*,*,#5674,.F.);
#7815=ORIENTED_EDGE('',*,*,#5664,.T.);
#7816=ORIENTED_EDGE('',*,*,#5680,.T.);
#7817=ORIENTED_EDGE('',*,*,#5683,.F.);
#7818=ORIENTED_EDGE('',*,*,#5684,.F.);
#7819=ORIENTED_EDGE('',*,*,#5685,.F.);
#7820=ORIENTED_EDGE('',*,*,#5686,.T.);
#7821=ORIENTED_EDGE('',*,*,#5683,.T.);
#7822=ORIENTED_EDGE('',*,*,#5679,.T.);
#7823=ORIENTED_EDGE('',*,*,#5675,.T.);
#7824=ORIENTED_EDGE('',*,*,#5682,.T.);
#7825=ORIENTED_EDGE('',*,*,#5687,.T.);
#7826=ORIENTED_EDGE('',*,*,#5688,.F.);
#7827=ORIENTED_EDGE('',*,*,#5673,.F.);
#7828=ORIENTED_EDGE('',*,*,#5659,.F.);
#7829=ORIENTED_EDGE('',*,*,#5689,.F.);
#7830=ORIENTED_EDGE('',*,*,#5666,.F.);
#7831=ORIENTED_EDGE('',*,*,#5685,.T.);
#7832=ORIENTED_EDGE('',*,*,#5678,.T.);
#7833=ORIENTED_EDGE('',*,*,#5690,.F.);
#7834=ORIENTED_EDGE('',*,*,#5691,.F.);
#7835=ORIENTED_EDGE('',*,*,#5665,.T.);
#7836=ORIENTED_EDGE('',*,*,#5684,.T.);
#7837=ORIENTED_EDGE('',*,*,#5686,.F.);
#7838=ORIENTED_EDGE('',*,*,#5691,.T.);
#7839=ORIENTED_EDGE('',*,*,#5692,.F.);
#7840=ORIENTED_EDGE('',*,*,#5693,.F.);
#7841=ORIENTED_EDGE('',*,*,#5687,.F.);
#7842=ORIENTED_EDGE('',*,*,#5681,.F.);
#7843=ORIENTED_EDGE('',*,*,#5671,.T.);
#7844=ORIENTED_EDGE('',*,*,#5667,.T.);
#7845=ORIENTED_EDGE('',*,*,#5689,.T.);
#7846=ORIENTED_EDGE('',*,*,#5662,.T.);
#7847=ORIENTED_EDGE('',*,*,#5688,.T.);
#7848=ORIENTED_EDGE('',*,*,#5693,.T.);
#7849=ORIENTED_EDGE('',*,*,#5694,.F.);
#7850=ORIENTED_EDGE('',*,*,#5676,.F.);
#7851=ORIENTED_EDGE('',*,*,#5677,.T.);
#7852=ORIENTED_EDGE('',*,*,#5694,.T.);
#7853=ORIENTED_EDGE('',*,*,#5692,.T.);
#7854=ORIENTED_EDGE('',*,*,#5690,.T.);
#7855=ORIENTED_EDGE('',*,*,#5695,.T.);
#7856=ORIENTED_EDGE('',*,*,#5696,.F.);
#7857=ORIENTED_EDGE('',*,*,#5697,.T.);
#7858=ORIENTED_EDGE('',*,*,#5698,.F.);
#7859=ORIENTED_EDGE('',*,*,#5697,.F.);
#7860=ORIENTED_EDGE('',*,*,#5699,.F.);
#7861=ORIENTED_EDGE('',*,*,#5700,.F.);
#7862=ORIENTED_EDGE('',*,*,#5701,.F.);
#7863=ORIENTED_EDGE('',*,*,#5702,.T.);
#7864=ORIENTED_EDGE('',*,*,#5703,.F.);
#7865=ORIENTED_EDGE('',*,*,#5704,.T.);
#7866=ORIENTED_EDGE('',*,*,#5705,.F.);
#7867=ORIENTED_EDGE('',*,*,#5704,.F.);
#7868=ORIENTED_EDGE('',*,*,#5706,.F.);
#7869=ORIENTED_EDGE('',*,*,#5707,.F.);
#7870=ORIENTED_EDGE('',*,*,#5708,.F.);
#7871=ORIENTED_EDGE('',*,*,#5699,.T.);
#7872=ORIENTED_EDGE('',*,*,#5696,.T.);
#7873=ORIENTED_EDGE('',*,*,#5709,.T.);
#7874=ORIENTED_EDGE('',*,*,#5705,.T.);
#7875=ORIENTED_EDGE('',*,*,#5708,.T.);
#7876=ORIENTED_EDGE('',*,*,#5710,.T.);
#7877=ORIENTED_EDGE('',*,*,#5711,.F.);
#7878=ORIENTED_EDGE('',*,*,#5712,.T.);
#7879=ORIENTED_EDGE('',*,*,#5713,.F.);
#7880=ORIENTED_EDGE('',*,*,#5714,.F.);
#7881=ORIENTED_EDGE('',*,*,#5715,.F.);
#7882=ORIENTED_EDGE('',*,*,#5716,.F.);
#7883=ORIENTED_EDGE('',*,*,#5700,.T.);
#7884=ORIENTED_EDGE('',*,*,#5716,.T.);
#7885=ORIENTED_EDGE('',*,*,#5717,.F.);
#7886=ORIENTED_EDGE('',*,*,#5718,.F.);
#7887=ORIENTED_EDGE('',*,*,#5719,.F.);
#7888=ORIENTED_EDGE('',*,*,#5720,.T.);
#7889=ORIENTED_EDGE('',*,*,#5717,.T.);
#7890=ORIENTED_EDGE('',*,*,#5715,.T.);
#7891=ORIENTED_EDGE('',*,*,#5707,.T.);
#7892=ORIENTED_EDGE('',*,*,#5721,.T.);
#7893=ORIENTED_EDGE('',*,*,#5722,.F.);
#7894=ORIENTED_EDGE('',*,*,#5710,.F.);
#7895=ORIENTED_EDGE('',*,*,#5723,.F.);
#7896=ORIENTED_EDGE('',*,*,#5711,.T.);
#7897=ORIENTED_EDGE('',*,*,#5722,.T.);
#7898=ORIENTED_EDGE('',*,*,#5724,.T.);
#7899=ORIENTED_EDGE('',*,*,#5709,.F.);
#7900=ORIENTED_EDGE('',*,*,#5695,.F.);
#7901=ORIENTED_EDGE('',*,*,#5725,.F.);
#7902=ORIENTED_EDGE('',*,*,#5702,.F.);
#7903=ORIENTED_EDGE('',*,*,#5719,.T.);
#7904=ORIENTED_EDGE('',*,*,#5714,.T.);
#7905=ORIENTED_EDGE('',*,*,#5726,.F.);
#7906=ORIENTED_EDGE('',*,*,#5727,.F.);
#7907=ORIENTED_EDGE('',*,*,#5701,.T.);
#7908=ORIENTED_EDGE('',*,*,#5718,.T.);
#7909=ORIENTED_EDGE('',*,*,#5720,.F.);
#7910=ORIENTED_EDGE('',*,*,#5727,.T.);
#7911=ORIENTED_EDGE('',*,*,#5728,.F.);
#7912=ORIENTED_EDGE('',*,*,#5729,.F.);
#7913=ORIENTED_EDGE('',*,*,#5724,.F.);
#7914=ORIENTED_EDGE('',*,*,#5721,.F.);
#7915=ORIENTED_EDGE('',*,*,#5706,.T.);
#7916=ORIENTED_EDGE('',*,*,#5703,.T.);
#7917=ORIENTED_EDGE('',*,*,#5725,.T.);
#7918=ORIENTED_EDGE('',*,*,#5698,.T.);
#7919=ORIENTED_EDGE('',*,*,#5723,.T.);
#7920=ORIENTED_EDGE('',*,*,#5729,.T.);
#7921=ORIENTED_EDGE('',*,*,#5730,.F.);
#7922=ORIENTED_EDGE('',*,*,#5712,.F.);
#7923=ORIENTED_EDGE('',*,*,#5726,.T.);
#7924=ORIENTED_EDGE('',*,*,#5713,.T.);
#7925=ORIENTED_EDGE('',*,*,#5730,.T.);
#7926=ORIENTED_EDGE('',*,*,#5728,.T.);
#7927=ORIENTED_EDGE('',*,*,#5731,.T.);
#7928=ORIENTED_EDGE('',*,*,#5732,.F.);
#7929=ORIENTED_EDGE('',*,*,#5733,.T.);
#7930=ORIENTED_EDGE('',*,*,#5734,.F.);
#7931=ORIENTED_EDGE('',*,*,#5735,.F.);
#7932=ORIENTED_EDGE('',*,*,#5736,.F.);
#7933=ORIENTED_EDGE('',*,*,#5737,.F.);
#7934=ORIENTED_EDGE('',*,*,#5733,.F.);
#7935=ORIENTED_EDGE('',*,*,#5738,.T.);
#7936=ORIENTED_EDGE('',*,*,#5739,.F.);
#7937=ORIENTED_EDGE('',*,*,#5740,.T.);
#7938=ORIENTED_EDGE('',*,*,#5741,.F.);
#7939=ORIENTED_EDGE('',*,*,#5740,.F.);
#7940=ORIENTED_EDGE('',*,*,#5742,.F.);
#7941=ORIENTED_EDGE('',*,*,#5743,.F.);
#7942=ORIENTED_EDGE('',*,*,#5744,.F.);
#7943=ORIENTED_EDGE('',*,*,#5735,.T.);
#7944=ORIENTED_EDGE('',*,*,#5732,.T.);
#7945=ORIENTED_EDGE('',*,*,#5745,.T.);
#7946=ORIENTED_EDGE('',*,*,#5741,.T.);
#7947=ORIENTED_EDGE('',*,*,#5744,.T.);
#7948=ORIENTED_EDGE('',*,*,#5746,.T.);
#7949=ORIENTED_EDGE('',*,*,#5747,.F.);
#7950=ORIENTED_EDGE('',*,*,#5748,.T.);
#7951=ORIENTED_EDGE('',*,*,#5749,.F.);
#7952=ORIENTED_EDGE('',*,*,#5750,.F.);
#7953=ORIENTED_EDGE('',*,*,#5751,.F.);
#7954=ORIENTED_EDGE('',*,*,#5752,.F.);
#7955=ORIENTED_EDGE('',*,*,#5743,.T.);
#7956=ORIENTED_EDGE('',*,*,#5753,.T.);
#7957=ORIENTED_EDGE('',*,*,#5754,.F.);
#7958=ORIENTED_EDGE('',*,*,#5746,.F.);
#7959=ORIENTED_EDGE('',*,*,#5755,.F.);
#7960=ORIENTED_EDGE('',*,*,#5747,.T.);
#7961=ORIENTED_EDGE('',*,*,#5754,.T.);
#7962=ORIENTED_EDGE('',*,*,#5756,.T.);
#7963=ORIENTED_EDGE('',*,*,#5736,.T.);
#7964=ORIENTED_EDGE('',*,*,#5752,.T.);
#7965=ORIENTED_EDGE('',*,*,#5757,.F.);
#7966=ORIENTED_EDGE('',*,*,#5758,.F.);
#7967=ORIENTED_EDGE('',*,*,#5751,.T.);
#7968=ORIENTED_EDGE('',*,*,#5759,.F.);
#7969=ORIENTED_EDGE('',*,*,#5760,.T.);
#7970=ORIENTED_EDGE('',*,*,#5757,.T.);
#7971=ORIENTED_EDGE('',*,*,#5745,.F.);
#7972=ORIENTED_EDGE('',*,*,#5731,.F.);
#7973=ORIENTED_EDGE('',*,*,#5761,.F.);
#7974=ORIENTED_EDGE('',*,*,#5738,.F.);
#7975=ORIENTED_EDGE('',*,*,#5755,.T.);
#7976=ORIENTED_EDGE('',*,*,#5762,.T.);
#7977=ORIENTED_EDGE('',*,*,#5763,.F.);
#7978=ORIENTED_EDGE('',*,*,#5748,.F.);
#7979=ORIENTED_EDGE('',*,*,#5737,.T.);
#7980=ORIENTED_EDGE('',*,*,#5758,.T.);
#7981=ORIENTED_EDGE('',*,*,#5760,.F.);
#7982=ORIENTED_EDGE('',*,*,#5764,.T.);
#7983=ORIENTED_EDGE('',*,*,#5765,.F.);
#7984=ORIENTED_EDGE('',*,*,#5762,.F.);
#7985=ORIENTED_EDGE('',*,*,#5756,.F.);
#7986=ORIENTED_EDGE('',*,*,#5753,.F.);
#7987=ORIENTED_EDGE('',*,*,#5742,.T.);
#7988=ORIENTED_EDGE('',*,*,#5739,.T.);
#7989=ORIENTED_EDGE('',*,*,#5761,.T.);
#7990=ORIENTED_EDGE('',*,*,#5734,.T.);
#7991=ORIENTED_EDGE('',*,*,#5759,.T.);
#7992=ORIENTED_EDGE('',*,*,#5750,.T.);
#7993=ORIENTED_EDGE('',*,*,#5766,.F.);
#7994=ORIENTED_EDGE('',*,*,#5764,.F.);
#7995=ORIENTED_EDGE('',*,*,#5765,.T.);
#7996=ORIENTED_EDGE('',*,*,#5766,.T.);
#7997=ORIENTED_EDGE('',*,*,#5749,.T.);
#7998=ORIENTED_EDGE('',*,*,#5763,.T.);
#7999=ORIENTED_EDGE('',*,*,#5767,.T.);
#8000=ORIENTED_EDGE('',*,*,#5768,.F.);
#8001=ORIENTED_EDGE('',*,*,#5769,.T.);
#8002=ORIENTED_EDGE('',*,*,#5770,.F.);
#8003=ORIENTED_EDGE('',*,*,#5769,.F.);
#8004=ORIENTED_EDGE('',*,*,#5771,.F.);
#8005=ORIENTED_EDGE('',*,*,#5772,.F.);
#8006=ORIENTED_EDGE('',*,*,#5773,.F.);
#8007=ORIENTED_EDGE('',*,*,#5774,.T.);
#8008=ORIENTED_EDGE('',*,*,#5775,.F.);
#8009=ORIENTED_EDGE('',*,*,#5776,.T.);
#8010=ORIENTED_EDGE('',*,*,#5777,.F.);
#8011=ORIENTED_EDGE('',*,*,#5778,.F.);
#8012=ORIENTED_EDGE('',*,*,#5779,.F.);
#8013=ORIENTED_EDGE('',*,*,#5776,.F.);
#8014=ORIENTED_EDGE('',*,*,#5780,.F.);
#8015=ORIENTED_EDGE('',*,*,#5771,.T.);
#8016=ORIENTED_EDGE('',*,*,#5768,.T.);
#8017=ORIENTED_EDGE('',*,*,#5781,.T.);
#8018=ORIENTED_EDGE('',*,*,#5777,.T.);
#8019=ORIENTED_EDGE('',*,*,#5779,.T.);
#8020=ORIENTED_EDGE('',*,*,#5782,.T.);
#8021=ORIENTED_EDGE('',*,*,#5783,.F.);
#8022=ORIENTED_EDGE('',*,*,#5784,.T.);
#8023=ORIENTED_EDGE('',*,*,#5785,.F.);
#8024=ORIENTED_EDGE('',*,*,#5786,.F.);
#8025=ORIENTED_EDGE('',*,*,#5787,.F.);
#8026=ORIENTED_EDGE('',*,*,#5788,.F.);
#8027=ORIENTED_EDGE('',*,*,#5778,.T.);
#8028=ORIENTED_EDGE('',*,*,#5789,.T.);
#8029=ORIENTED_EDGE('',*,*,#5790,.F.);
#8030=ORIENTED_EDGE('',*,*,#5782,.F.);
#8031=ORIENTED_EDGE('',*,*,#5772,.T.);
#8032=ORIENTED_EDGE('',*,*,#5788,.T.);
#8033=ORIENTED_EDGE('',*,*,#5791,.F.);
#8034=ORIENTED_EDGE('',*,*,#5792,.F.);
#8035=ORIENTED_EDGE('',*,*,#5793,.F.);
#8036=ORIENTED_EDGE('',*,*,#5794,.T.);
#8037=ORIENTED_EDGE('',*,*,#5791,.T.);
#8038=ORIENTED_EDGE('',*,*,#5787,.T.);
#8039=ORIENTED_EDGE('',*,*,#5790,.T.);
#8040=ORIENTED_EDGE('',*,*,#5795,.T.);
#8041=ORIENTED_EDGE('',*,*,#5796,.F.);
#8042=ORIENTED_EDGE('',*,*,#5783,.T.);
#8043=ORIENTED_EDGE('',*,*,#5781,.F.);
#8044=ORIENTED_EDGE('',*,*,#5767,.F.);
#8045=ORIENTED_EDGE('',*,*,#5797,.F.);
#8046=ORIENTED_EDGE('',*,*,#5774,.F.);
#8047=ORIENTED_EDGE('',*,*,#5796,.T.);
#8048=ORIENTED_EDGE('',*,*,#5798,.T.);
#8049=ORIENTED_EDGE('',*,*,#5799,.F.);
#8050=ORIENTED_EDGE('',*,*,#5784,.F.);
#8051=ORIENTED_EDGE('',*,*,#5793,.T.);
#8052=ORIENTED_EDGE('',*,*,#5786,.T.);
#8053=ORIENTED_EDGE('',*,*,#5800,.F.);
#8054=ORIENTED_EDGE('',*,*,#5801,.F.);
#8055=ORIENTED_EDGE('',*,*,#5773,.T.);
#8056=ORIENTED_EDGE('',*,*,#5792,.T.);
#8057=ORIENTED_EDGE('',*,*,#5794,.F.);
#8058=ORIENTED_EDGE('',*,*,#5801,.T.);
#8059=ORIENTED_EDGE('',*,*,#5802,.F.);
#8060=ORIENTED_EDGE('',*,*,#5798,.F.);
#8061=ORIENTED_EDGE('',*,*,#5795,.F.);
#8062=ORIENTED_EDGE('',*,*,#5789,.F.);
#8063=ORIENTED_EDGE('',*,*,#5780,.T.);
#8064=ORIENTED_EDGE('',*,*,#5775,.T.);
#8065=ORIENTED_EDGE('',*,*,#5797,.T.);
#8066=ORIENTED_EDGE('',*,*,#5770,.T.);
#8067=ORIENTED_EDGE('',*,*,#5799,.T.);
#8068=ORIENTED_EDGE('',*,*,#5802,.T.);
#8069=ORIENTED_EDGE('',*,*,#5800,.T.);
#8070=ORIENTED_EDGE('',*,*,#5785,.T.);
#8071=ORIENTED_EDGE('',*,*,#5803,.T.);
#8072=ORIENTED_EDGE('',*,*,#5804,.F.);
#8073=ORIENTED_EDGE('',*,*,#5805,.T.);
#8074=ORIENTED_EDGE('',*,*,#5806,.F.);
#8075=ORIENTED_EDGE('',*,*,#5805,.F.);
#8076=ORIENTED_EDGE('',*,*,#5807,.F.);
#8077=ORIENTED_EDGE('',*,*,#5808,.F.);
#8078=ORIENTED_EDGE('',*,*,#5809,.F.);
#8079=ORIENTED_EDGE('',*,*,#5810,.T.);
#8080=ORIENTED_EDGE('',*,*,#5811,.F.);
#8081=ORIENTED_EDGE('',*,*,#5812,.T.);
#8082=ORIENTED_EDGE('',*,*,#5813,.F.);
#8083=ORIENTED_EDGE('',*,*,#5812,.F.);
#8084=ORIENTED_EDGE('',*,*,#5814,.F.);
#8085=ORIENTED_EDGE('',*,*,#5815,.F.);
#8086=ORIENTED_EDGE('',*,*,#5816,.F.);
#8087=ORIENTED_EDGE('',*,*,#5807,.T.);
#8088=ORIENTED_EDGE('',*,*,#5804,.T.);
#8089=ORIENTED_EDGE('',*,*,#5817,.T.);
#8090=ORIENTED_EDGE('',*,*,#5813,.T.);
#8091=ORIENTED_EDGE('',*,*,#5816,.T.);
#8092=ORIENTED_EDGE('',*,*,#5818,.T.);
#8093=ORIENTED_EDGE('',*,*,#5819,.F.);
#8094=ORIENTED_EDGE('',*,*,#5820,.T.);
#8095=ORIENTED_EDGE('',*,*,#5821,.F.);
#8096=ORIENTED_EDGE('',*,*,#5822,.F.);
#8097=ORIENTED_EDGE('',*,*,#5823,.F.);
#8098=ORIENTED_EDGE('',*,*,#5824,.F.);
#8099=ORIENTED_EDGE('',*,*,#5808,.T.);
#8100=ORIENTED_EDGE('',*,*,#5824,.T.);
#8101=ORIENTED_EDGE('',*,*,#5825,.F.);
#8102=ORIENTED_EDGE('',*,*,#5826,.F.);
#8103=ORIENTED_EDGE('',*,*,#5827,.F.);
#8104=ORIENTED_EDGE('',*,*,#5828,.T.);
#8105=ORIENTED_EDGE('',*,*,#5825,.T.);
#8106=ORIENTED_EDGE('',*,*,#5823,.T.);
#8107=ORIENTED_EDGE('',*,*,#5815,.T.);
#8108=ORIENTED_EDGE('',*,*,#5829,.T.);
#8109=ORIENTED_EDGE('',*,*,#5830,.F.);
#8110=ORIENTED_EDGE('',*,*,#5818,.F.);
#8111=ORIENTED_EDGE('',*,*,#5831,.F.);
#8112=ORIENTED_EDGE('',*,*,#5819,.T.);
#8113=ORIENTED_EDGE('',*,*,#5830,.T.);
#8114=ORIENTED_EDGE('',*,*,#5832,.T.);
#8115=ORIENTED_EDGE('',*,*,#5817,.F.);
#8116=ORIENTED_EDGE('',*,*,#5803,.F.);
#8117=ORIENTED_EDGE('',*,*,#5833,.F.);
#8118=ORIENTED_EDGE('',*,*,#5810,.F.);
#8119=ORIENTED_EDGE('',*,*,#5831,.T.);
#8120=ORIENTED_EDGE('',*,*,#5834,.T.);
#8121=ORIENTED_EDGE('',*,*,#5835,.F.);
#8122=ORIENTED_EDGE('',*,*,#5820,.F.);
#8123=ORIENTED_EDGE('',*,*,#5827,.T.);
#8124=ORIENTED_EDGE('',*,*,#5822,.T.);
#8125=ORIENTED_EDGE('',*,*,#5836,.F.);
#8126=ORIENTED_EDGE('',*,*,#5837,.F.);
#8127=ORIENTED_EDGE('',*,*,#5809,.T.);
#8128=ORIENTED_EDGE('',*,*,#5826,.T.);
#8129=ORIENTED_EDGE('',*,*,#5828,.F.);
#8130=ORIENTED_EDGE('',*,*,#5837,.T.);
#8131=ORIENTED_EDGE('',*,*,#5838,.F.);
#8132=ORIENTED_EDGE('',*,*,#5834,.F.);
#8133=ORIENTED_EDGE('',*,*,#5832,.F.);
#8134=ORIENTED_EDGE('',*,*,#5829,.F.);
#8135=ORIENTED_EDGE('',*,*,#5814,.T.);
#8136=ORIENTED_EDGE('',*,*,#5811,.T.);
#8137=ORIENTED_EDGE('',*,*,#5833,.T.);
#8138=ORIENTED_EDGE('',*,*,#5806,.T.);
#8139=ORIENTED_EDGE('',*,*,#5835,.T.);
#8140=ORIENTED_EDGE('',*,*,#5838,.T.);
#8141=ORIENTED_EDGE('',*,*,#5836,.T.);
#8142=ORIENTED_EDGE('',*,*,#5821,.T.);
#8143=ORIENTED_EDGE('',*,*,#5839,.T.);
#8144=ORIENTED_EDGE('',*,*,#5840,.F.);
#8145=ORIENTED_EDGE('',*,*,#5841,.T.);
#8146=ORIENTED_EDGE('',*,*,#5842,.F.);
#8147=ORIENTED_EDGE('',*,*,#5841,.F.);
#8148=ORIENTED_EDGE('',*,*,#5843,.F.);
#8149=ORIENTED_EDGE('',*,*,#5844,.F.);
#8150=ORIENTED_EDGE('',*,*,#5845,.F.);
#8151=ORIENTED_EDGE('',*,*,#5846,.T.);
#8152=ORIENTED_EDGE('',*,*,#5847,.F.);
#8153=ORIENTED_EDGE('',*,*,#5848,.T.);
#8154=ORIENTED_EDGE('',*,*,#5849,.F.);
#8155=ORIENTED_EDGE('',*,*,#5850,.F.);
#8156=ORIENTED_EDGE('',*,*,#5851,.F.);
#8157=ORIENTED_EDGE('',*,*,#5848,.F.);
#8158=ORIENTED_EDGE('',*,*,#5852,.F.);
#8159=ORIENTED_EDGE('',*,*,#5843,.T.);
#8160=ORIENTED_EDGE('',*,*,#5840,.T.);
#8161=ORIENTED_EDGE('',*,*,#5853,.T.);
#8162=ORIENTED_EDGE('',*,*,#5849,.T.);
#8163=ORIENTED_EDGE('',*,*,#5851,.T.);
#8164=ORIENTED_EDGE('',*,*,#5854,.T.);
#8165=ORIENTED_EDGE('',*,*,#5855,.F.);
#8166=ORIENTED_EDGE('',*,*,#5856,.T.);
#8167=ORIENTED_EDGE('',*,*,#5857,.F.);
#8168=ORIENTED_EDGE('',*,*,#5858,.F.);
#8169=ORIENTED_EDGE('',*,*,#5859,.F.);
#8170=ORIENTED_EDGE('',*,*,#5860,.F.);
#8171=ORIENTED_EDGE('',*,*,#5850,.T.);
#8172=ORIENTED_EDGE('',*,*,#5861,.T.);
#8173=ORIENTED_EDGE('',*,*,#5862,.F.);
#8174=ORIENTED_EDGE('',*,*,#5854,.F.);
#8175=ORIENTED_EDGE('',*,*,#5844,.T.);
#8176=ORIENTED_EDGE('',*,*,#5860,.T.);
#8177=ORIENTED_EDGE('',*,*,#5863,.F.);
#8178=ORIENTED_EDGE('',*,*,#5864,.F.);
#8179=ORIENTED_EDGE('',*,*,#5865,.F.);
#8180=ORIENTED_EDGE('',*,*,#5866,.T.);
#8181=ORIENTED_EDGE('',*,*,#5863,.T.);
#8182=ORIENTED_EDGE('',*,*,#5859,.T.);
#8183=ORIENTED_EDGE('',*,*,#5862,.T.);
#8184=ORIENTED_EDGE('',*,*,#5867,.T.);
#8185=ORIENTED_EDGE('',*,*,#5868,.F.);
#8186=ORIENTED_EDGE('',*,*,#5855,.T.);
#8187=ORIENTED_EDGE('',*,*,#5869,.F.);
#8188=ORIENTED_EDGE('',*,*,#5846,.F.);
#8189=ORIENTED_EDGE('',*,*,#5853,.F.);
#8190=ORIENTED_EDGE('',*,*,#5839,.F.);
#8191=ORIENTED_EDGE('',*,*,#5865,.T.);
#8192=ORIENTED_EDGE('',*,*,#5858,.T.);
#8193=ORIENTED_EDGE('',*,*,#5870,.F.);
#8194=ORIENTED_EDGE('',*,*,#5871,.F.);
#8195=ORIENTED_EDGE('',*,*,#5845,.T.);
#8196=ORIENTED_EDGE('',*,*,#5864,.T.);
#8197=ORIENTED_EDGE('',*,*,#5866,.F.);
#8198=ORIENTED_EDGE('',*,*,#5871,.T.);
#8199=ORIENTED_EDGE('',*,*,#5872,.F.);
#8200=ORIENTED_EDGE('',*,*,#5873,.F.);
#8201=ORIENTED_EDGE('',*,*,#5867,.F.);
#8202=ORIENTED_EDGE('',*,*,#5861,.F.);
#8203=ORIENTED_EDGE('',*,*,#5852,.T.);
#8204=ORIENTED_EDGE('',*,*,#5847,.T.);
#8205=ORIENTED_EDGE('',*,*,#5869,.T.);
#8206=ORIENTED_EDGE('',*,*,#5842,.T.);
#8207=ORIENTED_EDGE('',*,*,#5868,.T.);
#8208=ORIENTED_EDGE('',*,*,#5873,.T.);
#8209=ORIENTED_EDGE('',*,*,#5874,.F.);
#8210=ORIENTED_EDGE('',*,*,#5856,.F.);
#8211=ORIENTED_EDGE('',*,*,#5870,.T.);
#8212=ORIENTED_EDGE('',*,*,#5857,.T.);
#8213=ORIENTED_EDGE('',*,*,#5874,.T.);
#8214=ORIENTED_EDGE('',*,*,#5872,.T.);
#8215=ORIENTED_EDGE('',*,*,#5875,.T.);
#8216=ORIENTED_EDGE('',*,*,#5876,.F.);
#8217=ORIENTED_EDGE('',*,*,#5877,.T.);
#8218=ORIENTED_EDGE('',*,*,#5878,.F.);
#8219=ORIENTED_EDGE('',*,*,#5879,.F.);
#8220=ORIENTED_EDGE('',*,*,#5880,.F.);
#8221=ORIENTED_EDGE('',*,*,#5881,.F.);
#8222=ORIENTED_EDGE('',*,*,#5877,.F.);
#8223=ORIENTED_EDGE('',*,*,#5882,.T.);
#8224=ORIENTED_EDGE('',*,*,#5883,.F.);
#8225=ORIENTED_EDGE('',*,*,#5884,.T.);
#8226=ORIENTED_EDGE('',*,*,#5885,.F.);
#8227=ORIENTED_EDGE('',*,*,#5886,.F.);
#8228=ORIENTED_EDGE('',*,*,#5884,.F.);
#8229=ORIENTED_EDGE('',*,*,#5887,.F.);
#8230=ORIENTED_EDGE('',*,*,#5888,.F.);
#8231=ORIENTED_EDGE('',*,*,#5879,.T.);
#8232=ORIENTED_EDGE('',*,*,#5876,.T.);
#8233=ORIENTED_EDGE('',*,*,#5889,.T.);
#8234=ORIENTED_EDGE('',*,*,#5885,.T.);
#8235=ORIENTED_EDGE('',*,*,#5886,.T.);
#8236=ORIENTED_EDGE('',*,*,#5890,.T.);
#8237=ORIENTED_EDGE('',*,*,#5891,.F.);
#8238=ORIENTED_EDGE('',*,*,#5892,.T.);
#8239=ORIENTED_EDGE('',*,*,#5893,.F.);
#8240=ORIENTED_EDGE('',*,*,#5894,.F.);
#8241=ORIENTED_EDGE('',*,*,#5895,.F.);
#8242=ORIENTED_EDGE('',*,*,#5896,.F.);
#8243=ORIENTED_EDGE('',*,*,#5888,.T.);
#8244=ORIENTED_EDGE('',*,*,#5897,.T.);
#8245=ORIENTED_EDGE('',*,*,#5898,.F.);
#8246=ORIENTED_EDGE('',*,*,#5890,.F.);
#8247=ORIENTED_EDGE('',*,*,#5880,.T.);
#8248=ORIENTED_EDGE('',*,*,#5896,.T.);
#8249=ORIENTED_EDGE('',*,*,#5899,.F.);
#8250=ORIENTED_EDGE('',*,*,#5900,.F.);
#8251=ORIENTED_EDGE('',*,*,#5895,.T.);
#8252=ORIENTED_EDGE('',*,*,#5901,.F.);
#8253=ORIENTED_EDGE('',*,*,#5902,.T.);
#8254=ORIENTED_EDGE('',*,*,#5899,.T.);
#8255=ORIENTED_EDGE('',*,*,#5891,.T.);
#8256=ORIENTED_EDGE('',*,*,#5898,.T.);
#8257=ORIENTED_EDGE('',*,*,#5903,.T.);
#8258=ORIENTED_EDGE('',*,*,#5904,.F.);
#8259=ORIENTED_EDGE('',*,*,#5905,.F.);
#8260=ORIENTED_EDGE('',*,*,#5882,.F.);
#8261=ORIENTED_EDGE('',*,*,#5889,.F.);
#8262=ORIENTED_EDGE('',*,*,#5875,.F.);
#8263=ORIENTED_EDGE('',*,*,#5901,.T.);
#8264=ORIENTED_EDGE('',*,*,#5894,.T.);
#8265=ORIENTED_EDGE('',*,*,#5906,.F.);
#8266=ORIENTED_EDGE('',*,*,#5907,.F.);
#8267=ORIENTED_EDGE('',*,*,#5881,.T.);
#8268=ORIENTED_EDGE('',*,*,#5900,.T.);
#8269=ORIENTED_EDGE('',*,*,#5902,.F.);
#8270=ORIENTED_EDGE('',*,*,#5907,.T.);
#8271=ORIENTED_EDGE('',*,*,#5908,.F.);
#8272=ORIENTED_EDGE('',*,*,#5909,.F.);
#8273=ORIENTED_EDGE('',*,*,#5903,.F.);
#8274=ORIENTED_EDGE('',*,*,#5897,.F.);
#8275=ORIENTED_EDGE('',*,*,#5887,.T.);
#8276=ORIENTED_EDGE('',*,*,#5883,.T.);
#8277=ORIENTED_EDGE('',*,*,#5905,.T.);
#8278=ORIENTED_EDGE('',*,*,#5878,.T.);
#8279=ORIENTED_EDGE('',*,*,#5904,.T.);
#8280=ORIENTED_EDGE('',*,*,#5909,.T.);
#8281=ORIENTED_EDGE('',*,*,#5910,.F.);
#8282=ORIENTED_EDGE('',*,*,#5892,.F.);
#8283=ORIENTED_EDGE('',*,*,#5906,.T.);
#8284=ORIENTED_EDGE('',*,*,#5893,.T.);
#8285=ORIENTED_EDGE('',*,*,#5910,.T.);
#8286=ORIENTED_EDGE('',*,*,#5908,.T.);
#8287=ORIENTED_EDGE('',*,*,#5911,.F.);
#8288=ORIENTED_EDGE('',*,*,#5912,.F.);
#8289=ORIENTED_EDGE('',*,*,#5913,.F.);
#8290=ORIENTED_EDGE('',*,*,#5914,.F.);
#8291=ORIENTED_EDGE('',*,*,#5915,.F.);
#8292=ORIENTED_EDGE('',*,*,#5916,.F.);
#8293=ORIENTED_EDGE('',*,*,#5917,.F.);
#8294=ORIENTED_EDGE('',*,*,#5918,.T.);
#8295=ORIENTED_EDGE('',*,*,#5919,.F.);
#8296=ORIENTED_EDGE('',*,*,#5918,.F.);
#8297=ORIENTED_EDGE('',*,*,#5920,.F.);
#8298=ORIENTED_EDGE('',*,*,#5912,.T.);
#8299=ORIENTED_EDGE('',*,*,#5913,.T.);
#8300=ORIENTED_EDGE('',*,*,#5920,.T.);
#8301=ORIENTED_EDGE('',*,*,#5917,.T.);
#8302=ORIENTED_EDGE('',*,*,#5921,.T.);
#8303=ORIENTED_EDGE('',*,*,#5922,.T.);
#8304=ORIENTED_EDGE('',*,*,#5923,.T.);
#8305=ORIENTED_EDGE('',*,*,#5924,.T.);
#8306=ORIENTED_EDGE('',*,*,#5925,.T.);
#8307=ORIENTED_EDGE('',*,*,#5926,.T.);
#8308=ORIENTED_EDGE('',*,*,#5927,.T.);
#8309=ORIENTED_EDGE('',*,*,#5928,.T.);
#8310=ORIENTED_EDGE('',*,*,#5929,.T.);
#8311=ORIENTED_EDGE('',*,*,#5930,.T.);
#8312=ORIENTED_EDGE('',*,*,#5931,.T.);
#8313=ORIENTED_EDGE('',*,*,#5916,.T.);
#8314=ORIENTED_EDGE('',*,*,#5932,.F.);
#8315=ORIENTED_EDGE('',*,*,#5933,.T.);
#8316=ORIENTED_EDGE('',*,*,#5921,.F.);
#8317=ORIENTED_EDGE('',*,*,#5914,.T.);
#8318=ORIENTED_EDGE('',*,*,#5929,.F.);
#8319=ORIENTED_EDGE('',*,*,#5934,.T.);
#8320=ORIENTED_EDGE('',*,*,#5935,.T.);
#8321=ORIENTED_EDGE('',*,*,#5936,.T.);
#8322=ORIENTED_EDGE('',*,*,#5937,.F.);
#8323=ORIENTED_EDGE('',*,*,#5938,.F.);
#8324=ORIENTED_EDGE('',*,*,#5939,.F.);
#8325=ORIENTED_EDGE('',*,*,#5940,.F.);
#8326=ORIENTED_EDGE('',*,*,#5941,.F.);
#8327=ORIENTED_EDGE('',*,*,#5942,.F.);
#8328=ORIENTED_EDGE('',*,*,#5943,.T.);
#8329=ORIENTED_EDGE('',*,*,#5924,.F.);
#8330=ORIENTED_EDGE('',*,*,#5944,.T.);
#8331=ORIENTED_EDGE('',*,*,#5945,.F.);
#8332=ORIENTED_EDGE('',*,*,#5946,.F.);
#8333=ORIENTED_EDGE('',*,*,#5922,.F.);
#8334=ORIENTED_EDGE('',*,*,#5933,.F.);
#8335=ORIENTED_EDGE('',*,*,#5947,.F.);
#8336=ORIENTED_EDGE('',*,*,#5948,.F.);
#8337=ORIENTED_EDGE('',*,*,#5923,.F.);
#8338=ORIENTED_EDGE('',*,*,#5948,.T.);
#8339=ORIENTED_EDGE('',*,*,#5949,.F.);
#8340=ORIENTED_EDGE('',*,*,#5943,.F.);
#8341=ORIENTED_EDGE('',*,*,#5950,.F.);
#8342=ORIENTED_EDGE('',*,*,#5951,.F.);
#8343=ORIENTED_EDGE('',*,*,#5952,.F.);
#8344=ORIENTED_EDGE('',*,*,#5944,.F.);
#8345=ORIENTED_EDGE('',*,*,#5945,.T.);
#8346=ORIENTED_EDGE('',*,*,#5952,.T.);
#8347=ORIENTED_EDGE('',*,*,#5953,.F.);
#8348=ORIENTED_EDGE('',*,*,#5954,.F.);
#8349=ORIENTED_EDGE('',*,*,#5955,.F.);
#8350=ORIENTED_EDGE('',*,*,#5935,.F.);
#8351=ORIENTED_EDGE('',*,*,#5956,.F.);
#8352=ORIENTED_EDGE('',*,*,#5957,.F.);
#8353=ORIENTED_EDGE('',*,*,#5958,.F.);
#8354=ORIENTED_EDGE('',*,*,#5959,.F.);
#8355=ORIENTED_EDGE('',*,*,#5960,.T.);
#8356=ORIENTED_EDGE('',*,*,#5961,.T.);
#8357=ORIENTED_EDGE('',*,*,#5951,.T.);
#8358=ORIENTED_EDGE('',*,*,#5962,.T.);
#8359=ORIENTED_EDGE('',*,*,#5963,.T.);
#8360=ORIENTED_EDGE('',*,*,#5953,.T.);
#8361=ORIENTED_EDGE('',*,*,#5950,.T.);
#8362=ORIENTED_EDGE('',*,*,#5942,.T.);
#8363=ORIENTED_EDGE('',*,*,#5964,.T.);
#8364=ORIENTED_EDGE('',*,*,#5965,.T.);
#8365=ORIENTED_EDGE('',*,*,#5966,.T.);
#8366=ORIENTED_EDGE('',*,*,#5967,.T.);
#8367=ORIENTED_EDGE('',*,*,#5937,.T.);
#8368=ORIENTED_EDGE('',*,*,#5968,.F.);
#8369=ORIENTED_EDGE('',*,*,#5969,.F.);
#8370=ORIENTED_EDGE('',*,*,#5962,.F.);
#8371=ORIENTED_EDGE('',*,*,#5970,.T.);
#8372=ORIENTED_EDGE('',*,*,#5971,.T.);
#8373=ORIENTED_EDGE('',*,*,#5941,.T.);
#8374=ORIENTED_EDGE('',*,*,#5972,.F.);
#8375=ORIENTED_EDGE('',*,*,#5973,.T.);
#8376=ORIENTED_EDGE('',*,*,#5964,.F.);
#8377=ORIENTED_EDGE('',*,*,#5946,.T.);
#8378=ORIENTED_EDGE('',*,*,#5959,.T.);
#8379=ORIENTED_EDGE('',*,*,#5974,.T.);
#8380=ORIENTED_EDGE('',*,*,#5925,.F.);
#8381=ORIENTED_EDGE('',*,*,#5961,.F.);
#8382=ORIENTED_EDGE('',*,*,#5975,.T.);
#8383=ORIENTED_EDGE('',*,*,#5931,.F.);
#8384=ORIENTED_EDGE('',*,*,#5975,.F.);
#8385=ORIENTED_EDGE('',*,*,#5976,.F.);
#8386=ORIENTED_EDGE('',*,*,#5977,.T.);
#8387=ORIENTED_EDGE('',*,*,#5971,.F.);
#8388=ORIENTED_EDGE('',*,*,#5977,.F.);
#8389=ORIENTED_EDGE('',*,*,#5960,.F.);
#8390=ORIENTED_EDGE('',*,*,#5978,.T.);
#8391=ORIENTED_EDGE('',*,*,#5930,.F.);
#8392=ORIENTED_EDGE('',*,*,#5978,.F.);
#8393=ORIENTED_EDGE('',*,*,#5979,.F.);
#8394=ORIENTED_EDGE('',*,*,#5980,.T.);
#8395=ORIENTED_EDGE('',*,*,#5970,.F.);
#8396=ORIENTED_EDGE('',*,*,#5980,.F.);
#8397=ORIENTED_EDGE('',*,*,#5969,.T.);
#8398=ORIENTED_EDGE('',*,*,#5981,.F.);
#8399=ORIENTED_EDGE('',*,*,#5954,.T.);
#8400=ORIENTED_EDGE('',*,*,#5963,.F.);
#8401=ORIENTED_EDGE('',*,*,#5966,.F.);
#8402=ORIENTED_EDGE('',*,*,#5982,.F.);
#8403=ORIENTED_EDGE('',*,*,#5983,.T.);
#8404=ORIENTED_EDGE('',*,*,#5984,.T.);
#8405=ORIENTED_EDGE('',*,*,#5957,.T.);
#8406=ORIENTED_EDGE('',*,*,#5985,.T.);
#8407=ORIENTED_EDGE('',*,*,#5927,.F.);
#8408=ORIENTED_EDGE('',*,*,#5986,.F.);
#8409=ORIENTED_EDGE('',*,*,#5981,.T.);
#8410=ORIENTED_EDGE('',*,*,#5968,.T.);
#8411=ORIENTED_EDGE('',*,*,#5936,.F.);
#8412=ORIENTED_EDGE('',*,*,#5955,.T.);
#8413=ORIENTED_EDGE('',*,*,#5987,.T.);
#8414=ORIENTED_EDGE('',*,*,#5938,.T.);
#8415=ORIENTED_EDGE('',*,*,#5967,.F.);
#8416=ORIENTED_EDGE('',*,*,#5984,.F.);
#8417=ORIENTED_EDGE('',*,*,#5956,.T.);
#8418=ORIENTED_EDGE('',*,*,#5934,.F.);
#8419=ORIENTED_EDGE('',*,*,#5928,.F.);
#8420=ORIENTED_EDGE('',*,*,#5985,.F.);
#8421=ORIENTED_EDGE('',*,*,#5911,.T.);
#8422=ORIENTED_EDGE('',*,*,#5939,.T.);
#8423=ORIENTED_EDGE('',*,*,#5987,.F.);
#8424=ORIENTED_EDGE('',*,*,#5983,.F.);
#8425=ORIENTED_EDGE('',*,*,#5988,.T.);
#8426=ORIENTED_EDGE('',*,*,#5972,.T.);
#8427=ORIENTED_EDGE('',*,*,#5940,.T.);
#8428=ORIENTED_EDGE('',*,*,#5949,.T.);
#8429=ORIENTED_EDGE('',*,*,#5947,.T.);
#8430=ORIENTED_EDGE('',*,*,#5932,.T.);
#8431=ORIENTED_EDGE('',*,*,#5915,.T.);
#8432=ORIENTED_EDGE('',*,*,#5919,.T.);
#8433=ORIENTED_EDGE('',*,*,#5976,.T.);
#8434=ORIENTED_EDGE('',*,*,#5979,.T.);
#8435=ORIENTED_EDGE('',*,*,#5988,.F.);
#8436=ORIENTED_EDGE('',*,*,#5982,.T.);
#8437=ORIENTED_EDGE('',*,*,#5965,.F.);
#8438=ORIENTED_EDGE('',*,*,#5973,.F.);
#8439=ORIENTED_EDGE('',*,*,#5958,.T.);
#8440=ORIENTED_EDGE('',*,*,#5986,.T.);
#8441=ORIENTED_EDGE('',*,*,#5926,.F.);
#8442=ORIENTED_EDGE('',*,*,#5974,.F.);
#8443=ORIENTED_EDGE('',*,*,#5989,.F.);
#8444=ORIENTED_EDGE('',*,*,#5990,.T.);
#8445=ORIENTED_EDGE('',*,*,#5991,.F.);
#8446=ORIENTED_EDGE('',*,*,#5992,.F.);
#8447=ORIENTED_EDGE('',*,*,#5993,.F.);
#8448=ORIENTED_EDGE('',*,*,#5994,.F.);
#8449=ORIENTED_EDGE('',*,*,#5995,.F.);
#8450=ORIENTED_EDGE('',*,*,#5990,.F.);
#8451=ORIENTED_EDGE('',*,*,#5993,.T.);
#8452=ORIENTED_EDGE('',*,*,#5989,.T.);
#8453=ORIENTED_EDGE('',*,*,#5996,.T.);
#8454=ORIENTED_EDGE('',*,*,#5997,.T.);
#8455=ORIENTED_EDGE('',*,*,#5998,.F.);
#8456=ORIENTED_EDGE('',*,*,#5999,.T.);
#8457=ORIENTED_EDGE('',*,*,#6000,.T.);
#8458=ORIENTED_EDGE('',*,*,#5992,.T.);
#8459=ORIENTED_EDGE('',*,*,#6001,.T.);
#8460=ORIENTED_EDGE('',*,*,#6002,.T.);
#8461=ORIENTED_EDGE('',*,*,#5996,.F.);
#8462=ORIENTED_EDGE('',*,*,#6003,.F.);
#8463=ORIENTED_EDGE('',*,*,#6004,.T.);
#8464=ORIENTED_EDGE('',*,*,#6005,.F.);
#8465=ORIENTED_EDGE('',*,*,#6004,.F.);
#8466=ORIENTED_EDGE('',*,*,#6006,.F.);
#8467=ORIENTED_EDGE('',*,*,#6007,.T.);
#8468=ORIENTED_EDGE('',*,*,#6000,.F.);
#8469=ORIENTED_EDGE('',*,*,#6007,.F.);
#8470=ORIENTED_EDGE('',*,*,#6008,.F.);
#8471=ORIENTED_EDGE('',*,*,#6009,.F.);
#8472=ORIENTED_EDGE('',*,*,#6010,.T.);
#8473=ORIENTED_EDGE('',*,*,#6011,.F.);
#8474=ORIENTED_EDGE('',*,*,#5995,.T.);
#8475=ORIENTED_EDGE('',*,*,#6012,.F.);
#8476=ORIENTED_EDGE('',*,*,#6010,.F.);
#8477=ORIENTED_EDGE('',*,*,#6013,.F.);
#8478=ORIENTED_EDGE('',*,*,#6001,.F.);
#8479=ORIENTED_EDGE('',*,*,#5991,.T.);
#8480=ORIENTED_EDGE('',*,*,#6006,.T.);
#8481=ORIENTED_EDGE('',*,*,#6014,.F.);
#8482=ORIENTED_EDGE('',*,*,#6015,.F.);
#8483=ORIENTED_EDGE('',*,*,#6016,.T.);
#8484=ORIENTED_EDGE('',*,*,#6017,.F.);
#8485=ORIENTED_EDGE('',*,*,#6018,.F.);
#8486=ORIENTED_EDGE('',*,*,#6016,.F.);
#8487=ORIENTED_EDGE('',*,*,#6019,.F.);
#8488=ORIENTED_EDGE('',*,*,#6020,.F.);
#8489=ORIENTED_EDGE('',*,*,#6003,.T.);
#8490=ORIENTED_EDGE('',*,*,#5994,.T.);
#8491=ORIENTED_EDGE('',*,*,#5999,.F.);
#8492=ORIENTED_EDGE('',*,*,#6021,.T.);
#8493=ORIENTED_EDGE('',*,*,#6022,.F.);
#8494=ORIENTED_EDGE('',*,*,#6023,.F.);
#8495=ORIENTED_EDGE('',*,*,#6024,.F.);
#8496=ORIENTED_EDGE('',*,*,#6025,.F.);
#8497=ORIENTED_EDGE('',*,*,#6019,.T.);
#8498=ORIENTED_EDGE('',*,*,#6015,.T.);
#8499=ORIENTED_EDGE('',*,*,#6026,.F.);
#8500=ORIENTED_EDGE('',*,*,#6011,.T.);
#8501=ORIENTED_EDGE('',*,*,#6012,.T.);
#8502=ORIENTED_EDGE('',*,*,#5998,.T.);
#8503=ORIENTED_EDGE('',*,*,#6027,.T.);
#8504=ORIENTED_EDGE('',*,*,#6028,.F.);
#8505=ORIENTED_EDGE('',*,*,#6021,.F.);
#8506=ORIENTED_EDGE('',*,*,#6020,.T.);
#8507=ORIENTED_EDGE('',*,*,#6025,.T.);
#8508=ORIENTED_EDGE('',*,*,#6029,.F.);
#8509=ORIENTED_EDGE('',*,*,#6030,.F.);
#8510=ORIENTED_EDGE('',*,*,#6031,.T.);
#8511=ORIENTED_EDGE('',*,*,#6029,.T.);
#8512=ORIENTED_EDGE('',*,*,#6024,.T.);
#8513=ORIENTED_EDGE('',*,*,#6032,.F.);
#8514=ORIENTED_EDGE('',*,*,#6005,.T.);
#8515=ORIENTED_EDGE('',*,*,#6032,.T.);
#8516=ORIENTED_EDGE('',*,*,#6023,.T.);
#8517=ORIENTED_EDGE('',*,*,#6033,.F.);
#8518=ORIENTED_EDGE('',*,*,#6034,.F.);
#8519=ORIENTED_EDGE('',*,*,#6009,.T.);
#8520=ORIENTED_EDGE('',*,*,#6035,.T.);
#8521=ORIENTED_EDGE('',*,*,#6017,.T.);
#8522=ORIENTED_EDGE('',*,*,#6018,.T.);
#8523=ORIENTED_EDGE('',*,*,#6030,.T.);
#8524=ORIENTED_EDGE('',*,*,#6031,.F.);
#8525=ORIENTED_EDGE('',*,*,#6034,.T.);
#8526=ORIENTED_EDGE('',*,*,#6036,.F.);
#8527=ORIENTED_EDGE('',*,*,#6027,.F.);
#8528=ORIENTED_EDGE('',*,*,#5997,.F.);
#8529=ORIENTED_EDGE('',*,*,#6002,.F.);
#8530=ORIENTED_EDGE('',*,*,#6013,.T.);
#8531=ORIENTED_EDGE('',*,*,#6008,.T.);
#8532=ORIENTED_EDGE('',*,*,#6026,.T.);
#8533=ORIENTED_EDGE('',*,*,#6014,.T.);
#8534=ORIENTED_EDGE('',*,*,#6035,.F.);
#8535=ORIENTED_EDGE('',*,*,#6028,.T.);
#8536=ORIENTED_EDGE('',*,*,#6036,.T.);
#8537=ORIENTED_EDGE('',*,*,#6033,.T.);
#8538=ORIENTED_EDGE('',*,*,#6022,.T.);
#8539=ORIENTED_EDGE('',*,*,#6037,.F.);
#8540=ORIENTED_EDGE('',*,*,#6038,.T.);
#8541=ORIENTED_EDGE('',*,*,#6039,.F.);
#8542=ORIENTED_EDGE('',*,*,#6038,.F.);
#8543=ORIENTED_EDGE('',*,*,#6040,.F.);
#8544=ORIENTED_EDGE('',*,*,#6041,.T.);
#8545=ORIENTED_EDGE('',*,*,#6042,.F.);
#8546=ORIENTED_EDGE('',*,*,#6041,.F.);
#8547=ORIENTED_EDGE('',*,*,#6043,.F.);
#8548=ORIENTED_EDGE('',*,*,#6044,.F.);
#8549=ORIENTED_EDGE('',*,*,#6045,.F.);
#8550=ORIENTED_EDGE('',*,*,#6046,.F.);
#8551=ORIENTED_EDGE('',*,*,#6047,.F.);
#8552=ORIENTED_EDGE('',*,*,#6048,.F.);
#8553=ORIENTED_EDGE('',*,*,#6049,.F.);
#8554=ORIENTED_EDGE('',*,*,#6050,.F.);
#8555=ORIENTED_EDGE('',*,*,#6048,.T.);
#8556=ORIENTED_EDGE('',*,*,#6051,.T.);
#8557=ORIENTED_EDGE('',*,*,#6052,.T.);
#8558=ORIENTED_EDGE('',*,*,#6053,.F.);
#8559=ORIENTED_EDGE('',*,*,#6047,.T.);
#8560=ORIENTED_EDGE('',*,*,#6054,.T.);
#8561=ORIENTED_EDGE('',*,*,#6055,.T.);
#8562=ORIENTED_EDGE('',*,*,#6051,.F.);
#8563=ORIENTED_EDGE('',*,*,#6039,.T.);
#8564=ORIENTED_EDGE('',*,*,#6056,.T.);
#8565=ORIENTED_EDGE('',*,*,#6057,.T.);
#8566=ORIENTED_EDGE('',*,*,#6054,.F.);
#8567=ORIENTED_EDGE('',*,*,#6050,.T.);
#8568=ORIENTED_EDGE('',*,*,#6058,.F.);
#8569=ORIENTED_EDGE('',*,*,#6059,.F.);
#8570=ORIENTED_EDGE('',*,*,#6060,.T.);
#8571=ORIENTED_EDGE('',*,*,#6044,.T.);
#8572=ORIENTED_EDGE('',*,*,#6043,.T.);
#8573=ORIENTED_EDGE('',*,*,#6061,.F.);
#8574=ORIENTED_EDGE('',*,*,#6062,.F.);
#8575=ORIENTED_EDGE('',*,*,#6056,.F.);
#8576=ORIENTED_EDGE('',*,*,#6037,.T.);
#8577=ORIENTED_EDGE('',*,*,#6046,.T.);
#8578=ORIENTED_EDGE('',*,*,#6063,.F.);
#8579=ORIENTED_EDGE('',*,*,#6064,.F.);
#8580=ORIENTED_EDGE('',*,*,#6061,.T.);
#8581=ORIENTED_EDGE('',*,*,#6065,.F.);
#8582=ORIENTED_EDGE('',*,*,#6066,.T.);
#8583=ORIENTED_EDGE('',*,*,#6067,.F.);
#8584=ORIENTED_EDGE('',*,*,#6068,.F.);
#8585=ORIENTED_EDGE('',*,*,#6069,.F.);
#8586=ORIENTED_EDGE('',*,*,#6070,.F.);
#8587=ORIENTED_EDGE('',*,*,#6071,.F.);
#8588=ORIENTED_EDGE('',*,*,#6072,.T.);
#8589=ORIENTED_EDGE('',*,*,#6070,.T.);
#8590=ORIENTED_EDGE('',*,*,#6073,.T.);
#8591=ORIENTED_EDGE('',*,*,#6074,.F.);
#8592=ORIENTED_EDGE('',*,*,#6075,.F.);
#8593=ORIENTED_EDGE('',*,*,#6069,.T.);
#8594=ORIENTED_EDGE('',*,*,#6076,.F.);
#8595=ORIENTED_EDGE('',*,*,#6077,.F.);
#8596=ORIENTED_EDGE('',*,*,#6073,.F.);
#8597=ORIENTED_EDGE('',*,*,#6040,.T.);
#8598=ORIENTED_EDGE('',*,*,#6078,.F.);
#8599=ORIENTED_EDGE('',*,*,#6079,.F.);
#8600=ORIENTED_EDGE('',*,*,#6076,.T.);
#8601=ORIENTED_EDGE('',*,*,#6072,.F.);
#8602=ORIENTED_EDGE('',*,*,#6080,.F.);
#8603=ORIENTED_EDGE('',*,*,#6081,.T.);
#8604=ORIENTED_EDGE('',*,*,#6082,.F.);
#8605=ORIENTED_EDGE('',*,*,#6066,.F.);
#8606=ORIENTED_EDGE('',*,*,#6065,.T.);
#8607=ORIENTED_EDGE('',*,*,#6083,.F.);
#8608=ORIENTED_EDGE('',*,*,#6084,.T.);
#8609=ORIENTED_EDGE('',*,*,#6078,.T.);
#8610=ORIENTED_EDGE('',*,*,#6042,.T.);
#8611=ORIENTED_EDGE('',*,*,#6074,.T.);
#8612=ORIENTED_EDGE('',*,*,#6077,.T.);
#8613=ORIENTED_EDGE('',*,*,#6079,.T.);
#8614=ORIENTED_EDGE('',*,*,#6084,.F.);
#8615=ORIENTED_EDGE('',*,*,#6085,.T.);
#8616=ORIENTED_EDGE('',*,*,#6086,.F.);
#8617=ORIENTED_EDGE('',*,*,#6052,.F.);
#8618=ORIENTED_EDGE('',*,*,#6055,.F.);
#8619=ORIENTED_EDGE('',*,*,#6057,.F.);
#8620=ORIENTED_EDGE('',*,*,#6062,.T.);
#8621=ORIENTED_EDGE('',*,*,#6064,.T.);
#8622=ORIENTED_EDGE('',*,*,#6087,.F.);
#8623=ORIENTED_EDGE('',*,*,#6068,.T.);
#8624=ORIENTED_EDGE('',*,*,#6088,.F.);
#8625=ORIENTED_EDGE('',*,*,#6085,.F.);
#8626=ORIENTED_EDGE('',*,*,#6083,.T.);
#8627=ORIENTED_EDGE('',*,*,#6089,.F.);
#8628=ORIENTED_EDGE('',*,*,#6081,.F.);
#8629=ORIENTED_EDGE('',*,*,#6090,.T.);
#8630=ORIENTED_EDGE('',*,*,#6059,.T.);
#8631=ORIENTED_EDGE('',*,*,#6075,.T.);
#8632=ORIENTED_EDGE('',*,*,#6087,.T.);
#8633=ORIENTED_EDGE('',*,*,#6063,.T.);
#8634=ORIENTED_EDGE('',*,*,#6045,.T.);
#8635=ORIENTED_EDGE('',*,*,#6060,.F.);
#8636=ORIENTED_EDGE('',*,*,#6090,.F.);
#8637=ORIENTED_EDGE('',*,*,#6080,.T.);
#8638=ORIENTED_EDGE('',*,*,#6071,.T.);
#8639=ORIENTED_EDGE('',*,*,#6086,.T.);
#8640=ORIENTED_EDGE('',*,*,#6088,.T.);
#8641=ORIENTED_EDGE('',*,*,#6067,.T.);
#8642=ORIENTED_EDGE('',*,*,#6082,.T.);
#8643=ORIENTED_EDGE('',*,*,#6089,.T.);
#8644=ORIENTED_EDGE('',*,*,#6058,.T.);
#8645=ORIENTED_EDGE('',*,*,#6049,.T.);
#8646=ORIENTED_EDGE('',*,*,#6053,.T.);
#8647=ORIENTED_EDGE('',*,*,#6091,.T.);
#8648=ORIENTED_EDGE('',*,*,#6092,.F.);
#8649=ORIENTED_EDGE('',*,*,#6093,.T.);
#8650=ORIENTED_EDGE('',*,*,#6094,.F.);
#8651=ORIENTED_EDGE('',*,*,#6095,.F.);
#8652=ORIENTED_EDGE('',*,*,#6096,.F.);
#8653=ORIENTED_EDGE('',*,*,#6097,.F.);
#8654=ORIENTED_EDGE('',*,*,#6093,.F.);
#8655=ORIENTED_EDGE('',*,*,#6098,.T.);
#8656=ORIENTED_EDGE('',*,*,#6099,.F.);
#8657=ORIENTED_EDGE('',*,*,#6100,.T.);
#8658=ORIENTED_EDGE('',*,*,#6101,.F.);
#8659=ORIENTED_EDGE('',*,*,#6100,.F.);
#8660=ORIENTED_EDGE('',*,*,#6102,.F.);
#8661=ORIENTED_EDGE('',*,*,#6103,.F.);
#8662=ORIENTED_EDGE('',*,*,#6104,.F.);
#8663=ORIENTED_EDGE('',*,*,#6095,.T.);
#8664=ORIENTED_EDGE('',*,*,#6092,.T.);
#8665=ORIENTED_EDGE('',*,*,#6105,.T.);
#8666=ORIENTED_EDGE('',*,*,#6101,.T.);
#8667=ORIENTED_EDGE('',*,*,#6104,.T.);
#8668=ORIENTED_EDGE('',*,*,#6106,.T.);
#8669=ORIENTED_EDGE('',*,*,#6107,.F.);
#8670=ORIENTED_EDGE('',*,*,#6108,.T.);
#8671=ORIENTED_EDGE('',*,*,#6109,.F.);
#8672=ORIENTED_EDGE('',*,*,#6110,.F.);
#8673=ORIENTED_EDGE('',*,*,#6111,.F.);
#8674=ORIENTED_EDGE('',*,*,#6112,.F.);
#8675=ORIENTED_EDGE('',*,*,#6096,.T.);
#8676=ORIENTED_EDGE('',*,*,#6112,.T.);
#8677=ORIENTED_EDGE('',*,*,#6113,.F.);
#8678=ORIENTED_EDGE('',*,*,#6114,.F.);
#8679=ORIENTED_EDGE('',*,*,#6111,.T.);
#8680=ORIENTED_EDGE('',*,*,#6115,.F.);
#8681=ORIENTED_EDGE('',*,*,#6116,.T.);
#8682=ORIENTED_EDGE('',*,*,#6113,.T.);
#8683=ORIENTED_EDGE('',*,*,#6103,.T.);
#8684=ORIENTED_EDGE('',*,*,#6117,.T.);
#8685=ORIENTED_EDGE('',*,*,#6118,.F.);
#8686=ORIENTED_EDGE('',*,*,#6106,.F.);
#8687=ORIENTED_EDGE('',*,*,#6119,.F.);
#8688=ORIENTED_EDGE('',*,*,#6107,.T.);
#8689=ORIENTED_EDGE('',*,*,#6118,.T.);
#8690=ORIENTED_EDGE('',*,*,#6120,.T.);
#8691=ORIENTED_EDGE('',*,*,#6098,.F.);
#8692=ORIENTED_EDGE('',*,*,#6105,.F.);
#8693=ORIENTED_EDGE('',*,*,#6091,.F.);
#8694=ORIENTED_EDGE('',*,*,#6121,.F.);
#8695=ORIENTED_EDGE('',*,*,#6119,.T.);
#8696=ORIENTED_EDGE('',*,*,#6122,.T.);
#8697=ORIENTED_EDGE('',*,*,#6123,.F.);
#8698=ORIENTED_EDGE('',*,*,#6108,.F.);
#8699=ORIENTED_EDGE('',*,*,#6115,.T.);
#8700=ORIENTED_EDGE('',*,*,#6110,.T.);
#8701=ORIENTED_EDGE('',*,*,#6124,.F.);
#8702=ORIENTED_EDGE('',*,*,#6125,.F.);
#8703=ORIENTED_EDGE('',*,*,#6097,.T.);
#8704=ORIENTED_EDGE('',*,*,#6114,.T.);
#8705=ORIENTED_EDGE('',*,*,#6116,.F.);
#8706=ORIENTED_EDGE('',*,*,#6125,.T.);
#8707=ORIENTED_EDGE('',*,*,#6126,.F.);
#8708=ORIENTED_EDGE('',*,*,#6122,.F.);
#8709=ORIENTED_EDGE('',*,*,#6120,.F.);
#8710=ORIENTED_EDGE('',*,*,#6117,.F.);
#8711=ORIENTED_EDGE('',*,*,#6102,.T.);
#8712=ORIENTED_EDGE('',*,*,#6099,.T.);
#8713=ORIENTED_EDGE('',*,*,#6121,.T.);
#8714=ORIENTED_EDGE('',*,*,#6094,.T.);
#8715=ORIENTED_EDGE('',*,*,#6123,.T.);
#8716=ORIENTED_EDGE('',*,*,#6126,.T.);
#8717=ORIENTED_EDGE('',*,*,#6124,.T.);
#8718=ORIENTED_EDGE('',*,*,#6109,.T.);
#8719=ORIENTED_EDGE('',*,*,#6127,.T.);
#8720=ORIENTED_EDGE('',*,*,#6128,.T.);
#8721=ORIENTED_EDGE('',*,*,#6129,.T.);
#8722=ORIENTED_EDGE('',*,*,#6130,.T.);
#8723=ORIENTED_EDGE('',*,*,#6131,.T.);
#8724=ORIENTED_EDGE('',*,*,#6132,.F.);
#8725=ORIENTED_EDGE('',*,*,#6133,.F.);
#8726=ORIENTED_EDGE('',*,*,#6134,.T.);
#8727=ORIENTED_EDGE('',*,*,#6135,.T.);
#8728=ORIENTED_EDGE('',*,*,#6136,.F.);
#8729=ORIENTED_EDGE('',*,*,#6137,.F.);
#8730=ORIENTED_EDGE('',*,*,#6128,.F.);
#8731=ORIENTED_EDGE('',*,*,#6137,.T.);
#8732=ORIENTED_EDGE('',*,*,#6138,.T.);
#8733=ORIENTED_EDGE('',*,*,#6139,.T.);
#8734=ORIENTED_EDGE('',*,*,#6140,.T.);
#8735=ORIENTED_EDGE('',*,*,#6141,.F.);
#8736=ORIENTED_EDGE('',*,*,#6133,.T.);
#8737=ORIENTED_EDGE('',*,*,#6142,.F.);
#8738=ORIENTED_EDGE('',*,*,#6143,.F.);
#8739=ORIENTED_EDGE('',*,*,#6144,.F.);
#8740=ORIENTED_EDGE('',*,*,#6145,.F.);
#8741=ORIENTED_EDGE('',*,*,#6146,.T.);
#8742=ORIENTED_EDGE('',*,*,#6129,.F.);
#8743=ORIENTED_EDGE('',*,*,#6147,.T.);
#8744=ORIENTED_EDGE('',*,*,#6148,.T.);
#8745=ORIENTED_EDGE('',*,*,#6138,.F.);
#8746=ORIENTED_EDGE('',*,*,#6136,.T.);
#8747=ORIENTED_EDGE('',*,*,#6149,.T.);
#8748=ORIENTED_EDGE('',*,*,#6150,.T.);
#8749=ORIENTED_EDGE('',*,*,#6143,.T.);
#8750=ORIENTED_EDGE('',*,*,#6151,.F.);
#8751=ORIENTED_EDGE('',*,*,#6130,.F.);
#8752=ORIENTED_EDGE('',*,*,#6146,.F.);
#8753=ORIENTED_EDGE('',*,*,#6152,.F.);
#8754=ORIENTED_EDGE('',*,*,#6153,.F.);
#8755=ORIENTED_EDGE('',*,*,#6148,.F.);
#8756=ORIENTED_EDGE('',*,*,#6154,.F.);
#8757=ORIENTED_EDGE('',*,*,#6155,.F.);
#8758=ORIENTED_EDGE('',*,*,#6139,.F.);
#8759=ORIENTED_EDGE('',*,*,#6152,.T.);
#8760=ORIENTED_EDGE('',*,*,#6145,.T.);
#8761=ORIENTED_EDGE('',*,*,#6156,.F.);
#8762=ORIENTED_EDGE('',*,*,#6157,.F.);
#8763=ORIENTED_EDGE('',*,*,#6150,.F.);
#8764=ORIENTED_EDGE('',*,*,#6158,.T.);
#8765=ORIENTED_EDGE('',*,*,#6156,.T.);
#8766=ORIENTED_EDGE('',*,*,#6144,.T.);
#8767=ORIENTED_EDGE('',*,*,#6155,.T.);
#8768=ORIENTED_EDGE('',*,*,#6159,.T.);
#8769=ORIENTED_EDGE('',*,*,#6160,.F.);
#8770=ORIENTED_EDGE('',*,*,#6140,.F.);
#8771=ORIENTED_EDGE('',*,*,#6134,.F.);
#8772=ORIENTED_EDGE('',*,*,#6141,.T.);
#8773=ORIENTED_EDGE('',*,*,#6160,.T.);
#8774=ORIENTED_EDGE('',*,*,#6161,.T.);
#8775=ORIENTED_EDGE('',*,*,#6153,.T.);
#8776=ORIENTED_EDGE('',*,*,#6157,.T.);
#8777=ORIENTED_EDGE('',*,*,#6158,.F.);
#8778=ORIENTED_EDGE('',*,*,#6149,.F.);
#8779=ORIENTED_EDGE('',*,*,#6162,.F.);
#8780=ORIENTED_EDGE('',*,*,#6131,.F.);
#8781=ORIENTED_EDGE('',*,*,#6161,.F.);
#8782=ORIENTED_EDGE('',*,*,#6159,.F.);
#8783=ORIENTED_EDGE('',*,*,#6154,.T.);
#8784=ORIENTED_EDGE('',*,*,#6147,.F.);
#8785=ORIENTED_EDGE('',*,*,#6135,.F.);
#8786=ORIENTED_EDGE('',*,*,#6127,.F.);
#8787=ORIENTED_EDGE('',*,*,#6162,.T.);
#8788=ORIENTED_EDGE('',*,*,#6151,.T.);
#8789=ORIENTED_EDGE('',*,*,#6142,.T.);
#8790=ORIENTED_EDGE('',*,*,#6132,.T.);
#8791=ORIENTED_EDGE('',*,*,#6163,.T.);
#8792=ORIENTED_EDGE('',*,*,#6164,.F.);
#8793=ORIENTED_EDGE('',*,*,#6165,.T.);
#8794=ORIENTED_EDGE('',*,*,#6166,.F.);
#8795=ORIENTED_EDGE('',*,*,#6165,.F.);
#8796=ORIENTED_EDGE('',*,*,#6167,.F.);
#8797=ORIENTED_EDGE('',*,*,#6168,.F.);
#8798=ORIENTED_EDGE('',*,*,#6169,.F.);
#8799=ORIENTED_EDGE('',*,*,#6170,.T.);
#8800=ORIENTED_EDGE('',*,*,#6171,.F.);
#8801=ORIENTED_EDGE('',*,*,#6172,.T.);
#8802=ORIENTED_EDGE('',*,*,#6173,.F.);
#8803=ORIENTED_EDGE('',*,*,#6172,.F.);
#8804=ORIENTED_EDGE('',*,*,#6174,.F.);
#8805=ORIENTED_EDGE('',*,*,#6175,.F.);
#8806=ORIENTED_EDGE('',*,*,#6176,.F.);
#8807=ORIENTED_EDGE('',*,*,#6167,.T.);
#8808=ORIENTED_EDGE('',*,*,#6164,.T.);
#8809=ORIENTED_EDGE('',*,*,#6177,.T.);
#8810=ORIENTED_EDGE('',*,*,#6173,.T.);
#8811=ORIENTED_EDGE('',*,*,#6176,.T.);
#8812=ORIENTED_EDGE('',*,*,#6178,.T.);
#8813=ORIENTED_EDGE('',*,*,#6179,.F.);
#8814=ORIENTED_EDGE('',*,*,#6180,.T.);
#8815=ORIENTED_EDGE('',*,*,#6181,.F.);
#8816=ORIENTED_EDGE('',*,*,#6182,.F.);
#8817=ORIENTED_EDGE('',*,*,#6183,.F.);
#8818=ORIENTED_EDGE('',*,*,#6184,.F.);
#8819=ORIENTED_EDGE('',*,*,#6168,.T.);
#8820=ORIENTED_EDGE('',*,*,#6184,.T.);
#8821=ORIENTED_EDGE('',*,*,#6185,.F.);
#8822=ORIENTED_EDGE('',*,*,#6186,.F.);
#8823=ORIENTED_EDGE('',*,*,#6187,.F.);
#8824=ORIENTED_EDGE('',*,*,#6188,.T.);
#8825=ORIENTED_EDGE('',*,*,#6185,.T.);
#8826=ORIENTED_EDGE('',*,*,#6183,.T.);
#8827=ORIENTED_EDGE('',*,*,#6175,.T.);
#8828=ORIENTED_EDGE('',*,*,#6189,.T.);
#8829=ORIENTED_EDGE('',*,*,#6190,.F.);
#8830=ORIENTED_EDGE('',*,*,#6178,.F.);
#8831=ORIENTED_EDGE('',*,*,#6191,.F.);
#8832=ORIENTED_EDGE('',*,*,#6179,.T.);
#8833=ORIENTED_EDGE('',*,*,#6190,.T.);
#8834=ORIENTED_EDGE('',*,*,#6192,.T.);
#8835=ORIENTED_EDGE('',*,*,#6193,.F.);
#8836=ORIENTED_EDGE('',*,*,#6170,.F.);
#8837=ORIENTED_EDGE('',*,*,#6177,.F.);
#8838=ORIENTED_EDGE('',*,*,#6163,.F.);
#8839=ORIENTED_EDGE('',*,*,#6187,.T.);
#8840=ORIENTED_EDGE('',*,*,#6182,.T.);
#8841=ORIENTED_EDGE('',*,*,#6194,.F.);
#8842=ORIENTED_EDGE('',*,*,#6195,.F.);
#8843=ORIENTED_EDGE('',*,*,#6169,.T.);
#8844=ORIENTED_EDGE('',*,*,#6186,.T.);
#8845=ORIENTED_EDGE('',*,*,#6188,.F.);
#8846=ORIENTED_EDGE('',*,*,#6195,.T.);
#8847=ORIENTED_EDGE('',*,*,#6196,.F.);
#8848=ORIENTED_EDGE('',*,*,#6197,.F.);
#8849=ORIENTED_EDGE('',*,*,#6192,.F.);
#8850=ORIENTED_EDGE('',*,*,#6189,.F.);
#8851=ORIENTED_EDGE('',*,*,#6174,.T.);
#8852=ORIENTED_EDGE('',*,*,#6171,.T.);
#8853=ORIENTED_EDGE('',*,*,#6193,.T.);
#8854=ORIENTED_EDGE('',*,*,#6166,.T.);
#8855=ORIENTED_EDGE('',*,*,#6191,.T.);
#8856=ORIENTED_EDGE('',*,*,#6197,.T.);
#8857=ORIENTED_EDGE('',*,*,#6198,.F.);
#8858=ORIENTED_EDGE('',*,*,#6180,.F.);
#8859=ORIENTED_EDGE('',*,*,#6194,.T.);
#8860=ORIENTED_EDGE('',*,*,#6181,.T.);
#8861=ORIENTED_EDGE('',*,*,#6198,.T.);
#8862=ORIENTED_EDGE('',*,*,#6196,.T.);
#8863=ORIENTED_EDGE('',*,*,#6199,.F.);
#8864=ORIENTED_EDGE('',*,*,#6200,.T.);
#8865=ORIENTED_EDGE('',*,*,#6201,.F.);
#8866=ORIENTED_EDGE('',*,*,#6200,.F.);
#8867=ORIENTED_EDGE('',*,*,#6202,.F.);
#8868=ORIENTED_EDGE('',*,*,#6203,.T.);
#8869=ORIENTED_EDGE('',*,*,#6204,.F.);
#8870=ORIENTED_EDGE('',*,*,#6203,.F.);
#8871=ORIENTED_EDGE('',*,*,#6205,.F.);
#8872=ORIENTED_EDGE('',*,*,#6206,.T.);
#8873=ORIENTED_EDGE('',*,*,#6207,.F.);
#8874=ORIENTED_EDGE('',*,*,#6206,.F.);
#8875=ORIENTED_EDGE('',*,*,#6208,.F.);
#8876=ORIENTED_EDGE('',*,*,#6209,.T.);
#8877=ORIENTED_EDGE('',*,*,#6210,.F.);
#8878=ORIENTED_EDGE('',*,*,#6209,.F.);
#8879=ORIENTED_EDGE('',*,*,#6211,.T.);
#8880=ORIENTED_EDGE('',*,*,#6212,.F.);
#8881=ORIENTED_EDGE('',*,*,#6213,.T.);
#8882=ORIENTED_EDGE('',*,*,#6214,.F.);
#8883=ORIENTED_EDGE('',*,*,#6215,.F.);
#8884=ORIENTED_EDGE('',*,*,#6216,.T.);
#8885=ORIENTED_EDGE('',*,*,#6217,.T.);
#8886=ORIENTED_EDGE('',*,*,#6218,.T.);
#8887=ORIENTED_EDGE('',*,*,#6219,.T.);
#8888=ORIENTED_EDGE('',*,*,#6220,.T.);
#8889=ORIENTED_EDGE('',*,*,#6221,.F.);
#8890=ORIENTED_EDGE('',*,*,#6211,.F.);
#8891=ORIENTED_EDGE('',*,*,#6204,.T.);
#8892=ORIENTED_EDGE('',*,*,#6210,.T.);
#8893=ORIENTED_EDGE('',*,*,#6214,.T.);
#8894=ORIENTED_EDGE('',*,*,#6222,.T.);
#8895=ORIENTED_EDGE('',*,*,#6223,.F.);
#8896=ORIENTED_EDGE('',*,*,#6215,.T.);
#8897=ORIENTED_EDGE('',*,*,#6224,.T.);
#8898=ORIENTED_EDGE('',*,*,#6225,.T.);
#8899=ORIENTED_EDGE('',*,*,#6226,.F.);
#8900=ORIENTED_EDGE('',*,*,#6227,.T.);
#8901=ORIENTED_EDGE('',*,*,#6217,.F.);
#8902=ORIENTED_EDGE('',*,*,#6228,.F.);
#8903=ORIENTED_EDGE('',*,*,#6229,.T.);
#8904=ORIENTED_EDGE('',*,*,#6230,.T.);
#8905=ORIENTED_EDGE('',*,*,#6231,.F.);
#8906=ORIENTED_EDGE('',*,*,#6232,.F.);
#8907=ORIENTED_EDGE('',*,*,#6222,.F.);
#8908=ORIENTED_EDGE('',*,*,#6213,.F.);
#8909=ORIENTED_EDGE('',*,*,#6233,.F.);
#8910=ORIENTED_EDGE('',*,*,#6234,.F.);
#8911=ORIENTED_EDGE('',*,*,#6235,.F.);
#8912=ORIENTED_EDGE('',*,*,#6224,.F.);
#8913=ORIENTED_EDGE('',*,*,#6199,.T.);
#8914=ORIENTED_EDGE('',*,*,#6205,.T.);
#8915=ORIENTED_EDGE('',*,*,#6231,.T.);
#8916=ORIENTED_EDGE('',*,*,#6227,.F.);
#8917=ORIENTED_EDGE('',*,*,#6236,.F.);
#8918=ORIENTED_EDGE('',*,*,#6237,.F.);
#8919=ORIENTED_EDGE('',*,*,#6238,.F.);
#8920=ORIENTED_EDGE('',*,*,#6239,.T.);
#8921=ORIENTED_EDGE('',*,*,#6218,.F.);
#8922=ORIENTED_EDGE('',*,*,#6230,.F.);
#8923=ORIENTED_EDGE('',*,*,#6236,.T.);
#8924=ORIENTED_EDGE('',*,*,#6226,.T.);
#8925=ORIENTED_EDGE('',*,*,#6240,.T.);
#8926=ORIENTED_EDGE('',*,*,#6241,.T.);
#8927=ORIENTED_EDGE('',*,*,#6201,.T.);
#8928=ORIENTED_EDGE('',*,*,#6207,.T.);
#8929=ORIENTED_EDGE('',*,*,#6242,.F.);
#8930=ORIENTED_EDGE('',*,*,#6243,.T.);
#8931=ORIENTED_EDGE('',*,*,#6219,.F.);
#8932=ORIENTED_EDGE('',*,*,#6239,.F.);
#8933=ORIENTED_EDGE('',*,*,#6212,.T.);
#8934=ORIENTED_EDGE('',*,*,#6221,.T.);
#8935=ORIENTED_EDGE('',*,*,#6244,.F.);
#8936=ORIENTED_EDGE('',*,*,#6233,.T.);
#8937=ORIENTED_EDGE('',*,*,#6229,.F.);
#8938=ORIENTED_EDGE('',*,*,#6245,.T.);
#8939=ORIENTED_EDGE('',*,*,#6242,.T.);
#8940=ORIENTED_EDGE('',*,*,#6238,.T.);
#8941=ORIENTED_EDGE('',*,*,#6202,.T.);
#8942=ORIENTED_EDGE('',*,*,#6208,.T.);
#8943=ORIENTED_EDGE('',*,*,#6235,.T.);
#8944=ORIENTED_EDGE('',*,*,#6246,.T.);
#8945=ORIENTED_EDGE('',*,*,#6240,.F.);
#8946=ORIENTED_EDGE('',*,*,#6225,.F.);
#8947=ORIENTED_EDGE('',*,*,#6232,.T.);
#8948=ORIENTED_EDGE('',*,*,#6237,.T.);
#8949=ORIENTED_EDGE('',*,*,#6241,.F.);
#8950=ORIENTED_EDGE('',*,*,#6246,.F.);
#8951=ORIENTED_EDGE('',*,*,#6234,.T.);
#8952=ORIENTED_EDGE('',*,*,#6244,.T.);
#8953=ORIENTED_EDGE('',*,*,#6220,.F.);
#8954=ORIENTED_EDGE('',*,*,#6243,.F.);
#8955=ORIENTED_EDGE('',*,*,#6245,.F.);
#8956=ORIENTED_EDGE('',*,*,#6228,.T.);
#8957=ORIENTED_EDGE('',*,*,#6216,.F.);
#8958=ORIENTED_EDGE('',*,*,#6223,.T.);
#8959=ORIENTED_EDGE('',*,*,#6247,.F.);
#8960=ORIENTED_EDGE('',*,*,#6248,.F.);
#8961=ORIENTED_EDGE('',*,*,#6249,.F.);
#8962=ORIENTED_EDGE('',*,*,#6250,.F.);
#8963=ORIENTED_EDGE('',*,*,#6248,.T.);
#8964=ORIENTED_EDGE('',*,*,#6251,.T.);
#8965=ORIENTED_EDGE('',*,*,#6252,.F.);
#8966=ORIENTED_EDGE('',*,*,#6253,.F.);
#8967=ORIENTED_EDGE('',*,*,#6247,.T.);
#8968=ORIENTED_EDGE('',*,*,#6254,.T.);
#8969=ORIENTED_EDGE('',*,*,#6255,.F.);
#8970=ORIENTED_EDGE('',*,*,#6251,.F.);
#8971=ORIENTED_EDGE('',*,*,#6249,.T.);
#8972=ORIENTED_EDGE('',*,*,#6253,.T.);
#8973=ORIENTED_EDGE('',*,*,#6256,.F.);
#8974=ORIENTED_EDGE('',*,*,#6257,.F.);
#8975=ORIENTED_EDGE('',*,*,#6250,.T.);
#8976=ORIENTED_EDGE('',*,*,#6257,.T.);
#8977=ORIENTED_EDGE('',*,*,#6258,.F.);
#8978=ORIENTED_EDGE('',*,*,#6254,.F.);
#8979=ORIENTED_EDGE('',*,*,#6255,.T.);
#8980=ORIENTED_EDGE('',*,*,#6258,.T.);
#8981=ORIENTED_EDGE('',*,*,#6256,.T.);
#8982=ORIENTED_EDGE('',*,*,#6252,.T.);
#8983=ORIENTED_EDGE('',*,*,#6259,.F.);
#8984=ORIENTED_EDGE('',*,*,#6260,.F.);
#8985=ORIENTED_EDGE('',*,*,#6261,.F.);
#8986=ORIENTED_EDGE('',*,*,#6262,.F.);
#8987=ORIENTED_EDGE('',*,*,#6260,.T.);
#8988=ORIENTED_EDGE('',*,*,#6263,.T.);
#8989=ORIENTED_EDGE('',*,*,#6264,.F.);
#8990=ORIENTED_EDGE('',*,*,#6265,.F.);
#8991=ORIENTED_EDGE('',*,*,#6259,.T.);
#8992=ORIENTED_EDGE('',*,*,#6266,.T.);
#8993=ORIENTED_EDGE('',*,*,#6267,.F.);
#8994=ORIENTED_EDGE('',*,*,#6263,.F.);
#8995=ORIENTED_EDGE('',*,*,#6261,.T.);
#8996=ORIENTED_EDGE('',*,*,#6265,.T.);
#8997=ORIENTED_EDGE('',*,*,#6268,.F.);
#8998=ORIENTED_EDGE('',*,*,#6269,.F.);
#8999=ORIENTED_EDGE('',*,*,#6262,.T.);
#9000=ORIENTED_EDGE('',*,*,#6269,.T.);
#9001=ORIENTED_EDGE('',*,*,#6270,.F.);
#9002=ORIENTED_EDGE('',*,*,#6266,.F.);
#9003=ORIENTED_EDGE('',*,*,#6267,.T.);
#9004=ORIENTED_EDGE('',*,*,#6270,.T.);
#9005=ORIENTED_EDGE('',*,*,#6268,.T.);
#9006=ORIENTED_EDGE('',*,*,#6264,.T.);
#9007=ORIENTED_EDGE('',*,*,#6271,.F.);
#9008=ORIENTED_EDGE('',*,*,#6272,.F.);
#9009=ORIENTED_EDGE('',*,*,#6273,.F.);
#9010=ORIENTED_EDGE('',*,*,#6274,.F.);
#9011=ORIENTED_EDGE('',*,*,#6272,.T.);
#9012=ORIENTED_EDGE('',*,*,#6275,.T.);
#9013=ORIENTED_EDGE('',*,*,#6276,.F.);
#9014=ORIENTED_EDGE('',*,*,#6277,.F.);
#9015=ORIENTED_EDGE('',*,*,#6271,.T.);
#9016=ORIENTED_EDGE('',*,*,#6278,.T.);
#9017=ORIENTED_EDGE('',*,*,#6279,.F.);
#9018=ORIENTED_EDGE('',*,*,#6275,.F.);
#9019=ORIENTED_EDGE('',*,*,#6273,.T.);
#9020=ORIENTED_EDGE('',*,*,#6277,.T.);
#9021=ORIENTED_EDGE('',*,*,#6280,.F.);
#9022=ORIENTED_EDGE('',*,*,#6281,.F.);
#9023=ORIENTED_EDGE('',*,*,#6274,.T.);
#9024=ORIENTED_EDGE('',*,*,#6281,.T.);
#9025=ORIENTED_EDGE('',*,*,#6282,.F.);
#9026=ORIENTED_EDGE('',*,*,#6278,.F.);
#9027=ORIENTED_EDGE('',*,*,#6279,.T.);
#9028=ORIENTED_EDGE('',*,*,#6282,.T.);
#9029=ORIENTED_EDGE('',*,*,#6280,.T.);
#9030=ORIENTED_EDGE('',*,*,#6276,.T.);
#9031=ORIENTED_EDGE('',*,*,#6283,.F.);
#9032=ORIENTED_EDGE('',*,*,#6284,.F.);
#9033=ORIENTED_EDGE('',*,*,#6285,.F.);
#9034=ORIENTED_EDGE('',*,*,#6286,.F.);
#9035=ORIENTED_EDGE('',*,*,#6284,.T.);
#9036=ORIENTED_EDGE('',*,*,#6287,.T.);
#9037=ORIENTED_EDGE('',*,*,#6288,.F.);
#9038=ORIENTED_EDGE('',*,*,#6289,.F.);
#9039=ORIENTED_EDGE('',*,*,#6283,.T.);
#9040=ORIENTED_EDGE('',*,*,#6290,.T.);
#9041=ORIENTED_EDGE('',*,*,#6291,.F.);
#9042=ORIENTED_EDGE('',*,*,#6287,.F.);
#9043=ORIENTED_EDGE('',*,*,#6285,.T.);
#9044=ORIENTED_EDGE('',*,*,#6289,.T.);
#9045=ORIENTED_EDGE('',*,*,#6292,.F.);
#9046=ORIENTED_EDGE('',*,*,#6293,.F.);
#9047=ORIENTED_EDGE('',*,*,#6286,.T.);
#9048=ORIENTED_EDGE('',*,*,#6293,.T.);
#9049=ORIENTED_EDGE('',*,*,#6294,.F.);
#9050=ORIENTED_EDGE('',*,*,#6290,.F.);
#9051=ORIENTED_EDGE('',*,*,#6291,.T.);
#9052=ORIENTED_EDGE('',*,*,#6294,.T.);
#9053=ORIENTED_EDGE('',*,*,#6292,.T.);
#9054=ORIENTED_EDGE('',*,*,#6288,.T.);
#9055=PLANE('',#10164);
#9056=PLANE('',#10165);
#9057=PLANE('',#10166);
#9058=PLANE('',#10167);
#9059=PLANE('',#10168);
#9060=PLANE('',#10169);
#9061=PLANE('',#10170);
#9062=PLANE('',#10171);
#9063=PLANE('',#10172);
#9064=PLANE('',#10173);
#9065=PLANE('',#10174);
#9066=PLANE('',#10175);
#9067=PLANE('',#10188);
#9068=PLANE('',#10189);
#9069=PLANE('',#10191);
#9070=PLANE('',#10192);
#9071=PLANE('',#10195);
#9072=PLANE('',#10199);
#9073=PLANE('',#10200);
#9074=PLANE('',#10201);
#9075=PLANE('',#10202);
#9076=PLANE('',#10203);
#9077=PLANE('',#10204);
#9078=PLANE('',#10205);
#9079=PLANE('',#10218);
#9080=PLANE('',#10219);
#9081=PLANE('',#10220);
#9082=PLANE('',#10221);
#9083=PLANE('',#10228);
#9084=PLANE('',#10229);
#9085=PLANE('',#10230);
#9086=PLANE('',#10231);
#9087=PLANE('',#10232);
#9088=PLANE('',#10233);
#9089=PLANE('',#10234);
#9090=PLANE('',#10235);
#9091=PLANE('',#10242);
#9092=PLANE('',#10243);
#9093=PLANE('',#10244);
#9094=PLANE('',#10245);
#9095=PLANE('',#10246);
#9096=PLANE('',#10247);
#9097=PLANE('',#10248);
#9098=PLANE('',#10249);
#9099=PLANE('',#10250);
#9100=PLANE('',#10251);
#9101=PLANE('',#10252);
#9102=PLANE('',#10253);
#9103=PLANE('',#10254);
#9104=PLANE('',#10255);
#9105=PLANE('',#10268);
#9106=PLANE('',#10269);
#9107=PLANE('',#10271);
#9108=PLANE('',#10272);
#9109=PLANE('',#10274);
#9110=PLANE('',#10281);
#9111=PLANE('',#10282);
#9112=PLANE('',#10284);
#9113=PLANE('',#10285);
#9114=PLANE('',#10290);
#9115=PLANE('',#10294);
#9116=PLANE('',#10295);
#9117=PLANE('',#10296);
#9118=PLANE('',#10297);
#9119=PLANE('',#10298);
#9120=PLANE('',#10299);
#9121=PLANE('',#10300);
#9122=PLANE('',#10301);
#9123=PLANE('',#10302);
#9124=PLANE('',#10303);
#9125=PLANE('',#10304);
#9126=PLANE('',#10305);
#9127=PLANE('',#10306);
#9128=PLANE('',#10307);
#9129=PLANE('',#10308);
#9130=PLANE('',#10309);
#9131=PLANE('',#10310);
#9132=PLANE('',#10311);
#9133=PLANE('',#10312);
#9134=PLANE('',#10313);
#9135=PLANE('',#10314);
#9136=PLANE('',#10315);
#9137=PLANE('',#10316);
#9138=PLANE('',#10317);
#9139=PLANE('',#10318);
#9140=PLANE('',#10319);
#9141=PLANE('',#10320);
#9142=PLANE('',#10321);
#9143=PLANE('',#10322);
#9144=PLANE('',#10323);
#9145=PLANE('',#10324);
#9146=PLANE('',#10325);
#9147=PLANE('',#10326);
#9148=PLANE('',#10327);
#9149=PLANE('',#10328);
#9150=PLANE('',#10329);
#9151=PLANE('',#10330);
#9152=PLANE('',#10331);
#9153=PLANE('',#10332);
#9154=PLANE('',#10333);
#9155=PLANE('',#10334);
#9156=PLANE('',#10335);
#9157=PLANE('',#10336);
#9158=PLANE('',#10337);
#9159=PLANE('',#10338);
#9160=PLANE('',#10339);
#9161=PLANE('',#10340);
#9162=PLANE('',#10341);
#9163=PLANE('',#10342);
#9164=PLANE('',#10343);
#9165=PLANE('',#10344);
#9166=PLANE('',#10345);
#9167=PLANE('',#10346);
#9168=PLANE('',#10347);
#9169=PLANE('',#10348);
#9170=PLANE('',#10349);
#9171=PLANE('',#10350);
#9172=PLANE('',#10351);
#9173=PLANE('',#10352);
#9174=PLANE('',#10353);
#9175=PLANE('',#10354);
#9176=PLANE('',#10355);
#9177=PLANE('',#10356);
#9178=PLANE('',#10357);
#9179=PLANE('',#10358);
#9180=PLANE('',#10359);
#9181=PLANE('',#10360);
#9182=PLANE('',#10361);
#9183=PLANE('',#10362);
#9184=PLANE('',#10363);
#9185=PLANE('',#10364);
#9186=PLANE('',#10365);
#9187=PLANE('',#10366);
#9188=PLANE('',#10367);
#9189=PLANE('',#10368);
#9190=PLANE('',#10369);
#9191=PLANE('',#10370);
#9192=PLANE('',#10371);
#9193=PLANE('',#10372);
#9194=PLANE('',#10373);
#9195=PLANE('',#10374);
#9196=PLANE('',#10375);
#9197=PLANE('',#10376);
#9198=PLANE('',#10377);
#9199=PLANE('',#10378);
#9200=PLANE('',#10379);
#9201=PLANE('',#10380);
#9202=PLANE('',#10381);
#9203=PLANE('',#10382);
#9204=PLANE('',#10383);
#9205=PLANE('',#10384);
#9206=PLANE('',#10385);
#9207=PLANE('',#10386);
#9208=PLANE('',#10387);
#9209=PLANE('',#10388);
#9210=PLANE('',#10389);
#9211=PLANE('',#10390);
#9212=PLANE('',#10391);
#9213=PLANE('',#10392);
#9214=PLANE('',#10393);
#9215=PLANE('',#10394);
#9216=PLANE('',#10395);
#9217=PLANE('',#10396);
#9218=PLANE('',#10397);
#9219=PLANE('',#10398);
#9220=PLANE('',#10399);
#9221=PLANE('',#10400);
#9222=PLANE('',#10401);
#9223=PLANE('',#10402);
#9224=PLANE('',#10403);
#9225=PLANE('',#10404);
#9226=PLANE('',#10405);
#9227=PLANE('',#10406);
#9228=PLANE('',#10407);
#9229=PLANE('',#10408);
#9230=PLANE('',#10409);
#9231=PLANE('',#10411);
#9232=PLANE('',#10412);
#9233=PLANE('',#10414);
#9234=PLANE('',#10415);
#9235=PLANE('',#10416);
#9236=PLANE('',#10417);
#9237=PLANE('',#10419);
#9238=PLANE('',#10421);
#9239=PLANE('',#10423);
#9240=PLANE('',#10426);
#9241=PLANE('',#10427);
#9242=PLANE('',#10428);
#9243=PLANE('',#10429);
#9244=PLANE('',#10430);
#9245=PLANE('',#10431);
#9246=PLANE('',#10432);
#9247=PLANE('',#10433);
#9248=PLANE('',#10434);
#9249=PLANE('',#10435);
#9250=PLANE('',#10436);
#9251=PLANE('',#10437);
#9252=PLANE('',#10438);
#9253=PLANE('',#10439);
#9254=PLANE('',#10440);
#9255=PLANE('',#10441);
#9256=PLANE('',#10442);
#9257=PLANE('',#10443);
#9258=PLANE('',#10444);
#9259=PLANE('',#10445);
#9260=PLANE('',#10446);
#9261=PLANE('',#10447);
#9262=PLANE('',#10448);
#9263=PLANE('',#10449);
#9264=PLANE('',#10450);
#9265=PLANE('',#10451);
#9266=PLANE('',#10452);
#9267=PLANE('',#10453);
#9268=PLANE('',#10454);
#9269=PLANE('',#10455);
#9270=PLANE('',#10456);
#9271=PLANE('',#10457);
#9272=PLANE('',#10458);
#9273=PLANE('',#10459);
#9274=PLANE('',#10460);
#9275=PLANE('',#10461);
#9276=PLANE('',#10462);
#9277=PLANE('',#10463);
#9278=PLANE('',#10464);
#9279=PLANE('',#10465);
#9280=PLANE('',#10466);
#9281=PLANE('',#10467);
#9282=PLANE('',#10468);
#9283=PLANE('',#10469);
#9284=PLANE('',#10473);
#9285=PLANE('',#10474);
#9286=PLANE('',#10478);
#9287=PLANE('',#10479);
#9288=PLANE('',#10483);
#9289=PLANE('',#10484);
#9290=PLANE('',#10488);
#9291=PLANE('',#10489);
#9292=PLANE('',#10493);
#9293=PLANE('',#10494);
#9294=PLANE('',#10498);
#9295=PLANE('',#10499);
#9296=PLANE('',#10503);
#9297=PLANE('',#10504);
#9298=PLANE('',#10508);
#9299=PLANE('',#10509);
#9300=PLANE('',#10510);
#9301=PLANE('',#10511);
#9302=PLANE('',#10512);
#9303=PLANE('',#10513);
#9304=PLANE('',#10514);
#9305=PLANE('',#10515);
#9306=PLANE('',#10516);
#9307=PLANE('',#10517);
#9308=PLANE('',#10518);
#9309=PLANE('',#10519);
#9310=PLANE('',#10520);
#9311=PLANE('',#10521);
#9312=PLANE('',#10522);
#9313=PLANE('',#10523);
#9314=PLANE('',#10524);
#9315=PLANE('',#10525);
#9316=PLANE('',#10526);
#9317=PLANE('',#10527);
#9318=PLANE('',#10528);
#9319=PLANE('',#10529);
#9320=PLANE('',#10530);
#9321=PLANE('',#10531);
#9322=PLANE('',#10532);
#9323=PLANE('',#10533);
#9324=PLANE('',#10534);
#9325=PLANE('',#10535);
#9326=PLANE('',#10536);
#9327=PLANE('',#10537);
#9328=PLANE('',#10538);
#9329=PLANE('',#10539);
#9330=PLANE('',#10541);
#9331=PLANE('',#10542);
#9332=PLANE('',#10544);
#9333=PLANE('',#10545);
#9334=PLANE('',#10546);
#9335=PLANE('',#10547);
#9336=PLANE('',#10549);
#9337=PLANE('',#10551);
#9338=PLANE('',#10553);
#9339=PLANE('',#10556);
#9340=PLANE('',#10557);
#9341=PLANE('',#10558);
#9342=PLANE('',#10559);
#9343=PLANE('',#10560);
#9344=PLANE('',#10561);
#9345=PLANE('',#10562);
#9346=PLANE('',#10563);
#9347=PLANE('',#10564);
#9348=PLANE('',#10565);
#9349=PLANE('',#10566);
#9350=PLANE('',#10567);
#9351=PLANE('',#10568);
#9352=PLANE('',#10569);
#9353=PLANE('',#10570);
#9354=PLANE('',#10571);
#9355=PLANE('',#10572);
#9356=PLANE('',#10573);
#9357=PLANE('',#10574);
#9358=PLANE('',#10575);
#9359=PLANE('',#10576);
#9360=PLANE('',#10577);
#9361=PLANE('',#10578);
#9362=PLANE('',#10579);
#9363=PLANE('',#10580);
#9364=PLANE('',#10581);
#9365=PLANE('',#10582);
#9366=PLANE('',#10583);
#9367=PLANE('',#10584);
#9368=PLANE('',#10585);
#9369=PLANE('',#10586);
#9370=PLANE('',#10587);
#9371=PLANE('',#10588);
#9372=PLANE('',#10589);
#9373=PLANE('',#10590);
#9374=PLANE('',#10591);
#9375=PLANE('',#10592);
#9376=PLANE('',#10593);
#9377=PLANE('',#10594);
#9378=PLANE('',#10595);
#9379=PLANE('',#10596);
#9380=PLANE('',#10597);
#9381=PLANE('',#10598);
#9382=PLANE('',#10599);
#9383=PLANE('',#10600);
#9384=PLANE('',#10601);
#9385=PLANE('',#10602);
#9386=PLANE('',#10603);
#9387=PLANE('',#10604);
#9388=PLANE('',#10605);
#9389=PLANE('',#10606);
#9390=PLANE('',#10607);
#9391=PLANE('',#10608);
#9392=PLANE('',#10609);
#9393=PLANE('',#10610);
#9394=PLANE('',#10611);
#9395=PLANE('',#10612);
#9396=PLANE('',#10613);
#9397=PLANE('',#10614);
#9398=PLANE('',#10615);
#9399=PLANE('',#10616);
#9400=PLANE('',#10617);
#9401=PLANE('',#10618);
#9402=PLANE('',#10619);
#9403=PLANE('',#10620);
#9404=PLANE('',#10621);
#9405=PLANE('',#10622);
#9406=PLANE('',#10623);
#9407=PLANE('',#10624);
#9408=PLANE('',#10625);
#9409=PLANE('',#10626);
#9410=PLANE('',#10627);
#9411=PLANE('',#10628);
#9412=PLANE('',#10629);
#9413=PLANE('',#10630);
#9414=PLANE('',#10631);
#9415=PLANE('',#10632);
#9416=PLANE('',#10633);
#9417=PLANE('',#10634);
#9418=PLANE('',#10635);
#9419=PLANE('',#10636);
#9420=PLANE('',#10637);
#9421=PLANE('',#10638);
#9422=PLANE('',#10639);
#9423=PLANE('',#10640);
#9424=PLANE('',#10641);
#9425=PLANE('',#10642);
#9426=PLANE('',#10643);
#9427=PLANE('',#10644);
#9428=PLANE('',#10645);
#9429=PLANE('',#10649);
#9430=PLANE('',#10650);
#9431=PLANE('',#10651);
#9432=PLANE('',#10652);
#9433=PLANE('',#10653);
#9434=PLANE('',#10654);
#9435=PLANE('',#10655);
#9436=PLANE('',#10659);
#9437=PLANE('',#10660);
#9438=PLANE('',#10664);
#9439=PLANE('',#10665);
#9440=PLANE('',#10672);
#9441=PLANE('',#10673);
#9442=PLANE('',#10674);
#9443=PLANE('',#10675);
#9444=PLANE('',#10679);
#9445=PLANE('',#10680);
#9446=PLANE('',#10681);
#9447=PLANE('',#10682);
#9448=PLANE('',#10683);
#9449=PLANE('',#10684);
#9450=PLANE('',#10686);
#9451=PLANE('',#10692);
#9452=PLANE('',#10693);
#9453=PLANE('',#10694);
#9454=PLANE('',#10695);
#9455=PLANE('',#10696);
#9456=PLANE('',#10697);
#9457=PLANE('',#10698);
#9458=PLANE('',#10699);
#9459=PLANE('',#10700);
#9460=PLANE('',#10701);
#9461=PLANE('',#10702);
#9462=PLANE('',#10703);
#9463=PLANE('',#10716);
#9464=PLANE('',#10717);
#9465=PLANE('',#10719);
#9466=PLANE('',#10720);
#9467=PLANE('',#10722);
#9468=PLANE('',#10729);
#9469=PLANE('',#10730);
#9470=PLANE('',#10732);
#9471=PLANE('',#10733);
#9472=PLANE('',#10738);
#9473=PLANE('',#10742);
#9474=PLANE('',#10743);
#9475=PLANE('',#10744);
#9476=PLANE('',#10745);
#9477=PLANE('',#10746);
#9478=PLANE('',#10747);
#9479=PLANE('',#10748);
#9480=PLANE('',#10749);
#9481=PLANE('',#10750);
#9482=PLANE('',#10751);
#9483=PLANE('',#10752);
#9484=PLANE('',#10753);
#9485=PLANE('',#10754);
#9486=PLANE('',#10755);
#9487=PLANE('',#10756);
#9488=PLANE('',#10757);
#9489=PLANE('',#10758);
#9490=PLANE('',#10759);
#9491=PLANE('',#10760);
#9492=PLANE('',#10761);
#9493=PLANE('',#10762);
#9494=PLANE('',#10763);
#9495=PLANE('',#10764);
#9496=PLANE('',#10765);
#9497=PLANE('',#10766);
#9498=PLANE('',#10767);
#9499=PLANE('',#10768);
#9500=PLANE('',#10769);
#9501=PLANE('',#10770);
#9502=PLANE('',#10771);
#9503=PLANE('',#10772);
#9504=PLANE('',#10773);
#9505=PLANE('',#10774);
#9506=PLANE('',#10775);
#9507=PLANE('',#10776);
#9508=PLANE('',#10777);
#9509=PLANE('',#10778);
#9510=PLANE('',#10779);
#9511=PLANE('',#10780);
#9512=PLANE('',#10781);
#9513=PLANE('',#10782);
#9514=PLANE('',#10783);
#9515=PLANE('',#10784);
#9516=PLANE('',#10785);
#9517=PLANE('',#10798);
#9518=PLANE('',#10799);
#9519=PLANE('',#10801);
#9520=PLANE('',#10802);
#9521=PLANE('',#10805);
#9522=PLANE('',#10809);
#9523=PLANE('',#10810);
#9524=PLANE('',#10811);
#9525=PLANE('',#10812);
#9526=PLANE('',#10813);
#9527=PLANE('',#10814);
#9528=PLANE('',#10815);
#9529=PLANE('',#10816);
#9530=PLANE('',#10817);
#9531=PLANE('',#10818);
#9532=PLANE('',#10819);
#9533=PLANE('',#10820);
#9534=PLANE('',#10821);
#9535=PLANE('',#10822);
#9536=PLANE('',#10823);
#9537=PLANE('',#10824);
#9538=PLANE('',#10825);
#9539=PLANE('',#10826);
#9540=PLANE('',#10827);
#9541=PLANE('',#10828);
#9542=PLANE('',#10829);
#9543=PLANE('',#10830);
#9544=PLANE('',#10831);
#9545=PLANE('',#10832);
#9546=PLANE('',#10833);
#9547=PLANE('',#10834);
#9548=PLANE('',#10835);
#9549=PLANE('',#10836);
#9550=PLANE('',#10837);
#9551=PLANE('',#10838);
#9552=PLANE('',#10839);
#9553=ADVANCED_FACE('',(#331),#9055,.T.);
#9554=ADVANCED_FACE('',(#332),#9056,.T.);
#9555=ADVANCED_FACE('',(#333),#9057,.T.);
#9556=ADVANCED_FACE('',(#334),#9058,.T.);
#9557=ADVANCED_FACE('',(#335),#9059,.T.);
#9558=ADVANCED_FACE('',(#336),#9060,.T.);
#9559=ADVANCED_FACE('',(#337),#9061,.T.);
#9560=ADVANCED_FACE('',(#338),#9062,.T.);
#9561=ADVANCED_FACE('',(#339),#9063,.T.);
#9562=ADVANCED_FACE('',(#340),#9064,.T.);
#9563=ADVANCED_FACE('',(#341),#9065,.T.);
#9564=ADVANCED_FACE('',(#342),#9066,.T.);
#9565=ADVANCED_FACE('',(#343),#185,.F.);
#9566=ADVANCED_FACE('',(#344),#186,.F.);
#9567=ADVANCED_FACE('',(#345),#187,.F.);
#9568=ADVANCED_FACE('',(#346),#188,.F.);
#9569=ADVANCED_FACE('',(#347),#9067,.F.);
#9570=ADVANCED_FACE('',(#348,#13,#14),#9068,.F.);
#9571=ADVANCED_FACE('',(#349),#9069,.F.);
#9572=ADVANCED_FACE('',(#350),#9070,.T.);
#9573=ADVANCED_FACE('',(#351),#189,.F.);
#9574=ADVANCED_FACE('',(#352,#15,#16),#9071,.T.);
#9575=ADVANCED_FACE('',(#353),#190,.F.);
#9576=ADVANCED_FACE('',(#354),#9072,.T.);
#9577=ADVANCED_FACE('',(#355,#17,#18),#9073,.F.);
#9578=ADVANCED_FACE('',(#356),#9074,.T.);
#9579=ADVANCED_FACE('',(#357),#9075,.F.);
#9580=ADVANCED_FACE('',(#358,#19,#20),#9076,.T.);
#9581=ADVANCED_FACE('',(#359),#9077,.T.);
#9582=ADVANCED_FACE('',(#360),#9078,.T.);
#9583=ADVANCED_FACE('',(#361),#191,.F.);
#9584=ADVANCED_FACE('',(#362),#192,.F.);
#9585=ADVANCED_FACE('',(#363),#193,.F.);
#9586=ADVANCED_FACE('',(#364),#194,.F.);
#9587=ADVANCED_FACE('',(#365),#9079,.F.);
#9588=ADVANCED_FACE('',(#366),#9080,.T.);
#9589=ADVANCED_FACE('',(#367),#9081,.T.);
#9590=ADVANCED_FACE('',(#368),#9082,.F.);
#9591=ADVANCED_FACE('',(#369),#195,.F.);
#9592=ADVANCED_FACE('',(#370),#196,.F.);
#9593=ADVANCED_FACE('',(#371),#9083,.T.);
#9594=ADVANCED_FACE('',(#372,#21,#22),#9084,.T.);
#9595=ADVANCED_FACE('',(#373),#9085,.T.);
#9596=ADVANCED_FACE('',(#374,#23,#24),#9086,.T.);
#9597=ADVANCED_FACE('',(#375),#9087,.F.);
#9598=ADVANCED_FACE('',(#376,#25,#26),#9088,.F.);
#9599=ADVANCED_FACE('',(#377),#9089,.T.);
#9600=ADVANCED_FACE('',(#378,#27,#28),#9090,.T.);
#9601=ADVANCED_FACE('',(#379),#197,.F.);
#9602=ADVANCED_FACE('',(#380),#198,.F.);
#9603=ADVANCED_FACE('',(#381),#9091,.F.);
#9604=ADVANCED_FACE('',(#382,#29),#9092,.F.);
#9605=ADVANCED_FACE('',(#383),#9093,.F.);
#9606=ADVANCED_FACE('',(#384,#30),#9094,.F.);
#9607=ADVANCED_FACE('',(#385),#9095,.T.);
#9608=ADVANCED_FACE('',(#386),#9096,.T.);
#9609=ADVANCED_FACE('',(#387,#31),#9097,.T.);
#9610=ADVANCED_FACE('',(#388),#9098,.T.);
#9611=ADVANCED_FACE('',(#389),#9099,.T.);
#9612=ADVANCED_FACE('',(#390,#32),#9100,.T.);
#9613=ADVANCED_FACE('',(#391),#9101,.T.);
#9614=ADVANCED_FACE('',(#392),#9102,.T.);
#9615=ADVANCED_FACE('',(#393),#9103,.T.);
#9616=ADVANCED_FACE('',(#394),#9104,.T.);
#9617=ADVANCED_FACE('',(#395),#199,.F.);
#9618=ADVANCED_FACE('',(#396),#200,.F.);
#9619=ADVANCED_FACE('',(#397),#201,.T.);
#9620=ADVANCED_FACE('',(#398),#202,.T.);
#9621=ADVANCED_FACE('',(#399),#9105,.T.);
#9622=ADVANCED_FACE('',(#400,#33),#9106,.F.);
#9623=ADVANCED_FACE('',(#401),#9107,.T.);
#9624=ADVANCED_FACE('',(#402,#34),#9108,.T.);
#9625=ADVANCED_FACE('',(#403),#9109,.F.);
#9626=ADVANCED_FACE('',(#404),#203,.T.);
#9627=ADVANCED_FACE('',(#405),#204,.T.);
#9628=ADVANCED_FACE('',(#406),#9110,.F.);
#9629=ADVANCED_FACE('',(#407,#35),#9111,.T.);
#9630=ADVANCED_FACE('',(#408),#9112,.T.);
#9631=ADVANCED_FACE('',(#409,#36),#9113,.F.);
#9632=ADVANCED_FACE('',(#410),#205,.T.);
#9633=ADVANCED_FACE('',(#411),#9114,.T.);
#9634=ADVANCED_FACE('',(#412),#206,.F.);
#9635=ADVANCED_FACE('',(#413),#9115,.T.);
#9636=ADVANCED_FACE('',(#414),#9116,.F.);
#9637=ADVANCED_FACE('',(#415),#9117,.F.);
#9638=ADVANCED_FACE('',(#416),#9118,.F.);
#9639=ADVANCED_FACE('',(#417),#9119,.F.);
#9640=ADVANCED_FACE('',(#418),#9120,.F.);
#9641=ADVANCED_FACE('',(#419),#9121,.T.);
#9642=ADVANCED_FACE('',(#420),#9122,.T.);
#9643=ADVANCED_FACE('',(#421),#9123,.T.);
#9644=ADVANCED_FACE('',(#422),#9124,.T.);
#9645=ADVANCED_FACE('',(#423),#9125,.T.);
#9646=ADVANCED_FACE('',(#424),#9126,.F.);
#9647=ADVANCED_FACE('',(#425),#9127,.T.);
#9648=ADVANCED_FACE('',(#426),#9128,.T.);
#9649=ADVANCED_FACE('',(#427),#9129,.T.);
#9650=ADVANCED_FACE('',(#428),#9130,.T.);
#9651=ADVANCED_FACE('',(#429),#9131,.F.);
#9652=ADVANCED_FACE('',(#430),#9132,.F.);
#9653=ADVANCED_FACE('',(#431),#9133,.F.);
#9654=ADVANCED_FACE('',(#432),#9134,.T.);
#9655=ADVANCED_FACE('',(#433),#9135,.F.);
#9656=ADVANCED_FACE('',(#434),#9136,.F.);
#9657=ADVANCED_FACE('',(#435),#9137,.F.);
#9658=ADVANCED_FACE('',(#436),#9138,.F.);
#9659=ADVANCED_FACE('',(#437),#9139,.T.);
#9660=ADVANCED_FACE('',(#438),#9140,.T.);
#9661=ADVANCED_FACE('',(#439),#9141,.T.);
#9662=ADVANCED_FACE('',(#440),#9142,.T.);
#9663=ADVANCED_FACE('',(#441),#9143,.T.);
#9664=ADVANCED_FACE('',(#442),#9144,.T.);
#9665=ADVANCED_FACE('',(#443),#9145,.F.);
#9666=ADVANCED_FACE('',(#444),#9146,.F.);
#9667=ADVANCED_FACE('',(#445),#9147,.F.);
#9668=ADVANCED_FACE('',(#446),#9148,.F.);
#9669=ADVANCED_FACE('',(#447),#9149,.T.);
#9670=ADVANCED_FACE('',(#448),#9150,.T.);
#9671=ADVANCED_FACE('',(#449),#9151,.T.);
#9672=ADVANCED_FACE('',(#450),#9152,.T.);
#9673=ADVANCED_FACE('',(#451),#9153,.T.);
#9674=ADVANCED_FACE('',(#452),#9154,.F.);
#9675=ADVANCED_FACE('',(#453),#9155,.T.);
#9676=ADVANCED_FACE('',(#454),#9156,.T.);
#9677=ADVANCED_FACE('',(#455),#9157,.T.);
#9678=ADVANCED_FACE('',(#456),#9158,.T.);
#9679=ADVANCED_FACE('',(#457),#9159,.F.);
#9680=ADVANCED_FACE('',(#458),#9160,.F.);
#9681=ADVANCED_FACE('',(#459),#9161,.F.);
#9682=ADVANCED_FACE('',(#460),#9162,.F.);
#9683=ADVANCED_FACE('',(#461),#9163,.T.);
#9684=ADVANCED_FACE('',(#462),#9164,.T.);
#9685=ADVANCED_FACE('',(#463),#9165,.T.);
#9686=ADVANCED_FACE('',(#464),#9166,.T.);
#9687=ADVANCED_FACE('',(#465),#9167,.T.);
#9688=ADVANCED_FACE('',(#466),#9168,.F.);
#9689=ADVANCED_FACE('',(#467),#9169,.T.);
#9690=ADVANCED_FACE('',(#468),#9170,.T.);
#9691=ADVANCED_FACE('',(#469),#9171,.T.);
#9692=ADVANCED_FACE('',(#470),#9172,.T.);
#9693=ADVANCED_FACE('',(#471),#9173,.F.);
#9694=ADVANCED_FACE('',(#472),#9174,.F.);
#9695=ADVANCED_FACE('',(#473),#9175,.F.);
#9696=ADVANCED_FACE('',(#474),#9176,.F.);
#9697=ADVANCED_FACE('',(#475),#9177,.T.);
#9698=ADVANCED_FACE('',(#476),#9178,.T.);
#9699=ADVANCED_FACE('',(#477),#9179,.T.);
#9700=ADVANCED_FACE('',(#478),#9180,.T.);
#9701=ADVANCED_FACE('',(#479),#9181,.T.);
#9702=ADVANCED_FACE('',(#480),#9182,.F.);
#9703=ADVANCED_FACE('',(#481),#9183,.T.);
#9704=ADVANCED_FACE('',(#482),#9184,.T.);
#9705=ADVANCED_FACE('',(#483),#9185,.T.);
#9706=ADVANCED_FACE('',(#484),#9186,.T.);
#9707=ADVANCED_FACE('',(#485),#9187,.F.);
#9708=ADVANCED_FACE('',(#486),#9188,.F.);
#9709=ADVANCED_FACE('',(#487),#9189,.F.);
#9710=ADVANCED_FACE('',(#488),#9190,.F.);
#9711=ADVANCED_FACE('',(#489),#9191,.T.);
#9712=ADVANCED_FACE('',(#490),#9192,.T.);
#9713=ADVANCED_FACE('',(#491),#9193,.T.);
#9714=ADVANCED_FACE('',(#492),#9194,.T.);
#9715=ADVANCED_FACE('',(#493),#9195,.T.);
#9716=ADVANCED_FACE('',(#494),#9196,.F.);
#9717=ADVANCED_FACE('',(#495),#9197,.T.);
#9718=ADVANCED_FACE('',(#496),#9198,.T.);
#9719=ADVANCED_FACE('',(#497),#9199,.T.);
#9720=ADVANCED_FACE('',(#498),#9200,.T.);
#9721=ADVANCED_FACE('',(#499),#9201,.F.);
#9722=ADVANCED_FACE('',(#500),#9202,.F.);
#9723=ADVANCED_FACE('',(#501),#9203,.F.);
#9724=ADVANCED_FACE('',(#502),#9204,.F.);
#9725=ADVANCED_FACE('',(#503),#9205,.T.);
#9726=ADVANCED_FACE('',(#504),#9206,.T.);
#9727=ADVANCED_FACE('',(#505),#9207,.T.);
#9728=ADVANCED_FACE('',(#506),#9208,.T.);
#9729=ADVANCED_FACE('',(#507),#9209,.T.);
#9730=ADVANCED_FACE('',(#508),#9210,.T.);
#9731=ADVANCED_FACE('',(#509),#9211,.T.);
#9732=ADVANCED_FACE('',(#510),#9212,.T.);
#9733=ADVANCED_FACE('',(#511),#9213,.T.);
#9734=ADVANCED_FACE('',(#512),#9214,.T.);
#9735=ADVANCED_FACE('',(#513),#9215,.F.);
#9736=ADVANCED_FACE('',(#514),#9216,.F.);
#9737=ADVANCED_FACE('',(#515),#9217,.F.);
#9738=ADVANCED_FACE('',(#516),#9218,.F.);
#9739=ADVANCED_FACE('',(#517),#9219,.T.);
#9740=ADVANCED_FACE('',(#518),#9220,.T.);
#9741=ADVANCED_FACE('',(#519),#9221,.T.);
#9742=ADVANCED_FACE('',(#520),#9222,.T.);
#9743=ADVANCED_FACE('',(#521),#9223,.T.);
#9744=ADVANCED_FACE('',(#522),#9224,.T.);
#9745=ADVANCED_FACE('',(#523),#9225,.T.);
#9746=ADVANCED_FACE('',(#524),#9226,.T.);
#9747=ADVANCED_FACE('',(#525),#9227,.T.);
#9748=ADVANCED_FACE('',(#526),#9228,.T.);
#9749=ADVANCED_FACE('',(#527),#9229,.F.);
#9750=ADVANCED_FACE('',(#528),#9230,.T.);
#9751=ADVANCED_FACE('',(#529),#9231,.F.);
#9752=ADVANCED_FACE('',(#530),#9232,.T.);
#9753=ADVANCED_FACE('',(#531),#9233,.T.);
#9754=ADVANCED_FACE('',(#532),#9234,.T.);
#9755=ADVANCED_FACE('',(#533),#9235,.T.);
#9756=ADVANCED_FACE('',(#534),#9236,.F.);
#9757=ADVANCED_FACE('',(#535),#9237,.F.);
#9758=ADVANCED_FACE('',(#536),#9238,.T.);
#9759=ADVANCED_FACE('',(#537),#9239,.T.);
#9760=ADVANCED_FACE('',(#538),#207,.F.);
#9761=ADVANCED_FACE('',(#539),#9240,.T.);
#9762=ADVANCED_FACE('',(#540),#9241,.F.);
#9763=ADVANCED_FACE('',(#541),#9242,.F.);
#9764=ADVANCED_FACE('',(#542),#9243,.F.);
#9765=ADVANCED_FACE('',(#543),#9244,.F.);
#9766=ADVANCED_FACE('',(#544),#9245,.F.);
#9767=ADVANCED_FACE('',(#545),#9246,.T.);
#9768=ADVANCED_FACE('',(#546),#9247,.T.);
#9769=ADVANCED_FACE('',(#547),#9248,.T.);
#9770=ADVANCED_FACE('',(#548),#9249,.T.);
#9771=ADVANCED_FACE('',(#549),#9250,.T.);
#9772=ADVANCED_FACE('',(#550),#9251,.T.);
#9773=ADVANCED_FACE('',(#551),#9252,.T.);
#9774=ADVANCED_FACE('',(#552),#9253,.T.);
#9775=ADVANCED_FACE('',(#553),#9254,.T.);
#9776=ADVANCED_FACE('',(#554),#9255,.T.);
#9777=ADVANCED_FACE('',(#555),#9256,.F.);
#9778=ADVANCED_FACE('',(#556),#9257,.F.);
#9779=ADVANCED_FACE('',(#557),#9258,.F.);
#9780=ADVANCED_FACE('',(#558),#9259,.F.);
#9781=ADVANCED_FACE('',(#559),#9260,.T.);
#9782=ADVANCED_FACE('',(#560),#9261,.T.);
#9783=ADVANCED_FACE('',(#561),#9262,.T.);
#9784=ADVANCED_FACE('',(#562),#9263,.T.);
#9785=ADVANCED_FACE('',(#563),#9264,.T.);
#9786=ADVANCED_FACE('',(#564),#9265,.T.);
#9787=ADVANCED_FACE('',(#565),#9266,.T.);
#9788=ADVANCED_FACE('',(#566),#9267,.T.);
#9789=ADVANCED_FACE('',(#567),#9268,.T.);
#9790=ADVANCED_FACE('',(#568),#9269,.T.);
#9791=ADVANCED_FACE('',(#569),#9270,.F.);
#9792=ADVANCED_FACE('',(#570),#9271,.T.);
#9793=ADVANCED_FACE('',(#571),#9272,.F.);
#9794=ADVANCED_FACE('',(#572),#9273,.F.);
#9795=ADVANCED_FACE('',(#573),#9274,.F.);
#9796=ADVANCED_FACE('',(#574),#9275,.F.);
#9797=ADVANCED_FACE('',(#575),#9276,.T.);
#9798=ADVANCED_FACE('',(#576),#9277,.T.);
#9799=ADVANCED_FACE('',(#577),#9278,.T.);
#9800=ADVANCED_FACE('',(#578),#9279,.T.);
#9801=ADVANCED_FACE('',(#579),#9280,.T.);
#9802=ADVANCED_FACE('',(#580),#9281,.T.);
#9803=ADVANCED_FACE('',(#581),#9282,.T.);
#9804=ADVANCED_FACE('',(#582),#9283,.T.);
#9805=ADVANCED_FACE('',(#583),#208,.T.);
#9806=ADVANCED_FACE('',(#584),#9284,.T.);
#9807=ADVANCED_FACE('',(#585),#9285,.F.);
#9808=ADVANCED_FACE('',(#586),#209,.T.);
#9809=ADVANCED_FACE('',(#587),#9286,.T.);
#9810=ADVANCED_FACE('',(#588),#9287,.F.);
#9811=ADVANCED_FACE('',(#589),#210,.T.);
#9812=ADVANCED_FACE('',(#590),#9288,.T.);
#9813=ADVANCED_FACE('',(#591),#9289,.F.);
#9814=ADVANCED_FACE('',(#592),#211,.T.);
#9815=ADVANCED_FACE('',(#593),#9290,.T.);
#9816=ADVANCED_FACE('',(#594),#9291,.F.);
#9817=ADVANCED_FACE('',(#595),#212,.T.);
#9818=ADVANCED_FACE('',(#596),#9292,.T.);
#9819=ADVANCED_FACE('',(#597),#9293,.F.);
#9820=ADVANCED_FACE('',(#598),#213,.T.);
#9821=ADVANCED_FACE('',(#599),#9294,.T.);
#9822=ADVANCED_FACE('',(#600),#9295,.F.);
#9823=ADVANCED_FACE('',(#601),#214,.T.);
#9824=ADVANCED_FACE('',(#602),#9296,.T.);
#9825=ADVANCED_FACE('',(#603),#9297,.F.);
#9826=ADVANCED_FACE('',(#604),#215,.T.);
#9827=ADVANCED_FACE('',(#605),#9298,.T.);
#9828=ADVANCED_FACE('',(#606),#9299,.F.);
#9829=ADVANCED_FACE('',(#607),#9300,.F.);
#9830=ADVANCED_FACE('',(#608),#9301,.T.);
#9831=ADVANCED_FACE('',(#609),#9302,.F.);
#9832=ADVANCED_FACE('',(#610),#9303,.F.);
#9833=ADVANCED_FACE('',(#611),#9304,.F.);
#9834=ADVANCED_FACE('',(#612),#9305,.F.);
#9835=ADVANCED_FACE('',(#613),#9306,.T.);
#9836=ADVANCED_FACE('',(#614),#9307,.T.);
#9837=ADVANCED_FACE('',(#615),#9308,.T.);
#9838=ADVANCED_FACE('',(#616),#9309,.T.);
#9839=ADVANCED_FACE('',(#617),#9310,.T.);
#9840=ADVANCED_FACE('',(#618),#9311,.T.);
#9841=ADVANCED_FACE('',(#619),#9312,.T.);
#9842=ADVANCED_FACE('',(#620),#9313,.T.);
#9843=ADVANCED_FACE('',(#621),#9314,.F.);
#9844=ADVANCED_FACE('',(#622),#9315,.F.);
#9845=ADVANCED_FACE('',(#623),#9316,.F.);
#9846=ADVANCED_FACE('',(#624),#9317,.F.);
#9847=ADVANCED_FACE('',(#625),#9318,.T.);
#9848=ADVANCED_FACE('',(#626),#9319,.T.);
#9849=ADVANCED_FACE('',(#627),#9320,.T.);
#9850=ADVANCED_FACE('',(#628),#9321,.T.);
#9851=ADVANCED_FACE('',(#629),#9322,.T.);
#9852=ADVANCED_FACE('',(#630),#9323,.T.);
#9853=ADVANCED_FACE('',(#631),#9324,.T.);
#9854=ADVANCED_FACE('',(#632),#9325,.T.);
#9855=ADVANCED_FACE('',(#633),#9326,.T.);
#9856=ADVANCED_FACE('',(#634),#9327,.T.);
#9857=ADVANCED_FACE('',(#635),#9328,.F.);
#9858=ADVANCED_FACE('',(#636),#9329,.T.);
#9859=ADVANCED_FACE('',(#637),#9330,.F.);
#9860=ADVANCED_FACE('',(#638),#9331,.T.);
#9861=ADVANCED_FACE('',(#639),#9332,.T.);
#9862=ADVANCED_FACE('',(#640),#9333,.T.);
#9863=ADVANCED_FACE('',(#641),#9334,.T.);
#9864=ADVANCED_FACE('',(#642),#9335,.F.);
#9865=ADVANCED_FACE('',(#643),#9336,.F.);
#9866=ADVANCED_FACE('',(#644),#9337,.T.);
#9867=ADVANCED_FACE('',(#645),#9338,.T.);
#9868=ADVANCED_FACE('',(#646),#216,.F.);
#9869=ADVANCED_FACE('',(#647),#9339,.T.);
#9870=ADVANCED_FACE('',(#648),#9340,.F.);
#9871=ADVANCED_FACE('',(#649),#9341,.F.);
#9872=ADVANCED_FACE('',(#650),#9342,.F.);
#9873=ADVANCED_FACE('',(#651),#9343,.F.);
#9874=ADVANCED_FACE('',(#652),#9344,.F.);
#9875=ADVANCED_FACE('',(#653),#9345,.T.);
#9876=ADVANCED_FACE('',(#654),#9346,.T.);
#9877=ADVANCED_FACE('',(#655),#9347,.T.);
#9878=ADVANCED_FACE('',(#656),#9348,.T.);
#9879=ADVANCED_FACE('',(#657),#9349,.T.);
#9880=ADVANCED_FACE('',(#658),#9350,.F.);
#9881=ADVANCED_FACE('',(#659),#9351,.T.);
#9882=ADVANCED_FACE('',(#660),#9352,.T.);
#9883=ADVANCED_FACE('',(#661),#9353,.T.);
#9884=ADVANCED_FACE('',(#662),#9354,.T.);
#9885=ADVANCED_FACE('',(#663),#9355,.F.);
#9886=ADVANCED_FACE('',(#664),#9356,.F.);
#9887=ADVANCED_FACE('',(#665),#9357,.F.);
#9888=ADVANCED_FACE('',(#666),#9358,.F.);
#9889=ADVANCED_FACE('',(#667),#9359,.T.);
#9890=ADVANCED_FACE('',(#668),#9360,.T.);
#9891=ADVANCED_FACE('',(#669),#9361,.T.);
#9892=ADVANCED_FACE('',(#670),#9362,.T.);
#9893=ADVANCED_FACE('',(#671),#9363,.T.);
#9894=ADVANCED_FACE('',(#672),#9364,.F.);
#9895=ADVANCED_FACE('',(#673),#9365,.T.);
#9896=ADVANCED_FACE('',(#674),#9366,.T.);
#9897=ADVANCED_FACE('',(#675),#9367,.T.);
#9898=ADVANCED_FACE('',(#676),#9368,.T.);
#9899=ADVANCED_FACE('',(#677),#9369,.F.);
#9900=ADVANCED_FACE('',(#678),#9370,.F.);
#9901=ADVANCED_FACE('',(#679),#9371,.F.);
#9902=ADVANCED_FACE('',(#680),#9372,.F.);
#9903=ADVANCED_FACE('',(#681),#9373,.T.);
#9904=ADVANCED_FACE('',(#682),#9374,.T.);
#9905=ADVANCED_FACE('',(#683),#9375,.T.);
#9906=ADVANCED_FACE('',(#684),#9376,.T.);
#9907=ADVANCED_FACE('',(#685),#9377,.T.);
#9908=ADVANCED_FACE('',(#686),#9378,.F.);
#9909=ADVANCED_FACE('',(#687),#9379,.T.);
#9910=ADVANCED_FACE('',(#688),#9380,.T.);
#9911=ADVANCED_FACE('',(#689),#9381,.T.);
#9912=ADVANCED_FACE('',(#690),#9382,.T.);
#9913=ADVANCED_FACE('',(#691),#9383,.F.);
#9914=ADVANCED_FACE('',(#692),#9384,.F.);
#9915=ADVANCED_FACE('',(#693),#9385,.F.);
#9916=ADVANCED_FACE('',(#694),#9386,.F.);
#9917=ADVANCED_FACE('',(#695),#9387,.T.);
#9918=ADVANCED_FACE('',(#696),#9388,.T.);
#9919=ADVANCED_FACE('',(#697),#9389,.T.);
#9920=ADVANCED_FACE('',(#698),#9390,.T.);
#9921=ADVANCED_FACE('',(#699),#9391,.T.);
#9922=ADVANCED_FACE('',(#700),#9392,.T.);
#9923=ADVANCED_FACE('',(#701),#9393,.T.);
#9924=ADVANCED_FACE('',(#702),#9394,.T.);
#9925=ADVANCED_FACE('',(#703),#9395,.T.);
#9926=ADVANCED_FACE('',(#704),#9396,.T.);
#9927=ADVANCED_FACE('',(#705),#9397,.F.);
#9928=ADVANCED_FACE('',(#706),#9398,.F.);
#9929=ADVANCED_FACE('',(#707),#9399,.F.);
#9930=ADVANCED_FACE('',(#708),#9400,.F.);
#9931=ADVANCED_FACE('',(#709),#9401,.T.);
#9932=ADVANCED_FACE('',(#710),#9402,.T.);
#9933=ADVANCED_FACE('',(#711),#9403,.T.);
#9934=ADVANCED_FACE('',(#712),#9404,.T.);
#9935=ADVANCED_FACE('',(#713),#9405,.T.);
#9936=ADVANCED_FACE('',(#714),#9406,.T.);
#9937=ADVANCED_FACE('',(#715),#9407,.T.);
#9938=ADVANCED_FACE('',(#716),#9408,.T.);
#9939=ADVANCED_FACE('',(#717),#9409,.T.);
#9940=ADVANCED_FACE('',(#718),#9410,.T.);
#9941=ADVANCED_FACE('',(#719),#9411,.F.);
#9942=ADVANCED_FACE('',(#720),#9412,.F.);
#9943=ADVANCED_FACE('',(#721),#9413,.F.);
#9944=ADVANCED_FACE('',(#722),#9414,.F.);
#9945=ADVANCED_FACE('',(#723),#9415,.T.);
#9946=ADVANCED_FACE('',(#724),#9416,.T.);
#9947=ADVANCED_FACE('',(#725),#9417,.T.);
#9948=ADVANCED_FACE('',(#726),#9418,.T.);
#9949=ADVANCED_FACE('',(#727),#9419,.T.);
#9950=ADVANCED_FACE('',(#728),#9420,.T.);
#9951=ADVANCED_FACE('',(#729),#9421,.T.);
#9952=ADVANCED_FACE('',(#730),#9422,.T.);
#9953=ADVANCED_FACE('',(#731),#9423,.T.);
#9954=ADVANCED_FACE('',(#732),#9424,.T.);
#9955=ADVANCED_FACE('',(#733),#9425,.F.);
#9956=ADVANCED_FACE('',(#734),#9426,.F.);
#9957=ADVANCED_FACE('',(#735),#9427,.F.);
#9958=ADVANCED_FACE('',(#736,#37,#38),#9428,.T.);
#9959=ADVANCED_FACE('',(#737),#9429,.T.);
#9960=ADVANCED_FACE('',(#738),#9430,.T.);
#9961=ADVANCED_FACE('',(#739),#9431,.F.);
#9962=ADVANCED_FACE('',(#740),#9432,.F.);
#9963=ADVANCED_FACE('',(#741),#9433,.F.);
#9964=ADVANCED_FACE('',(#742),#9434,.F.);
#9965=ADVANCED_FACE('',(#743,#39,#40),#9435,.F.);
#9966=ADVANCED_FACE('',(#744),#9436,.F.);
#9967=ADVANCED_FACE('',(#745,#41,#42),#9437,.T.);
#9968=ADVANCED_FACE('',(#746),#9438,.T.);
#9969=ADVANCED_FACE('',(#747),#9439,.T.);
#9970=ADVANCED_FACE('',(#748),#217,.F.);
#9971=ADVANCED_FACE('',(#749),#218,.F.);
#9972=ADVANCED_FACE('',(#750),#219,.F.);
#9973=ADVANCED_FACE('',(#751),#220,.F.);
#9974=ADVANCED_FACE('',(#752),#9440,.F.);
#9975=ADVANCED_FACE('',(#753),#9441,.T.);
#9976=ADVANCED_FACE('',(#754),#9442,.T.);
#9977=ADVANCED_FACE('',(#755),#9443,.F.);
#9978=ADVANCED_FACE('',(#756),#221,.F.);
#9979=ADVANCED_FACE('',(#757),#222,.F.);
#9980=ADVANCED_FACE('',(#758,#43,#44),#9444,.T.);
#9981=ADVANCED_FACE('',(#759),#9445,.T.);
#9982=ADVANCED_FACE('',(#760),#9446,.T.);
#9983=ADVANCED_FACE('',(#761),#9447,.F.);
#9984=ADVANCED_FACE('',(#762),#9448,.F.);
#9985=ADVANCED_FACE('',(#763,#45),#9449,.T.);
#9986=ADVANCED_FACE('',(#764),#9450,.T.);
#9987=ADVANCED_FACE('',(#765),#223,.F.);
#9988=ADVANCED_FACE('',(#766),#224,.F.);
#9989=ADVANCED_FACE('',(#767),#9451,.F.);
#9990=ADVANCED_FACE('',(#768,#46),#9452,.F.);
#9991=ADVANCED_FACE('',(#769),#9453,.F.);
#9992=ADVANCED_FACE('',(#770,#47),#9454,.F.);
#9993=ADVANCED_FACE('',(#771),#9455,.T.);
#9994=ADVANCED_FACE('',(#772),#9456,.T.);
#9995=ADVANCED_FACE('',(#773),#9457,.T.);
#9996=ADVANCED_FACE('',(#774,#48),#9458,.T.);
#9997=ADVANCED_FACE('',(#775),#9459,.T.);
#9998=ADVANCED_FACE('',(#776),#9460,.T.);
#9999=ADVANCED_FACE('',(#777),#9461,.T.);
#10000=ADVANCED_FACE('',(#778),#9462,.T.);
#10001=ADVANCED_FACE('',(#779),#225,.F.);
#10002=ADVANCED_FACE('',(#780),#226,.F.);
#10003=ADVANCED_FACE('',(#781),#227,.T.);
#10004=ADVANCED_FACE('',(#782),#228,.T.);
#10005=ADVANCED_FACE('',(#783),#9463,.T.);
#10006=ADVANCED_FACE('',(#784,#49),#9464,.F.);
#10007=ADVANCED_FACE('',(#785),#9465,.T.);
#10008=ADVANCED_FACE('',(#786,#50),#9466,.T.);
#10009=ADVANCED_FACE('',(#787),#9467,.F.);
#10010=ADVANCED_FACE('',(#788),#229,.T.);
#10011=ADVANCED_FACE('',(#789),#230,.T.);
#10012=ADVANCED_FACE('',(#790),#9468,.F.);
#10013=ADVANCED_FACE('',(#791,#51),#9469,.T.);
#10014=ADVANCED_FACE('',(#792),#9470,.T.);
#10015=ADVANCED_FACE('',(#793,#52),#9471,.F.);
#10016=ADVANCED_FACE('',(#794),#231,.T.);
#10017=ADVANCED_FACE('',(#795),#9472,.T.);
#10018=ADVANCED_FACE('',(#796),#232,.F.);
#10019=ADVANCED_FACE('',(#797),#9473,.T.);
#10020=ADVANCED_FACE('',(#798),#9474,.F.);
#10021=ADVANCED_FACE('',(#799),#9475,.F.);
#10022=ADVANCED_FACE('',(#800),#9476,.F.);
#10023=ADVANCED_FACE('',(#801),#9477,.F.);
#10024=ADVANCED_FACE('',(#802),#9478,.F.);
#10025=ADVANCED_FACE('',(#803),#9479,.T.);
#10026=ADVANCED_FACE('',(#804),#9480,.T.);
#10027=ADVANCED_FACE('',(#805),#9481,.T.);
#10028=ADVANCED_FACE('',(#806),#9482,.T.);
#10029=ADVANCED_FACE('',(#807),#9483,.T.);
#10030=ADVANCED_FACE('',(#808),#9484,.F.);
#10031=ADVANCED_FACE('',(#809),#9485,.T.);
#10032=ADVANCED_FACE('',(#810),#9486,.T.);
#10033=ADVANCED_FACE('',(#811),#9487,.T.);
#10034=ADVANCED_FACE('',(#812),#9488,.T.);
#10035=ADVANCED_FACE('',(#813),#9489,.F.);
#10036=ADVANCED_FACE('',(#814),#9490,.F.);
#10037=ADVANCED_FACE('',(#815),#9491,.F.);
#10038=ADVANCED_FACE('',(#816),#9492,.T.);
#10039=ADVANCED_FACE('',(#817),#9493,.F.);
#10040=ADVANCED_FACE('',(#818),#9494,.F.);
#10041=ADVANCED_FACE('',(#819),#9495,.F.);
#10042=ADVANCED_FACE('',(#820),#9496,.F.);
#10043=ADVANCED_FACE('',(#821),#9497,.T.);
#10044=ADVANCED_FACE('',(#822),#9498,.T.);
#10045=ADVANCED_FACE('',(#823),#9499,.T.);
#10046=ADVANCED_FACE('',(#824),#9500,.T.);
#10047=ADVANCED_FACE('',(#825),#9501,.T.);
#10048=ADVANCED_FACE('',(#826),#9502,.T.);
#10049=ADVANCED_FACE('',(#827),#9503,.F.);
#10050=ADVANCED_FACE('',(#828),#9504,.F.);
#10051=ADVANCED_FACE('',(#829),#9505,.F.);
#10052=ADVANCED_FACE('',(#830),#9506,.F.);
#10053=ADVANCED_FACE('',(#831),#9507,.T.);
#10054=ADVANCED_FACE('',(#832),#9508,.T.);
#10055=ADVANCED_FACE('',(#833),#9509,.T.);
#10056=ADVANCED_FACE('',(#834),#9510,.T.);
#10057=ADVANCED_FACE('',(#835),#9511,.T.);
#10058=ADVANCED_FACE('',(#836),#9512,.F.);
#10059=ADVANCED_FACE('',(#837),#9513,.T.);
#10060=ADVANCED_FACE('',(#838),#9514,.T.);
#10061=ADVANCED_FACE('',(#839),#9515,.T.);
#10062=ADVANCED_FACE('',(#840),#9516,.T.);
#10063=ADVANCED_FACE('',(#841),#233,.F.);
#10064=ADVANCED_FACE('',(#842),#234,.F.);
#10065=ADVANCED_FACE('',(#843),#235,.F.);
#10066=ADVANCED_FACE('',(#844),#236,.F.);
#10067=ADVANCED_FACE('',(#845),#9517,.F.);
#10068=ADVANCED_FACE('',(#846,#53,#54),#9518,.F.);
#10069=ADVANCED_FACE('',(#847),#9519,.F.);
#10070=ADVANCED_FACE('',(#848),#9520,.T.);
#10071=ADVANCED_FACE('',(#849),#237,.F.);
#10072=ADVANCED_FACE('',(#850,#55,#56),#9521,.T.);
#10073=ADVANCED_FACE('',(#851),#238,.F.);
#10074=ADVANCED_FACE('',(#852),#9522,.T.);
#10075=ADVANCED_FACE('',(#853,#57,#58),#9523,.F.);
#10076=ADVANCED_FACE('',(#854),#9524,.T.);
#10077=ADVANCED_FACE('',(#855),#9525,.F.);
#10078=ADVANCED_FACE('',(#856,#59,#60),#9526,.T.);
#10079=ADVANCED_FACE('',(#857),#9527,.T.);
#10080=ADVANCED_FACE('',(#858),#9528,.T.);
#10081=ADVANCED_FACE('',(#859),#9529,.F.);
#10082=ADVANCED_FACE('',(#860),#9530,.T.);
#10083=ADVANCED_FACE('',(#861),#9531,.T.);
#10084=ADVANCED_FACE('',(#862),#9532,.T.);
#10085=ADVANCED_FACE('',(#863),#9533,.T.);
#10086=ADVANCED_FACE('',(#864),#9534,.T.);
#10087=ADVANCED_FACE('',(#865),#9535,.F.);
#10088=ADVANCED_FACE('',(#866),#9536,.T.);
#10089=ADVANCED_FACE('',(#867),#9537,.T.);
#10090=ADVANCED_FACE('',(#868),#9538,.T.);
#10091=ADVANCED_FACE('',(#869),#9539,.T.);
#10092=ADVANCED_FACE('',(#870),#9540,.T.);
#10093=ADVANCED_FACE('',(#871),#9541,.F.);
#10094=ADVANCED_FACE('',(#872),#9542,.T.);
#10095=ADVANCED_FACE('',(#873),#9543,.T.);
#10096=ADVANCED_FACE('',(#874),#9544,.T.);
#10097=ADVANCED_FACE('',(#875),#9545,.T.);
#10098=ADVANCED_FACE('',(#876),#9546,.T.);
#10099=ADVANCED_FACE('',(#877),#9547,.F.);
#10100=ADVANCED_FACE('',(#878),#9548,.T.);
#10101=ADVANCED_FACE('',(#879),#9549,.T.);
#10102=ADVANCED_FACE('',(#880),#9550,.T.);
#10103=ADVANCED_FACE('',(#881),#9551,.T.);
#10104=ADVANCED_FACE('',(#882),#9552,.T.);
#10105=CLOSED_SHELL('',(#9553,#9554,#9555,#9556,#9557,#9558));
#10106=CLOSED_SHELL('',(#9559,#9560,#9561,#9562,#9563,#9564));
#10107=CLOSED_SHELL('',(#9565,#9566,#9567,#9568,#9569,#9570,#9571,#9572,
#9573,#9574,#9575,#9576,#9577,#9578,#9579,#9580,#9581,#9582));
#10108=CLOSED_SHELL('',(#9583,#9584,#9585,#9586,#9587,#9588,#9589,#9590,
#9591,#9592,#9593,#9594,#9595,#9596,#9597,#9598,#9599,#9600));
#10109=CLOSED_SHELL('',(#9601,#9602,#9603,#9604,#9605,#9606,#9607,#9608,
#9609,#9610,#9611,#9612,#9613,#9614,#9615,#9616));
#10110=CLOSED_SHELL('',(#9617,#9618,#9619,#9620,#9621,#9622,#9623,#9624,
#9625,#9626,#9627,#9628,#9629,#9630,#9631,#9632,#9633,#9634,#9635,#9636));
#10111=CLOSED_SHELL('',(#9637,#9638,#9639,#9640,#9641,#9642,#9643,#9644,
#9645,#9646,#9647,#9648,#9649,#9650));
#10112=CLOSED_SHELL('',(#9651,#9652,#9653,#9654,#9655,#9656,#9657,#9658,
#9659,#9660,#9661,#9662,#9663,#9664));
#10113=CLOSED_SHELL('',(#9665,#9666,#9667,#9668,#9669,#9670,#9671,#9672,
#9673,#9674,#9675,#9676,#9677,#9678));
#10114=CLOSED_SHELL('',(#9679,#9680,#9681,#9682,#9683,#9684,#9685,#9686,
#9687,#9688,#9689,#9690,#9691,#9692));
#10115=CLOSED_SHELL('',(#9693,#9694,#9695,#9696,#9697,#9698,#9699,#9700,
#9701,#9702,#9703,#9704,#9705,#9706));
#10116=CLOSED_SHELL('',(#9707,#9708,#9709,#9710,#9711,#9712,#9713,#9714,
#9715,#9716,#9717,#9718,#9719,#9720));
#10117=CLOSED_SHELL('',(#9721,#9722,#9723,#9724,#9725,#9726,#9727,#9728,
#9729,#9730,#9731,#9732,#9733,#9734));
#10118=CLOSED_SHELL('',(#9735,#9736,#9737,#9738,#9739,#9740,#9741,#9742,
#9743,#9744,#9745,#9746,#9747,#9748));
#10119=CLOSED_SHELL('',(#9749,#9750,#9751,#9752,#9753,#9754,#9755,#9756,
#9757,#9758,#9759,#9760,#9761,#9762));
#10120=CLOSED_SHELL('',(#9763,#9764,#9765,#9766,#9767,#9768,#9769,#9770,
#9771,#9772,#9773,#9774,#9775,#9776));
#10121=CLOSED_SHELL('',(#9777,#9778,#9779,#9780,#9781,#9782,#9783,#9784,
#9785,#9786,#9787,#9788,#9789,#9790));
#10122=CLOSED_SHELL('',(#9791,#9792,#9793,#9794,#9795,#9796,#9797,#9798,
#9799,#9800,#9801,#9802,#9803,#9804));
#10123=CLOSED_SHELL('',(#9805,#9806,#9807));
#10124=CLOSED_SHELL('',(#9808,#9809,#9810));
#10125=CLOSED_SHELL('',(#9811,#9812,#9813));
#10126=CLOSED_SHELL('',(#9814,#9815,#9816));
#10127=CLOSED_SHELL('',(#9817,#9818,#9819));
#10128=CLOSED_SHELL('',(#9820,#9821,#9822));
#10129=CLOSED_SHELL('',(#9823,#9824,#9825));
#10130=CLOSED_SHELL('',(#9826,#9827,#9828));
#10131=CLOSED_SHELL('',(#9829,#9830,#9831,#9832,#9833,#9834,#9835,#9836,
#9837,#9838,#9839,#9840,#9841,#9842));
#10132=CLOSED_SHELL('',(#9843,#9844,#9845,#9846,#9847,#9848,#9849,#9850,
#9851,#9852,#9853,#9854,#9855,#9856));
#10133=CLOSED_SHELL('',(#9857,#9858,#9859,#9860,#9861,#9862,#9863,#9864,
#9865,#9866,#9867,#9868,#9869,#9870));
#10134=CLOSED_SHELL('',(#9871,#9872,#9873,#9874,#9875,#9876,#9877,#9878,
#9879,#9880,#9881,#9882,#9883,#9884));
#10135=CLOSED_SHELL('',(#9885,#9886,#9887,#9888,#9889,#9890,#9891,#9892,
#9893,#9894,#9895,#9896,#9897,#9898));
#10136=CLOSED_SHELL('',(#9899,#9900,#9901,#9902,#9903,#9904,#9905,#9906,
#9907,#9908,#9909,#9910,#9911,#9912));
#10137=CLOSED_SHELL('',(#9913,#9914,#9915,#9916,#9917,#9918,#9919,#9920,
#9921,#9922,#9923,#9924,#9925,#9926));
#10138=CLOSED_SHELL('',(#9927,#9928,#9929,#9930,#9931,#9932,#9933,#9934,
#9935,#9936,#9937,#9938,#9939,#9940));
#10139=CLOSED_SHELL('',(#9941,#9942,#9943,#9944,#9945,#9946,#9947,#9948,
#9949,#9950,#9951,#9952,#9953,#9954));
#10140=CLOSED_SHELL('',(#9955,#9956,#9957,#9958,#9959,#9960,#9961,#9962,
#9963,#9964,#9965,#9966,#9967,#9968,#9969,#9970,#9971,#9972,#9973,#9974,
#9975,#9976,#9977,#9978,#9979,#9980,#9981,#9982));
#10141=CLOSED_SHELL('',(#9983,#9984,#9985,#9986,#9987,#9988,#9989,#9990,
#9991,#9992,#9993,#9994,#9995,#9996,#9997,#9998,#9999,#10000));
#10142=CLOSED_SHELL('',(#10001,#10002,#10003,#10004,#10005,#10006,#10007,
#10008,#10009,#10010,#10011,#10012,#10013,#10014,#10015,#10016,#10017,#10018,
#10019,#10020));
#10143=CLOSED_SHELL('',(#10021,#10022,#10023,#10024,#10025,#10026,#10027,
#10028,#10029,#10030,#10031,#10032,#10033,#10034));
#10144=CLOSED_SHELL('',(#10035,#10036,#10037,#10038,#10039,#10040,#10041,
#10042,#10043,#10044,#10045,#10046,#10047,#10048));
#10145=CLOSED_SHELL('',(#10049,#10050,#10051,#10052,#10053,#10054,#10055,
#10056,#10057,#10058,#10059,#10060,#10061,#10062));
#10146=CLOSED_SHELL('',(#10063,#10064,#10065,#10066,#10067,#10068,#10069,
#10070,#10071,#10072,#10073,#10074,#10075,#10076,#10077,#10078,#10079,#10080));
#10147=CLOSED_SHELL('',(#10081,#10082,#10083,#10084,#10085,#10086));
#10148=CLOSED_SHELL('',(#10087,#10088,#10089,#10090,#10091,#10092));
#10149=CLOSED_SHELL('',(#10093,#10094,#10095,#10096,#10097,#10098));
#10150=CLOSED_SHELL('',(#10099,#10100,#10101,#10102,#10103,#10104));
#10151=DERIVED_UNIT_ELEMENT(#10153,1.);
#10152=DERIVED_UNIT_ELEMENT(#16308,-3.);
#10153=(
MASS_UNIT()
NAMED_UNIT(*)
SI_UNIT(.KILO.,.GRAM.)
);
#10154=DERIVED_UNIT((#10151,#10152));
#10155=MEASURE_REPRESENTATION_ITEM('density measure',
POSITIVE_RATIO_MEASURE(7850.),#10154);
#10156=PROPERTY_DEFINITION_REPRESENTATION(#10161,#10158);
#10157=PROPERTY_DEFINITION_REPRESENTATION(#10162,#10159);
#10158=REPRESENTATION('material name',(#10160),#16305);
#10159=REPRESENTATION('density',(#10155),#16305);
#10160=DESCRIPTIVE_REPRESENTATION_ITEM('Acier','Acier');
#10161=PROPERTY_DEFINITION('material property','material name',#16315);
#10162=PROPERTY_DEFINITION('material property','density of part',#16315);
#10163=AXIS2_PLACEMENT_3D('',#13450,#10840,#10841);
#10164=AXIS2_PLACEMENT_3D('',#13451,#10842,#10843);
#10165=AXIS2_PLACEMENT_3D('',#13460,#10848,#10849);
#10166=AXIS2_PLACEMENT_3D('',#13469,#10854,#10855);
#10167=AXIS2_PLACEMENT_3D('',#13472,#10858,#10859);
#10168=AXIS2_PLACEMENT_3D('',#13474,#10861,#10862);
#10169=AXIS2_PLACEMENT_3D('',#13476,#10864,#10865);
#10170=AXIS2_PLACEMENT_3D('',#13477,#10866,#10867);
#10171=AXIS2_PLACEMENT_3D('',#13486,#10872,#10873);
#10172=AXIS2_PLACEMENT_3D('',#13495,#10878,#10879);
#10173=AXIS2_PLACEMENT_3D('',#13498,#10882,#10883);
#10174=AXIS2_PLACEMENT_3D('',#13500,#10885,#10886);
#10175=AXIS2_PLACEMENT_3D('',#13502,#10888,#10889);
#10176=AXIS2_PLACEMENT_3D('',#13503,#10890,#10891);
#10177=AXIS2_PLACEMENT_3D('',#13505,#10892,#10893);
#10178=AXIS2_PLACEMENT_3D('',#13508,#10895,#10896);
#10179=AXIS2_PLACEMENT_3D('',#13509,#10897,#10898);
#10180=AXIS2_PLACEMENT_3D('',#13511,#10899,#10900);
#10181=AXIS2_PLACEMENT_3D('',#13514,#10902,#10903);
#10182=AXIS2_PLACEMENT_3D('',#13515,#10904,#10905);
#10183=AXIS2_PLACEMENT_3D('',#13517,#10906,#10907);
#10184=AXIS2_PLACEMENT_3D('',#13520,#10909,#10910);
#10185=AXIS2_PLACEMENT_3D('',#13521,#10911,#10912);
#10186=AXIS2_PLACEMENT_3D('',#13523,#10913,#10914);
#10187=AXIS2_PLACEMENT_3D('',#13526,#10916,#10917);
#10188=AXIS2_PLACEMENT_3D('',#13527,#10918,#10919);
#10189=AXIS2_PLACEMENT_3D('',#13536,#10924,#10925);
#10190=AXIS2_PLACEMENT_3D('',#13542,#10928,#10929);
#10191=AXIS2_PLACEMENT_3D('',#13550,#10934,#10935);
#10192=AXIS2_PLACEMENT_3D('',#13554,#10938,#10939);
#10193=AXIS2_PLACEMENT_3D('',#13563,#10944,#10945);
#10194=AXIS2_PLACEMENT_3D('',#13567,#10947,#10948);
#10195=AXIS2_PLACEMENT_3D('',#13569,#10950,#10951);
#10196=AXIS2_PLACEMENT_3D('',#13571,#10952,#10953);
#10197=AXIS2_PLACEMENT_3D('',#13578,#10958,#10959);
#10198=AXIS2_PLACEMENT_3D('',#13580,#10960,#10961);
#10199=AXIS2_PLACEMENT_3D('',#13582,#10963,#10964);
#10200=AXIS2_PLACEMENT_3D('',#13586,#10967,#10968);
#10201=AXIS2_PLACEMENT_3D('',#13590,#10971,#10972);
#10202=AXIS2_PLACEMENT_3D('',#13594,#10975,#10976);
#10203=AXIS2_PLACEMENT_3D('',#13596,#10978,#10979);
#10204=AXIS2_PLACEMENT_3D('',#13598,#10981,#10982);
#10205=AXIS2_PLACEMENT_3D('',#13600,#10984,#10985);
#10206=AXIS2_PLACEMENT_3D('',#13601,#10986,#10987);
#10207=AXIS2_PLACEMENT_3D('',#13603,#10988,#10989);
#10208=AXIS2_PLACEMENT_3D('',#13606,#10991,#10992);
#10209=AXIS2_PLACEMENT_3D('',#13607,#10993,#10994);
#10210=AXIS2_PLACEMENT_3D('',#13609,#10995,#10996);
#10211=AXIS2_PLACEMENT_3D('',#13612,#10998,#10999);
#10212=AXIS2_PLACEMENT_3D('',#13613,#11000,#11001);
#10213=AXIS2_PLACEMENT_3D('',#13615,#11002,#11003);
#10214=AXIS2_PLACEMENT_3D('',#13618,#11005,#11006);
#10215=AXIS2_PLACEMENT_3D('',#13619,#11007,#11008);
#10216=AXIS2_PLACEMENT_3D('',#13621,#11009,#11010);
#10217=AXIS2_PLACEMENT_3D('',#13624,#11012,#11013);
#10218=AXIS2_PLACEMENT_3D('',#13625,#11014,#11015);
#10219=AXIS2_PLACEMENT_3D('',#13634,#11020,#11021);
#10220=AXIS2_PLACEMENT_3D('',#13643,#11026,#11027);
#10221=AXIS2_PLACEMENT_3D('',#13652,#11032,#11033);
#10222=AXIS2_PLACEMENT_3D('',#13658,#11037,#11038);
#10223=AXIS2_PLACEMENT_3D('',#13660,#11039,#11040);
#10224=AXIS2_PLACEMENT_3D('',#13663,#11042,#11043);
#10225=AXIS2_PLACEMENT_3D('',#13664,#11044,#11045);
#10226=AXIS2_PLACEMENT_3D('',#13666,#11046,#11047);
#10227=AXIS2_PLACEMENT_3D('',#13669,#11049,#11050);
#10228=AXIS2_PLACEMENT_3D('',#13670,#11051,#11052);
#10229=AXIS2_PLACEMENT_3D('',#13686,#11062,#11063);
#10230=AXIS2_PLACEMENT_3D('',#13688,#11065,#11066);
#10231=AXIS2_PLACEMENT_3D('',#13690,#11068,#11069);
#10232=AXIS2_PLACEMENT_3D('',#13692,#11071,#11072);
#10233=AXIS2_PLACEMENT_3D('',#13694,#11074,#11075);
#10234=AXIS2_PLACEMENT_3D('',#13696,#11077,#11078);
#10235=AXIS2_PLACEMENT_3D('',#13698,#11080,#11081);
#10236=AXIS2_PLACEMENT_3D('',#13699,#11082,#11083);
#10237=AXIS2_PLACEMENT_3D('',#13701,#11084,#11085);
#10238=AXIS2_PLACEMENT_3D('',#13704,#11087,#11088);
#10239=AXIS2_PLACEMENT_3D('',#13705,#11089,#11090);
#10240=AXIS2_PLACEMENT_3D('',#13707,#11091,#11092);
#10241=AXIS2_PLACEMENT_3D('',#13710,#11094,#11095);
#10242=AXIS2_PLACEMENT_3D('',#13711,#11096,#11097);
#10243=AXIS2_PLACEMENT_3D('',#13720,#11102,#11103);
#10244=AXIS2_PLACEMENT_3D('',#13726,#11107,#11108);
#10245=AXIS2_PLACEMENT_3D('',#13735,#11113,#11114);
#10246=AXIS2_PLACEMENT_3D('',#13741,#11118,#11119);
#10247=AXIS2_PLACEMENT_3D('',#13747,#11123,#11124);
#10248=AXIS2_PLACEMENT_3D('',#13760,#11132,#11133);
#10249=AXIS2_PLACEMENT_3D('',#13764,#11136,#11137);
#10250=AXIS2_PLACEMENT_3D('',#13768,#11140,#11141);
#10251=AXIS2_PLACEMENT_3D('',#13772,#11144,#11145);
#10252=AXIS2_PLACEMENT_3D('',#13776,#11148,#11149);
#10253=AXIS2_PLACEMENT_3D('',#13780,#11152,#11153);
#10254=AXIS2_PLACEMENT_3D('',#13783,#11156,#11157);
#10255=AXIS2_PLACEMENT_3D('',#13784,#11158,#11159);
#10256=AXIS2_PLACEMENT_3D('',#13785,#11160,#11161);
#10257=AXIS2_PLACEMENT_3D('',#13787,#11162,#11163);
#10258=AXIS2_PLACEMENT_3D('',#13790,#11165,#11166);
#10259=AXIS2_PLACEMENT_3D('',#13791,#11167,#11168);
#10260=AXIS2_PLACEMENT_3D('',#13793,#11169,#11170);
#10261=AXIS2_PLACEMENT_3D('',#13796,#11172,#11173);
#10262=AXIS2_PLACEMENT_3D('',#13797,#11174,#11175);
#10263=AXIS2_PLACEMENT_3D('',#13800,#11176,#11177);
#10264=AXIS2_PLACEMENT_3D('',#13804,#11179,#11180);
#10265=AXIS2_PLACEMENT_3D('',#13806,#11182,#11183);
#10266=AXIS2_PLACEMENT_3D('',#13809,#11184,#11185);
#10267=AXIS2_PLACEMENT_3D('',#13813,#11187,#11188);
#10268=AXIS2_PLACEMENT_3D('',#13815,#11190,#11191);
#10269=AXIS2_PLACEMENT_3D('',#13821,#11195,#11196);
#10270=AXIS2_PLACEMENT_3D('',#13824,#11198,#11199);
#10271=AXIS2_PLACEMENT_3D('',#13825,#11200,#11201);
#10272=AXIS2_PLACEMENT_3D('',#13834,#11207,#11208);
#10273=AXIS2_PLACEMENT_3D('',#13837,#11210,#11211);
#10274=AXIS2_PLACEMENT_3D('',#13838,#11212,#11213);
#10275=AXIS2_PLACEMENT_3D('',#13842,#11216,#11217);
#10276=AXIS2_PLACEMENT_3D('',#13845,#11218,#11219);
#10277=AXIS2_PLACEMENT_3D('',#13849,#11221,#11222);
#10278=AXIS2_PLACEMENT_3D('',#13851,#11224,#11225);
#10279=AXIS2_PLACEMENT_3D('',#13854,#11226,#11227);
#10280=AXIS2_PLACEMENT_3D('',#13858,#11229,#11230);
#10281=AXIS2_PLACEMENT_3D('',#13860,#11232,#11233);
#10282=AXIS2_PLACEMENT_3D('',#13866,#11237,#11238);
#10283=AXIS2_PLACEMENT_3D('',#13869,#11240,#11241);
#10284=AXIS2_PLACEMENT_3D('',#13870,#11242,#11243);
#10285=AXIS2_PLACEMENT_3D('',#13879,#11249,#11250);
#10286=AXIS2_PLACEMENT_3D('',#13882,#11252,#11253);
#10287=AXIS2_PLACEMENT_3D('',#13883,#11254,#11255);
#10288=AXIS2_PLACEMENT_3D('',#13886,#11257,#11258);
#10289=AXIS2_PLACEMENT_3D('',#13887,#11259,#11260);
#10290=AXIS2_PLACEMENT_3D('',#13888,#11261,#11262);
#10291=AXIS2_PLACEMENT_3D('',#13890,#11264,#11265);
#10292=AXIS2_PLACEMENT_3D('',#13891,#11266,#11267);
#10293=AXIS2_PLACEMENT_3D('',#13892,#11268,#11269);
#10294=AXIS2_PLACEMENT_3D('',#13893,#11270,#11271);
#10295=AXIS2_PLACEMENT_3D('',#13894,#11272,#11273);
#10296=AXIS2_PLACEMENT_3D('',#13895,#11274,#11275);
#10297=AXIS2_PLACEMENT_3D('',#13904,#11280,#11281);
#10298=AXIS2_PLACEMENT_3D('',#13910,#11285,#11286);
#10299=AXIS2_PLACEMENT_3D('',#13919,#11291,#11292);
#10300=AXIS2_PLACEMENT_3D('',#13925,#11296,#11297);
#10301=AXIS2_PLACEMENT_3D('',#13940,#11306,#11307);
#10302=AXIS2_PLACEMENT_3D('',#13944,#11310,#11311);
#10303=AXIS2_PLACEMENT_3D('',#13948,#11314,#11315);
#10304=AXIS2_PLACEMENT_3D('',#13952,#11318,#11319);
#10305=AXIS2_PLACEMENT_3D('',#13956,#11322,#11323);
#10306=AXIS2_PLACEMENT_3D('',#13958,#11325,#11326);
#10307=AXIS2_PLACEMENT_3D('',#13962,#11329,#11330);
#10308=AXIS2_PLACEMENT_3D('',#13966,#11333,#11334);
#10309=AXIS2_PLACEMENT_3D('',#13968,#11336,#11337);
#10310=AXIS2_PLACEMENT_3D('',#13969,#11338,#11339);
#10311=AXIS2_PLACEMENT_3D('',#13978,#11344,#11345);
#10312=AXIS2_PLACEMENT_3D('',#13987,#11350,#11351);
#10313=AXIS2_PLACEMENT_3D('',#13993,#11355,#11356);
#10314=AXIS2_PLACEMENT_3D('',#14010,#11366,#11367);
#10315=AXIS2_PLACEMENT_3D('',#14014,#11370,#11371);
#10316=AXIS2_PLACEMENT_3D('',#14020,#11375,#11376);
#10317=AXIS2_PLACEMENT_3D('',#14024,#11379,#11380);
#10318=AXIS2_PLACEMENT_3D('',#14028,#11383,#11384);
#10319=AXIS2_PLACEMENT_3D('',#14032,#11387,#11388);
#10320=AXIS2_PLACEMENT_3D('',#14034,#11390,#11391);
#10321=AXIS2_PLACEMENT_3D('',#14038,#11394,#11395);
#10322=AXIS2_PLACEMENT_3D('',#14040,#11397,#11398);
#10323=AXIS2_PLACEMENT_3D('',#14042,#11400,#11401);
#10324=AXIS2_PLACEMENT_3D('',#14043,#11402,#11403);
#10325=AXIS2_PLACEMENT_3D('',#14052,#11408,#11409);
#10326=AXIS2_PLACEMENT_3D('',#14058,#11413,#11414);
#10327=AXIS2_PLACEMENT_3D('',#14067,#11419,#11420);
#10328=AXIS2_PLACEMENT_3D('',#14073,#11424,#11425);
#10329=AXIS2_PLACEMENT_3D('',#14088,#11434,#11435);
#10330=AXIS2_PLACEMENT_3D('',#14092,#11438,#11439);
#10331=AXIS2_PLACEMENT_3D('',#14096,#11442,#11443);
#10332=AXIS2_PLACEMENT_3D('',#14100,#11446,#11447);
#10333=AXIS2_PLACEMENT_3D('',#14104,#11450,#11451);
#10334=AXIS2_PLACEMENT_3D('',#14106,#11453,#11454);
#10335=AXIS2_PLACEMENT_3D('',#14110,#11457,#11458);
#10336=AXIS2_PLACEMENT_3D('',#14114,#11461,#11462);
#10337=AXIS2_PLACEMENT_3D('',#14116,#11464,#11465);
#10338=AXIS2_PLACEMENT_3D('',#14117,#11466,#11467);
#10339=AXIS2_PLACEMENT_3D('',#14126,#11472,#11473);
#10340=AXIS2_PLACEMENT_3D('',#14132,#11477,#11478);
#10341=AXIS2_PLACEMENT_3D('',#14141,#11483,#11484);
#10342=AXIS2_PLACEMENT_3D('',#14147,#11488,#11489);
#10343=AXIS2_PLACEMENT_3D('',#14162,#11498,#11499);
#10344=AXIS2_PLACEMENT_3D('',#14166,#11502,#11503);
#10345=AXIS2_PLACEMENT_3D('',#14170,#11506,#11507);
#10346=AXIS2_PLACEMENT_3D('',#14174,#11510,#11511);
#10347=AXIS2_PLACEMENT_3D('',#14178,#11514,#11515);
#10348=AXIS2_PLACEMENT_3D('',#14180,#11517,#11518);
#10349=AXIS2_PLACEMENT_3D('',#14184,#11521,#11522);
#10350=AXIS2_PLACEMENT_3D('',#14188,#11525,#11526);
#10351=AXIS2_PLACEMENT_3D('',#14190,#11528,#11529);
#10352=AXIS2_PLACEMENT_3D('',#14191,#11530,#11531);
#10353=AXIS2_PLACEMENT_3D('',#14200,#11536,#11537);
#10354=AXIS2_PLACEMENT_3D('',#14206,#11541,#11542);
#10355=AXIS2_PLACEMENT_3D('',#14215,#11547,#11548);
#10356=AXIS2_PLACEMENT_3D('',#14221,#11552,#11553);
#10357=AXIS2_PLACEMENT_3D('',#14236,#11562,#11563);
#10358=AXIS2_PLACEMENT_3D('',#14240,#11566,#11567);
#10359=AXIS2_PLACEMENT_3D('',#14244,#11570,#11571);
#10360=AXIS2_PLACEMENT_3D('',#14248,#11574,#11575);
#10361=AXIS2_PLACEMENT_3D('',#14252,#11578,#11579);
#10362=AXIS2_PLACEMENT_3D('',#14254,#11581,#11582);
#10363=AXIS2_PLACEMENT_3D('',#14258,#11585,#11586);
#10364=AXIS2_PLACEMENT_3D('',#14262,#11589,#11590);
#10365=AXIS2_PLACEMENT_3D('',#14264,#11592,#11593);
#10366=AXIS2_PLACEMENT_3D('',#14265,#11594,#11595);
#10367=AXIS2_PLACEMENT_3D('',#14274,#11600,#11601);
#10368=AXIS2_PLACEMENT_3D('',#14280,#11605,#11606);
#10369=AXIS2_PLACEMENT_3D('',#14289,#11611,#11612);
#10370=AXIS2_PLACEMENT_3D('',#14295,#11616,#11617);
#10371=AXIS2_PLACEMENT_3D('',#14310,#11626,#11627);
#10372=AXIS2_PLACEMENT_3D('',#14314,#11630,#11631);
#10373=AXIS2_PLACEMENT_3D('',#14318,#11634,#11635);
#10374=AXIS2_PLACEMENT_3D('',#14322,#11638,#11639);
#10375=AXIS2_PLACEMENT_3D('',#14326,#11642,#11643);
#10376=AXIS2_PLACEMENT_3D('',#14328,#11645,#11646);
#10377=AXIS2_PLACEMENT_3D('',#14332,#11649,#11650);
#10378=AXIS2_PLACEMENT_3D('',#14336,#11653,#11654);
#10379=AXIS2_PLACEMENT_3D('',#14338,#11656,#11657);
#10380=AXIS2_PLACEMENT_3D('',#14339,#11658,#11659);
#10381=AXIS2_PLACEMENT_3D('',#14348,#11664,#11665);
#10382=AXIS2_PLACEMENT_3D('',#14354,#11669,#11670);
#10383=AXIS2_PLACEMENT_3D('',#14363,#11675,#11676);
#10384=AXIS2_PLACEMENT_3D('',#14369,#11680,#11681);
#10385=AXIS2_PLACEMENT_3D('',#14384,#11690,#11691);
#10386=AXIS2_PLACEMENT_3D('',#14388,#11694,#11695);
#10387=AXIS2_PLACEMENT_3D('',#14392,#11698,#11699);
#10388=AXIS2_PLACEMENT_3D('',#14396,#11702,#11703);
#10389=AXIS2_PLACEMENT_3D('',#14400,#11706,#11707);
#10390=AXIS2_PLACEMENT_3D('',#14402,#11709,#11710);
#10391=AXIS2_PLACEMENT_3D('',#14406,#11713,#11714);
#10392=AXIS2_PLACEMENT_3D('',#14410,#11717,#11718);
#10393=AXIS2_PLACEMENT_3D('',#14412,#11720,#11721);
#10394=AXIS2_PLACEMENT_3D('',#14413,#11722,#11723);
#10395=AXIS2_PLACEMENT_3D('',#14422,#11728,#11729);
#10396=AXIS2_PLACEMENT_3D('',#14428,#11733,#11734);
#10397=AXIS2_PLACEMENT_3D('',#14437,#11739,#11740);
#10398=AXIS2_PLACEMENT_3D('',#14443,#11744,#11745);
#10399=AXIS2_PLACEMENT_3D('',#14458,#11754,#11755);
#10400=AXIS2_PLACEMENT_3D('',#14462,#11758,#11759);
#10401=AXIS2_PLACEMENT_3D('',#14466,#11762,#11763);
#10402=AXIS2_PLACEMENT_3D('',#14470,#11766,#11767);
#10403=AXIS2_PLACEMENT_3D('',#14474,#11770,#11771);
#10404=AXIS2_PLACEMENT_3D('',#14476,#11773,#11774);
#10405=AXIS2_PLACEMENT_3D('',#14480,#11777,#11778);
#10406=AXIS2_PLACEMENT_3D('',#14484,#11781,#11782);
#10407=AXIS2_PLACEMENT_3D('',#14486,#11784,#11785);
#10408=AXIS2_PLACEMENT_3D('',#14487,#11786,#11787);
#10409=AXIS2_PLACEMENT_3D('',#14496,#11792,#11793);
#10410=AXIS2_PLACEMENT_3D('',#14501,#11796,#11797);
#10411=AXIS2_PLACEMENT_3D('',#14502,#11798,#11799);
#10412=AXIS2_PLACEMENT_3D('',#14511,#11804,#11805);
#10413=AXIS2_PLACEMENT_3D('',#14515,#11807,#11808);
#10414=AXIS2_PLACEMENT_3D('',#14517,#11810,#11811);
#10415=AXIS2_PLACEMENT_3D('',#14532,#11820,#11821);
#10416=AXIS2_PLACEMENT_3D('',#14536,#11824,#11825);
#10417=AXIS2_PLACEMENT_3D('',#14540,#11828,#11829);
#10418=AXIS2_PLACEMENT_3D('',#14543,#11831,#11832);
#10419=AXIS2_PLACEMENT_3D('',#14544,#11833,#11834);
#10420=AXIS2_PLACEMENT_3D('',#14546,#11835,#11836);
#10421=AXIS2_PLACEMENT_3D('',#14548,#11838,#11839);
#10422=AXIS2_PLACEMENT_3D('',#14549,#11840,#11841);
#10423=AXIS2_PLACEMENT_3D('',#14550,#11842,#11843);
#10424=AXIS2_PLACEMENT_3D('',#14554,#11846,#11847);
#10425=AXIS2_PLACEMENT_3D('',#14556,#11848,#11849);
#10426=AXIS2_PLACEMENT_3D('',#14558,#11851,#11852);
#10427=AXIS2_PLACEMENT_3D('',#14560,#11854,#11855);
#10428=AXIS2_PLACEMENT_3D('',#14561,#11856,#11857);
#10429=AXIS2_PLACEMENT_3D('',#14570,#11862,#11863);
#10430=AXIS2_PLACEMENT_3D('',#14576,#11867,#11868);
#10431=AXIS2_PLACEMENT_3D('',#14585,#11873,#11874);
#10432=AXIS2_PLACEMENT_3D('',#14591,#11878,#11879);
#10433=AXIS2_PLACEMENT_3D('',#14606,#11888,#11889);
#10434=AXIS2_PLACEMENT_3D('',#14610,#11892,#11893);
#10435=AXIS2_PLACEMENT_3D('',#14614,#11896,#11897);
#10436=AXIS2_PLACEMENT_3D('',#14618,#11900,#11901);
#10437=AXIS2_PLACEMENT_3D('',#14622,#11904,#11905);
#10438=AXIS2_PLACEMENT_3D('',#14624,#11907,#11908);
#10439=AXIS2_PLACEMENT_3D('',#14628,#11911,#11912);
#10440=AXIS2_PLACEMENT_3D('',#14632,#11915,#11916);
#10441=AXIS2_PLACEMENT_3D('',#14634,#11918,#11919);
#10442=AXIS2_PLACEMENT_3D('',#14635,#11920,#11921);
#10443=AXIS2_PLACEMENT_3D('',#14644,#11926,#11927);
#10444=AXIS2_PLACEMENT_3D('',#14650,#11931,#11932);
#10445=AXIS2_PLACEMENT_3D('',#14659,#11937,#11938);
#10446=AXIS2_PLACEMENT_3D('',#14665,#11942,#11943);
#10447=AXIS2_PLACEMENT_3D('',#14680,#11952,#11953);
#10448=AXIS2_PLACEMENT_3D('',#14684,#11956,#11957);
#10449=AXIS2_PLACEMENT_3D('',#14688,#11960,#11961);
#10450=AXIS2_PLACEMENT_3D('',#14692,#11964,#11965);
#10451=AXIS2_PLACEMENT_3D('',#14696,#11968,#11969);
#10452=AXIS2_PLACEMENT_3D('',#14698,#11971,#11972);
#10453=AXIS2_PLACEMENT_3D('',#14702,#11975,#11976);
#10454=AXIS2_PLACEMENT_3D('',#14706,#11979,#11980);
#10455=AXIS2_PLACEMENT_3D('',#14708,#11982,#11983);
#10456=AXIS2_PLACEMENT_3D('',#14709,#11984,#11985);
#10457=AXIS2_PLACEMENT_3D('',#14718,#11990,#11991);
#10458=AXIS2_PLACEMENT_3D('',#14740,#12003,#12004);
#10459=AXIS2_PLACEMENT_3D('',#14744,#12007,#12008);
#10460=AXIS2_PLACEMENT_3D('',#14748,#12011,#12012);
#10461=AXIS2_PLACEMENT_3D('',#14752,#12015,#12016);
#10462=AXIS2_PLACEMENT_3D('',#14756,#12019,#12020);
#10463=AXIS2_PLACEMENT_3D('',#14760,#12023,#12024);
#10464=AXIS2_PLACEMENT_3D('',#14764,#12027,#12028);
#10465=AXIS2_PLACEMENT_3D('',#14768,#12031,#12032);
#10466=AXIS2_PLACEMENT_3D('',#14772,#12035,#12036);
#10467=AXIS2_PLACEMENT_3D('',#14778,#12040,#12041);
#10468=AXIS2_PLACEMENT_3D('',#14780,#12043,#12044);
#10469=AXIS2_PLACEMENT_3D('',#14782,#12046,#12047);
#10470=AXIS2_PLACEMENT_3D('',#14783,#12048,#12049);
#10471=AXIS2_PLACEMENT_3D('',#14785,#12050,#12051);
#10472=AXIS2_PLACEMENT_3D('',#14788,#12053,#12054);
#10473=AXIS2_PLACEMENT_3D('',#14789,#12055,#12056);
#10474=AXIS2_PLACEMENT_3D('',#14790,#12057,#12058);
#10475=AXIS2_PLACEMENT_3D('',#14791,#12059,#12060);
#10476=AXIS2_PLACEMENT_3D('',#14793,#12061,#12062);
#10477=AXIS2_PLACEMENT_3D('',#14796,#12064,#12065);
#10478=AXIS2_PLACEMENT_3D('',#14797,#12066,#12067);
#10479=AXIS2_PLACEMENT_3D('',#14798,#12068,#12069);
#10480=AXIS2_PLACEMENT_3D('',#14799,#12070,#12071);
#10481=AXIS2_PLACEMENT_3D('',#14801,#12072,#12073);
#10482=AXIS2_PLACEMENT_3D('',#14804,#12075,#12076);
#10483=AXIS2_PLACEMENT_3D('',#14805,#12077,#12078);
#10484=AXIS2_PLACEMENT_3D('',#14806,#12079,#12080);
#10485=AXIS2_PLACEMENT_3D('',#14807,#12081,#12082);
#10486=AXIS2_PLACEMENT_3D('',#14809,#12083,#12084);
#10487=AXIS2_PLACEMENT_3D('',#14812,#12086,#12087);
#10488=AXIS2_PLACEMENT_3D('',#14813,#12088,#12089);
#10489=AXIS2_PLACEMENT_3D('',#14814,#12090,#12091);
#10490=AXIS2_PLACEMENT_3D('',#14815,#12092,#12093);
#10491=AXIS2_PLACEMENT_3D('',#14817,#12094,#12095);
#10492=AXIS2_PLACEMENT_3D('',#14820,#12097,#12098);
#10493=AXIS2_PLACEMENT_3D('',#14821,#12099,#12100);
#10494=AXIS2_PLACEMENT_3D('',#14822,#12101,#12102);
#10495=AXIS2_PLACEMENT_3D('',#14823,#12103,#12104);
#10496=AXIS2_PLACEMENT_3D('',#14825,#12105,#12106);
#10497=AXIS2_PLACEMENT_3D('',#14828,#12108,#12109);
#10498=AXIS2_PLACEMENT_3D('',#14829,#12110,#12111);
#10499=AXIS2_PLACEMENT_3D('',#14830,#12112,#12113);
#10500=AXIS2_PLACEMENT_3D('',#14831,#12114,#12115);
#10501=AXIS2_PLACEMENT_3D('',#14833,#12116,#12117);
#10502=AXIS2_PLACEMENT_3D('',#14836,#12119,#12120);
#10503=AXIS2_PLACEMENT_3D('',#14837,#12121,#12122);
#10504=AXIS2_PLACEMENT_3D('',#14838,#12123,#12124);
#10505=AXIS2_PLACEMENT_3D('',#14839,#12125,#12126);
#10506=AXIS2_PLACEMENT_3D('',#14841,#12127,#12128);
#10507=AXIS2_PLACEMENT_3D('',#14844,#12130,#12131);
#10508=AXIS2_PLACEMENT_3D('',#14845,#12132,#12133);
#10509=AXIS2_PLACEMENT_3D('',#14846,#12134,#12135);
#10510=AXIS2_PLACEMENT_3D('',#14847,#12136,#12137);
#10511=AXIS2_PLACEMENT_3D('',#14856,#12142,#12143);
#10512=AXIS2_PLACEMENT_3D('',#14878,#12155,#12156);
#10513=AXIS2_PLACEMENT_3D('',#14882,#12159,#12160);
#10514=AXIS2_PLACEMENT_3D('',#14886,#12163,#12164);
#10515=AXIS2_PLACEMENT_3D('',#14890,#12167,#12168);
#10516=AXIS2_PLACEMENT_3D('',#14894,#12171,#12172);
#10517=AXIS2_PLACEMENT_3D('',#14898,#12175,#12176);
#10518=AXIS2_PLACEMENT_3D('',#14902,#12179,#12180);
#10519=AXIS2_PLACEMENT_3D('',#14906,#12183,#12184);
#10520=AXIS2_PLACEMENT_3D('',#14910,#12187,#12188);
#10521=AXIS2_PLACEMENT_3D('',#14916,#12192,#12193);
#10522=AXIS2_PLACEMENT_3D('',#14918,#12195,#12196);
#10523=AXIS2_PLACEMENT_3D('',#14920,#12198,#12199);
#10524=AXIS2_PLACEMENT_3D('',#14921,#12200,#12201);
#10525=AXIS2_PLACEMENT_3D('',#14930,#12206,#12207);
#10526=AXIS2_PLACEMENT_3D('',#14936,#12211,#12212);
#10527=AXIS2_PLACEMENT_3D('',#14945,#12217,#12218);
#10528=AXIS2_PLACEMENT_3D('',#14951,#12222,#12223);
#10529=AXIS2_PLACEMENT_3D('',#14966,#12232,#12233);
#10530=AXIS2_PLACEMENT_3D('',#14970,#12236,#12237);
#10531=AXIS2_PLACEMENT_3D('',#14974,#12240,#12241);
#10532=AXIS2_PLACEMENT_3D('',#14978,#12244,#12245);
#10533=AXIS2_PLACEMENT_3D('',#14982,#12248,#12249);
#10534=AXIS2_PLACEMENT_3D('',#14984,#12251,#12252);
#10535=AXIS2_PLACEMENT_3D('',#14988,#12255,#12256);
#10536=AXIS2_PLACEMENT_3D('',#14992,#12259,#12260);
#10537=AXIS2_PLACEMENT_3D('',#14994,#12262,#12263);
#10538=AXIS2_PLACEMENT_3D('',#14995,#12264,#12265);
#10539=AXIS2_PLACEMENT_3D('',#15004,#12270,#12271);
#10540=AXIS2_PLACEMENT_3D('',#15009,#12274,#12275);
#10541=AXIS2_PLACEMENT_3D('',#15010,#12276,#12277);
#10542=AXIS2_PLACEMENT_3D('',#15019,#12282,#12283);
#10543=AXIS2_PLACEMENT_3D('',#15023,#12285,#12286);
#10544=AXIS2_PLACEMENT_3D('',#15025,#12288,#12289);
#10545=AXIS2_PLACEMENT_3D('',#15040,#12298,#12299);
#10546=AXIS2_PLACEMENT_3D('',#15044,#12302,#12303);
#10547=AXIS2_PLACEMENT_3D('',#15048,#12306,#12307);
#10548=AXIS2_PLACEMENT_3D('',#15051,#12309,#12310);
#10549=AXIS2_PLACEMENT_3D('',#15052,#12311,#12312);
#10550=AXIS2_PLACEMENT_3D('',#15054,#12313,#12314);
#10551=AXIS2_PLACEMENT_3D('',#15056,#12316,#12317);
#10552=AXIS2_PLACEMENT_3D('',#15057,#12318,#12319);
#10553=AXIS2_PLACEMENT_3D('',#15058,#12320,#12321);
#10554=AXIS2_PLACEMENT_3D('',#15062,#12324,#12325);
#10555=AXIS2_PLACEMENT_3D('',#15064,#12326,#12327);
#10556=AXIS2_PLACEMENT_3D('',#15066,#12329,#12330);
#10557=AXIS2_PLACEMENT_3D('',#15068,#12332,#12333);
#10558=AXIS2_PLACEMENT_3D('',#15069,#12334,#12335);
#10559=AXIS2_PLACEMENT_3D('',#15078,#12340,#12341);
#10560=AXIS2_PLACEMENT_3D('',#15084,#12345,#12346);
#10561=AXIS2_PLACEMENT_3D('',#15093,#12351,#12352);
#10562=AXIS2_PLACEMENT_3D('',#15099,#12356,#12357);
#10563=AXIS2_PLACEMENT_3D('',#15114,#12366,#12367);
#10564=AXIS2_PLACEMENT_3D('',#15118,#12370,#12371);
#10565=AXIS2_PLACEMENT_3D('',#15122,#12374,#12375);
#10566=AXIS2_PLACEMENT_3D('',#15126,#12378,#12379);
#10567=AXIS2_PLACEMENT_3D('',#15130,#12382,#12383);
#10568=AXIS2_PLACEMENT_3D('',#15132,#12385,#12386);
#10569=AXIS2_PLACEMENT_3D('',#15136,#12389,#12390);
#10570=AXIS2_PLACEMENT_3D('',#15140,#12393,#12394);
#10571=AXIS2_PLACEMENT_3D('',#15142,#12396,#12397);
#10572=AXIS2_PLACEMENT_3D('',#15143,#12398,#12399);
#10573=AXIS2_PLACEMENT_3D('',#15152,#12404,#12405);
#10574=AXIS2_PLACEMENT_3D('',#15158,#12409,#12410);
#10575=AXIS2_PLACEMENT_3D('',#15167,#12415,#12416);
#10576=AXIS2_PLACEMENT_3D('',#15173,#12420,#12421);
#10577=AXIS2_PLACEMENT_3D('',#15188,#12430,#12431);
#10578=AXIS2_PLACEMENT_3D('',#15192,#12434,#12435);
#10579=AXIS2_PLACEMENT_3D('',#15196,#12438,#12439);
#10580=AXIS2_PLACEMENT_3D('',#15200,#12442,#12443);
#10581=AXIS2_PLACEMENT_3D('',#15204,#12446,#12447);
#10582=AXIS2_PLACEMENT_3D('',#15206,#12449,#12450);
#10583=AXIS2_PLACEMENT_3D('',#15210,#12453,#12454);
#10584=AXIS2_PLACEMENT_3D('',#15214,#12457,#12458);
#10585=AXIS2_PLACEMENT_3D('',#15216,#12460,#12461);
#10586=AXIS2_PLACEMENT_3D('',#15217,#12462,#12463);
#10587=AXIS2_PLACEMENT_3D('',#15226,#12468,#12469);
#10588=AXIS2_PLACEMENT_3D('',#15232,#12473,#12474);
#10589=AXIS2_PLACEMENT_3D('',#15241,#12479,#12480);
#10590=AXIS2_PLACEMENT_3D('',#15247,#12484,#12485);
#10591=AXIS2_PLACEMENT_3D('',#15262,#12494,#12495);
#10592=AXIS2_PLACEMENT_3D('',#15266,#12498,#12499);
#10593=AXIS2_PLACEMENT_3D('',#15270,#12502,#12503);
#10594=AXIS2_PLACEMENT_3D('',#15274,#12506,#12507);
#10595=AXIS2_PLACEMENT_3D('',#15278,#12510,#12511);
#10596=AXIS2_PLACEMENT_3D('',#15280,#12513,#12514);
#10597=AXIS2_PLACEMENT_3D('',#15284,#12517,#12518);
#10598=AXIS2_PLACEMENT_3D('',#15288,#12521,#12522);
#10599=AXIS2_PLACEMENT_3D('',#15290,#12524,#12525);
#10600=AXIS2_PLACEMENT_3D('',#15291,#12526,#12527);
#10601=AXIS2_PLACEMENT_3D('',#15300,#12532,#12533);
#10602=AXIS2_PLACEMENT_3D('',#15306,#12537,#12538);
#10603=AXIS2_PLACEMENT_3D('',#15315,#12543,#12544);
#10604=AXIS2_PLACEMENT_3D('',#15321,#12548,#12549);
#10605=AXIS2_PLACEMENT_3D('',#15336,#12558,#12559);
#10606=AXIS2_PLACEMENT_3D('',#15340,#12562,#12563);
#10607=AXIS2_PLACEMENT_3D('',#15344,#12566,#12567);
#10608=AXIS2_PLACEMENT_3D('',#15348,#12570,#12571);
#10609=AXIS2_PLACEMENT_3D('',#15352,#12574,#12575);
#10610=AXIS2_PLACEMENT_3D('',#15354,#12577,#12578);
#10611=AXIS2_PLACEMENT_3D('',#15358,#12581,#12582);
#10612=AXIS2_PLACEMENT_3D('',#15362,#12585,#12586);
#10613=AXIS2_PLACEMENT_3D('',#15364,#12588,#12589);
#10614=AXIS2_PLACEMENT_3D('',#15365,#12590,#12591);
#10615=AXIS2_PLACEMENT_3D('',#15374,#12596,#12597);
#10616=AXIS2_PLACEMENT_3D('',#15380,#12601,#12602);
#10617=AXIS2_PLACEMENT_3D('',#15389,#12607,#12608);
#10618=AXIS2_PLACEMENT_3D('',#15395,#12612,#12613);
#10619=AXIS2_PLACEMENT_3D('',#15410,#12622,#12623);
#10620=AXIS2_PLACEMENT_3D('',#15414,#12626,#12627);
#10621=AXIS2_PLACEMENT_3D('',#15418,#12630,#12631);
#10622=AXIS2_PLACEMENT_3D('',#15422,#12634,#12635);
#10623=AXIS2_PLACEMENT_3D('',#15426,#12638,#12639);
#10624=AXIS2_PLACEMENT_3D('',#15428,#12641,#12642);
#10625=AXIS2_PLACEMENT_3D('',#15432,#12645,#12646);
#10626=AXIS2_PLACEMENT_3D('',#15436,#12649,#12650);
#10627=AXIS2_PLACEMENT_3D('',#15438,#12652,#12653);
#10628=AXIS2_PLACEMENT_3D('',#15439,#12654,#12655);
#10629=AXIS2_PLACEMENT_3D('',#15448,#12660,#12661);
#10630=AXIS2_PLACEMENT_3D('',#15454,#12665,#12666);
#10631=AXIS2_PLACEMENT_3D('',#15463,#12671,#12672);
#10632=AXIS2_PLACEMENT_3D('',#15469,#12676,#12677);
#10633=AXIS2_PLACEMENT_3D('',#15484,#12686,#12687);
#10634=AXIS2_PLACEMENT_3D('',#15488,#12690,#12691);
#10635=AXIS2_PLACEMENT_3D('',#15492,#12694,#12695);
#10636=AXIS2_PLACEMENT_3D('',#15496,#12698,#12699);
#10637=AXIS2_PLACEMENT_3D('',#15500,#12702,#12703);
#10638=AXIS2_PLACEMENT_3D('',#15502,#12705,#12706);
#10639=AXIS2_PLACEMENT_3D('',#15506,#12709,#12710);
#10640=AXIS2_PLACEMENT_3D('',#15510,#12713,#12714);
#10641=AXIS2_PLACEMENT_3D('',#15512,#12716,#12717);
#10642=AXIS2_PLACEMENT_3D('',#15513,#12718,#12719);
#10643=AXIS2_PLACEMENT_3D('',#15522,#12724,#12725);
#10644=AXIS2_PLACEMENT_3D('',#15531,#12730,#12731);
#10645=AXIS2_PLACEMENT_3D('',#15534,#12734,#12735);
#10646=AXIS2_PLACEMENT_3D('',#15550,#12743,#12744);
#10647=AXIS2_PLACEMENT_3D('',#15553,#12746,#12747);
#10648=AXIS2_PLACEMENT_3D('',#15555,#12748,#12749);
#10649=AXIS2_PLACEMENT_3D('',#15556,#12750,#12751);
#10650=AXIS2_PLACEMENT_3D('',#15560,#12754,#12755);
#10651=AXIS2_PLACEMENT_3D('',#15572,#12762,#12763);
#10652=AXIS2_PLACEMENT_3D('',#15581,#12768,#12769);
#10653=AXIS2_PLACEMENT_3D('',#15587,#12773,#12774);
#10654=AXIS2_PLACEMENT_3D('',#15591,#12777,#12778);
#10655=AXIS2_PLACEMENT_3D('',#15598,#12783,#12784);
#10656=AXIS2_PLACEMENT_3D('',#15605,#12788,#12789);
#10657=AXIS2_PLACEMENT_3D('',#15612,#12793,#12794);
#10658=AXIS2_PLACEMENT_3D('',#15614,#12795,#12796);
#10659=AXIS2_PLACEMENT_3D('',#15615,#12797,#12798);
#10660=AXIS2_PLACEMENT_3D('',#15619,#12801,#12802);
#10661=AXIS2_PLACEMENT_3D('',#15626,#12806,#12807);
#10662=AXIS2_PLACEMENT_3D('',#15631,#12810,#12811);
#10663=AXIS2_PLACEMENT_3D('',#15633,#12812,#12813);
#10664=AXIS2_PLACEMENT_3D('',#15634,#12814,#12815);
#10665=AXIS2_PLACEMENT_3D('',#15638,#12818,#12819);
#10666=AXIS2_PLACEMENT_3D('',#15640,#12821,#12822);
#10667=AXIS2_PLACEMENT_3D('',#15642,#12824,#12825);
#10668=AXIS2_PLACEMENT_3D('',#15644,#12826,#12827);
#10669=AXIS2_PLACEMENT_3D('',#15646,#12829,#12830);
#10670=AXIS2_PLACEMENT_3D('',#15648,#12832,#12833);
#10671=AXIS2_PLACEMENT_3D('',#15650,#12834,#12835);
#10672=AXIS2_PLACEMENT_3D('',#15652,#12837,#12838);
#10673=AXIS2_PLACEMENT_3D('',#15654,#12840,#12841);
#10674=AXIS2_PLACEMENT_3D('',#15660,#12845,#12846);
#10675=AXIS2_PLACEMENT_3D('',#15663,#12849,#12850);
#10676=AXIS2_PLACEMENT_3D('',#15664,#12851,#12852);
#10677=AXIS2_PLACEMENT_3D('',#15665,#12853,#12854);
#10678=AXIS2_PLACEMENT_3D('',#15666,#12855,#12856);
#10679=AXIS2_PLACEMENT_3D('',#15667,#12857,#12858);
#10680=AXIS2_PLACEMENT_3D('',#15669,#12860,#12861);
#10681=AXIS2_PLACEMENT_3D('',#15670,#12862,#12863);
#10682=AXIS2_PLACEMENT_3D('',#15671,#12864,#12865);
#10683=AXIS2_PLACEMENT_3D('',#15680,#12870,#12871);
#10684=AXIS2_PLACEMENT_3D('',#15686,#12875,#12876);
#10685=AXIS2_PLACEMENT_3D('',#15695,#12881,#12882);
#10686=AXIS2_PLACEMENT_3D('',#15696,#12883,#12884);
#10687=AXIS2_PLACEMENT_3D('',#15700,#12887,#12888);
#10688=AXIS2_PLACEMENT_3D('',#15702,#12889,#12890);
#10689=AXIS2_PLACEMENT_3D('',#15705,#12892,#12893);
#10690=AXIS2_PLACEMENT_3D('',#15706,#12894,#12895);
#10691=AXIS2_PLACEMENT_3D('',#15708,#12896,#12897);
#10692=AXIS2_PLACEMENT_3D('',#15710,#12899,#12900);
#10693=AXIS2_PLACEMENT_3D('',#15719,#12905,#12906);
#10694=AXIS2_PLACEMENT_3D('',#15722,#12909,#12910);
#10695=AXIS2_PLACEMENT_3D('',#15731,#12915,#12916);
#10696=AXIS2_PLACEMENT_3D('',#15737,#12920,#12921);
#10697=AXIS2_PLACEMENT_3D('',#15748,#12928,#12929);
#10698=AXIS2_PLACEMENT_3D('',#15752,#12932,#12933);
#10699=AXIS2_PLACEMENT_3D('',#15756,#12936,#12937);
#10700=AXIS2_PLACEMENT_3D('',#15760,#12940,#12941);
#10701=AXIS2_PLACEMENT_3D('',#15764,#12944,#12945);
#10702=AXIS2_PLACEMENT_3D('',#15767,#12948,#12949);
#10703=AXIS2_PLACEMENT_3D('',#15768,#12950,#12951);
#10704=AXIS2_PLACEMENT_3D('',#15769,#12952,#12953);
#10705=AXIS2_PLACEMENT_3D('',#15771,#12954,#12955);
#10706=AXIS2_PLACEMENT_3D('',#15774,#12957,#12958);
#10707=AXIS2_PLACEMENT_3D('',#15775,#12959,#12960);
#10708=AXIS2_PLACEMENT_3D('',#15777,#12961,#12962);
#10709=AXIS2_PLACEMENT_3D('',#15780,#12964,#12965);
#10710=AXIS2_PLACEMENT_3D('',#15781,#12966,#12967);
#10711=AXIS2_PLACEMENT_3D('',#15784,#12968,#12969);
#10712=AXIS2_PLACEMENT_3D('',#15788,#12971,#12972);
#10713=AXIS2_PLACEMENT_3D('',#15790,#12974,#12975);
#10714=AXIS2_PLACEMENT_3D('',#15793,#12976,#12977);
#10715=AXIS2_PLACEMENT_3D('',#15797,#12979,#12980);
#10716=AXIS2_PLACEMENT_3D('',#15799,#12982,#12983);
#10717=AXIS2_PLACEMENT_3D('',#15805,#12987,#12988);
#10718=AXIS2_PLACEMENT_3D('',#15808,#12990,#12991);
#10719=AXIS2_PLACEMENT_3D('',#15809,#12992,#12993);
#10720=AXIS2_PLACEMENT_3D('',#15818,#12999,#13000);
#10721=AXIS2_PLACEMENT_3D('',#15821,#13002,#13003);
#10722=AXIS2_PLACEMENT_3D('',#15822,#13004,#13005);
#10723=AXIS2_PLACEMENT_3D('',#15826,#13008,#13009);
#10724=AXIS2_PLACEMENT_3D('',#15829,#13010,#13011);
#10725=AXIS2_PLACEMENT_3D('',#15833,#13013,#13014);
#10726=AXIS2_PLACEMENT_3D('',#15835,#13016,#13017);
#10727=AXIS2_PLACEMENT_3D('',#15838,#13018,#13019);
#10728=AXIS2_PLACEMENT_3D('',#15842,#13021,#13022);
#10729=AXIS2_PLACEMENT_3D('',#15844,#13024,#13025);
#10730=AXIS2_PLACEMENT_3D('',#15850,#13029,#13030);
#10731=AXIS2_PLACEMENT_3D('',#15853,#13032,#13033);
#10732=AXIS2_PLACEMENT_3D('',#15854,#13034,#13035);
#10733=AXIS2_PLACEMENT_3D('',#15863,#13041,#13042);
#10734=AXIS2_PLACEMENT_3D('',#15866,#13044,#13045);
#10735=AXIS2_PLACEMENT_3D('',#15867,#13046,#13047);
#10736=AXIS2_PLACEMENT_3D('',#15870,#13049,#13050);
#10737=AXIS2_PLACEMENT_3D('',#15871,#13051,#13052);
#10738=AXIS2_PLACEMENT_3D('',#15872,#13053,#13054);
#10739=AXIS2_PLACEMENT_3D('',#15874,#13056,#13057);
#10740=AXIS2_PLACEMENT_3D('',#15875,#13058,#13059);
#10741=AXIS2_PLACEMENT_3D('',#15876,#13060,#13061);
#10742=AXIS2_PLACEMENT_3D('',#15877,#13062,#13063);
#10743=AXIS2_PLACEMENT_3D('',#15878,#13064,#13065);
#10744=AXIS2_PLACEMENT_3D('',#15879,#13066,#13067);
#10745=AXIS2_PLACEMENT_3D('',#15888,#13072,#13073);
#10746=AXIS2_PLACEMENT_3D('',#15894,#13077,#13078);
#10747=AXIS2_PLACEMENT_3D('',#15903,#13083,#13084);
#10748=AXIS2_PLACEMENT_3D('',#15909,#13088,#13089);
#10749=AXIS2_PLACEMENT_3D('',#15924,#13098,#13099);
#10750=AXIS2_PLACEMENT_3D('',#15928,#13102,#13103);
#10751=AXIS2_PLACEMENT_3D('',#15932,#13106,#13107);
#10752=AXIS2_PLACEMENT_3D('',#15936,#13110,#13111);
#10753=AXIS2_PLACEMENT_3D('',#15940,#13114,#13115);
#10754=AXIS2_PLACEMENT_3D('',#15942,#13117,#13118);
#10755=AXIS2_PLACEMENT_3D('',#15946,#13121,#13122);
#10756=AXIS2_PLACEMENT_3D('',#15950,#13125,#13126);
#10757=AXIS2_PLACEMENT_3D('',#15952,#13128,#13129);
#10758=AXIS2_PLACEMENT_3D('',#15953,#13130,#13131);
#10759=AXIS2_PLACEMENT_3D('',#15962,#13136,#13137);
#10760=AXIS2_PLACEMENT_3D('',#15971,#13142,#13143);
#10761=AXIS2_PLACEMENT_3D('',#15977,#13147,#13148);
#10762=AXIS2_PLACEMENT_3D('',#15994,#13158,#13159);
#10763=AXIS2_PLACEMENT_3D('',#15998,#13162,#13163);
#10764=AXIS2_PLACEMENT_3D('',#16004,#13167,#13168);
#10765=AXIS2_PLACEMENT_3D('',#16008,#13171,#13172);
#10766=AXIS2_PLACEMENT_3D('',#16012,#13175,#13176);
#10767=AXIS2_PLACEMENT_3D('',#16016,#13179,#13180);
#10768=AXIS2_PLACEMENT_3D('',#16018,#13182,#13183);
#10769=AXIS2_PLACEMENT_3D('',#16022,#13186,#13187);
#10770=AXIS2_PLACEMENT_3D('',#16024,#13189,#13190);
#10771=AXIS2_PLACEMENT_3D('',#16026,#13192,#13193);
#10772=AXIS2_PLACEMENT_3D('',#16027,#13194,#13195);
#10773=AXIS2_PLACEMENT_3D('',#16036,#13200,#13201);
#10774=AXIS2_PLACEMENT_3D('',#16042,#13205,#13206);
#10775=AXIS2_PLACEMENT_3D('',#16051,#13211,#13212);
#10776=AXIS2_PLACEMENT_3D('',#16057,#13216,#13217);
#10777=AXIS2_PLACEMENT_3D('',#16072,#13226,#13227);
#10778=AXIS2_PLACEMENT_3D('',#16076,#13230,#13231);
#10779=AXIS2_PLACEMENT_3D('',#16080,#13234,#13235);
#10780=AXIS2_PLACEMENT_3D('',#16084,#13238,#13239);
#10781=AXIS2_PLACEMENT_3D('',#16088,#13242,#13243);
#10782=AXIS2_PLACEMENT_3D('',#16090,#13245,#13246);
#10783=AXIS2_PLACEMENT_3D('',#16094,#13249,#13250);
#10784=AXIS2_PLACEMENT_3D('',#16098,#13253,#13254);
#10785=AXIS2_PLACEMENT_3D('',#16100,#13256,#13257);
#10786=AXIS2_PLACEMENT_3D('',#16101,#13258,#13259);
#10787=AXIS2_PLACEMENT_3D('',#16103,#13260,#13261);
#10788=AXIS2_PLACEMENT_3D('',#16106,#13263,#13264);
#10789=AXIS2_PLACEMENT_3D('',#16107,#13265,#13266);
#10790=AXIS2_PLACEMENT_3D('',#16109,#13267,#13268);
#10791=AXIS2_PLACEMENT_3D('',#16112,#13270,#13271);
#10792=AXIS2_PLACEMENT_3D('',#16113,#13272,#13273);
#10793=AXIS2_PLACEMENT_3D('',#16115,#13274,#13275);
#10794=AXIS2_PLACEMENT_3D('',#16118,#13277,#13278);
#10795=AXIS2_PLACEMENT_3D('',#16119,#13279,#13280);
#10796=AXIS2_PLACEMENT_3D('',#16121,#13281,#13282);
#10797=AXIS2_PLACEMENT_3D('',#16124,#13284,#13285);
#10798=AXIS2_PLACEMENT_3D('',#16125,#13286,#13287);
#10799=AXIS2_PLACEMENT_3D('',#16134,#13292,#13293);
#10800=AXIS2_PLACEMENT_3D('',#16140,#13296,#13297);
#10801=AXIS2_PLACEMENT_3D('',#16148,#13302,#13303);
#10802=AXIS2_PLACEMENT_3D('',#16152,#13306,#13307);
#10803=AXIS2_PLACEMENT_3D('',#16161,#13312,#13313);
#10804=AXIS2_PLACEMENT_3D('',#16165,#13315,#13316);
#10805=AXIS2_PLACEMENT_3D('',#16167,#13318,#13319);
#10806=AXIS2_PLACEMENT_3D('',#16169,#13320,#13321);
#10807=AXIS2_PLACEMENT_3D('',#16176,#13326,#13327);
#10808=AXIS2_PLACEMENT_3D('',#16178,#13328,#13329);
#10809=AXIS2_PLACEMENT_3D('',#16180,#13331,#13332);
#10810=AXIS2_PLACEMENT_3D('',#16184,#13335,#13336);
#10811=AXIS2_PLACEMENT_3D('',#16188,#13339,#13340);
#10812=AXIS2_PLACEMENT_3D('',#16192,#13343,#13344);
#10813=AXIS2_PLACEMENT_3D('',#16194,#13346,#13347);
#10814=AXIS2_PLACEMENT_3D('',#16196,#13349,#13350);
#10815=AXIS2_PLACEMENT_3D('',#16198,#13352,#13353);
#10816=AXIS2_PLACEMENT_3D('',#16199,#13354,#13355);
#10817=AXIS2_PLACEMENT_3D('',#16208,#13360,#13361);
#10818=AXIS2_PLACEMENT_3D('',#16214,#13365,#13366);
#10819=AXIS2_PLACEMENT_3D('',#16218,#13369,#13370);
#10820=AXIS2_PLACEMENT_3D('',#16222,#13373,#13374);
#10821=AXIS2_PLACEMENT_3D('',#16224,#13376,#13377);
#10822=AXIS2_PLACEMENT_3D('',#16225,#13378,#13379);
#10823=AXIS2_PLACEMENT_3D('',#16234,#13384,#13385);
#10824=AXIS2_PLACEMENT_3D('',#16240,#13389,#13390);
#10825=AXIS2_PLACEMENT_3D('',#16244,#13393,#13394);
#10826=AXIS2_PLACEMENT_3D('',#16248,#13397,#13398);
#10827=AXIS2_PLACEMENT_3D('',#16250,#13400,#13401);
#10828=AXIS2_PLACEMENT_3D('',#16251,#13402,#13403);
#10829=AXIS2_PLACEMENT_3D('',#16260,#13408,#13409);
#10830=AXIS2_PLACEMENT_3D('',#16266,#13413,#13414);
#10831=AXIS2_PLACEMENT_3D('',#16270,#13417,#13418);
#10832=AXIS2_PLACEMENT_3D('',#16274,#13421,#13422);
#10833=AXIS2_PLACEMENT_3D('',#16276,#13424,#13425);
#10834=AXIS2_PLACEMENT_3D('',#16277,#13426,#13427);
#10835=AXIS2_PLACEMENT_3D('',#16286,#13432,#13433);
#10836=AXIS2_PLACEMENT_3D('',#16292,#13437,#13438);
#10837=AXIS2_PLACEMENT_3D('',#16296,#13441,#13442);
#10838=AXIS2_PLACEMENT_3D('',#16300,#13445,#13446);
#10839=AXIS2_PLACEMENT_3D('',#16302,#13448,#13449);
#10840=DIRECTION('axis',(0.,0.,1.));
#10841=DIRECTION('refdir',(1.,0.,0.));
#10842=DIRECTION('center_axis',(0.,-1.,0.));
#10843=DIRECTION('ref_axis',(1.,0.,0.));
#10844=DIRECTION('',(0.,0.,-1.));
#10845=DIRECTION('',(-1.,0.,0.));
#10846=DIRECTION('',(0.,0.,-1.));
#10847=DIRECTION('',(1.,0.,0.));
#10848=DIRECTION('center_axis',(0.,1.,0.));
#10849=DIRECTION('ref_axis',(0.,0.,1.));
#10850=DIRECTION('',(0.,0.,1.));
#10851=DIRECTION('',(1.,0.,0.));
#10852=DIRECTION('',(0.,0.,1.));
#10853=DIRECTION('',(1.,0.,0.));
#10854=DIRECTION('center_axis',(1.,0.,0.));
#10855=DIRECTION('ref_axis',(0.,0.,-1.));
#10856=DIRECTION('',(0.,-1.,0.));
#10857=DIRECTION('',(0.,1.,0.));
#10858=DIRECTION('center_axis',(0.,0.,-1.));
#10859=DIRECTION('ref_axis',(-1.,0.,0.));
#10860=DIRECTION('',(0.,1.,0.));
#10861=DIRECTION('center_axis',(0.,0.,1.));
#10862=DIRECTION('ref_axis',(1.,0.,0.));
#10863=DIRECTION('',(0.,1.,0.));
#10864=DIRECTION('center_axis',(-1.,0.,0.));
#10865=DIRECTION('ref_axis',(0.,0.,1.));
#10866=DIRECTION('center_axis',(0.,-1.,0.));
#10867=DIRECTION('ref_axis',(1.,0.,0.));
#10868=DIRECTION('',(0.,0.,1.));
#10869=DIRECTION('',(-1.,0.,0.));
#10870=DIRECTION('',(0.0199960011996001,0.,-0.999800059980007));
#10871=DIRECTION('',(-1.,0.,0.));
#10872=DIRECTION('center_axis',(0.,1.,0.));
#10873=DIRECTION('ref_axis',(0.,0.,1.));
#10874=DIRECTION('',(0.,0.,-1.));
#10875=DIRECTION('',(-1.,0.,0.));
#10876=DIRECTION('',(0.0199960011996001,0.,-0.999800059980007));
#10877=DIRECTION('',(-1.,0.,0.));
#10878=DIRECTION('center_axis',(-1.,0.,0.));
#10879=DIRECTION('ref_axis',(0.,0.,1.));
#10880=DIRECTION('',(0.,1.,0.));
#10881=DIRECTION('',(0.,-1.,0.));
#10882=DIRECTION('center_axis',(0.,0.,-1.));
#10883=DIRECTION('ref_axis',(-1.,0.,0.));
#10884=DIRECTION('',(0.,1.,0.));
#10885=DIRECTION('center_axis',(0.999800059980007,0.,0.0199960011996001));
#10886=DIRECTION('ref_axis',(0.0199960011996001,0.,-0.999800059980007));
#10887=DIRECTION('',(0.,1.,0.));
#10888=DIRECTION('center_axis',(0.,0.,1.));
#10889=DIRECTION('ref_axis',(1.,0.,0.));
#10890=DIRECTION('center_axis',(0.,1.,0.));
#10891=DIRECTION('ref_axis',(1.,0.,0.));
#10892=DIRECTION('center_axis',(0.,1.,0.));
#10893=DIRECTION('ref_axis',(1.,0.,0.));
#10894=DIRECTION('',(0.,1.,0.));
#10895=DIRECTION('center_axis',(0.,-1.,0.));
#10896=DIRECTION('ref_axis',(1.,0.,0.));
#10897=DIRECTION('center_axis',(0.,1.,0.));
#10898=DIRECTION('ref_axis',(1.,0.,0.));
#10899=DIRECTION('center_axis',(0.,1.,0.));
#10900=DIRECTION('ref_axis',(1.,0.,0.));
#10901=DIRECTION('',(0.,1.,0.));
#10902=DIRECTION('center_axis',(0.,-1.,0.));
#10903=DIRECTION('ref_axis',(1.,0.,0.));
#10904=DIRECTION('center_axis',(0.,1.,0.));
#10905=DIRECTION('ref_axis',(1.,0.,0.));
#10906=DIRECTION('center_axis',(0.,1.,0.));
#10907=DIRECTION('ref_axis',(1.,0.,0.));
#10908=DIRECTION('',(0.,1.,0.));
#10909=DIRECTION('center_axis',(0.,-1.,0.));
#10910=DIRECTION('ref_axis',(1.,0.,0.));
#10911=DIRECTION('center_axis',(0.,1.,0.));
#10912=DIRECTION('ref_axis',(1.,0.,0.));
#10913=DIRECTION('center_axis',(0.,1.,0.));
#10914=DIRECTION('ref_axis',(1.,0.,0.));
#10915=DIRECTION('',(0.,1.,0.));
#10916=DIRECTION('center_axis',(0.,-1.,0.));
#10917=DIRECTION('ref_axis',(1.,0.,0.));
#10918=DIRECTION('center_axis',(-1.,0.,5.6843418860808E-14));
#10919=DIRECTION('ref_axis',(5.6843418860808E-14,0.,1.));
#10920=DIRECTION('',(-5.6843418860808E-14,0.,-1.));
#10921=DIRECTION('',(0.,-1.,0.));
#10922=DIRECTION('',(5.6843418860808E-14,0.,1.));
#10923=DIRECTION('',(0.,1.,0.));
#10924=DIRECTION('center_axis',(0.,-1.,0.));
#10925=DIRECTION('ref_axis',(1.,0.,0.));
#10926=DIRECTION('',(1.,0.,-5.6843418860823E-14));
#10927=DIRECTION('',(5.6843418860808E-14,0.,1.));
#10928=DIRECTION('center_axis',(0.,-1.,0.));
#10929=DIRECTION('ref_axis',(-0.20317127171579,0.,-0.979143214422379));
#10930=DIRECTION('',(-5.6843418860808E-14,0.,-1.));
#10931=DIRECTION('',(-1.,0.,5.6843418860808E-14));
#10932=DIRECTION('',(5.6843418860808E-14,0.,1.));
#10933=DIRECTION('',(-1.,0.,5.68434188607911E-14));
#10934=DIRECTION('center_axis',(-5.6843418860823E-14,0.,-1.));
#10935=DIRECTION('ref_axis',(-1.,0.,5.6843418860823E-14));
#10936=DIRECTION('',(-1.,0.,5.6843418860823E-14));
#10937=DIRECTION('',(0.,1.,0.));
#10938=DIRECTION('center_axis',(1.,0.,-5.6843418860808E-14));
#10939=DIRECTION('ref_axis',(-5.6843418860808E-14,0.,-1.));
#10940=DIRECTION('',(-5.6843418860808E-14,0.,-1.));
#10941=DIRECTION('',(0.,1.,0.));
#10942=DIRECTION('',(-5.6843418860808E-14,0.,-1.));
#10943=DIRECTION('',(0.,-1.,0.));
#10944=DIRECTION('center_axis',(0.,1.,0.));
#10945=DIRECTION('ref_axis',(-0.20317127171579,0.,-0.979143214422379));
#10946=DIRECTION('',(0.,1.,0.));
#10947=DIRECTION('center_axis',(0.,-1.,0.));
#10948=DIRECTION('ref_axis',(-0.20317127171579,0.,-0.979143214422379));
#10949=DIRECTION('',(0.,1.,0.));
#10950=DIRECTION('center_axis',(0.,-1.,0.));
#10951=DIRECTION('ref_axis',(1.,0.,0.));
#10952=DIRECTION('center_axis',(0.,-1.,0.));
#10953=DIRECTION('ref_axis',(-0.20317127171579,0.,-0.979143214422379));
#10954=DIRECTION('',(5.6843418860808E-14,0.,1.));
#10955=DIRECTION('',(1.,0.,-5.68434188607911E-14));
#10956=DIRECTION('',(5.6843418860808E-14,0.,1.));
#10957=DIRECTION('',(-1.,0.,5.6843418860808E-14));
#10958=DIRECTION('center_axis',(0.,1.,0.));
#10959=DIRECTION('ref_axis',(-0.20317127171579,0.,-0.979143214422379));
#10960=DIRECTION('center_axis',(0.,-1.,0.));
#10961=DIRECTION('ref_axis',(-0.20317127171579,0.,-0.979143214422379));
#10962=DIRECTION('',(0.,1.,0.));
#10963=DIRECTION('center_axis',(1.,0.,-5.6843418860808E-14));
#10964=DIRECTION('ref_axis',(-5.6843418860808E-14,0.,-1.));
#10965=DIRECTION('',(5.6843418860808E-14,0.,1.));
#10966=DIRECTION('',(0.,1.,0.));
#10967=DIRECTION('center_axis',(0.,-1.,0.));
#10968=DIRECTION('ref_axis',(1.,0.,0.));
#10969=DIRECTION('',(-1.,0.,5.6843418860808E-14));
#10970=DIRECTION('',(5.6843418860808E-14,0.,1.));
#10971=DIRECTION('center_axis',(-5.6843418860808E-14,0.,-1.));
#10972=DIRECTION('ref_axis',(-1.,0.,5.6843418860808E-14));
#10973=DIRECTION('',(1.,0.,-5.6843418860808E-14));
#10974=DIRECTION('',(0.,1.,0.));
#10975=DIRECTION('center_axis',(5.68434188607911E-14,0.,1.));
#10976=DIRECTION('ref_axis',(1.,0.,-5.68434188607911E-14));
#10977=DIRECTION('',(0.,-1.,0.));
#10978=DIRECTION('center_axis',(0.,-1.,0.));
#10979=DIRECTION('ref_axis',(1.,0.,0.));
#10980=DIRECTION('',(-5.6843418860808E-14,0.,-1.));
#10981=DIRECTION('center_axis',(-5.6843418860808E-14,0.,-1.));
#10982=DIRECTION('ref_axis',(-1.,0.,5.6843418860808E-14));
#10983=DIRECTION('',(0.,1.,0.));
#10984=DIRECTION('center_axis',(-1.,0.,5.6843418860808E-14));
#10985=DIRECTION('ref_axis',(5.6843418860808E-14,0.,1.));
#10986=DIRECTION('center_axis',(0.,1.,0.));
#10987=DIRECTION('ref_axis',(1.,0.,0.));
#10988=DIRECTION('center_axis',(0.,1.,0.));
#10989=DIRECTION('ref_axis',(1.,0.,0.));
#10990=DIRECTION('',(0.,1.,0.));
#10991=DIRECTION('center_axis',(0.,-1.,0.));
#10992=DIRECTION('ref_axis',(1.,0.,0.));
#10993=DIRECTION('center_axis',(0.,1.,0.));
#10994=DIRECTION('ref_axis',(1.,0.,0.));
#10995=DIRECTION('center_axis',(0.,1.,0.));
#10996=DIRECTION('ref_axis',(1.,0.,0.));
#10997=DIRECTION('',(0.,1.,0.));
#10998=DIRECTION('center_axis',(0.,-1.,0.));
#10999=DIRECTION('ref_axis',(1.,0.,0.));
#11000=DIRECTION('center_axis',(0.,1.,0.));
#11001=DIRECTION('ref_axis',(1.,0.,0.));
#11002=DIRECTION('center_axis',(0.,1.,0.));
#11003=DIRECTION('ref_axis',(1.,0.,0.));
#11004=DIRECTION('',(0.,1.,0.));
#11005=DIRECTION('center_axis',(0.,-1.,0.));
#11006=DIRECTION('ref_axis',(1.,0.,0.));
#11007=DIRECTION('center_axis',(0.,1.,0.));
#11008=DIRECTION('ref_axis',(1.,0.,0.));
#11009=DIRECTION('center_axis',(0.,1.,0.));
#11010=DIRECTION('ref_axis',(1.,0.,0.));
#11011=DIRECTION('',(0.,1.,0.));
#11012=DIRECTION('center_axis',(0.,-1.,0.));
#11013=DIRECTION('ref_axis',(1.,0.,0.));
#11014=DIRECTION('center_axis',(1.,0.,-5.6843418860808E-14));
#11015=DIRECTION('ref_axis',(-5.6843418860808E-14,0.,-1.));
#11016=DIRECTION('',(5.6843418860808E-14,0.,1.));
#11017=DIRECTION('',(0.,-1.,0.));
#11018=DIRECTION('',(-5.6843418860808E-14,0.,-1.));
#11019=DIRECTION('',(0.,1.,0.));
#11020=DIRECTION('center_axis',(-1.,0.,5.6843418860808E-14));
#11021=DIRECTION('ref_axis',(5.6843418860808E-14,0.,1.));
#11022=DIRECTION('',(5.68434188608079E-14,0.,1.));
#11023=DIRECTION('',(0.,1.,0.));
#11024=DIRECTION('',(5.6843418860808E-14,0.,1.));
#11025=DIRECTION('',(0.,1.,0.));
#11026=DIRECTION('center_axis',(-1.,0.,5.6843418860808E-14));
#11027=DIRECTION('ref_axis',(5.6843418860808E-14,0.,1.));
#11028=DIRECTION('',(5.6843418860808E-14,0.,1.));
#11029=DIRECTION('',(0.,1.,0.));
#11030=DIRECTION('',(5.6843418860808E-14,0.,1.));
#11031=DIRECTION('',(0.,1.,0.));
#11032=DIRECTION('center_axis',(-5.68434188607977E-14,0.,-1.));
#11033=DIRECTION('ref_axis',(-1.,0.,5.68434188607977E-14));
#11034=DIRECTION('',(1.,0.,-5.68434188607977E-14));
#11035=DIRECTION('',(0.,-1.,0.));
#11036=DIRECTION('',(-1.,0.,5.68434188607977E-14));
#11037=DIRECTION('center_axis',(0.,1.,0.));
#11038=DIRECTION('ref_axis',(-0.20317127171579,0.,-0.979143214422379));
#11039=DIRECTION('center_axis',(0.,-1.,0.));
#11040=DIRECTION('ref_axis',(-0.20317127171579,0.,-0.979143214422379));
#11041=DIRECTION('',(0.,1.,0.));
#11042=DIRECTION('center_axis',(0.,-1.,0.));
#11043=DIRECTION('ref_axis',(-0.20317127171579,0.,-0.979143214422379));
#11044=DIRECTION('center_axis',(0.,1.,0.));
#11045=DIRECTION('ref_axis',(-0.20317127171579,0.,-0.979143214422379));
#11046=DIRECTION('center_axis',(0.,-1.,0.));
#11047=DIRECTION('ref_axis',(-0.20317127171579,0.,-0.979143214422379));
#11048=DIRECTION('',(0.,-1.,0.));
#11049=DIRECTION('center_axis',(0.,-1.,0.));
#11050=DIRECTION('ref_axis',(-0.20317127171579,0.,-0.979143214422379));
#11051=DIRECTION('center_axis',(1.,0.,-5.6843418860808E-14));
#11052=DIRECTION('ref_axis',(-5.6843418860808E-14,0.,-1.));
#11053=DIRECTION('',(-5.6843418860808E-14,0.,-1.));
#11054=DIRECTION('',(5.6843418860808E-14,0.,1.));
#11055=DIRECTION('',(0.,1.,0.));
#11056=DIRECTION('',(-5.6843418860808E-14,0.,-1.));
#11057=DIRECTION('',(0.,1.,0.));
#11058=DIRECTION('',(-5.6843418860808E-14,0.,-1.));
#11059=DIRECTION('',(0.,1.,0.));
#11060=DIRECTION('',(-5.6843418860808E-14,0.,-1.));
#11061=DIRECTION('',(-5.6843418860808E-14,0.,-1.));
#11062=DIRECTION('center_axis',(0.,-1.,0.));
#11063=DIRECTION('ref_axis',(1.,0.,0.));
#11064=DIRECTION('',(1.,0.,-5.68434188608078E-14));
#11065=DIRECTION('center_axis',(-5.68434188608078E-14,0.,-1.));
#11066=DIRECTION('ref_axis',(-1.,0.,5.68434188608078E-14));
#11067=DIRECTION('',(-1.,0.,5.68434188608078E-14));
#11068=DIRECTION('center_axis',(0.,1.,0.));
#11069=DIRECTION('ref_axis',(0.,0.,1.));
#11070=DIRECTION('',(-1.,0.,5.68434188608078E-14));
#11071=DIRECTION('center_axis',(5.68434188608078E-14,0.,1.));
#11072=DIRECTION('ref_axis',(1.,0.,-5.68434188608078E-14));
#11073=DIRECTION('',(1.,0.,-5.68434188608078E-14));
#11074=DIRECTION('center_axis',(0.,1.,0.));
#11075=DIRECTION('ref_axis',(0.,0.,1.));
#11076=DIRECTION('',(-1.,0.,5.68434188608078E-14));
#11077=DIRECTION('center_axis',(-5.68434188608078E-14,0.,-1.));
#11078=DIRECTION('ref_axis',(-1.,0.,5.68434188608078E-14));
#11079=DIRECTION('',(-1.,0.,5.68434188608078E-14));
#11080=DIRECTION('center_axis',(0.,1.,0.));
#11081=DIRECTION('ref_axis',(0.,0.,1.));
#11082=DIRECTION('center_axis',(0.,1.,0.));
#11083=DIRECTION('ref_axis',(1.,0.,0.));
#11084=DIRECTION('center_axis',(0.,1.,0.));
#11085=DIRECTION('ref_axis',(1.,0.,0.));
#11086=DIRECTION('',(0.,1.,0.));
#11087=DIRECTION('center_axis',(0.,-1.,0.));
#11088=DIRECTION('ref_axis',(1.,0.,0.));
#11089=DIRECTION('center_axis',(0.,1.,0.));
#11090=DIRECTION('ref_axis',(1.,0.,0.));
#11091=DIRECTION('center_axis',(0.,1.,0.));
#11092=DIRECTION('ref_axis',(1.,0.,0.));
#11093=DIRECTION('',(0.,1.,0.));
#11094=DIRECTION('center_axis',(0.,-1.,0.));
#11095=DIRECTION('ref_axis',(1.,0.,0.));
#11096=DIRECTION('center_axis',(-1.,0.,5.32907051820075E-14));
#11097=DIRECTION('ref_axis',(5.32907051820075E-14,0.,1.));
#11098=DIRECTION('',(5.32907051820075E-14,0.,1.));
#11099=DIRECTION('',(0.,-1.,0.));
#11100=DIRECTION('',(5.32907051820075E-14,0.,1.));
#11101=DIRECTION('',(0.,1.,0.));
#11102=DIRECTION('center_axis',(0.,1.,0.));
#11103=DIRECTION('ref_axis',(0.,0.,1.));
#11104=DIRECTION('',(-5.6843418860808E-14,0.,-1.));
#11105=DIRECTION('',(1.,0.,-5.68857130712668E-14));
#11106=DIRECTION('',(-1.,0.,5.68720697775726E-14));
#11107=DIRECTION('center_axis',(1.,0.,-5.6843418860808E-14));
#11108=DIRECTION('ref_axis',(-5.6843418860808E-14,0.,-1.));
#11109=DIRECTION('',(-5.6843418860808E-14,0.,-1.));
#11110=DIRECTION('',(0.,-1.,0.));
#11111=DIRECTION('',(-5.6843418860808E-14,0.,-1.));
#11112=DIRECTION('',(0.,1.,0.));
#11113=DIRECTION('center_axis',(0.,1.,0.));
#11114=DIRECTION('ref_axis',(0.,0.,1.));
#11115=DIRECTION('',(-1.,0.,5.68720697775726E-14));
#11116=DIRECTION('',(1.,0.,-5.68857130712668E-14));
#11117=DIRECTION('',(5.6843418860808E-14,0.,1.));
#11118=DIRECTION('center_axis',(1.,0.,-5.6843418860808E-14));
#11119=DIRECTION('ref_axis',(-5.6843418860808E-14,0.,-1.));
#11120=DIRECTION('',(0.,1.,0.));
#11121=DIRECTION('',(-5.6843418860808E-14,0.,-1.));
#11122=DIRECTION('',(0.,1.,0.));
#11123=DIRECTION('center_axis',(5.68857130712668E-14,0.,1.));
#11124=DIRECTION('ref_axis',(1.,0.,-5.68857130712668E-14));
#11125=DIRECTION('',(1.,0.,-5.68720697775726E-14));
#11126=DIRECTION('',(0.,1.,0.));
#11127=DIRECTION('',(1.,0.,-5.68857130712668E-14));
#11128=DIRECTION('',(0.,1.,0.));
#11129=DIRECTION('',(1.,0.,-5.68720697775726E-14));
#11130=DIRECTION('',(0.,1.,0.));
#11131=DIRECTION('',(-1.,0.,5.68857130712668E-14));
#11132=DIRECTION('center_axis',(0.,1.,0.));
#11133=DIRECTION('ref_axis',(0.,0.,1.));
#11134=DIRECTION('',(-1.,0.,5.68720697775726E-14));
#11135=DIRECTION('',(-5.32907051820075E-14,0.,-1.));
#11136=DIRECTION('center_axis',(1.,0.,-5.32907051820075E-14));
#11137=DIRECTION('ref_axis',(-5.32907051820075E-14,0.,-1.));
#11138=DIRECTION('',(0.,1.,0.));
#11139=DIRECTION('',(-5.32907051820075E-14,0.,-1.));
#11140=DIRECTION('center_axis',(-1.,0.,5.6843418860808E-14));
#11141=DIRECTION('ref_axis',(5.6843418860808E-14,0.,1.));
#11142=DIRECTION('',(5.6843418860808E-14,0.,1.));
#11143=DIRECTION('',(0.,1.,0.));
#11144=DIRECTION('center_axis',(0.,1.,0.));
#11145=DIRECTION('ref_axis',(0.,0.,1.));
#11146=DIRECTION('',(-1.,0.,5.68720697775726E-14));
#11147=DIRECTION('',(5.6843418860808E-14,0.,1.));
#11148=DIRECTION('center_axis',(-1.,0.,5.6843418860808E-14));
#11149=DIRECTION('ref_axis',(5.6843418860808E-14,0.,1.));
#11150=DIRECTION('',(5.6843418860808E-14,0.,1.));
#11151=DIRECTION('',(0.,1.,0.));
#11152=DIRECTION('center_axis',(-5.68720697775726E-14,0.,-1.));
#11153=DIRECTION('ref_axis',(-1.,0.,5.68720697775726E-14));
#11154=DIRECTION('',(-1.,0.,5.68720697775726E-14));
#11155=DIRECTION('',(-1.,0.,5.68720697775726E-14));
#11156=DIRECTION('center_axis',(0.,-1.,0.));
#11157=DIRECTION('ref_axis',(1.,0.,0.));
#11158=DIRECTION('center_axis',(0.,1.,0.));
#11159=DIRECTION('ref_axis',(0.,0.,1.));
#11160=DIRECTION('center_axis',(0.,1.,0.));
#11161=DIRECTION('ref_axis',(1.,0.,0.));
#11162=DIRECTION('center_axis',(0.,1.,0.));
#11163=DIRECTION('ref_axis',(1.,0.,0.));
#11164=DIRECTION('',(0.,1.,0.));
#11165=DIRECTION('center_axis',(0.,-1.,0.));
#11166=DIRECTION('ref_axis',(1.,0.,0.));
#11167=DIRECTION('center_axis',(0.,1.,0.));
#11168=DIRECTION('ref_axis',(1.,0.,0.));
#11169=DIRECTION('center_axis',(0.,1.,0.));
#11170=DIRECTION('ref_axis',(1.,0.,0.));
#11171=DIRECTION('',(0.,1.,0.));
#11172=DIRECTION('center_axis',(0.,-1.,0.));
#11173=DIRECTION('ref_axis',(1.,0.,0.));
#11174=DIRECTION('center_axis',(0.,1.,0.));
#11175=DIRECTION('ref_axis',(-0.20317127171579,0.,-0.979143214422379));
#11176=DIRECTION('center_axis',(0.,1.,0.));
#11177=DIRECTION('ref_axis',(-0.20317127171579,0.,-0.979143214422379));
#11178=DIRECTION('',(0.,1.,0.));
#11179=DIRECTION('center_axis',(0.,-1.,0.));
#11180=DIRECTION('ref_axis',(-0.20317127171579,0.,-0.979143214422379));
#11181=DIRECTION('',(0.,-1.,0.));
#11182=DIRECTION('center_axis',(0.,1.,0.));
#11183=DIRECTION('ref_axis',(-0.20317127171579,0.,-0.979143214422379));
#11184=DIRECTION('center_axis',(0.,-1.,0.));
#11185=DIRECTION('ref_axis',(-0.20317127171579,0.,-0.979143214422379));
#11186=DIRECTION('',(0.,-1.,0.));
#11187=DIRECTION('center_axis',(0.,1.,0.));
#11188=DIRECTION('ref_axis',(-0.20317127171579,0.,-0.979143214422379));
#11189=DIRECTION('',(0.,1.,0.));
#11190=DIRECTION('center_axis',(1.,0.,-5.27831746564646E-14));
#11191=DIRECTION('ref_axis',(-5.27831746564646E-14,0.,-1.));
#11192=DIRECTION('',(-5.27831746564646E-14,0.,-1.));
#11193=DIRECTION('',(0.,1.,0.));
#11194=DIRECTION('',(-5.27831746564646E-14,0.,-1.));
#11195=DIRECTION('center_axis',(0.,-1.,0.));
#11196=DIRECTION('ref_axis',(1.,0.,0.));
#11197=DIRECTION('',(-5.32907051820075E-14,0.,-1.));
#11198=DIRECTION('center_axis',(0.,1.,0.));
#11199=DIRECTION('ref_axis',(-0.190402479273321,0.,-0.981706114825905));
#11200=DIRECTION('center_axis',(1.,0.,-5.32907051820075E-14));
#11201=DIRECTION('ref_axis',(-5.32907051820075E-14,0.,-1.));
#11202=DIRECTION('',(-5.32907051820075E-14,0.,-1.));
#11203=DIRECTION('',(0.,1.,0.));
#11204=DIRECTION('',(-5.6843418860808E-14,0.,-1.));
#11205=DIRECTION('',(0.,1.,0.));
#11206=DIRECTION('',(-5.6843418860808E-14,0.,-1.));
#11207=DIRECTION('center_axis',(0.,-1.,0.));
#11208=DIRECTION('ref_axis',(1.,0.,0.));
#11209=DIRECTION('',(5.32907051820075E-14,0.,1.));
#11210=DIRECTION('center_axis',(0.,1.,0.));
#11211=DIRECTION('ref_axis',(-0.190402479273321,0.,-0.981706114825905));
#11212=DIRECTION('center_axis',(-1.,0.,5.32907051820075E-14));
#11213=DIRECTION('ref_axis',(5.32907051820075E-14,0.,1.));
#11214=DIRECTION('',(5.32907051820075E-14,0.,1.));
#11215=DIRECTION('',(0.,-1.,0.));
#11216=DIRECTION('center_axis',(0.,1.,0.));
#11217=DIRECTION('ref_axis',(-0.20317127171579,0.,-0.979143214422379));
#11218=DIRECTION('center_axis',(0.,-1.,0.));
#11219=DIRECTION('ref_axis',(-0.20317127171579,0.,-0.979143214422379));
#11220=DIRECTION('',(0.,1.,0.));
#11221=DIRECTION('center_axis',(0.,1.,0.));
#11222=DIRECTION('ref_axis',(-0.20317127171579,0.,-0.979143214422379));
#11223=DIRECTION('',(0.,1.,0.));
#11224=DIRECTION('center_axis',(0.,1.,0.));
#11225=DIRECTION('ref_axis',(-0.20317127171579,0.,-0.979143214422379));
#11226=DIRECTION('center_axis',(0.,1.,0.));
#11227=DIRECTION('ref_axis',(-0.20317127171579,0.,-0.979143214422379));
#11228=DIRECTION('',(0.,1.,0.));
#11229=DIRECTION('center_axis',(0.,-1.,0.));
#11230=DIRECTION('ref_axis',(-0.20317127171579,0.,-0.979143214422379));
#11231=DIRECTION('',(0.,1.,0.));
#11232=DIRECTION('center_axis',(1.,0.,-5.17681136053787E-14));
#11233=DIRECTION('ref_axis',(-5.17681136053787E-14,0.,-1.));
#11234=DIRECTION('',(-5.17681136053787E-14,0.,-1.));
#11235=DIRECTION('',(0.,1.,0.));
#11236=DIRECTION('',(-5.17681136053787E-14,0.,-1.));
#11237=DIRECTION('center_axis',(0.,-1.,0.));
#11238=DIRECTION('ref_axis',(1.,0.,0.));
#11239=DIRECTION('',(5.6843418860808E-14,0.,1.));
#11240=DIRECTION('center_axis',(0.,1.,0.));
#11241=DIRECTION('ref_axis',(-0.190402479273321,0.,-0.981706114825905));
#11242=DIRECTION('center_axis',(-1.,0.,5.6843418860808E-14));
#11243=DIRECTION('ref_axis',(5.6843418860808E-14,0.,1.));
#11244=DIRECTION('',(5.6843418860808E-14,0.,1.));
#11245=DIRECTION('',(0.,1.,0.));
#11246=DIRECTION('',(-5.6843418860808E-14,0.,-1.));
#11247=DIRECTION('',(0.,1.,0.));
#11248=DIRECTION('',(5.6843418860808E-14,0.,1.));
#11249=DIRECTION('center_axis',(0.,-1.,0.));
#11250=DIRECTION('ref_axis',(1.,0.,0.));
#11251=DIRECTION('',(5.6843418860808E-14,0.,1.));
#11252=DIRECTION('center_axis',(0.,1.,0.));
#11253=DIRECTION('ref_axis',(-0.190402479273321,0.,-0.981706114825905));
#11254=DIRECTION('center_axis',(0.,1.,0.));
#11255=DIRECTION('ref_axis',(-0.190402479273321,0.,-0.981706114825905));
#11256=DIRECTION('',(0.,1.,0.));
#11257=DIRECTION('center_axis',(0.,1.,0.));
#11258=DIRECTION('ref_axis',(-0.190402479273321,0.,-0.981706114825905));
#11259=DIRECTION('center_axis',(0.,-1.,0.));
#11260=DIRECTION('ref_axis',(-0.190402479273321,0.,-0.981706114825905));
#11261=DIRECTION('center_axis',(-1.,0.,5.6843418860808E-14));
#11262=DIRECTION('ref_axis',(5.6843418860808E-14,0.,1.));
#11263=DIRECTION('',(5.6843418860808E-14,0.,1.));
#11264=DIRECTION('center_axis',(0.,1.,0.));
#11265=DIRECTION('ref_axis',(-0.198000830326119,0.,-0.98020185226828));
#11266=DIRECTION('center_axis',(0.,-1.,0.));
#11267=DIRECTION('ref_axis',(-0.198000830326119,0.,-0.98020185226828));
#11268=DIRECTION('center_axis',(0.,-1.,0.));
#11269=DIRECTION('ref_axis',(-0.198000830326119,0.,-0.98020185226828));
#11270=DIRECTION('center_axis',(0.,-1.,0.));
#11271=DIRECTION('ref_axis',(1.,0.,0.));
#11272=DIRECTION('center_axis',(0.,-1.,0.));
#11273=DIRECTION('ref_axis',(1.,0.,0.));
#11274=DIRECTION('center_axis',(-1.,0.,4.9737991503207E-14));
#11275=DIRECTION('ref_axis',(4.9737991503207E-14,0.,1.));
#11276=DIRECTION('',(-4.9737991503207E-14,0.,-1.));
#11277=DIRECTION('',(0.,-1.,0.));
#11278=DIRECTION('',(4.9737991503207E-14,0.,1.));
#11279=DIRECTION('',(0.,1.,0.));
#11280=DIRECTION('center_axis',(0.,1.,0.));
#11281=DIRECTION('ref_axis',(0.,0.,1.));
#11282=DIRECTION('',(-1.,0.,5.68857130712668E-14));
#11283=DIRECTION('',(-4.9737991503207E-14,0.,-1.));
#11284=DIRECTION('',(1.,0.,-5.68857130712668E-14));
#11285=DIRECTION('center_axis',(1.,0.,-5.6843418860808E-14));
#11286=DIRECTION('ref_axis',(-5.6843418860808E-14,0.,-1.));
#11287=DIRECTION('',(5.6843418860808E-14,0.,1.));
#11288=DIRECTION('',(0.,-1.,0.));
#11289=DIRECTION('',(-5.6843418860808E-14,0.,-1.));
#11290=DIRECTION('',(0.,1.,0.));
#11291=DIRECTION('center_axis',(0.,1.,0.));
#11292=DIRECTION('ref_axis',(0.,0.,1.));
#11293=DIRECTION('',(1.,0.,-5.68857130712668E-14));
#11294=DIRECTION('',(5.6843418860808E-14,0.,1.));
#11295=DIRECTION('',(-1.,0.,5.68857130712668E-14));
#11296=DIRECTION('center_axis',(-5.68857130712668E-14,0.,-1.));
#11297=DIRECTION('ref_axis',(-1.,0.,5.68857130712668E-14));
#11298=DIRECTION('',(-1.,0.,5.68857130712668E-14));
#11299=DIRECTION('',(0.,1.,0.));
#11300=DIRECTION('',(-1.,0.,5.6843418860808E-14));
#11301=DIRECTION('',(0.,1.,0.));
#11302=DIRECTION('',(-1.,0.,5.68857130712668E-14));
#11303=DIRECTION('',(0.,1.,0.));
#11304=DIRECTION('',(-1.,0.,4.97379915032491E-14));
#11305=DIRECTION('',(0.,1.,0.));
#11306=DIRECTION('center_axis',(1.,0.,-4.9737991503207E-14));
#11307=DIRECTION('ref_axis',(-4.9737991503207E-14,0.,-1.));
#11308=DIRECTION('',(-4.9737991503207E-14,0.,-1.));
#11309=DIRECTION('',(0.,1.,0.));
#11310=DIRECTION('center_axis',(0.,1.,0.));
#11311=DIRECTION('ref_axis',(0.,0.,1.));
#11312=DIRECTION('',(-4.9737991503207E-14,0.,-1.));
#11313=DIRECTION('',(1.,0.,-4.97379915032491E-14));
#11314=DIRECTION('center_axis',(-1.,0.,5.6843418860808E-14));
#11315=DIRECTION('ref_axis',(5.6843418860808E-14,0.,1.));
#11316=DIRECTION('',(0.,1.,0.));
#11317=DIRECTION('',(5.6843418860808E-14,0.,1.));
#11318=DIRECTION('center_axis',(0.,1.,0.));
#11319=DIRECTION('ref_axis',(0.,0.,1.));
#11320=DIRECTION('',(5.6843418860808E-14,0.,1.));
#11321=DIRECTION('',(1.,0.,-5.6843418860808E-14));
#11322=DIRECTION('center_axis',(0.,1.,0.));
#11323=DIRECTION('ref_axis',(0.,0.,1.));
#11324=DIRECTION('',(1.,0.,-5.68857130712668E-14));
#11325=DIRECTION('center_axis',(-1.,0.,5.6843418860808E-14));
#11326=DIRECTION('ref_axis',(5.6843418860808E-14,0.,1.));
#11327=DIRECTION('',(0.,1.,0.));
#11328=DIRECTION('',(5.6843418860808E-14,0.,1.));
#11329=DIRECTION('center_axis',(1.,0.,-4.9737991503207E-14));
#11330=DIRECTION('ref_axis',(-4.9737991503207E-14,0.,-1.));
#11331=DIRECTION('',(-4.9737991503207E-14,0.,-1.));
#11332=DIRECTION('',(0.,1.,0.));
#11333=DIRECTION('center_axis',(5.68857130712668E-14,0.,1.));
#11334=DIRECTION('ref_axis',(1.,0.,-5.68857130712668E-14));
#11335=DIRECTION('',(1.,0.,-5.68857130712668E-14));
#11336=DIRECTION('center_axis',(0.,1.,0.));
#11337=DIRECTION('ref_axis',(0.,0.,1.));
#11338=DIRECTION('center_axis',(-1.,0.,4.9737991503207E-14));
#11339=DIRECTION('ref_axis',(4.9737991503207E-14,0.,1.));
#11340=DIRECTION('',(0.,-1.,0.));
#11341=DIRECTION('',(-4.9737991503207E-14,0.,-1.));
#11342=DIRECTION('',(0.,1.,0.));
#11343=DIRECTION('',(4.9737991503207E-14,0.,1.));
#11344=DIRECTION('center_axis',(1.,0.,-5.6843418860808E-14));
#11345=DIRECTION('ref_axis',(-5.6843418860808E-14,0.,-1.));
#11346=DIRECTION('',(0.,1.,0.));
#11347=DIRECTION('',(5.6843418860808E-14,0.,1.));
#11348=DIRECTION('',(0.,1.,0.));
#11349=DIRECTION('',(5.6843418860808E-14,0.,1.));
#11350=DIRECTION('center_axis',(0.,1.,0.));
#11351=DIRECTION('ref_axis',(0.,0.,1.));
#11352=DIRECTION('',(-1.,0.,5.68857130712701E-14));
#11353=DIRECTION('',(5.6843418860808E-14,0.,1.));
#11354=DIRECTION('',(-1.,0.,5.68857130712668E-14));
#11355=DIRECTION('center_axis',(-5.68857130712668E-14,0.,-1.));
#11356=DIRECTION('ref_axis',(-1.,0.,5.68857130712668E-14));
#11357=DIRECTION('',(0.,1.,0.));
#11358=DIRECTION('',(-1.,0.,5.68857130712668E-14));
#11359=DIRECTION('',(0.,1.,0.));
#11360=DIRECTION('',(-1.,0.,5.6843418860808E-14));
#11361=DIRECTION('',(-1.,0.,5.68857130712668E-14));
#11362=DIRECTION('',(0.,1.,0.));
#11363=DIRECTION('',(-1.,0.,4.97379915032491E-14));
#11364=DIRECTION('',(0.,1.,0.));
#11365=DIRECTION('',(-1.,0.,5.68857130712668E-14));
#11366=DIRECTION('center_axis',(1.,0.,-5.6843418860808E-14));
#11367=DIRECTION('ref_axis',(-5.6843418860808E-14,0.,-1.));
#11368=DIRECTION('',(0.,1.,0.));
#11369=DIRECTION('',(-5.6843418860808E-14,0.,-1.));
#11370=DIRECTION('center_axis',(-1.,0.,4.9737991503207E-14));
#11371=DIRECTION('ref_axis',(4.9737991503207E-14,0.,1.));
#11372=DIRECTION('',(0.,-1.,0.));
#11373=DIRECTION('',(-4.9737991503207E-14,0.,-1.));
#11374=DIRECTION('',(-4.9737991503207E-14,0.,-1.));
#11375=DIRECTION('center_axis',(0.,1.,0.));
#11376=DIRECTION('ref_axis',(0.,0.,1.));
#11377=DIRECTION('',(-4.9737991503207E-14,0.,-1.));
#11378=DIRECTION('',(1.,0.,-5.68857130712701E-14));
#11379=DIRECTION('center_axis',(0.,1.,0.));
#11380=DIRECTION('ref_axis',(0.,0.,1.));
#11381=DIRECTION('',(1.,0.,-5.68857130712701E-14));
#11382=DIRECTION('',(5.6843418860808E-14,0.,1.));
#11383=DIRECTION('center_axis',(1.,0.,-4.9737991503207E-14));
#11384=DIRECTION('ref_axis',(-4.9737991503207E-14,0.,-1.));
#11385=DIRECTION('',(-4.9737991503207E-14,0.,-1.));
#11386=DIRECTION('',(0.,1.,0.));
#11387=DIRECTION('center_axis',(0.,1.,0.));
#11388=DIRECTION('ref_axis',(0.,0.,1.));
#11389=DIRECTION('',(1.,0.,-4.97379915032049E-14));
#11390=DIRECTION('center_axis',(-1.,0.,5.6843418860808E-14));
#11391=DIRECTION('ref_axis',(5.6843418860808E-14,0.,1.));
#11392=DIRECTION('',(0.,1.,0.));
#11393=DIRECTION('',(5.6843418860808E-14,0.,1.));
#11394=DIRECTION('center_axis',(0.,1.,0.));
#11395=DIRECTION('ref_axis',(0.,0.,1.));
#11396=DIRECTION('',(1.,0.,-5.6843418860808E-14));
#11397=DIRECTION('center_axis',(5.68857130712701E-14,0.,1.));
#11398=DIRECTION('ref_axis',(1.,0.,-5.68857130712701E-14));
#11399=DIRECTION('',(1.,0.,-5.68857130712701E-14));
#11400=DIRECTION('center_axis',(0.,1.,0.));
#11401=DIRECTION('ref_axis',(0.,0.,1.));
#11402=DIRECTION('center_axis',(-1.,0.,4.9737991503207E-14));
#11403=DIRECTION('ref_axis',(4.9737991503207E-14,0.,1.));
#11404=DIRECTION('',(-4.9737991503207E-14,0.,-1.));
#11405=DIRECTION('',(0.,-1.,0.));
#11406=DIRECTION('',(4.9737991503207E-14,0.,1.));
#11407=DIRECTION('',(0.,1.,0.));
#11408=DIRECTION('center_axis',(0.,1.,0.));
#11409=DIRECTION('ref_axis',(0.,0.,1.));
#11410=DIRECTION('',(-1.,0.,5.68857130712701E-14));
#11411=DIRECTION('',(-4.9737991503207E-14,0.,-1.));
#11412=DIRECTION('',(1.,0.,-5.68857130712701E-14));
#11413=DIRECTION('center_axis',(1.,0.,-5.6843418860808E-14));
#11414=DIRECTION('ref_axis',(-5.6843418860808E-14,0.,-1.));
#11415=DIRECTION('',(5.6843418860808E-14,0.,1.));
#11416=DIRECTION('',(0.,-1.,0.));
#11417=DIRECTION('',(-5.6843418860808E-14,0.,-1.));
#11418=DIRECTION('',(0.,1.,0.));
#11419=DIRECTION('center_axis',(0.,1.,0.));
#11420=DIRECTION('ref_axis',(0.,0.,1.));
#11421=DIRECTION('',(1.,0.,-5.68857130712701E-14));
#11422=DIRECTION('',(5.6843418860808E-14,0.,1.));
#11423=DIRECTION('',(-1.,0.,5.68857130712701E-14));
#11424=DIRECTION('center_axis',(-5.68857130712701E-14,0.,-1.));
#11425=DIRECTION('ref_axis',(-1.,0.,5.68857130712701E-14));
#11426=DIRECTION('',(-1.,0.,5.68857130712701E-14));
#11427=DIRECTION('',(0.,1.,0.));
#11428=DIRECTION('',(-1.,0.,5.6843418860808E-14));
#11429=DIRECTION('',(0.,1.,0.));
#11430=DIRECTION('',(-1.,0.,5.68857130712701E-14));
#11431=DIRECTION('',(0.,1.,0.));
#11432=DIRECTION('',(-1.,0.,4.97379915032049E-14));
#11433=DIRECTION('',(0.,1.,0.));
#11434=DIRECTION('center_axis',(1.,0.,-4.9737991503207E-14));
#11435=DIRECTION('ref_axis',(-4.9737991503207E-14,0.,-1.));
#11436=DIRECTION('',(-4.9737991503207E-14,0.,-1.));
#11437=DIRECTION('',(0.,1.,0.));
#11438=DIRECTION('center_axis',(0.,1.,0.));
#11439=DIRECTION('ref_axis',(0.,0.,1.));
#11440=DIRECTION('',(-4.9737991503207E-14,0.,-1.));
#11441=DIRECTION('',(1.,0.,-4.97379915032049E-14));
#11442=DIRECTION('center_axis',(-1.,0.,5.6843418860808E-14));
#11443=DIRECTION('ref_axis',(5.6843418860808E-14,0.,1.));
#11444=DIRECTION('',(0.,1.,0.));
#11445=DIRECTION('',(5.6843418860808E-14,0.,1.));
#11446=DIRECTION('center_axis',(0.,1.,0.));
#11447=DIRECTION('ref_axis',(0.,0.,1.));
#11448=DIRECTION('',(5.6843418860808E-14,0.,1.));
#11449=DIRECTION('',(1.,0.,-5.6843418860808E-14));
#11450=DIRECTION('center_axis',(0.,1.,0.));
#11451=DIRECTION('ref_axis',(0.,0.,1.));
#11452=DIRECTION('',(1.,0.,-5.68857130712701E-14));
#11453=DIRECTION('center_axis',(1.,0.,-4.9737991503207E-14));
#11454=DIRECTION('ref_axis',(-4.9737991503207E-14,0.,-1.));
#11455=DIRECTION('',(-4.9737991503207E-14,0.,-1.));
#11456=DIRECTION('',(0.,1.,0.));
#11457=DIRECTION('center_axis',(5.68857130712701E-14,0.,1.));
#11458=DIRECTION('ref_axis',(1.,0.,-5.68857130712701E-14));
#11459=DIRECTION('',(1.,0.,-5.68857130712701E-14));
#11460=DIRECTION('',(0.,1.,0.));
#11461=DIRECTION('center_axis',(-1.,0.,5.6843418860808E-14));
#11462=DIRECTION('ref_axis',(5.6843418860808E-14,0.,1.));
#11463=DIRECTION('',(5.6843418860808E-14,0.,1.));
#11464=DIRECTION('center_axis',(0.,1.,0.));
#11465=DIRECTION('ref_axis',(0.,0.,1.));
#11466=DIRECTION('center_axis',(-1.,0.,4.9737991503207E-14));
#11467=DIRECTION('ref_axis',(4.9737991503207E-14,0.,1.));
#11468=DIRECTION('',(-4.9737991503207E-14,0.,-1.));
#11469=DIRECTION('',(0.,-1.,0.));
#11470=DIRECTION('',(4.9737991503207E-14,0.,1.));
#11471=DIRECTION('',(0.,1.,0.));
#11472=DIRECTION('center_axis',(0.,1.,0.));
#11473=DIRECTION('ref_axis',(0.,0.,1.));
#11474=DIRECTION('',(-1.,0.,5.68857130712701E-14));
#11475=DIRECTION('',(-4.9737991503207E-14,0.,-1.));
#11476=DIRECTION('',(1.,0.,-5.20218788681504E-14));
#11477=DIRECTION('center_axis',(1.,0.,-5.6843418860808E-14));
#11478=DIRECTION('ref_axis',(-5.6843418860808E-14,0.,-1.));
#11479=DIRECTION('',(5.6843418860808E-14,0.,1.));
#11480=DIRECTION('',(0.,-1.,0.));
#11481=DIRECTION('',(-5.6843418860808E-14,0.,-1.));
#11482=DIRECTION('',(0.,1.,0.));
#11483=DIRECTION('center_axis',(0.,1.,0.));
#11484=DIRECTION('ref_axis',(0.,0.,1.));
#11485=DIRECTION('',(5.6843418860808E-14,0.,1.));
#11486=DIRECTION('',(-1.,0.,5.68857130712701E-14));
#11487=DIRECTION('',(1.,0.,-5.20218788681504E-14));
#11488=DIRECTION('center_axis',(-5.68857130712701E-14,0.,-1.));
#11489=DIRECTION('ref_axis',(-1.,0.,5.68857130712701E-14));
#11490=DIRECTION('',(-1.,0.,5.68857130712701E-14));
#11491=DIRECTION('',(0.,1.,0.));
#11492=DIRECTION('',(-1.,0.,5.6843418860808E-14));
#11493=DIRECTION('',(0.,1.,0.));
#11494=DIRECTION('',(-1.,0.,5.68857130712701E-14));
#11495=DIRECTION('',(0.,1.,0.));
#11496=DIRECTION('',(-1.,0.,4.97379915032049E-14));
#11497=DIRECTION('',(0.,1.,0.));
#11498=DIRECTION('center_axis',(-1.,0.,5.6843418860808E-14));
#11499=DIRECTION('ref_axis',(5.6843418860808E-14,0.,1.));
#11500=DIRECTION('',(0.,1.,0.));
#11501=DIRECTION('',(5.6843418860808E-14,0.,1.));
#11502=DIRECTION('center_axis',(1.,0.,-4.9737991503207E-14));
#11503=DIRECTION('ref_axis',(-4.9737991503207E-14,0.,-1.));
#11504=DIRECTION('',(-4.9737991503207E-14,0.,-1.));
#11505=DIRECTION('',(0.,1.,0.));
#11506=DIRECTION('center_axis',(0.,1.,0.));
#11507=DIRECTION('ref_axis',(0.,0.,1.));
#11508=DIRECTION('',(-4.9737991503207E-14,0.,-1.));
#11509=DIRECTION('',(1.,0.,-4.97379915032049E-14));
#11510=DIRECTION('center_axis',(0.,1.,0.));
#11511=DIRECTION('ref_axis',(0.,0.,1.));
#11512=DIRECTION('',(1.,0.,-5.6843418860808E-14));
#11513=DIRECTION('',(5.6843418860808E-14,0.,1.));
#11514=DIRECTION('center_axis',(0.,1.,0.));
#11515=DIRECTION('ref_axis',(0.,0.,1.));
#11516=DIRECTION('',(1.,0.,-5.20218788681504E-14));
#11517=DIRECTION('center_axis',(-1.,0.,5.6843418860808E-14));
#11518=DIRECTION('ref_axis',(5.6843418860808E-14,0.,1.));
#11519=DIRECTION('',(0.,1.,0.));
#11520=DIRECTION('',(5.6843418860808E-14,0.,1.));
#11521=DIRECTION('center_axis',(1.,0.,-4.9737991503207E-14));
#11522=DIRECTION('ref_axis',(-4.9737991503207E-14,0.,-1.));
#11523=DIRECTION('',(-4.9737991503207E-14,0.,-1.));
#11524=DIRECTION('',(0.,1.,0.));
#11525=DIRECTION('center_axis',(5.20218788681504E-14,0.,1.));
#11526=DIRECTION('ref_axis',(1.,0.,-5.20218788681504E-14));
#11527=DIRECTION('',(1.,0.,-5.20218788681504E-14));
#11528=DIRECTION('center_axis',(0.,1.,0.));
#11529=DIRECTION('ref_axis',(0.,0.,1.));
#11530=DIRECTION('center_axis',(1.,0.,-5.68434188608096E-14));
#11531=DIRECTION('ref_axis',(-5.68434188608096E-14,0.,-1.));
#11532=DIRECTION('',(5.68434188608096E-14,0.,1.));
#11533=DIRECTION('',(0.,-1.,0.));
#11534=DIRECTION('',(-5.68434188608096E-14,0.,-1.));
#11535=DIRECTION('',(0.,1.,0.));
#11536=DIRECTION('center_axis',(0.,1.,0.));
#11537=DIRECTION('ref_axis',(0.,0.,1.));
#11538=DIRECTION('',(1.,0.,-5.20218788681504E-14));
#11539=DIRECTION('',(5.68434188608096E-14,0.,1.));
#11540=DIRECTION('',(-1.,0.,5.20218788681504E-14));
#11541=DIRECTION('center_axis',(-1.,0.,4.9737991503207E-14));
#11542=DIRECTION('ref_axis',(4.9737991503207E-14,0.,1.));
#11543=DIRECTION('',(-4.9737991503207E-14,0.,-1.));
#11544=DIRECTION('',(0.,-1.,0.));
#11545=DIRECTION('',(4.9737991503207E-14,0.,1.));
#11546=DIRECTION('',(0.,1.,0.));
#11547=DIRECTION('center_axis',(0.,1.,0.));
#11548=DIRECTION('ref_axis',(0.,0.,1.));
#11549=DIRECTION('',(-1.,0.,5.20218788681504E-14));
#11550=DIRECTION('',(-4.9737991503207E-14,0.,-1.));
#11551=DIRECTION('',(1.,0.,-5.20218788681504E-14));
#11552=DIRECTION('center_axis',(5.20218788681504E-14,0.,1.));
#11553=DIRECTION('ref_axis',(1.,0.,-5.20218788681504E-14));
#11554=DIRECTION('',(1.,0.,-5.20218788681504E-14));
#11555=DIRECTION('',(0.,1.,0.));
#11556=DIRECTION('',(1.,0.,-4.97379915032049E-14));
#11557=DIRECTION('',(0.,1.,0.));
#11558=DIRECTION('',(1.,0.,-5.20218788681504E-14));
#11559=DIRECTION('',(0.,1.,0.));
#11560=DIRECTION('',(1.,0.,-5.6843418860808E-14));
#11561=DIRECTION('',(0.,1.,0.));
#11562=DIRECTION('center_axis',(1.,0.,-4.9737991503207E-14));
#11563=DIRECTION('ref_axis',(-4.9737991503207E-14,0.,-1.));
#11564=DIRECTION('',(0.,1.,0.));
#11565=DIRECTION('',(-4.9737991503207E-14,0.,-1.));
#11566=DIRECTION('center_axis',(0.,1.,0.));
#11567=DIRECTION('ref_axis',(0.,0.,1.));
#11568=DIRECTION('',(-4.9737991503207E-14,0.,-1.));
#11569=DIRECTION('',(-1.,0.,4.97379915032049E-14));
#11570=DIRECTION('center_axis',(-1.,0.,5.68434188608096E-14));
#11571=DIRECTION('ref_axis',(5.68434188608096E-14,0.,1.));
#11572=DIRECTION('',(5.68434188608096E-14,0.,1.));
#11573=DIRECTION('',(0.,1.,0.));
#11574=DIRECTION('center_axis',(0.,1.,0.));
#11575=DIRECTION('ref_axis',(0.,0.,1.));
#11576=DIRECTION('',(5.68434188608096E-14,0.,1.));
#11577=DIRECTION('',(-1.,0.,5.6843418860808E-14));
#11578=DIRECTION('center_axis',(0.,1.,0.));
#11579=DIRECTION('ref_axis',(0.,0.,1.));
#11580=DIRECTION('',(-1.,0.,5.20218788681504E-14));
#11581=DIRECTION('center_axis',(1.,0.,-4.9737991503207E-14));
#11582=DIRECTION('ref_axis',(-4.9737991503207E-14,0.,-1.));
#11583=DIRECTION('',(0.,1.,0.));
#11584=DIRECTION('',(-4.9737991503207E-14,0.,-1.));
#11585=DIRECTION('center_axis',(-5.20218788681504E-14,0.,-1.));
#11586=DIRECTION('ref_axis',(-1.,0.,5.20218788681504E-14));
#11587=DIRECTION('',(0.,1.,0.));
#11588=DIRECTION('',(-1.,0.,5.20218788681504E-14));
#11589=DIRECTION('center_axis',(-1.,0.,5.68434188608096E-14));
#11590=DIRECTION('ref_axis',(5.68434188608096E-14,0.,1.));
#11591=DIRECTION('',(5.68434188608096E-14,0.,1.));
#11592=DIRECTION('center_axis',(0.,1.,0.));
#11593=DIRECTION('ref_axis',(0.,0.,1.));
#11594=DIRECTION('center_axis',(-1.,0.,4.9737991503207E-14));
#11595=DIRECTION('ref_axis',(4.9737991503207E-14,0.,1.));
#11596=DIRECTION('',(-4.9737991503207E-14,0.,-1.));
#11597=DIRECTION('',(0.,-1.,0.));
#11598=DIRECTION('',(4.9737991503207E-14,0.,1.));
#11599=DIRECTION('',(0.,1.,0.));
#11600=DIRECTION('center_axis',(0.,1.,0.));
#11601=DIRECTION('ref_axis',(0.,0.,1.));
#11602=DIRECTION('',(-1.,0.,5.20218788681504E-14));
#11603=DIRECTION('',(-4.9737991503207E-14,0.,-1.));
#11604=DIRECTION('',(1.,0.,-5.20218788681504E-14));
#11605=DIRECTION('center_axis',(1.,0.,-5.6843418860808E-14));
#11606=DIRECTION('ref_axis',(-5.6843418860808E-14,0.,-1.));
#11607=DIRECTION('',(5.6843418860808E-14,0.,1.));
#11608=DIRECTION('',(0.,-1.,0.));
#11609=DIRECTION('',(-5.6843418860808E-14,0.,-1.));
#11610=DIRECTION('',(0.,1.,0.));
#11611=DIRECTION('center_axis',(0.,1.,0.));
#11612=DIRECTION('ref_axis',(0.,0.,1.));
#11613=DIRECTION('',(1.,0.,-5.20218788681504E-14));
#11614=DIRECTION('',(5.6843418860808E-14,0.,1.));
#11615=DIRECTION('',(-1.,0.,5.20218788681504E-14));
#11616=DIRECTION('center_axis',(-5.20218788681504E-14,0.,-1.));
#11617=DIRECTION('ref_axis',(-1.,0.,5.20218788681504E-14));
#11618=DIRECTION('',(-1.,0.,5.20218788681504E-14));
#11619=DIRECTION('',(0.,1.,0.));
#11620=DIRECTION('',(-1.,0.,5.6843418860808E-14));
#11621=DIRECTION('',(0.,1.,0.));
#11622=DIRECTION('',(-1.,0.,5.20218788681504E-14));
#11623=DIRECTION('',(0.,1.,0.));
#11624=DIRECTION('',(-1.,0.,4.97379915032049E-14));
#11625=DIRECTION('',(0.,1.,0.));
#11626=DIRECTION('center_axis',(1.,0.,-4.9737991503207E-14));
#11627=DIRECTION('ref_axis',(-4.9737991503207E-14,0.,-1.));
#11628=DIRECTION('',(-4.9737991503207E-14,0.,-1.));
#11629=DIRECTION('',(0.,1.,0.));
#11630=DIRECTION('center_axis',(0.,1.,0.));
#11631=DIRECTION('ref_axis',(0.,0.,1.));
#11632=DIRECTION('',(-4.9737991503207E-14,0.,-1.));
#11633=DIRECTION('',(1.,0.,-4.97379915032049E-14));
#11634=DIRECTION('center_axis',(-1.,0.,5.6843418860808E-14));
#11635=DIRECTION('ref_axis',(5.6843418860808E-14,0.,1.));
#11636=DIRECTION('',(0.,1.,0.));
#11637=DIRECTION('',(5.6843418860808E-14,0.,1.));
#11638=DIRECTION('center_axis',(0.,1.,0.));
#11639=DIRECTION('ref_axis',(0.,0.,1.));
#11640=DIRECTION('',(5.6843418860808E-14,0.,1.));
#11641=DIRECTION('',(1.,0.,-5.6843418860808E-14));
#11642=DIRECTION('center_axis',(0.,1.,0.));
#11643=DIRECTION('ref_axis',(0.,0.,1.));
#11644=DIRECTION('',(1.,0.,-5.20218788681504E-14));
#11645=DIRECTION('center_axis',(1.,0.,-4.9737991503207E-14));
#11646=DIRECTION('ref_axis',(-4.9737991503207E-14,0.,-1.));
#11647=DIRECTION('',(-4.9737991503207E-14,0.,-1.));
#11648=DIRECTION('',(0.,1.,0.));
#11649=DIRECTION('center_axis',(5.20218788681504E-14,0.,1.));
#11650=DIRECTION('ref_axis',(1.,0.,-5.20218788681504E-14));
#11651=DIRECTION('',(1.,0.,-5.20218788681504E-14));
#11652=DIRECTION('',(0.,1.,0.));
#11653=DIRECTION('center_axis',(-1.,0.,5.6843418860808E-14));
#11654=DIRECTION('ref_axis',(5.6843418860808E-14,0.,1.));
#11655=DIRECTION('',(5.6843418860808E-14,0.,1.));
#11656=DIRECTION('center_axis',(0.,1.,0.));
#11657=DIRECTION('ref_axis',(0.,0.,1.));
#11658=DIRECTION('center_axis',(-1.,0.,4.97379915032071E-14));
#11659=DIRECTION('ref_axis',(4.97379915032071E-14,0.,1.));
#11660=DIRECTION('',(-4.97379915032071E-14,0.,-1.));
#11661=DIRECTION('',(0.,-1.,0.));
#11662=DIRECTION('',(4.97379915032071E-14,0.,1.));
#11663=DIRECTION('',(0.,1.,0.));
#11664=DIRECTION('center_axis',(0.,1.,0.));
#11665=DIRECTION('ref_axis',(0.,0.,1.));
#11666=DIRECTION('',(-1.,0.,5.20218788681504E-14));
#11667=DIRECTION('',(-4.97379915032071E-14,0.,-1.));
#11668=DIRECTION('',(1.,0.,-5.20218788681505E-14));
#11669=DIRECTION('center_axis',(1.,0.,-5.68434188608081E-14));
#11670=DIRECTION('ref_axis',(-5.68434188608081E-14,0.,-1.));
#11671=DIRECTION('',(5.68434188608081E-14,0.,1.));
#11672=DIRECTION('',(0.,-1.,0.));
#11673=DIRECTION('',(-5.68434188608081E-14,0.,-1.));
#11674=DIRECTION('',(0.,1.,0.));
#11675=DIRECTION('center_axis',(0.,1.,0.));
#11676=DIRECTION('ref_axis',(0.,0.,1.));
#11677=DIRECTION('',(1.,0.,-5.20218788681505E-14));
#11678=DIRECTION('',(5.68434188608081E-14,0.,1.));
#11679=DIRECTION('',(-1.,0.,5.20218788681504E-14));
#11680=DIRECTION('center_axis',(-5.20218788681504E-14,0.,-1.));
#11681=DIRECTION('ref_axis',(-1.,0.,5.20218788681504E-14));
#11682=DIRECTION('',(-1.,0.,5.20218788681504E-14));
#11683=DIRECTION('',(0.,1.,0.));
#11684=DIRECTION('',(-1.,0.,5.6843418860808E-14));
#11685=DIRECTION('',(0.,1.,0.));
#11686=DIRECTION('',(-1.,0.,5.20218788681504E-14));
#11687=DIRECTION('',(0.,1.,0.));
#11688=DIRECTION('',(-1.,0.,4.97379915032049E-14));
#11689=DIRECTION('',(0.,1.,0.));
#11690=DIRECTION('center_axis',(1.,0.,-4.97379915032071E-14));
#11691=DIRECTION('ref_axis',(-4.97379915032071E-14,0.,-1.));
#11692=DIRECTION('',(-4.97379915032071E-14,0.,-1.));
#11693=DIRECTION('',(0.,1.,0.));
#11694=DIRECTION('center_axis',(0.,1.,0.));
#11695=DIRECTION('ref_axis',(0.,0.,1.));
#11696=DIRECTION('',(-4.97379915032071E-14,0.,-1.));
#11697=DIRECTION('',(1.,0.,-4.97379915032052E-14));
#11698=DIRECTION('center_axis',(-1.,0.,5.68434188608081E-14));
#11699=DIRECTION('ref_axis',(5.68434188608081E-14,0.,1.));
#11700=DIRECTION('',(0.,1.,0.));
#11701=DIRECTION('',(5.68434188608081E-14,0.,1.));
#11702=DIRECTION('center_axis',(0.,1.,0.));
#11703=DIRECTION('ref_axis',(0.,0.,1.));
#11704=DIRECTION('',(5.68434188608081E-14,0.,1.));
#11705=DIRECTION('',(1.,0.,-5.68434188608072E-14));
#11706=DIRECTION('center_axis',(0.,-1.,0.));
#11707=DIRECTION('ref_axis',(1.,0.,0.));
#11708=DIRECTION('',(1.,0.,-5.20218788681505E-14));
#11709=DIRECTION('center_axis',(-1.,0.,5.68434188608081E-14));
#11710=DIRECTION('ref_axis',(5.68434188608081E-14,0.,1.));
#11711=DIRECTION('',(0.,1.,0.));
#11712=DIRECTION('',(5.68434188608081E-14,0.,1.));
#11713=DIRECTION('center_axis',(1.,0.,-4.97379915032071E-14));
#11714=DIRECTION('ref_axis',(-4.97379915032071E-14,0.,-1.));
#11715=DIRECTION('',(-4.97379915032071E-14,0.,-1.));
#11716=DIRECTION('',(0.,1.,0.));
#11717=DIRECTION('center_axis',(5.20218788681505E-14,0.,1.));
#11718=DIRECTION('ref_axis',(1.,0.,-5.20218788681505E-14));
#11719=DIRECTION('',(1.,0.,-5.20218788681505E-14));
#11720=DIRECTION('center_axis',(0.,1.,0.));
#11721=DIRECTION('ref_axis',(0.,0.,1.));
#11722=DIRECTION('center_axis',(-1.,0.,4.9737991503207E-14));
#11723=DIRECTION('ref_axis',(4.9737991503207E-14,0.,1.));
#11724=DIRECTION('',(-4.9737991503207E-14,0.,-1.));
#11725=DIRECTION('',(0.,-1.,0.));
#11726=DIRECTION('',(4.9737991503207E-14,0.,1.));
#11727=DIRECTION('',(0.,1.,0.));
#11728=DIRECTION('center_axis',(0.,1.,0.));
#11729=DIRECTION('ref_axis',(0.,0.,1.));
#11730=DIRECTION('',(-1.,0.,5.20218788681505E-14));
#11731=DIRECTION('',(-4.9737991503207E-14,0.,-1.));
#11732=DIRECTION('',(1.,0.,-5.20218788681505E-14));
#11733=DIRECTION('center_axis',(1.,0.,-5.6843418860808E-14));
#11734=DIRECTION('ref_axis',(-5.6843418860808E-14,0.,-1.));
#11735=DIRECTION('',(5.6843418860808E-14,0.,1.));
#11736=DIRECTION('',(0.,-1.,0.));
#11737=DIRECTION('',(-5.6843418860808E-14,0.,-1.));
#11738=DIRECTION('',(0.,1.,0.));
#11739=DIRECTION('center_axis',(0.,1.,0.));
#11740=DIRECTION('ref_axis',(0.,0.,1.));
#11741=DIRECTION('',(5.6843418860808E-14,0.,1.));
#11742=DIRECTION('',(-1.,0.,5.20218788681505E-14));
#11743=DIRECTION('',(1.,0.,-5.20218788681505E-14));
#11744=DIRECTION('center_axis',(-5.20218788681505E-14,0.,-1.));
#11745=DIRECTION('ref_axis',(-1.,0.,5.20218788681505E-14));
#11746=DIRECTION('',(-1.,0.,5.20218788681505E-14));
#11747=DIRECTION('',(0.,1.,0.));
#11748=DIRECTION('',(-1.,0.,5.68434188608072E-14));
#11749=DIRECTION('',(0.,1.,0.));
#11750=DIRECTION('',(-1.,0.,5.20218788681505E-14));
#11751=DIRECTION('',(0.,1.,0.));
#11752=DIRECTION('',(-1.,0.,4.97379915032052E-14));
#11753=DIRECTION('',(0.,1.,0.));
#11754=DIRECTION('center_axis',(-1.,0.,5.6843418860808E-14));
#11755=DIRECTION('ref_axis',(5.6843418860808E-14,0.,1.));
#11756=DIRECTION('',(0.,1.,0.));
#11757=DIRECTION('',(5.6843418860808E-14,0.,1.));
#11758=DIRECTION('center_axis',(1.,0.,-4.9737991503207E-14));
#11759=DIRECTION('ref_axis',(-4.9737991503207E-14,0.,-1.));
#11760=DIRECTION('',(-4.9737991503207E-14,0.,-1.));
#11761=DIRECTION('',(0.,1.,0.));
#11762=DIRECTION('center_axis',(0.,1.,0.));
#11763=DIRECTION('ref_axis',(0.,0.,1.));
#11764=DIRECTION('',(-4.9737991503207E-14,0.,-1.));
#11765=DIRECTION('',(1.,0.,-4.97379915032067E-14));
#11766=DIRECTION('center_axis',(0.,1.,0.));
#11767=DIRECTION('ref_axis',(0.,0.,1.));
#11768=DIRECTION('',(1.,0.,-5.6843418860808E-14));
#11769=DIRECTION('',(5.6843418860808E-14,0.,1.));
#11770=DIRECTION('center_axis',(0.,-1.,0.));
#11771=DIRECTION('ref_axis',(1.,0.,0.));
#11772=DIRECTION('',(1.,0.,-5.20218788681505E-14));
#11773=DIRECTION('center_axis',(1.,0.,-4.9737991503207E-14));
#11774=DIRECTION('ref_axis',(-4.9737991503207E-14,0.,-1.));
#11775=DIRECTION('',(-4.9737991503207E-14,0.,-1.));
#11776=DIRECTION('',(0.,1.,0.));
#11777=DIRECTION('center_axis',(5.20218788681505E-14,0.,1.));
#11778=DIRECTION('ref_axis',(1.,0.,-5.20218788681505E-14));
#11779=DIRECTION('',(1.,0.,-5.20218788681505E-14));
#11780=DIRECTION('',(0.,1.,0.));
#11781=DIRECTION('center_axis',(-1.,0.,5.6843418860808E-14));
#11782=DIRECTION('ref_axis',(5.6843418860808E-14,0.,1.));
#11783=DIRECTION('',(5.6843418860808E-14,0.,1.));
#11784=DIRECTION('center_axis',(0.,1.,0.));
#11785=DIRECTION('ref_axis',(0.,0.,1.));
#11786=DIRECTION('center_axis',(-1.,0.,5.27831746564646E-14));
#11787=DIRECTION('ref_axis',(5.27831746564646E-14,0.,1.));
#11788=DIRECTION('',(-5.27831746564646E-14,0.,-1.));
#11789=DIRECTION('',(0.,-1.,0.));
#11790=DIRECTION('',(5.27831746564646E-14,0.,1.));
#11791=DIRECTION('',(0.,1.,0.));
#11792=DIRECTION('center_axis',(0.,-1.,0.));
#11793=DIRECTION('ref_axis',(1.,0.,0.));
#11794=DIRECTION('',(-1.,0.,5.15989367635315E-14));
#11795=DIRECTION('',(-5.07530525542928E-14,0.,-1.));
#11796=DIRECTION('center_axis',(0.,-1.,0.));
#11797=DIRECTION('ref_axis',(-0.190402479273321,0.,-0.981706114825905));
#11798=DIRECTION('center_axis',(1.,0.,-5.6843418860808E-14));
#11799=DIRECTION('ref_axis',(-5.6843418860808E-14,0.,-1.));
#11800=DIRECTION('',(5.6843418860808E-14,0.,1.));
#11801=DIRECTION('',(0.,-1.,0.));
#11802=DIRECTION('',(-5.6843418860808E-14,0.,-1.));
#11803=DIRECTION('',(0.,1.,0.));
#11804=DIRECTION('center_axis',(0.,-1.,0.));
#11805=DIRECTION('ref_axis',(1.,0.,0.));
#11806=DIRECTION('',(-1.,0.,5.15989367635315E-14));
#11807=DIRECTION('center_axis',(0.,-1.,0.));
#11808=DIRECTION('ref_axis',(-0.190402479273321,0.,-0.981706114825905));
#11809=DIRECTION('',(5.6843418860808E-14,0.,1.));
#11810=DIRECTION('center_axis',(-5.15989367635315E-14,0.,-1.));
#11811=DIRECTION('ref_axis',(-1.,0.,5.15989367635315E-14));
#11812=DIRECTION('',(-1.,0.,5.15989367635315E-14));
#11813=DIRECTION('',(0.,1.,0.));
#11814=DIRECTION('',(-1.,0.,5.68434188608078E-14));
#11815=DIRECTION('',(0.,1.,0.));
#11816=DIRECTION('',(-1.,0.,5.15989367635315E-14));
#11817=DIRECTION('',(0.,1.,0.));
#11818=DIRECTION('',(-1.,0.,4.97379915032067E-14));
#11819=DIRECTION('',(0.,1.,0.));
#11820=DIRECTION('center_axis',(-1.,0.,5.6843418860808E-14));
#11821=DIRECTION('ref_axis',(5.6843418860808E-14,0.,1.));
#11822=DIRECTION('',(0.,1.,0.));
#11823=DIRECTION('',(5.6843418860808E-14,0.,1.));
#11824=DIRECTION('center_axis',(1.,0.,-5.07530525542928E-14));
#11825=DIRECTION('ref_axis',(-5.07530525542928E-14,0.,-1.));
#11826=DIRECTION('',(-5.07530525542928E-14,0.,-1.));
#11827=DIRECTION('',(0.,1.,0.));
#11828=DIRECTION('center_axis',(0.,-1.,0.));
#11829=DIRECTION('ref_axis',(1.,0.,0.));
#11830=DIRECTION('',(-5.27831746564646E-14,0.,-1.));
#11831=DIRECTION('center_axis',(0.,-1.,0.));
#11832=DIRECTION('ref_axis',(-0.190402479273321,0.,-0.981706114825905));
#11833=DIRECTION('center_axis',(0.,-1.,0.));
#11834=DIRECTION('ref_axis',(1.,0.,0.));
#11835=DIRECTION('center_axis',(0.,-1.,0.));
#11836=DIRECTION('ref_axis',(-0.190402479273321,0.,-0.981706114825905));
#11837=DIRECTION('',(5.6843418860808E-14,0.,1.));
#11838=DIRECTION('center_axis',(0.,-1.,0.));
#11839=DIRECTION('ref_axis',(1.,0.,0.));
#11840=DIRECTION('center_axis',(0.,-1.,0.));
#11841=DIRECTION('ref_axis',(-0.190402479273321,0.,-0.981706114825905));
#11842=DIRECTION('center_axis',(1.,0.,-5.27831746564646E-14));
#11843=DIRECTION('ref_axis',(-5.27831746564646E-14,0.,-1.));
#11844=DIRECTION('',(-5.27831746564646E-14,0.,-1.));
#11845=DIRECTION('',(0.,1.,0.));
#11846=DIRECTION('center_axis',(0.,1.,0.));
#11847=DIRECTION('ref_axis',(-0.190402479273321,0.,-0.981706114825905));
#11848=DIRECTION('center_axis',(0.,-1.,0.));
#11849=DIRECTION('ref_axis',(-0.190402479273321,0.,-0.981706114825905));
#11850=DIRECTION('',(0.,1.,0.));
#11851=DIRECTION('center_axis',(-1.,0.,5.6843418860808E-14));
#11852=DIRECTION('ref_axis',(5.6843418860808E-14,0.,1.));
#11853=DIRECTION('',(5.6843418860808E-14,0.,1.));
#11854=DIRECTION('center_axis',(0.,-1.,0.));
#11855=DIRECTION('ref_axis',(1.,0.,0.));
#11856=DIRECTION('center_axis',(-1.,0.,5.2106467289074E-14));
#11857=DIRECTION('ref_axis',(5.2106467289074E-14,0.,1.));
#11858=DIRECTION('',(-5.2106467289074E-14,0.,-1.));
#11859=DIRECTION('',(0.,-1.,0.));
#11860=DIRECTION('',(5.2106467289074E-14,0.,1.));
#11861=DIRECTION('',(0.,1.,0.));
#11862=DIRECTION('center_axis',(0.,1.,0.));
#11863=DIRECTION('ref_axis',(0.,0.,1.));
#11864=DIRECTION('',(-1.,0.,5.20218788681506E-14));
#11865=DIRECTION('',(-4.9737991503207E-14,0.,-1.));
#11866=DIRECTION('',(1.,0.,-5.15989367635315E-14));
#11867=DIRECTION('center_axis',(1.,0.,-5.6843418860808E-14));
#11868=DIRECTION('ref_axis',(-5.6843418860808E-14,0.,-1.));
#11869=DIRECTION('',(5.6843418860808E-14,0.,1.));
#11870=DIRECTION('',(0.,-1.,0.));
#11871=DIRECTION('',(-5.6843418860808E-14,0.,-1.));
#11872=DIRECTION('',(0.,1.,0.));
#11873=DIRECTION('center_axis',(0.,1.,0.));
#11874=DIRECTION('ref_axis',(0.,0.,1.));
#11875=DIRECTION('',(-1.,0.,5.20218788681506E-14));
#11876=DIRECTION('',(1.,0.,-5.15989367635315E-14));
#11877=DIRECTION('',(5.6843418860808E-14,0.,1.));
#11878=DIRECTION('center_axis',(-5.20218788681506E-14,0.,-1.));
#11879=DIRECTION('ref_axis',(-1.,0.,5.20218788681506E-14));
#11880=DIRECTION('',(-1.,0.,5.20218788681506E-14));
#11881=DIRECTION('',(0.,1.,0.));
#11882=DIRECTION('',(-1.,0.,5.6843418860807E-14));
#11883=DIRECTION('',(0.,1.,0.));
#11884=DIRECTION('',(-1.,0.,5.20218788681506E-14));
#11885=DIRECTION('',(0.,1.,0.));
#11886=DIRECTION('',(-1.,0.,4.97379915032067E-14));
#11887=DIRECTION('',(0.,1.,0.));
#11888=DIRECTION('center_axis',(-1.,0.,5.6843418860808E-14));
#11889=DIRECTION('ref_axis',(5.6843418860808E-14,0.,1.));
#11890=DIRECTION('',(0.,1.,0.));
#11891=DIRECTION('',(5.6843418860808E-14,0.,1.));
#11892=DIRECTION('center_axis',(1.,0.,-4.9737991503207E-14));
#11893=DIRECTION('ref_axis',(-4.9737991503207E-14,0.,-1.));
#11894=DIRECTION('',(-4.9737991503207E-14,0.,-1.));
#11895=DIRECTION('',(0.,1.,0.));
#11896=DIRECTION('center_axis',(0.,1.,0.));
#11897=DIRECTION('ref_axis',(0.,0.,1.));
#11898=DIRECTION('',(-5.2106467289074E-14,0.,-1.));
#11899=DIRECTION('',(1.,0.,-4.97379915032067E-14));
#11900=DIRECTION('center_axis',(0.,1.,0.));
#11901=DIRECTION('ref_axis',(0.,0.,1.));
#11902=DIRECTION('',(1.,0.,-5.68434188608078E-14));
#11903=DIRECTION('',(5.6843418860808E-14,0.,1.));
#11904=DIRECTION('center_axis',(0.,-1.,0.));
#11905=DIRECTION('ref_axis',(1.,0.,0.));
#11906=DIRECTION('',(1.,0.,-5.15989367635315E-14));
#11907=DIRECTION('center_axis',(1.,0.,-5.2106467289074E-14));
#11908=DIRECTION('ref_axis',(-5.2106467289074E-14,0.,-1.));
#11909=DIRECTION('',(-5.2106467289074E-14,0.,-1.));
#11910=DIRECTION('',(0.,1.,0.));
#11911=DIRECTION('center_axis',(5.15989367635315E-14,0.,1.));
#11912=DIRECTION('ref_axis',(1.,0.,-5.15989367635315E-14));
#11913=DIRECTION('',(1.,0.,-5.15989367635315E-14));
#11914=DIRECTION('',(0.,1.,0.));
#11915=DIRECTION('center_axis',(-1.,0.,5.6843418860808E-14));
#11916=DIRECTION('ref_axis',(5.6843418860808E-14,0.,1.));
#11917=DIRECTION('',(5.6843418860808E-14,0.,1.));
#11918=DIRECTION('center_axis',(0.,1.,0.));
#11919=DIRECTION('ref_axis',(0.,0.,1.));
#11920=DIRECTION('center_axis',(-1.,0.,4.9737991503207E-14));
#11921=DIRECTION('ref_axis',(4.9737991503207E-14,0.,1.));
#11922=DIRECTION('',(-4.9737991503207E-14,0.,-1.));
#11923=DIRECTION('',(0.,-1.,0.));
#11924=DIRECTION('',(4.9737991503207E-14,0.,1.));
#11925=DIRECTION('',(0.,1.,0.));
#11926=DIRECTION('center_axis',(0.,1.,0.));
#11927=DIRECTION('ref_axis',(0.,0.,1.));
#11928=DIRECTION('',(-1.,0.,5.20218788681505E-14));
#11929=DIRECTION('',(-4.9737991503207E-14,0.,-1.));
#11930=DIRECTION('',(1.,0.,-5.20218788681506E-14));
#11931=DIRECTION('center_axis',(1.,0.,-5.6843418860808E-14));
#11932=DIRECTION('ref_axis',(-5.6843418860808E-14,0.,-1.));
#11933=DIRECTION('',(5.6843418860808E-14,0.,1.));
#11934=DIRECTION('',(0.,-1.,0.));
#11935=DIRECTION('',(-5.6843418860808E-14,0.,-1.));
#11936=DIRECTION('',(0.,1.,0.));
#11937=DIRECTION('center_axis',(0.,1.,0.));
#11938=DIRECTION('ref_axis',(0.,0.,1.));
#11939=DIRECTION('',(-1.,0.,5.20218788681505E-14));
#11940=DIRECTION('',(1.,0.,-5.20218788681506E-14));
#11941=DIRECTION('',(5.6843418860808E-14,0.,1.));
#11942=DIRECTION('center_axis',(-5.20218788681505E-14,0.,-1.));
#11943=DIRECTION('ref_axis',(-1.,0.,5.20218788681505E-14));
#11944=DIRECTION('',(-1.,0.,5.20218788681505E-14));
#11945=DIRECTION('',(0.,1.,0.));
#11946=DIRECTION('',(-1.,0.,5.6843418860808E-14));
#11947=DIRECTION('',(0.,1.,0.));
#11948=DIRECTION('',(-1.,0.,5.20218788681505E-14));
#11949=DIRECTION('',(0.,1.,0.));
#11950=DIRECTION('',(-1.,0.,4.97379915032067E-14));
#11951=DIRECTION('',(0.,1.,0.));
#11952=DIRECTION('center_axis',(-1.,0.,5.6843418860808E-14));
#11953=DIRECTION('ref_axis',(5.6843418860808E-14,0.,1.));
#11954=DIRECTION('',(0.,1.,0.));
#11955=DIRECTION('',(5.6843418860808E-14,0.,1.));
#11956=DIRECTION('center_axis',(1.,0.,-4.9737991503207E-14));
#11957=DIRECTION('ref_axis',(-4.9737991503207E-14,0.,-1.));
#11958=DIRECTION('',(-4.9737991503207E-14,0.,-1.));
#11959=DIRECTION('',(0.,1.,0.));
#11960=DIRECTION('center_axis',(0.,1.,0.));
#11961=DIRECTION('ref_axis',(0.,0.,1.));
#11962=DIRECTION('',(-4.9737991503207E-14,0.,-1.));
#11963=DIRECTION('',(1.,0.,-4.97379915032067E-14));
#11964=DIRECTION('center_axis',(0.,1.,0.));
#11965=DIRECTION('ref_axis',(0.,0.,1.));
#11966=DIRECTION('',(1.,0.,-5.6843418860807E-14));
#11967=DIRECTION('',(5.6843418860808E-14,0.,1.));
#11968=DIRECTION('center_axis',(0.,-1.,0.));
#11969=DIRECTION('ref_axis',(1.,0.,0.));
#11970=DIRECTION('',(1.,0.,-5.20218788681506E-14));
#11971=DIRECTION('center_axis',(1.,0.,-4.9737991503207E-14));
#11972=DIRECTION('ref_axis',(-4.9737991503207E-14,0.,-1.));
#11973=DIRECTION('',(-4.9737991503207E-14,0.,-1.));
#11974=DIRECTION('',(0.,1.,0.));
#11975=DIRECTION('center_axis',(5.20218788681506E-14,0.,1.));
#11976=DIRECTION('ref_axis',(1.,0.,-5.20218788681506E-14));
#11977=DIRECTION('',(1.,0.,-5.20218788681506E-14));
#11978=DIRECTION('',(0.,1.,0.));
#11979=DIRECTION('center_axis',(-1.,0.,5.6843418860808E-14));
#11980=DIRECTION('ref_axis',(5.6843418860808E-14,0.,1.));
#11981=DIRECTION('',(5.6843418860808E-14,0.,1.));
#11982=DIRECTION('center_axis',(0.,1.,0.));
#11983=DIRECTION('ref_axis',(0.,0.,1.));
#11984=DIRECTION('center_axis',(0.,1.,0.));
#11985=DIRECTION('ref_axis',(0.,0.,1.));
#11986=DIRECTION('',(-4.9737991503207E-14,0.,-1.));
#11987=DIRECTION('',(1.,0.,-5.68857130712701E-14));
#11988=DIRECTION('',(5.6843418860808E-14,0.,1.));
#11989=DIRECTION('',(-1.,0.,5.68857130712701E-14));
#11990=DIRECTION('center_axis',(5.68857130712701E-14,0.,1.));
#11991=DIRECTION('ref_axis',(1.,0.,-5.68857130712701E-14));
#11992=DIRECTION('',(0.,1.,0.));
#11993=DIRECTION('',(1.,0.,-5.68857130712701E-14));
#11994=DIRECTION('',(0.,1.,0.));
#11995=DIRECTION('',(1.,0.,-4.97379915032049E-14));
#11996=DIRECTION('',(0.,1.,0.));
#11997=DIRECTION('',(1.,0.,-5.68857130712701E-14));
#11998=DIRECTION('',(0.,1.,0.));
#11999=DIRECTION('',(1.,0.,-5.6843418860808E-14));
#12000=DIRECTION('',(0.,1.,0.));
#12001=DIRECTION('',(1.,0.,-5.68857130712701E-14));
#12002=DIRECTION('',(0.,-1.,0.));
#12003=DIRECTION('center_axis',(-1.,0.,4.9737991503207E-14));
#12004=DIRECTION('ref_axis',(4.9737991503207E-14,0.,1.));
#12005=DIRECTION('',(0.,-1.,0.));
#12006=DIRECTION('',(4.9737991503207E-14,0.,1.));
#12007=DIRECTION('center_axis',(0.,1.,0.));
#12008=DIRECTION('ref_axis',(0.,0.,1.));
#12009=DIRECTION('',(-1.,0.,5.68857130712701E-14));
#12010=DIRECTION('',(-4.9737991503207E-14,0.,-1.));
#12011=DIRECTION('center_axis',(1.,0.,-5.6843418860808E-14));
#12012=DIRECTION('ref_axis',(-5.6843418860808E-14,0.,-1.));
#12013=DIRECTION('',(-5.6843418860808E-14,0.,-1.));
#12014=DIRECTION('',(0.,1.,0.));
#12015=DIRECTION('center_axis',(0.,1.,0.));
#12016=DIRECTION('ref_axis',(0.,0.,1.));
#12017=DIRECTION('',(5.6843418860808E-14,0.,1.));
#12018=DIRECTION('',(-1.,0.,5.68857130712701E-14));
#12019=DIRECTION('center_axis',(1.,0.,-4.9737991503207E-14));
#12020=DIRECTION('ref_axis',(-4.9737991503207E-14,0.,-1.));
#12021=DIRECTION('',(0.,1.,0.));
#12022=DIRECTION('',(-4.9737991503207E-14,0.,-1.));
#12023=DIRECTION('center_axis',(0.,1.,0.));
#12024=DIRECTION('ref_axis',(0.,0.,1.));
#12025=DIRECTION('',(-4.9737991503207E-14,0.,-1.));
#12026=DIRECTION('',(-1.,0.,4.97379915032049E-14));
#12027=DIRECTION('center_axis',(-1.,0.,5.6843418860808E-14));
#12028=DIRECTION('ref_axis',(5.6843418860808E-14,0.,1.));
#12029=DIRECTION('',(5.6843418860808E-14,0.,1.));
#12030=DIRECTION('',(0.,1.,0.));
#12031=DIRECTION('center_axis',(0.,1.,0.));
#12032=DIRECTION('ref_axis',(0.,0.,1.));
#12033=DIRECTION('',(5.6843418860808E-14,0.,1.));
#12034=DIRECTION('',(-1.,0.,5.6843418860808E-14));
#12035=DIRECTION('center_axis',(-5.68857130712701E-14,0.,-1.));
#12036=DIRECTION('ref_axis',(-1.,0.,5.68857130712701E-14));
#12037=DIRECTION('',(0.,1.,0.));
#12038=DIRECTION('',(-1.,0.,5.68857130712701E-14));
#12039=DIRECTION('',(0.,1.,0.));
#12040=DIRECTION('center_axis',(1.,0.,-4.9737991503207E-14));
#12041=DIRECTION('ref_axis',(-4.9737991503207E-14,0.,-1.));
#12042=DIRECTION('',(-4.9737991503207E-14,0.,-1.));
#12043=DIRECTION('center_axis',(-1.,0.,5.6843418860808E-14));
#12044=DIRECTION('ref_axis',(5.6843418860808E-14,0.,1.));
#12045=DIRECTION('',(5.6843418860808E-14,0.,1.));
#12046=DIRECTION('center_axis',(0.,1.,0.));
#12047=DIRECTION('ref_axis',(0.,0.,1.));
#12048=DIRECTION('center_axis',(0.,1.,0.));
#12049=DIRECTION('ref_axis',(1.,0.,0.));
#12050=DIRECTION('center_axis',(0.,1.,0.));
#12051=DIRECTION('ref_axis',(1.,0.,0.));
#12052=DIRECTION('',(0.,-1.,0.));
#12053=DIRECTION('center_axis',(0.,-1.,0.));
#12054=DIRECTION('ref_axis',(1.,0.,0.));
#12055=DIRECTION('center_axis',(0.,-1.,0.));
#12056=DIRECTION('ref_axis',(1.,0.,0.));
#12057=DIRECTION('center_axis',(0.,-1.,0.));
#12058=DIRECTION('ref_axis',(1.,0.,0.));
#12059=DIRECTION('center_axis',(0.,1.,0.));
#12060=DIRECTION('ref_axis',(1.,0.,0.));
#12061=DIRECTION('center_axis',(0.,1.,0.));
#12062=DIRECTION('ref_axis',(1.,0.,0.));
#12063=DIRECTION('',(0.,-1.,0.));
#12064=DIRECTION('center_axis',(0.,-1.,0.));
#12065=DIRECTION('ref_axis',(1.,0.,0.));
#12066=DIRECTION('center_axis',(0.,-1.,0.));
#12067=DIRECTION('ref_axis',(1.,0.,0.));
#12068=DIRECTION('center_axis',(0.,-1.,0.));
#12069=DIRECTION('ref_axis',(1.,0.,0.));
#12070=DIRECTION('center_axis',(0.,1.,0.));
#12071=DIRECTION('ref_axis',(1.,0.,0.));
#12072=DIRECTION('center_axis',(0.,1.,0.));
#12073=DIRECTION('ref_axis',(1.,0.,0.));
#12074=DIRECTION('',(0.,-1.,0.));
#12075=DIRECTION('center_axis',(0.,-1.,0.));
#12076=DIRECTION('ref_axis',(1.,0.,0.));
#12077=DIRECTION('center_axis',(0.,-1.,0.));
#12078=DIRECTION('ref_axis',(1.,0.,0.));
#12079=DIRECTION('center_axis',(0.,-1.,0.));
#12080=DIRECTION('ref_axis',(1.,0.,0.));
#12081=DIRECTION('center_axis',(0.,1.,0.));
#12082=DIRECTION('ref_axis',(1.,0.,0.));
#12083=DIRECTION('center_axis',(0.,1.,0.));
#12084=DIRECTION('ref_axis',(1.,0.,0.));
#12085=DIRECTION('',(0.,-1.,0.));
#12086=DIRECTION('center_axis',(0.,-1.,0.));
#12087=DIRECTION('ref_axis',(1.,0.,0.));
#12088=DIRECTION('center_axis',(0.,-1.,0.));
#12089=DIRECTION('ref_axis',(1.,0.,0.));
#12090=DIRECTION('center_axis',(0.,-1.,0.));
#12091=DIRECTION('ref_axis',(1.,0.,0.));
#12092=DIRECTION('center_axis',(1.22464679914735E-16,-1.,0.));
#12093=DIRECTION('ref_axis',(-1.,-1.22464679914735E-16,0.));
#12094=DIRECTION('center_axis',(1.22464679914735E-16,-1.,0.));
#12095=DIRECTION('ref_axis',(-1.,-1.22464679914735E-16,0.));
#12096=DIRECTION('',(-1.22464679914735E-16,1.,0.));
#12097=DIRECTION('center_axis',(-1.22464679914735E-16,1.,0.));
#12098=DIRECTION('ref_axis',(-1.,-1.22464679914735E-16,0.));
#12099=DIRECTION('center_axis',(-1.22464679914735E-16,1.,0.));
#12100=DIRECTION('ref_axis',(-1.,-1.22464679914735E-16,0.));
#12101=DIRECTION('center_axis',(-1.22464679914735E-16,1.,0.));
#12102=DIRECTION('ref_axis',(-1.,-1.22464679914735E-16,0.));
#12103=DIRECTION('center_axis',(1.22464679914735E-16,-1.,0.));
#12104=DIRECTION('ref_axis',(-1.,-1.22464679914735E-16,0.));
#12105=DIRECTION('center_axis',(1.22464679914735E-16,-1.,0.));
#12106=DIRECTION('ref_axis',(-1.,-1.22464679914735E-16,0.));
#12107=DIRECTION('',(-1.22464679914735E-16,1.,0.));
#12108=DIRECTION('center_axis',(-1.22464679914735E-16,1.,0.));
#12109=DIRECTION('ref_axis',(-1.,-1.22464679914735E-16,0.));
#12110=DIRECTION('center_axis',(-1.22464679914735E-16,1.,0.));
#12111=DIRECTION('ref_axis',(-1.,-1.22464679914735E-16,0.));
#12112=DIRECTION('center_axis',(-1.22464679914735E-16,1.,0.));
#12113=DIRECTION('ref_axis',(-1.,-1.22464679914735E-16,0.));
#12114=DIRECTION('center_axis',(1.22464679914735E-16,-1.,0.));
#12115=DIRECTION('ref_axis',(-1.,-1.22464679914735E-16,0.));
#12116=DIRECTION('center_axis',(1.22464679914735E-16,-1.,0.));
#12117=DIRECTION('ref_axis',(-1.,-1.22464679914735E-16,0.));
#12118=DIRECTION('',(-1.22464679914735E-16,1.,0.));
#12119=DIRECTION('center_axis',(-1.22464679914735E-16,1.,0.));
#12120=DIRECTION('ref_axis',(-1.,-1.22464679914735E-16,0.));
#12121=DIRECTION('center_axis',(-1.22464679914735E-16,1.,0.));
#12122=DIRECTION('ref_axis',(-1.,-1.22464679914735E-16,0.));
#12123=DIRECTION('center_axis',(-1.22464679914735E-16,1.,0.));
#12124=DIRECTION('ref_axis',(-1.,-1.22464679914735E-16,0.));
#12125=DIRECTION('center_axis',(1.22464679914735E-16,-1.,0.));
#12126=DIRECTION('ref_axis',(-1.,-1.22464679914735E-16,0.));
#12127=DIRECTION('center_axis',(1.22464679914735E-16,-1.,0.));
#12128=DIRECTION('ref_axis',(-1.,-1.22464679914735E-16,0.));
#12129=DIRECTION('',(-1.22464679914735E-16,1.,0.));
#12130=DIRECTION('center_axis',(-1.22464679914735E-16,1.,0.));
#12131=DIRECTION('ref_axis',(-1.,-1.22464679914735E-16,0.));
#12132=DIRECTION('center_axis',(-1.22464679914735E-16,1.,0.));
#12133=DIRECTION('ref_axis',(-1.,-1.22464679914735E-16,0.));
#12134=DIRECTION('center_axis',(-1.22464679914735E-16,1.,0.));
#12135=DIRECTION('ref_axis',(-1.,-1.22464679914735E-16,0.));
#12136=DIRECTION('center_axis',(0.,-1.,0.));
#12137=DIRECTION('ref_axis',(0.,0.,-1.));
#12138=DIRECTION('',(4.9737991503207E-14,0.,-1.));
#12139=DIRECTION('',(-1.,0.,-5.68857130712701E-14));
#12140=DIRECTION('',(-5.6843418860808E-14,0.,1.));
#12141=DIRECTION('',(1.,0.,5.68857130712701E-14));
#12142=DIRECTION('center_axis',(-5.68857130712701E-14,-6.96649064299457E-30,
1.));
#12143=DIRECTION('ref_axis',(-1.,-1.22464679914735E-16,-5.68857130712701E-14));
#12144=DIRECTION('',(1.22464679914735E-16,-1.,0.));
#12145=DIRECTION('',(-1.,-1.22464679914735E-16,-5.68857130712701E-14));
#12146=DIRECTION('',(1.22464679914735E-16,-1.,0.));
#12147=DIRECTION('',(-1.,-1.22464679914735E-16,-4.97379915032049E-14));
#12148=DIRECTION('',(1.22464679914735E-16,-1.,0.));
#12149=DIRECTION('',(-1.,-1.22464679914735E-16,-5.68857130712701E-14));
#12150=DIRECTION('',(1.22464679914735E-16,-1.,0.));
#12151=DIRECTION('',(-1.,-1.22464679914735E-16,-5.6843418860808E-14));
#12152=DIRECTION('',(1.22464679914735E-16,-1.,0.));
#12153=DIRECTION('',(-1.,-1.22464679914735E-16,-5.68857130712701E-14));
#12154=DIRECTION('',(-1.22464679914735E-16,1.,0.));
#12155=DIRECTION('center_axis',(1.,1.22464679914735E-16,4.9737991503207E-14));
#12156=DIRECTION('ref_axis',(-4.9737991503207E-14,-6.09114720904207E-30,
1.));
#12157=DIRECTION('',(-1.22464679914735E-16,1.,0.));
#12158=DIRECTION('',(-4.9737991503207E-14,-6.09114720904207E-30,1.));
#12159=DIRECTION('center_axis',(1.22464679914735E-16,-1.,0.));
#12160=DIRECTION('ref_axis',(0.,0.,1.));
#12161=DIRECTION('',(1.,1.22464679914735E-16,5.68857130712701E-14));
#12162=DIRECTION('',(4.9737991503207E-14,6.09114720904207E-30,-1.));
#12163=DIRECTION('center_axis',(-1.,-1.22464679914735E-16,-5.6843418860808E-14));
#12164=DIRECTION('ref_axis',(5.6843418860808E-14,6.96131109604808E-30,-1.));
#12165=DIRECTION('',(5.6843418860808E-14,6.96131109604808E-30,-1.));
#12166=DIRECTION('',(1.22464679914735E-16,-1.,0.));
#12167=DIRECTION('center_axis',(1.22464679914735E-16,-1.,0.));
#12168=DIRECTION('ref_axis',(0.,0.,1.));
#12169=DIRECTION('',(-5.6843418860808E-14,-6.96131109604808E-30,1.));
#12170=DIRECTION('',(1.,1.22464679914735E-16,5.68857130712701E-14));
#12171=DIRECTION('center_axis',(-1.,-1.22464679914735E-16,-4.9737991503207E-14));
#12172=DIRECTION('ref_axis',(4.9737991503207E-14,6.09114720904207E-30,-1.));
#12173=DIRECTION('',(1.22464679914735E-16,-1.,0.));
#12174=DIRECTION('',(4.9737991503207E-14,6.09114720904207E-30,-1.));
#12175=DIRECTION('center_axis',(1.22464679914735E-16,-1.,0.));
#12176=DIRECTION('ref_axis',(0.,0.,1.));
#12177=DIRECTION('',(4.9737991503207E-14,6.09114720904207E-30,-1.));
#12178=DIRECTION('',(1.,1.22464679914735E-16,4.97379915032049E-14));
#12179=DIRECTION('center_axis',(1.,1.22464679914735E-16,5.6843418860808E-14));
#12180=DIRECTION('ref_axis',(-5.6843418860808E-14,-6.96131109604808E-30,
1.));
#12181=DIRECTION('',(-5.6843418860808E-14,-6.96131109604808E-30,1.));
#12182=DIRECTION('',(1.22464679914735E-16,-1.,0.));
#12183=DIRECTION('center_axis',(1.22464679914735E-16,-1.,0.));
#12184=DIRECTION('ref_axis',(0.,0.,1.));
#12185=DIRECTION('',(-5.6843418860808E-14,-6.96131109604808E-30,1.));
#12186=DIRECTION('',(1.,1.22464679914735E-16,5.6843418860808E-14));
#12187=DIRECTION('center_axis',(5.68857130712701E-14,6.96649064299457E-30,
-1.));
#12188=DIRECTION('ref_axis',(1.,1.22464679914735E-16,5.68857130712701E-14));
#12189=DIRECTION('',(1.22464679914735E-16,-1.,0.));
#12190=DIRECTION('',(1.,1.22464679914735E-16,5.68857130712701E-14));
#12191=DIRECTION('',(1.22464679914735E-16,-1.,0.));
#12192=DIRECTION('center_axis',(-1.,-1.22464679914735E-16,-4.9737991503207E-14));
#12193=DIRECTION('ref_axis',(4.9737991503207E-14,6.09114720904207E-30,-1.));
#12194=DIRECTION('',(4.9737991503207E-14,6.09114720904207E-30,-1.));
#12195=DIRECTION('center_axis',(1.,1.22464679914735E-16,5.6843418860808E-14));
#12196=DIRECTION('ref_axis',(-5.6843418860808E-14,-6.96131109604808E-30,
1.));
#12197=DIRECTION('',(-5.6843418860808E-14,-6.96131109604808E-30,1.));
#12198=DIRECTION('center_axis',(1.22464679914735E-16,-1.,0.));
#12199=DIRECTION('ref_axis',(0.,0.,1.));
#12200=DIRECTION('center_axis',(1.,1.22464679914735E-16,4.9737991503207E-14));
#12201=DIRECTION('ref_axis',(-4.9737991503207E-14,-6.09114720904207E-30,
1.));
#12202=DIRECTION('',(4.9737991503207E-14,6.09114720904207E-30,-1.));
#12203=DIRECTION('',(-1.22464679914735E-16,1.,0.));
#12204=DIRECTION('',(-4.9737991503207E-14,-6.09114720904207E-30,1.));
#12205=DIRECTION('',(1.22464679914735E-16,-1.,0.));
#12206=DIRECTION('center_axis',(1.22464679914735E-16,-1.,0.));
#12207=DIRECTION('ref_axis',(0.,0.,1.));
#12208=DIRECTION('',(1.,1.22464679914735E-16,5.20218788681505E-14));
#12209=DIRECTION('',(4.9737991503207E-14,6.09114720904207E-30,-1.));
#12210=DIRECTION('',(-1.,-1.22464679914735E-16,-5.20218788681506E-14));
#12211=DIRECTION('center_axis',(-1.,-1.22464679914735E-16,-5.6843418860808E-14));
#12212=DIRECTION('ref_axis',(5.6843418860808E-14,6.96131109604808E-30,-1.));
#12213=DIRECTION('',(-5.6843418860808E-14,-6.96131109604808E-30,1.));
#12214=DIRECTION('',(-1.22464679914735E-16,1.,0.));
#12215=DIRECTION('',(5.6843418860808E-14,6.96131109604808E-30,-1.));
#12216=DIRECTION('',(1.22464679914735E-16,-1.,0.));
#12217=DIRECTION('center_axis',(1.22464679914735E-16,-1.,0.));
#12218=DIRECTION('ref_axis',(0.,0.,1.));
#12219=DIRECTION('',(1.,1.22464679914735E-16,5.20218788681505E-14));
#12220=DIRECTION('',(-1.,-1.22464679914735E-16,-5.20218788681506E-14));
#12221=DIRECTION('',(-5.6843418860808E-14,-6.96131109604808E-30,1.));
#12222=DIRECTION('center_axis',(5.20218788681505E-14,6.37084274415119E-30,
-1.));
#12223=DIRECTION('ref_axis',(1.,1.22464679914735E-16,5.20218788681505E-14));
#12224=DIRECTION('',(1.,1.22464679914735E-16,5.20218788681505E-14));
#12225=DIRECTION('',(1.22464679914735E-16,-1.,0.));
#12226=DIRECTION('',(1.,1.22464679914735E-16,5.6843418860808E-14));
#12227=DIRECTION('',(1.22464679914735E-16,-1.,0.));
#12228=DIRECTION('',(1.,1.22464679914735E-16,5.20218788681505E-14));
#12229=DIRECTION('',(1.22464679914735E-16,-1.,0.));
#12230=DIRECTION('',(1.,1.22464679914735E-16,4.97379915032067E-14));
#12231=DIRECTION('',(1.22464679914735E-16,-1.,0.));
#12232=DIRECTION('center_axis',(1.,1.22464679914735E-16,5.6843418860808E-14));
#12233=DIRECTION('ref_axis',(-5.6843418860808E-14,-6.96131109604808E-30,
1.));
#12234=DIRECTION('',(1.22464679914735E-16,-1.,0.));
#12235=DIRECTION('',(-5.6843418860808E-14,-6.96131109604808E-30,1.));
#12236=DIRECTION('center_axis',(-1.,-1.22464679914735E-16,-4.9737991503207E-14));
#12237=DIRECTION('ref_axis',(4.9737991503207E-14,6.09114720904207E-30,-1.));
#12238=DIRECTION('',(4.9737991503207E-14,6.09114720904207E-30,-1.));
#12239=DIRECTION('',(1.22464679914735E-16,-1.,0.));
#12240=DIRECTION('center_axis',(1.22464679914735E-16,-1.,0.));
#12241=DIRECTION('ref_axis',(0.,0.,1.));
#12242=DIRECTION('',(4.9737991503207E-14,6.09114720904207E-30,-1.));
#12243=DIRECTION('',(-1.,-1.22464679914735E-16,-4.97379915032067E-14));
#12244=DIRECTION('center_axis',(1.22464679914735E-16,-1.,0.));
#12245=DIRECTION('ref_axis',(0.,0.,1.));
#12246=DIRECTION('',(-1.,-1.22464679914735E-16,-5.6843418860807E-14));
#12247=DIRECTION('',(-5.6843418860808E-14,-6.96131109604808E-30,1.));
#12248=DIRECTION('center_axis',(-1.22464679914735E-16,1.,0.));
#12249=DIRECTION('ref_axis',(-1.,-1.22464679914735E-16,0.));
#12250=DIRECTION('',(-1.,-1.22464679914735E-16,-5.20218788681506E-14));
#12251=DIRECTION('center_axis',(-1.,-1.22464679914735E-16,-4.9737991503207E-14));
#12252=DIRECTION('ref_axis',(4.9737991503207E-14,6.09114720904207E-30,-1.));
#12253=DIRECTION('',(4.9737991503207E-14,6.09114720904207E-30,-1.));
#12254=DIRECTION('',(1.22464679914735E-16,-1.,0.));
#12255=DIRECTION('center_axis',(-5.20218788681506E-14,-6.3708427441512E-30,
1.));
#12256=DIRECTION('ref_axis',(-1.,-1.22464679914735E-16,-5.20218788681506E-14));
#12257=DIRECTION('',(-1.,-1.22464679914735E-16,-5.20218788681506E-14));
#12258=DIRECTION('',(1.22464679914735E-16,-1.,0.));
#12259=DIRECTION('center_axis',(1.,1.22464679914735E-16,5.6843418860808E-14));
#12260=DIRECTION('ref_axis',(-5.6843418860808E-14,-6.96131109604808E-30,
1.));
#12261=DIRECTION('',(-5.6843418860808E-14,-6.96131109604808E-30,1.));
#12262=DIRECTION('center_axis',(1.22464679914735E-16,-1.,0.));
#12263=DIRECTION('ref_axis',(0.,0.,1.));
#12264=DIRECTION('center_axis',(1.,1.22464679914735E-16,5.27831746564646E-14));
#12265=DIRECTION('ref_axis',(-5.27831746564646E-14,-6.46407458918751E-30,
1.));
#12266=DIRECTION('',(5.27831746564646E-14,6.46407458918751E-30,-1.));
#12267=DIRECTION('',(-1.22464679914735E-16,1.,0.));
#12268=DIRECTION('',(-5.27831746564646E-14,-6.46407458918751E-30,1.));
#12269=DIRECTION('',(1.22464679914735E-16,-1.,0.));
#12270=DIRECTION('center_axis',(-1.22464679914735E-16,1.,0.));
#12271=DIRECTION('ref_axis',(-1.,-1.22464679914735E-16,0.));
#12272=DIRECTION('',(1.,1.22464679914735E-16,5.15989367635315E-14));
#12273=DIRECTION('',(5.07530525542928E-14,6.2154563357572E-30,-1.));
#12274=DIRECTION('center_axis',(-1.22464679914735E-16,1.,0.));
#12275=DIRECTION('ref_axis',(0.190402479273321,2.33175786791792E-17,-0.981706114825905));
#12276=DIRECTION('center_axis',(-1.,-1.22464679914735E-16,-5.6843418860808E-14));
#12277=DIRECTION('ref_axis',(5.6843418860808E-14,6.96131109604808E-30,-1.));
#12278=DIRECTION('',(-5.6843418860808E-14,-6.96131109604808E-30,1.));
#12279=DIRECTION('',(-1.22464679914735E-16,1.,0.));
#12280=DIRECTION('',(5.6843418860808E-14,6.96131109604808E-30,-1.));
#12281=DIRECTION('',(1.22464679914735E-16,-1.,0.));
#12282=DIRECTION('center_axis',(-1.22464679914735E-16,1.,0.));
#12283=DIRECTION('ref_axis',(-1.,-1.22464679914735E-16,0.));
#12284=DIRECTION('',(1.,1.22464679914735E-16,5.15989367635315E-14));
#12285=DIRECTION('center_axis',(-1.22464679914735E-16,1.,0.));
#12286=DIRECTION('ref_axis',(0.190402479273321,2.33175786791792E-17,-0.981706114825905));
#12287=DIRECTION('',(-5.6843418860808E-14,-6.96131109604808E-30,1.));
#12288=DIRECTION('center_axis',(5.15989367635315E-14,6.31904727468656E-30,
-1.));
#12289=DIRECTION('ref_axis',(1.,1.22464679914735E-16,5.15989367635315E-14));
#12290=DIRECTION('',(1.,1.22464679914735E-16,5.15989367635315E-14));
#12291=DIRECTION('',(1.22464679914735E-16,-1.,0.));
#12292=DIRECTION('',(1.,1.22464679914735E-16,5.68434188608078E-14));
#12293=DIRECTION('',(1.22464679914735E-16,-1.,0.));
#12294=DIRECTION('',(1.,1.22464679914735E-16,5.15989367635315E-14));
#12295=DIRECTION('',(1.22464679914735E-16,-1.,0.));
#12296=DIRECTION('',(1.,1.22464679914735E-16,4.97379915032067E-14));
#12297=DIRECTION('',(1.22464679914735E-16,-1.,0.));
#12298=DIRECTION('center_axis',(1.,1.22464679914735E-16,5.6843418860808E-14));
#12299=DIRECTION('ref_axis',(-5.6843418860808E-14,-6.96131109604808E-30,
1.));
#12300=DIRECTION('',(1.22464679914735E-16,-1.,0.));
#12301=DIRECTION('',(-5.6843418860808E-14,-6.96131109604808E-30,1.));
#12302=DIRECTION('center_axis',(-1.,-1.22464679914735E-16,-5.07530525542928E-14));
#12303=DIRECTION('ref_axis',(5.07530525542928E-14,6.2154563357572E-30,-1.));
#12304=DIRECTION('',(5.07530525542928E-14,6.2154563357572E-30,-1.));
#12305=DIRECTION('',(1.22464679914735E-16,-1.,0.));
#12306=DIRECTION('center_axis',(-1.22464679914735E-16,1.,0.));
#12307=DIRECTION('ref_axis',(-1.,-1.22464679914735E-16,0.));
#12308=DIRECTION('',(5.27831746564646E-14,6.46407458918751E-30,-1.));
#12309=DIRECTION('center_axis',(-1.22464679914735E-16,1.,0.));
#12310=DIRECTION('ref_axis',(0.190402479273321,2.33175786791792E-17,-0.981706114825905));
#12311=DIRECTION('center_axis',(-1.22464679914735E-16,1.,0.));
#12312=DIRECTION('ref_axis',(-1.,-1.22464679914735E-16,0.));
#12313=DIRECTION('center_axis',(-1.22464679914735E-16,1.,0.));
#12314=DIRECTION('ref_axis',(0.190402479273321,2.33175786791792E-17,-0.981706114825905));
#12315=DIRECTION('',(-5.6843418860808E-14,-6.96131109604808E-30,1.));
#12316=DIRECTION('center_axis',(-1.22464679914735E-16,1.,0.));
#12317=DIRECTION('ref_axis',(-1.,-1.22464679914735E-16,0.));
#12318=DIRECTION('center_axis',(-1.22464679914735E-16,1.,0.));
#12319=DIRECTION('ref_axis',(0.190402479273321,2.33175786791792E-17,-0.981706114825905));
#12320=DIRECTION('center_axis',(-1.,-1.22464679914735E-16,-5.27831746564646E-14));
#12321=DIRECTION('ref_axis',(5.27831746564646E-14,6.46407458918751E-30,
-1.));
#12322=DIRECTION('',(5.27831746564646E-14,6.46407458918751E-30,-1.));
#12323=DIRECTION('',(1.22464679914735E-16,-1.,0.));
#12324=DIRECTION('center_axis',(1.22464679914735E-16,-1.,0.));
#12325=DIRECTION('ref_axis',(0.190402479273321,2.33175786791792E-17,-0.981706114825905));
#12326=DIRECTION('center_axis',(-1.22464679914735E-16,1.,0.));
#12327=DIRECTION('ref_axis',(0.190402479273321,2.33175786791792E-17,-0.981706114825905));
#12328=DIRECTION('',(1.22464679914735E-16,-1.,0.));
#12329=DIRECTION('center_axis',(1.,1.22464679914735E-16,5.6843418860808E-14));
#12330=DIRECTION('ref_axis',(-5.6843418860808E-14,-6.96131109604808E-30,
1.));
#12331=DIRECTION('',(-5.6843418860808E-14,-6.96131109604808E-30,1.));
#12332=DIRECTION('center_axis',(-1.22464679914735E-16,1.,0.));
#12333=DIRECTION('ref_axis',(-1.,-1.22464679914735E-16,0.));
#12334=DIRECTION('center_axis',(1.,1.22464679914735E-16,4.9737991503207E-14));
#12335=DIRECTION('ref_axis',(-4.9737991503207E-14,-6.09114720904207E-30,
1.));
#12336=DIRECTION('',(4.9737991503207E-14,6.09114720904207E-30,-1.));
#12337=DIRECTION('',(-1.22464679914735E-16,1.,0.));
#12338=DIRECTION('',(-4.9737991503207E-14,-6.09114720904207E-30,1.));
#12339=DIRECTION('',(1.22464679914735E-16,-1.,0.));
#12340=DIRECTION('center_axis',(1.22464679914735E-16,-1.,0.));
#12341=DIRECTION('ref_axis',(0.,0.,1.));
#12342=DIRECTION('',(1.,1.22464679914735E-16,5.20218788681504E-14));
#12343=DIRECTION('',(4.9737991503207E-14,6.09114720904207E-30,-1.));
#12344=DIRECTION('',(-1.,-1.22464679914735E-16,-5.20218788681504E-14));
#12345=DIRECTION('center_axis',(-1.,-1.22464679914735E-16,-5.6843418860808E-14));
#12346=DIRECTION('ref_axis',(5.6843418860808E-14,6.96131109604808E-30,-1.));
#12347=DIRECTION('',(-5.6843418860808E-14,-6.96131109604808E-30,1.));
#12348=DIRECTION('',(-1.22464679914735E-16,1.,0.));
#12349=DIRECTION('',(5.6843418860808E-14,6.96131109604808E-30,-1.));
#12350=DIRECTION('',(1.22464679914735E-16,-1.,0.));
#12351=DIRECTION('center_axis',(1.22464679914735E-16,-1.,0.));
#12352=DIRECTION('ref_axis',(0.,0.,1.));
#12353=DIRECTION('',(-1.,-1.22464679914735E-16,-5.20218788681504E-14));
#12354=DIRECTION('',(-5.6843418860808E-14,-6.96131109604808E-30,1.));
#12355=DIRECTION('',(1.,1.22464679914735E-16,5.20218788681504E-14));
#12356=DIRECTION('center_axis',(5.20218788681504E-14,6.37084274415117E-30,
-1.));
#12357=DIRECTION('ref_axis',(1.,1.22464679914735E-16,5.20218788681504E-14));
#12358=DIRECTION('',(1.,1.22464679914735E-16,5.20218788681504E-14));
#12359=DIRECTION('',(1.22464679914735E-16,-1.,0.));
#12360=DIRECTION('',(1.,1.22464679914735E-16,5.6843418860808E-14));
#12361=DIRECTION('',(1.22464679914735E-16,-1.,0.));
#12362=DIRECTION('',(1.,1.22464679914735E-16,5.20218788681504E-14));
#12363=DIRECTION('',(1.22464679914735E-16,-1.,0.));
#12364=DIRECTION('',(1.,1.22464679914735E-16,4.97379915032049E-14));
#12365=DIRECTION('',(1.22464679914735E-16,-1.,0.));
#12366=DIRECTION('center_axis',(-1.,-1.22464679914735E-16,-4.9737991503207E-14));
#12367=DIRECTION('ref_axis',(4.9737991503207E-14,6.09114720904207E-30,-1.));
#12368=DIRECTION('',(4.9737991503207E-14,6.09114720904207E-30,-1.));
#12369=DIRECTION('',(1.22464679914735E-16,-1.,0.));
#12370=DIRECTION('center_axis',(1.22464679914735E-16,-1.,0.));
#12371=DIRECTION('ref_axis',(0.,0.,1.));
#12372=DIRECTION('',(4.9737991503207E-14,6.09114720904207E-30,-1.));
#12373=DIRECTION('',(-1.,-1.22464679914735E-16,-4.97379915032049E-14));
#12374=DIRECTION('center_axis',(1.,1.22464679914735E-16,5.6843418860808E-14));
#12375=DIRECTION('ref_axis',(-5.6843418860808E-14,-6.96131109604808E-30,
1.));
#12376=DIRECTION('',(1.22464679914735E-16,-1.,0.));
#12377=DIRECTION('',(-5.6843418860808E-14,-6.96131109604808E-30,1.));
#12378=DIRECTION('center_axis',(1.22464679914735E-16,-1.,0.));
#12379=DIRECTION('ref_axis',(0.,0.,1.));
#12380=DIRECTION('',(-5.6843418860808E-14,-6.96131109604808E-30,1.));
#12381=DIRECTION('',(-1.,-1.22464679914735E-16,-5.6843418860808E-14));
#12382=DIRECTION('center_axis',(1.22464679914735E-16,-1.,0.));
#12383=DIRECTION('ref_axis',(0.,0.,1.));
#12384=DIRECTION('',(-1.,-1.22464679914735E-16,-5.20218788681504E-14));
#12385=DIRECTION('center_axis',(-1.,-1.22464679914735E-16,-4.9737991503207E-14));
#12386=DIRECTION('ref_axis',(4.9737991503207E-14,6.09114720904207E-30,-1.));
#12387=DIRECTION('',(4.9737991503207E-14,6.09114720904207E-30,-1.));
#12388=DIRECTION('',(1.22464679914735E-16,-1.,0.));
#12389=DIRECTION('center_axis',(-5.20218788681504E-14,-6.37084274415117E-30,
1.));
#12390=DIRECTION('ref_axis',(-1.,-1.22464679914735E-16,-5.20218788681504E-14));
#12391=DIRECTION('',(-1.,-1.22464679914735E-16,-5.20218788681504E-14));
#12392=DIRECTION('',(1.22464679914735E-16,-1.,0.));
#12393=DIRECTION('center_axis',(1.,1.22464679914735E-16,5.6843418860808E-14));
#12394=DIRECTION('ref_axis',(-5.6843418860808E-14,-6.96131109604808E-30,
1.));
#12395=DIRECTION('',(-5.6843418860808E-14,-6.96131109604808E-30,1.));
#12396=DIRECTION('center_axis',(1.22464679914735E-16,-1.,0.));
#12397=DIRECTION('ref_axis',(0.,0.,1.));
#12398=DIRECTION('center_axis',(-1.,-1.22464679914735E-16,-5.68434188608096E-14));
#12399=DIRECTION('ref_axis',(5.68434188608096E-14,6.96131109604827E-30,
-1.));
#12400=DIRECTION('',(-5.68434188608096E-14,-6.96131109604827E-30,1.));
#12401=DIRECTION('',(-1.22464679914735E-16,1.,0.));
#12402=DIRECTION('',(5.68434188608096E-14,6.96131109604827E-30,-1.));
#12403=DIRECTION('',(1.22464679914735E-16,-1.,0.));
#12404=DIRECTION('center_axis',(1.22464679914735E-16,-1.,0.));
#12405=DIRECTION('ref_axis',(0.,0.,1.));
#12406=DIRECTION('',(-1.,-1.22464679914735E-16,-5.20218788681504E-14));
#12407=DIRECTION('',(-5.68434188608096E-14,-6.96131109604827E-30,1.));
#12408=DIRECTION('',(1.,1.22464679914735E-16,5.20218788681504E-14));
#12409=DIRECTION('center_axis',(1.,1.22464679914735E-16,4.9737991503207E-14));
#12410=DIRECTION('ref_axis',(-4.9737991503207E-14,-6.09114720904207E-30,
1.));
#12411=DIRECTION('',(4.9737991503207E-14,6.09114720904207E-30,-1.));
#12412=DIRECTION('',(-1.22464679914735E-16,1.,0.));
#12413=DIRECTION('',(-4.9737991503207E-14,-6.09114720904207E-30,1.));
#12414=DIRECTION('',(1.22464679914735E-16,-1.,0.));
#12415=DIRECTION('center_axis',(1.22464679914735E-16,-1.,0.));
#12416=DIRECTION('ref_axis',(0.,0.,1.));
#12417=DIRECTION('',(1.,1.22464679914735E-16,5.20218788681504E-14));
#12418=DIRECTION('',(4.9737991503207E-14,6.09114720904207E-30,-1.));
#12419=DIRECTION('',(-1.,-1.22464679914735E-16,-5.20218788681504E-14));
#12420=DIRECTION('center_axis',(-5.20218788681504E-14,-6.37084274415117E-30,
1.));
#12421=DIRECTION('ref_axis',(-1.,-1.22464679914735E-16,-5.20218788681504E-14));
#12422=DIRECTION('',(-1.,-1.22464679914735E-16,-5.20218788681504E-14));
#12423=DIRECTION('',(1.22464679914735E-16,-1.,0.));
#12424=DIRECTION('',(-1.,-1.22464679914735E-16,-4.97379915032049E-14));
#12425=DIRECTION('',(1.22464679914735E-16,-1.,0.));
#12426=DIRECTION('',(-1.,-1.22464679914735E-16,-5.20218788681504E-14));
#12427=DIRECTION('',(1.22464679914735E-16,-1.,0.));
#12428=DIRECTION('',(-1.,-1.22464679914735E-16,-5.6843418860808E-14));
#12429=DIRECTION('',(1.22464679914735E-16,-1.,0.));
#12430=DIRECTION('center_axis',(-1.,-1.22464679914735E-16,-4.9737991503207E-14));
#12431=DIRECTION('ref_axis',(4.9737991503207E-14,6.09114720904207E-30,-1.));
#12432=DIRECTION('',(1.22464679914735E-16,-1.,0.));
#12433=DIRECTION('',(4.9737991503207E-14,6.09114720904207E-30,-1.));
#12434=DIRECTION('center_axis',(1.22464679914735E-16,-1.,0.));
#12435=DIRECTION('ref_axis',(0.,0.,1.));
#12436=DIRECTION('',(4.9737991503207E-14,6.09114720904207E-30,-1.));
#12437=DIRECTION('',(1.,1.22464679914735E-16,4.97379915032049E-14));
#12438=DIRECTION('center_axis',(1.,1.22464679914735E-16,5.68434188608096E-14));
#12439=DIRECTION('ref_axis',(-5.68434188608096E-14,-6.96131109604827E-30,
1.));
#12440=DIRECTION('',(-5.68434188608096E-14,-6.96131109604827E-30,1.));
#12441=DIRECTION('',(1.22464679914735E-16,-1.,0.));
#12442=DIRECTION('center_axis',(1.22464679914735E-16,-1.,0.));
#12443=DIRECTION('ref_axis',(0.,0.,1.));
#12444=DIRECTION('',(-5.68434188608096E-14,-6.96131109604827E-30,1.));
#12445=DIRECTION('',(1.,1.22464679914735E-16,5.6843418860808E-14));
#12446=DIRECTION('center_axis',(1.22464679914735E-16,-1.,0.));
#12447=DIRECTION('ref_axis',(0.,0.,1.));
#12448=DIRECTION('',(1.,1.22464679914735E-16,5.20218788681504E-14));
#12449=DIRECTION('center_axis',(-1.,-1.22464679914735E-16,-4.9737991503207E-14));
#12450=DIRECTION('ref_axis',(4.9737991503207E-14,6.09114720904207E-30,-1.));
#12451=DIRECTION('',(1.22464679914735E-16,-1.,0.));
#12452=DIRECTION('',(4.9737991503207E-14,6.09114720904207E-30,-1.));
#12453=DIRECTION('center_axis',(5.20218788681504E-14,6.37084274415117E-30,
-1.));
#12454=DIRECTION('ref_axis',(1.,1.22464679914735E-16,5.20218788681504E-14));
#12455=DIRECTION('',(1.22464679914735E-16,-1.,0.));
#12456=DIRECTION('',(1.,1.22464679914735E-16,5.20218788681504E-14));
#12457=DIRECTION('center_axis',(1.,1.22464679914735E-16,5.68434188608096E-14));
#12458=DIRECTION('ref_axis',(-5.68434188608096E-14,-6.96131109604827E-30,
1.));
#12459=DIRECTION('',(-5.68434188608096E-14,-6.96131109604827E-30,1.));
#12460=DIRECTION('center_axis',(1.22464679914735E-16,-1.,0.));
#12461=DIRECTION('ref_axis',(0.,0.,1.));
#12462=DIRECTION('center_axis',(1.,1.22464679914735E-16,4.9737991503207E-14));
#12463=DIRECTION('ref_axis',(-4.9737991503207E-14,-6.09114720904207E-30,
1.));
#12464=DIRECTION('',(4.9737991503207E-14,6.09114720904207E-30,-1.));
#12465=DIRECTION('',(-1.22464679914735E-16,1.,0.));
#12466=DIRECTION('',(-4.9737991503207E-14,-6.09114720904207E-30,1.));
#12467=DIRECTION('',(1.22464679914735E-16,-1.,0.));
#12468=DIRECTION('center_axis',(1.22464679914735E-16,-1.,0.));
#12469=DIRECTION('ref_axis',(0.,0.,1.));
#12470=DIRECTION('',(1.,1.22464679914735E-16,5.68857130712701E-14));
#12471=DIRECTION('',(4.9737991503207E-14,6.09114720904207E-30,-1.));
#12472=DIRECTION('',(-1.,-1.22464679914735E-16,-5.20218788681504E-14));
#12473=DIRECTION('center_axis',(-1.,-1.22464679914735E-16,-5.6843418860808E-14));
#12474=DIRECTION('ref_axis',(5.6843418860808E-14,6.96131109604808E-30,-1.));
#12475=DIRECTION('',(-5.6843418860808E-14,-6.96131109604808E-30,1.));
#12476=DIRECTION('',(-1.22464679914735E-16,1.,0.));
#12477=DIRECTION('',(5.6843418860808E-14,6.96131109604808E-30,-1.));
#12478=DIRECTION('',(1.22464679914735E-16,-1.,0.));
#12479=DIRECTION('center_axis',(1.22464679914735E-16,-1.,0.));
#12480=DIRECTION('ref_axis',(0.,0.,1.));
#12481=DIRECTION('',(-5.6843418860808E-14,-6.96131109604808E-30,1.));
#12482=DIRECTION('',(1.,1.22464679914735E-16,5.68857130712701E-14));
#12483=DIRECTION('',(-1.,-1.22464679914735E-16,-5.20218788681504E-14));
#12484=DIRECTION('center_axis',(5.68857130712701E-14,6.96649064299457E-30,
-1.));
#12485=DIRECTION('ref_axis',(1.,1.22464679914735E-16,5.68857130712701E-14));
#12486=DIRECTION('',(1.,1.22464679914735E-16,5.68857130712701E-14));
#12487=DIRECTION('',(1.22464679914735E-16,-1.,0.));
#12488=DIRECTION('',(1.,1.22464679914735E-16,5.6843418860808E-14));
#12489=DIRECTION('',(1.22464679914735E-16,-1.,0.));
#12490=DIRECTION('',(1.,1.22464679914735E-16,5.68857130712701E-14));
#12491=DIRECTION('',(1.22464679914735E-16,-1.,0.));
#12492=DIRECTION('',(1.,1.22464679914735E-16,4.97379915032049E-14));
#12493=DIRECTION('',(1.22464679914735E-16,-1.,0.));
#12494=DIRECTION('center_axis',(1.,1.22464679914735E-16,5.6843418860808E-14));
#12495=DIRECTION('ref_axis',(-5.6843418860808E-14,-6.96131109604808E-30,
1.));
#12496=DIRECTION('',(1.22464679914735E-16,-1.,0.));
#12497=DIRECTION('',(-5.6843418860808E-14,-6.96131109604808E-30,1.));
#12498=DIRECTION('center_axis',(-1.,-1.22464679914735E-16,-4.9737991503207E-14));
#12499=DIRECTION('ref_axis',(4.9737991503207E-14,6.09114720904207E-30,-1.));
#12500=DIRECTION('',(4.9737991503207E-14,6.09114720904207E-30,-1.));
#12501=DIRECTION('',(1.22464679914735E-16,-1.,0.));
#12502=DIRECTION('center_axis',(1.22464679914735E-16,-1.,0.));
#12503=DIRECTION('ref_axis',(0.,0.,1.));
#12504=DIRECTION('',(4.9737991503207E-14,6.09114720904207E-30,-1.));
#12505=DIRECTION('',(-1.,-1.22464679914735E-16,-4.97379915032049E-14));
#12506=DIRECTION('center_axis',(1.22464679914735E-16,-1.,0.));
#12507=DIRECTION('ref_axis',(0.,0.,1.));
#12508=DIRECTION('',(-1.,-1.22464679914735E-16,-5.6843418860808E-14));
#12509=DIRECTION('',(-5.6843418860808E-14,-6.96131109604808E-30,1.));
#12510=DIRECTION('center_axis',(1.22464679914735E-16,-1.,0.));
#12511=DIRECTION('ref_axis',(0.,0.,1.));
#12512=DIRECTION('',(-1.,-1.22464679914735E-16,-5.20218788681504E-14));
#12513=DIRECTION('center_axis',(1.,1.22464679914735E-16,5.6843418860808E-14));
#12514=DIRECTION('ref_axis',(-5.6843418860808E-14,-6.96131109604808E-30,
1.));
#12515=DIRECTION('',(1.22464679914735E-16,-1.,0.));
#12516=DIRECTION('',(-5.6843418860808E-14,-6.96131109604808E-30,1.));
#12517=DIRECTION('center_axis',(-1.,-1.22464679914735E-16,-4.9737991503207E-14));
#12518=DIRECTION('ref_axis',(4.9737991503207E-14,6.09114720904207E-30,-1.));
#12519=DIRECTION('',(4.9737991503207E-14,6.09114720904207E-30,-1.));
#12520=DIRECTION('',(1.22464679914735E-16,-1.,0.));
#12521=DIRECTION('center_axis',(-5.20218788681504E-14,-6.37084274415117E-30,
1.));
#12522=DIRECTION('ref_axis',(-1.,-1.22464679914735E-16,-5.20218788681504E-14));
#12523=DIRECTION('',(-1.,-1.22464679914735E-16,-5.20218788681504E-14));
#12524=DIRECTION('center_axis',(1.22464679914735E-16,-1.,0.));
#12525=DIRECTION('ref_axis',(0.,0.,1.));
#12526=DIRECTION('center_axis',(1.,1.22464679914735E-16,4.97379915032071E-14));
#12527=DIRECTION('ref_axis',(-4.97379915032071E-14,-6.09114720904208E-30,
1.));
#12528=DIRECTION('',(4.97379915032071E-14,6.09114720904208E-30,-1.));
#12529=DIRECTION('',(-1.22464679914735E-16,1.,0.));
#12530=DIRECTION('',(-4.97379915032071E-14,-6.09114720904208E-30,1.));
#12531=DIRECTION('',(1.22464679914735E-16,-1.,0.));
#12532=DIRECTION('center_axis',(1.22464679914735E-16,-1.,0.));
#12533=DIRECTION('ref_axis',(0.,0.,1.));
#12534=DIRECTION('',(1.,1.22464679914735E-16,5.20218788681504E-14));
#12535=DIRECTION('',(4.97379915032071E-14,6.09114720904208E-30,-1.));
#12536=DIRECTION('',(-1.,-1.22464679914735E-16,-5.20218788681505E-14));
#12537=DIRECTION('center_axis',(-1.,-1.22464679914735E-16,-5.68434188608081E-14));
#12538=DIRECTION('ref_axis',(5.68434188608081E-14,6.96131109604809E-30,
-1.));
#12539=DIRECTION('',(-5.68434188608081E-14,-6.96131109604809E-30,1.));
#12540=DIRECTION('',(-1.22464679914735E-16,1.,0.));
#12541=DIRECTION('',(5.68434188608081E-14,6.96131109604809E-30,-1.));
#12542=DIRECTION('',(1.22464679914735E-16,-1.,0.));
#12543=DIRECTION('center_axis',(1.22464679914735E-16,-1.,0.));
#12544=DIRECTION('ref_axis',(0.,0.,1.));
#12545=DIRECTION('',(-1.,-1.22464679914735E-16,-5.20218788681505E-14));
#12546=DIRECTION('',(-5.68434188608081E-14,-6.96131109604809E-30,1.));
#12547=DIRECTION('',(1.,1.22464679914735E-16,5.20218788681504E-14));
#12548=DIRECTION('center_axis',(5.20218788681504E-14,6.37084274415117E-30,
-1.));
#12549=DIRECTION('ref_axis',(1.,1.22464679914735E-16,5.20218788681504E-14));
#12550=DIRECTION('',(1.,1.22464679914735E-16,5.20218788681504E-14));
#12551=DIRECTION('',(1.22464679914735E-16,-1.,0.));
#12552=DIRECTION('',(1.,1.22464679914735E-16,5.6843418860808E-14));
#12553=DIRECTION('',(1.22464679914735E-16,-1.,0.));
#12554=DIRECTION('',(1.,1.22464679914735E-16,5.20218788681504E-14));
#12555=DIRECTION('',(1.22464679914735E-16,-1.,0.));
#12556=DIRECTION('',(1.,1.22464679914735E-16,4.97379915032049E-14));
#12557=DIRECTION('',(1.22464679914735E-16,-1.,0.));
#12558=DIRECTION('center_axis',(-1.,-1.22464679914735E-16,-4.97379915032071E-14));
#12559=DIRECTION('ref_axis',(4.97379915032071E-14,6.09114720904208E-30,
-1.));
#12560=DIRECTION('',(4.97379915032071E-14,6.09114720904208E-30,-1.));
#12561=DIRECTION('',(1.22464679914735E-16,-1.,0.));
#12562=DIRECTION('center_axis',(1.22464679914735E-16,-1.,0.));
#12563=DIRECTION('ref_axis',(0.,0.,1.));
#12564=DIRECTION('',(4.97379915032071E-14,6.09114720904208E-30,-1.));
#12565=DIRECTION('',(-1.,-1.22464679914735E-16,-4.97379915032052E-14));
#12566=DIRECTION('center_axis',(1.,1.22464679914735E-16,5.68434188608081E-14));
#12567=DIRECTION('ref_axis',(-5.68434188608081E-14,-6.96131109604809E-30,
1.));
#12568=DIRECTION('',(1.22464679914735E-16,-1.,0.));
#12569=DIRECTION('',(-5.68434188608081E-14,-6.96131109604809E-30,1.));
#12570=DIRECTION('center_axis',(1.22464679914735E-16,-1.,0.));
#12571=DIRECTION('ref_axis',(0.,0.,1.));
#12572=DIRECTION('',(-5.68434188608081E-14,-6.96131109604809E-30,1.));
#12573=DIRECTION('',(-1.,-1.22464679914735E-16,-5.68434188608072E-14));
#12574=DIRECTION('center_axis',(-1.22464679914735E-16,1.,0.));
#12575=DIRECTION('ref_axis',(-1.,-1.22464679914735E-16,0.));
#12576=DIRECTION('',(-1.,-1.22464679914735E-16,-5.20218788681505E-14));
#12577=DIRECTION('center_axis',(1.,1.22464679914735E-16,5.68434188608081E-14));
#12578=DIRECTION('ref_axis',(-5.68434188608081E-14,-6.96131109604809E-30,
1.));
#12579=DIRECTION('',(1.22464679914735E-16,-1.,0.));
#12580=DIRECTION('',(-5.68434188608081E-14,-6.96131109604809E-30,1.));
#12581=DIRECTION('center_axis',(-1.,-1.22464679914735E-16,-4.97379915032071E-14));
#12582=DIRECTION('ref_axis',(4.97379915032071E-14,6.09114720904208E-30,
-1.));
#12583=DIRECTION('',(4.97379915032071E-14,6.09114720904208E-30,-1.));
#12584=DIRECTION('',(1.22464679914735E-16,-1.,0.));
#12585=DIRECTION('center_axis',(-5.20218788681505E-14,-6.37084274415119E-30,
1.));
#12586=DIRECTION('ref_axis',(-1.,-1.22464679914735E-16,-5.20218788681505E-14));
#12587=DIRECTION('',(-1.,-1.22464679914735E-16,-5.20218788681505E-14));
#12588=DIRECTION('center_axis',(1.22464679914735E-16,-1.,0.));
#12589=DIRECTION('ref_axis',(0.,0.,1.));
#12590=DIRECTION('center_axis',(1.,1.22464679914735E-16,4.9737991503207E-14));
#12591=DIRECTION('ref_axis',(-4.9737991503207E-14,-6.09114720904207E-30,
1.));
#12592=DIRECTION('',(4.9737991503207E-14,6.09114720904207E-30,-1.));
#12593=DIRECTION('',(-1.22464679914735E-16,1.,0.));
#12594=DIRECTION('',(-4.9737991503207E-14,-6.09114720904207E-30,1.));
#12595=DIRECTION('',(1.22464679914735E-16,-1.,0.));
#12596=DIRECTION('center_axis',(1.22464679914735E-16,-1.,0.));
#12597=DIRECTION('ref_axis',(0.,0.,1.));
#12598=DIRECTION('',(1.,1.22464679914735E-16,5.20218788681505E-14));
#12599=DIRECTION('',(4.9737991503207E-14,6.09114720904207E-30,-1.));
#12600=DIRECTION('',(-1.,-1.22464679914735E-16,-5.20218788681505E-14));
#12601=DIRECTION('center_axis',(-1.,-1.22464679914735E-16,-5.6843418860808E-14));
#12602=DIRECTION('ref_axis',(5.6843418860808E-14,6.96131109604808E-30,-1.));
#12603=DIRECTION('',(-5.6843418860808E-14,-6.96131109604808E-30,1.));
#12604=DIRECTION('',(-1.22464679914735E-16,1.,0.));
#12605=DIRECTION('',(5.6843418860808E-14,6.96131109604808E-30,-1.));
#12606=DIRECTION('',(1.22464679914735E-16,-1.,0.));
#12607=DIRECTION('center_axis',(1.22464679914735E-16,-1.,0.));
#12608=DIRECTION('ref_axis',(0.,0.,1.));
#12609=DIRECTION('',(-5.6843418860808E-14,-6.96131109604808E-30,1.));
#12610=DIRECTION('',(1.,1.22464679914735E-16,5.20218788681505E-14));
#12611=DIRECTION('',(-1.,-1.22464679914735E-16,-5.20218788681505E-14));
#12612=DIRECTION('center_axis',(5.20218788681505E-14,6.37084274415119E-30,
-1.));
#12613=DIRECTION('ref_axis',(1.,1.22464679914735E-16,5.20218788681505E-14));
#12614=DIRECTION('',(1.,1.22464679914735E-16,5.20218788681505E-14));
#12615=DIRECTION('',(1.22464679914735E-16,-1.,0.));
#12616=DIRECTION('',(1.,1.22464679914735E-16,5.68434188608072E-14));
#12617=DIRECTION('',(1.22464679914735E-16,-1.,0.));
#12618=DIRECTION('',(1.,1.22464679914735E-16,5.20218788681505E-14));
#12619=DIRECTION('',(1.22464679914735E-16,-1.,0.));
#12620=DIRECTION('',(1.,1.22464679914735E-16,4.97379915032052E-14));
#12621=DIRECTION('',(1.22464679914735E-16,-1.,0.));
#12622=DIRECTION('center_axis',(1.,1.22464679914735E-16,5.6843418860808E-14));
#12623=DIRECTION('ref_axis',(-5.6843418860808E-14,-6.96131109604808E-30,
1.));
#12624=DIRECTION('',(1.22464679914735E-16,-1.,0.));
#12625=DIRECTION('',(-5.6843418860808E-14,-6.96131109604808E-30,1.));
#12626=DIRECTION('center_axis',(-1.,-1.22464679914735E-16,-4.9737991503207E-14));
#12627=DIRECTION('ref_axis',(4.9737991503207E-14,6.09114720904207E-30,-1.));
#12628=DIRECTION('',(4.9737991503207E-14,6.09114720904207E-30,-1.));
#12629=DIRECTION('',(1.22464679914735E-16,-1.,0.));
#12630=DIRECTION('center_axis',(1.22464679914735E-16,-1.,0.));
#12631=DIRECTION('ref_axis',(0.,0.,1.));
#12632=DIRECTION('',(4.9737991503207E-14,6.09114720904207E-30,-1.));
#12633=DIRECTION('',(-1.,-1.22464679914735E-16,-4.97379915032067E-14));
#12634=DIRECTION('center_axis',(1.22464679914735E-16,-1.,0.));
#12635=DIRECTION('ref_axis',(0.,0.,1.));
#12636=DIRECTION('',(-1.,-1.22464679914735E-16,-5.6843418860808E-14));
#12637=DIRECTION('',(-5.6843418860808E-14,-6.96131109604808E-30,1.));
#12638=DIRECTION('center_axis',(-1.22464679914735E-16,1.,0.));
#12639=DIRECTION('ref_axis',(-1.,-1.22464679914735E-16,0.));
#12640=DIRECTION('',(-1.,-1.22464679914735E-16,-5.20218788681505E-14));
#12641=DIRECTION('center_axis',(-1.,-1.22464679914735E-16,-4.9737991503207E-14));
#12642=DIRECTION('ref_axis',(4.9737991503207E-14,6.09114720904207E-30,-1.));
#12643=DIRECTION('',(4.9737991503207E-14,6.09114720904207E-30,-1.));
#12644=DIRECTION('',(1.22464679914735E-16,-1.,0.));
#12645=DIRECTION('center_axis',(-5.20218788681505E-14,-6.37084274415119E-30,
1.));
#12646=DIRECTION('ref_axis',(-1.,-1.22464679914735E-16,-5.20218788681505E-14));
#12647=DIRECTION('',(-1.,-1.22464679914735E-16,-5.20218788681505E-14));
#12648=DIRECTION('',(1.22464679914735E-16,-1.,0.));
#12649=DIRECTION('center_axis',(1.,1.22464679914735E-16,5.6843418860808E-14));
#12650=DIRECTION('ref_axis',(-5.6843418860808E-14,-6.96131109604808E-30,
1.));
#12651=DIRECTION('',(-5.6843418860808E-14,-6.96131109604808E-30,1.));
#12652=DIRECTION('center_axis',(1.22464679914735E-16,-1.,0.));
#12653=DIRECTION('ref_axis',(0.,0.,1.));
#12654=DIRECTION('center_axis',(1.,1.22464679914735E-16,5.2106467289074E-14));
#12655=DIRECTION('ref_axis',(-5.2106467289074E-14,-6.38120183804407E-30,
1.));
#12656=DIRECTION('',(5.2106467289074E-14,6.38120183804407E-30,-1.));
#12657=DIRECTION('',(-1.22464679914735E-16,1.,0.));
#12658=DIRECTION('',(-5.2106467289074E-14,-6.38120183804407E-30,1.));
#12659=DIRECTION('',(1.22464679914735E-16,-1.,0.));
#12660=DIRECTION('center_axis',(1.22464679914735E-16,-1.,0.));
#12661=DIRECTION('ref_axis',(0.,0.,1.));
#12662=DIRECTION('',(1.,1.22464679914735E-16,5.20218788681506E-14));
#12663=DIRECTION('',(4.9737991503207E-14,6.09114720904207E-30,-1.));
#12664=DIRECTION('',(-1.,-1.22464679914735E-16,-5.15989367635315E-14));
#12665=DIRECTION('center_axis',(-1.,-1.22464679914735E-16,-5.6843418860808E-14));
#12666=DIRECTION('ref_axis',(5.6843418860808E-14,6.96131109604808E-30,-1.));
#12667=DIRECTION('',(-5.6843418860808E-14,-6.96131109604808E-30,1.));
#12668=DIRECTION('',(-1.22464679914735E-16,1.,0.));
#12669=DIRECTION('',(5.6843418860808E-14,6.96131109604808E-30,-1.));
#12670=DIRECTION('',(1.22464679914735E-16,-1.,0.));
#12671=DIRECTION('center_axis',(1.22464679914735E-16,-1.,0.));
#12672=DIRECTION('ref_axis',(0.,0.,1.));
#12673=DIRECTION('',(1.,1.22464679914735E-16,5.20218788681506E-14));
#12674=DIRECTION('',(-1.,-1.22464679914735E-16,-5.15989367635315E-14));
#12675=DIRECTION('',(-5.6843418860808E-14,-6.96131109604808E-30,1.));
#12676=DIRECTION('center_axis',(5.20218788681506E-14,6.3708427441512E-30,
-1.));
#12677=DIRECTION('ref_axis',(1.,1.22464679914735E-16,5.20218788681506E-14));
#12678=DIRECTION('',(1.,1.22464679914735E-16,5.20218788681506E-14));
#12679=DIRECTION('',(1.22464679914735E-16,-1.,0.));
#12680=DIRECTION('',(1.,1.22464679914735E-16,5.6843418860807E-14));
#12681=DIRECTION('',(1.22464679914735E-16,-1.,0.));
#12682=DIRECTION('',(1.,1.22464679914735E-16,5.20218788681506E-14));
#12683=DIRECTION('',(1.22464679914735E-16,-1.,0.));
#12684=DIRECTION('',(1.,1.22464679914735E-16,4.97379915032067E-14));
#12685=DIRECTION('',(1.22464679914735E-16,-1.,0.));
#12686=DIRECTION('center_axis',(1.,1.22464679914735E-16,5.6843418860808E-14));
#12687=DIRECTION('ref_axis',(-5.6843418860808E-14,-6.96131109604808E-30,
1.));
#12688=DIRECTION('',(1.22464679914735E-16,-1.,0.));
#12689=DIRECTION('',(-5.6843418860808E-14,-6.96131109604808E-30,1.));
#12690=DIRECTION('center_axis',(-1.,-1.22464679914735E-16,-4.9737991503207E-14));
#12691=DIRECTION('ref_axis',(4.9737991503207E-14,6.09114720904207E-30,-1.));
#12692=DIRECTION('',(4.9737991503207E-14,6.09114720904207E-30,-1.));
#12693=DIRECTION('',(1.22464679914735E-16,-1.,0.));
#12694=DIRECTION('center_axis',(1.22464679914735E-16,-1.,0.));
#12695=DIRECTION('ref_axis',(0.,0.,1.));
#12696=DIRECTION('',(5.2106467289074E-14,6.38120183804407E-30,-1.));
#12697=DIRECTION('',(-1.,-1.22464679914735E-16,-4.97379915032067E-14));
#12698=DIRECTION('center_axis',(1.22464679914735E-16,-1.,0.));
#12699=DIRECTION('ref_axis',(0.,0.,1.));
#12700=DIRECTION('',(-1.,-1.22464679914735E-16,-5.68434188608078E-14));
#12701=DIRECTION('',(-5.6843418860808E-14,-6.96131109604808E-30,1.));
#12702=DIRECTION('center_axis',(-1.22464679914735E-16,1.,0.));
#12703=DIRECTION('ref_axis',(-1.,-1.22464679914735E-16,0.));
#12704=DIRECTION('',(-1.,-1.22464679914735E-16,-5.15989367635315E-14));
#12705=DIRECTION('center_axis',(-1.,-1.22464679914735E-16,-5.2106467289074E-14));
#12706=DIRECTION('ref_axis',(5.2106467289074E-14,6.38120183804407E-30,-1.));
#12707=DIRECTION('',(5.2106467289074E-14,6.38120183804407E-30,-1.));
#12708=DIRECTION('',(1.22464679914735E-16,-1.,0.));
#12709=DIRECTION('center_axis',(-5.15989367635315E-14,-6.31904727468656E-30,
1.));
#12710=DIRECTION('ref_axis',(-1.,-1.22464679914735E-16,-5.15989367635315E-14));
#12711=DIRECTION('',(-1.,-1.22464679914735E-16,-5.15989367635315E-14));
#12712=DIRECTION('',(1.22464679914735E-16,-1.,0.));
#12713=DIRECTION('center_axis',(1.,1.22464679914735E-16,5.6843418860808E-14));
#12714=DIRECTION('ref_axis',(-5.6843418860808E-14,-6.96131109604808E-30,
1.));
#12715=DIRECTION('',(-5.6843418860808E-14,-6.96131109604808E-30,1.));
#12716=DIRECTION('center_axis',(1.22464679914735E-16,-1.,0.));
#12717=DIRECTION('ref_axis',(0.,0.,1.));
#12718=DIRECTION('center_axis',(0.,0.,1.));
#12719=DIRECTION('ref_axis',(1.,0.,0.));
#12720=DIRECTION('',(-1.,-1.22464679914735E-16,0.));
#12721=DIRECTION('',(0.,1.,0.));
#12722=DIRECTION('',(1.,1.22464679914735E-16,0.));
#12723=DIRECTION('',(1.22464679914735E-16,-1.,0.));
#12724=DIRECTION('center_axis',(0.,0.,-1.));
#12725=DIRECTION('ref_axis',(-1.,0.,0.));
#12726=DIRECTION('',(1.,1.22464679914735E-16,0.));
#12727=DIRECTION('',(-1.22464679914735E-16,1.,0.));
#12728=DIRECTION('',(-1.,-1.22464679914735E-16,0.));
#12729=DIRECTION('',(0.,1.,0.));
#12730=DIRECTION('center_axis',(1.,0.,0.));
#12731=DIRECTION('ref_axis',(0.,0.,-1.));
#12732=DIRECTION('',(0.,0.,1.));
#12733=DIRECTION('',(0.,0.,-1.));
#12734=DIRECTION('center_axis',(1.22464679914735E-16,-1.,0.));
#12735=DIRECTION('ref_axis',(0.,0.,1.));
#12736=DIRECTION('',(5.6843418860808E-14,6.96131109604808E-30,-1.));
#12737=DIRECTION('',(1.,1.22464679914735E-16,0.));
#12738=DIRECTION('',(0.,0.,-1.));
#12739=DIRECTION('',(-1.,-1.22464679914735E-16,0.));
#12740=DIRECTION('',(5.6843418860808E-14,6.96131109604808E-30,-1.));
#12741=DIRECTION('',(1.,1.22464679914735E-16,5.68434188608078E-14));
#12742=DIRECTION('',(-5.6843418860808E-14,-6.96131109604808E-30,1.));
#12743=DIRECTION('center_axis',(-1.22464679914735E-16,1.,0.));
#12744=DIRECTION('ref_axis',(0.20317127171579,2.48813047585439E-17,-0.979143214422379));
#12745=DIRECTION('',(5.6843418860808E-14,6.96131109604808E-30,-1.));
#12746=DIRECTION('center_axis',(-1.22464679914735E-16,1.,0.));
#12747=DIRECTION('ref_axis',(-1.,-1.22464679914735E-16,0.));
#12748=DIRECTION('center_axis',(-1.22464679914735E-16,1.,0.));
#12749=DIRECTION('ref_axis',(-1.,-1.22464679914735E-16,0.));
#12750=DIRECTION('center_axis',(-1.,-1.22464679914735E-16,-5.6843418860808E-14));
#12751=DIRECTION('ref_axis',(5.6843418860808E-14,6.96131109604808E-30,-1.));
#12752=DIRECTION('',(-5.6843418860808E-14,-6.96131109604808E-30,1.));
#12753=DIRECTION('',(1.22464679914735E-16,-1.,0.));
#12754=DIRECTION('center_axis',(-1.,-1.22464679914735E-16,-5.6843418860808E-14));
#12755=DIRECTION('ref_axis',(5.6843418860808E-14,6.96131109604808E-30,-1.));
#12756=DIRECTION('',(-1.22464679914735E-16,1.,0.));
#12757=DIRECTION('',(5.6843418860808E-14,6.96131109604808E-30,-1.));
#12758=DIRECTION('',(-1.22464679914735E-16,1.,0.));
#12759=DIRECTION('',(5.6843418860808E-14,6.96131109604808E-30,-1.));
#12760=DIRECTION('',(1.22464679914735E-16,-1.,0.));
#12761=DIRECTION('',(-5.6843418860808E-14,-6.96131109604808E-30,1.));
#12762=DIRECTION('center_axis',(0.,0.,-1.));
#12763=DIRECTION('ref_axis',(-1.,0.,0.));
#12764=DIRECTION('',(1.,1.22464679914735E-16,0.));
#12765=DIRECTION('',(-1.22464679914735E-16,1.,0.));
#12766=DIRECTION('',(-1.,-1.22464679914735E-16,0.));
#12767=DIRECTION('',(0.,1.,0.));
#12768=DIRECTION('center_axis',(0.,0.,-1.));
#12769=DIRECTION('ref_axis',(-1.,0.,0.));
#12770=DIRECTION('',(0.,1.,0.));
#12771=DIRECTION('',(1.,1.22464679914735E-16,0.));
#12772=DIRECTION('',(-1.22464679914735E-16,1.,0.));
#12773=DIRECTION('center_axis',(0.,0.,1.));
#12774=DIRECTION('ref_axis',(1.,0.,0.));
#12775=DIRECTION('',(-1.,-1.22464679914735E-16,0.));
#12776=DIRECTION('',(0.,1.,0.));
#12777=DIRECTION('center_axis',(1.,0.,0.));
#12778=DIRECTION('ref_axis',(0.,0.,-1.));
#12779=DIRECTION('',(0.,0.,1.));
#12780=DIRECTION('',(0.,0.,-1.));
#12781=DIRECTION('',(0.,1.,6.96131109604806E-30));
#12782=DIRECTION('',(0.,0.,1.));
#12783=DIRECTION('center_axis',(1.22464679914735E-16,-1.,0.));
#12784=DIRECTION('ref_axis',(0.,0.,1.));
#12785=DIRECTION('',(-1.,-1.22464679914735E-16,-5.68434188608078E-14));
#12786=DIRECTION('',(5.6843418860808E-14,6.96131109604808E-30,-1.));
#12787=DIRECTION('',(1.,1.22464679914735E-16,5.68434188607977E-14));
#12788=DIRECTION('center_axis',(-1.22464679914735E-16,1.,0.));
#12789=DIRECTION('ref_axis',(0.20317127171579,2.48813047585439E-17,-0.979143214422379));
#12790=DIRECTION('',(-5.6843418860808E-14,-6.96131109604808E-30,1.));
#12791=DIRECTION('',(1.,1.22464679914735E-16,5.68434188608078E-14));
#12792=DIRECTION('',(5.6843418860808E-14,6.96131109604808E-30,-1.));
#12793=DIRECTION('center_axis',(1.22464679914735E-16,-1.,0.));
#12794=DIRECTION('ref_axis',(-1.,-1.22464679914735E-16,0.));
#12795=DIRECTION('center_axis',(1.22464679914735E-16,-1.,0.));
#12796=DIRECTION('ref_axis',(-1.,-1.22464679914735E-16,0.));
#12797=DIRECTION('center_axis',(-5.68434188608078E-14,-6.96131109604806E-30,
1.));
#12798=DIRECTION('ref_axis',(-1.,-1.22464679914735E-16,-5.68434188608078E-14));
#12799=DIRECTION('',(1.,1.22464679914735E-16,5.68434188608078E-14));
#12800=DIRECTION('',(1.22464679914735E-16,-1.,0.));
#12801=DIRECTION('center_axis',(1.22464679914735E-16,-1.,0.));
#12802=DIRECTION('ref_axis',(0.,0.,1.));
#12803=DIRECTION('',(5.6843418860808E-14,6.96131109604808E-30,-1.));
#12804=DIRECTION('',(1.,1.22464679914735E-16,5.68434188608078E-14));
#12805=DIRECTION('',(-5.68434188608079E-14,-6.96131109604807E-30,1.));
#12806=DIRECTION('center_axis',(-1.22464679914735E-16,1.,0.));
#12807=DIRECTION('ref_axis',(0.20317127171579,2.48813047585439E-17,-0.979143214422379));
#12808=DIRECTION('',(-1.,-1.22464679914735E-16,-5.68434188607977E-14));
#12809=DIRECTION('',(-5.6843418860808E-14,-6.96131109604808E-30,1.));
#12810=DIRECTION('center_axis',(-1.22464679914735E-16,1.,0.));
#12811=DIRECTION('ref_axis',(-1.,-1.22464679914735E-16,0.));
#12812=DIRECTION('center_axis',(-1.22464679914735E-16,1.,0.));
#12813=DIRECTION('ref_axis',(-1.,-1.22464679914735E-16,0.));
#12814=DIRECTION('center_axis',(-1.,-1.22464679914735E-16,-5.6843418860808E-14));
#12815=DIRECTION('ref_axis',(5.6843418860808E-14,6.96131109604808E-30,-1.));
#12816=DIRECTION('',(-5.6843418860808E-14,-6.96131109604808E-30,1.));
#12817=DIRECTION('',(1.22464679914735E-16,-1.,0.));
#12818=DIRECTION('center_axis',(-1.,-1.22464679914735E-16,-5.6843418860808E-14));
#12819=DIRECTION('ref_axis',(5.6843418860808E-14,6.96131109604808E-30,-1.));
#12820=DIRECTION('',(1.22464679914735E-16,-1.,0.));
#12821=DIRECTION('center_axis',(1.22464679914735E-16,-1.,0.));
#12822=DIRECTION('ref_axis',(-1.,-1.22464679914735E-16,0.));
#12823=DIRECTION('',(1.22464679914735E-16,-1.,0.));
#12824=DIRECTION('center_axis',(1.22464679914735E-16,-1.,0.));
#12825=DIRECTION('ref_axis',(-1.,-1.22464679914735E-16,0.));
#12826=DIRECTION('center_axis',(1.22464679914735E-16,-1.,0.));
#12827=DIRECTION('ref_axis',(-1.,-1.22464679914735E-16,0.));
#12828=DIRECTION('',(1.22464679914735E-16,-1.,0.));
#12829=DIRECTION('center_axis',(1.22464679914735E-16,-1.,0.));
#12830=DIRECTION('ref_axis',(-1.,-1.22464679914735E-16,0.));
#12831=DIRECTION('',(1.22464679914735E-16,-1.,0.));
#12832=DIRECTION('center_axis',(1.22464679914735E-16,-1.,0.));
#12833=DIRECTION('ref_axis',(-1.,-1.22464679914735E-16,0.));
#12834=DIRECTION('center_axis',(1.22464679914735E-16,-1.,0.));
#12835=DIRECTION('ref_axis',(-1.,-1.22464679914735E-16,0.));
#12836=DIRECTION('',(1.22464679914735E-16,-1.,0.));
#12837=DIRECTION('center_axis',(-1.,-1.22464679914735E-16,-5.6843418860808E-14));
#12838=DIRECTION('ref_axis',(5.6843418860808E-14,6.96131109604808E-30,-1.));
#12839=DIRECTION('',(-1.22464679914735E-16,1.,0.));
#12840=DIRECTION('center_axis',(1.,1.22464679914735E-16,5.6843418860808E-14));
#12841=DIRECTION('ref_axis',(-5.6843418860808E-14,-6.96131109604808E-30,
1.));
#12842=DIRECTION('',(1.22464679914735E-16,-1.,0.));
#12843=DIRECTION('',(-5.6843418860808E-14,-6.96131109604808E-30,1.));
#12844=DIRECTION('',(1.22464679914735E-16,-1.,0.));
#12845=DIRECTION('center_axis',(1.,1.22464679914735E-16,5.6843418860808E-14));
#12846=DIRECTION('ref_axis',(-5.6843418860808E-14,-6.96131109604808E-30,
1.));
#12847=DIRECTION('',(1.22464679914735E-16,-1.,0.));
#12848=DIRECTION('',(1.22464679914735E-16,-1.,0.));
#12849=DIRECTION('center_axis',(5.68434188607977E-14,6.96131109604682E-30,
-1.));
#12850=DIRECTION('ref_axis',(1.,1.22464679914735E-16,5.68434188607977E-14));
#12851=DIRECTION('center_axis',(1.22464679914735E-16,-1.,0.));
#12852=DIRECTION('ref_axis',(0.20317127171579,2.48813047585439E-17,-0.979143214422379));
#12853=DIRECTION('center_axis',(-1.22464679914735E-16,1.,0.));
#12854=DIRECTION('ref_axis',(0.20317127171579,2.48813047585439E-17,-0.979143214422379));
#12855=DIRECTION('center_axis',(1.22464679914735E-16,-1.,0.));
#12856=DIRECTION('ref_axis',(0.20317127171579,2.48813047585439E-17,-0.979143214422379));
#12857=DIRECTION('center_axis',(-1.22464679914735E-16,1.,0.));
#12858=DIRECTION('ref_axis',(-1.,-1.22464679914735E-16,0.));
#12859=DIRECTION('',(-1.,-1.22464679914735E-16,-5.68434188608078E-14));
#12860=DIRECTION('center_axis',(5.68434188608078E-14,6.96131109604806E-30,
-1.));
#12861=DIRECTION('ref_axis',(1.,1.22464679914735E-16,5.68434188608078E-14));
#12862=DIRECTION('center_axis',(5.68434188608078E-14,6.96131109604806E-30,
-1.));
#12863=DIRECTION('ref_axis',(1.,1.22464679914735E-16,5.68434188608078E-14));
#12864=DIRECTION('center_axis',(0.,0.,-1.));
#12865=DIRECTION('ref_axis',(-1.,0.,0.));
#12866=DIRECTION('',(-1.,-1.22464679914735E-16,0.));
#12867=DIRECTION('',(0.,1.,0.));
#12868=DIRECTION('',(1.,1.22464679914735E-16,0.));
#12869=DIRECTION('',(-1.22464679914735E-16,1.,0.));
#12870=DIRECTION('center_axis',(1.,0.,0.));
#12871=DIRECTION('ref_axis',(0.,0.,-1.));
#12872=DIRECTION('',(0.,0.,-1.));
#12873=DIRECTION('',(0.,-1.,-6.96649064299416E-30));
#12874=DIRECTION('',(0.,0.,1.));
#12875=DIRECTION('center_axis',(1.22464679914735E-16,-1.,0.));
#12876=DIRECTION('ref_axis',(0.,0.,1.));
#12877=DIRECTION('',(5.6843418860808E-14,6.96131109604808E-30,-1.));
#12878=DIRECTION('',(1.,1.22464679914735E-16,5.68720697775726E-14));
#12879=DIRECTION('',(5.32907051820075E-14,6.52622915254508E-30,-1.));
#12880=DIRECTION('',(-1.,-1.22464679914735E-16,-5.68720697775726E-14));
#12881=DIRECTION('center_axis',(-1.22464679914735E-16,1.,0.));
#12882=DIRECTION('ref_axis',(-1.,-1.22464679914735E-16,0.));
#12883=DIRECTION('center_axis',(-1.,-1.22464679914735E-16,-5.6843418860808E-14));
#12884=DIRECTION('ref_axis',(5.6843418860808E-14,6.96131109604808E-30,-1.));
#12885=DIRECTION('',(5.6843418860808E-14,6.96131109604808E-30,-1.));
#12886=DIRECTION('',(1.22464679914735E-16,-1.,0.));
#12887=DIRECTION('center_axis',(1.22464679914735E-16,-1.,0.));
#12888=DIRECTION('ref_axis',(-1.,-1.22464679914735E-16,0.));
#12889=DIRECTION('center_axis',(1.22464679914735E-16,-1.,0.));
#12890=DIRECTION('ref_axis',(-1.,-1.22464679914735E-16,0.));
#12891=DIRECTION('',(1.22464679914735E-16,-1.,0.));
#12892=DIRECTION('center_axis',(-1.22464679914735E-16,1.,0.));
#12893=DIRECTION('ref_axis',(-1.,-1.22464679914735E-16,0.));
#12894=DIRECTION('center_axis',(1.22464679914735E-16,-1.,0.));
#12895=DIRECTION('ref_axis',(-1.,-1.22464679914735E-16,0.));
#12896=DIRECTION('center_axis',(1.22464679914735E-16,-1.,0.));
#12897=DIRECTION('ref_axis',(-1.,-1.22464679914735E-16,0.));
#12898=DIRECTION('',(1.22464679914735E-16,-1.,0.));
#12899=DIRECTION('center_axis',(1.,1.22464679914735E-16,5.32907051820075E-14));
#12900=DIRECTION('ref_axis',(-5.32907051820075E-14,-6.52622915254508E-30,
1.));
#12901=DIRECTION('',(-5.32907051820075E-14,-6.52622915254508E-30,1.));
#12902=DIRECTION('',(-1.22464679914735E-16,1.,0.));
#12903=DIRECTION('',(-5.32907051820075E-14,-6.52622915254508E-30,1.));
#12904=DIRECTION('',(1.22464679914735E-16,-1.,0.));
#12905=DIRECTION('center_axis',(1.22464679914735E-16,-1.,0.));
#12906=DIRECTION('ref_axis',(0.,0.,1.));
#12907=DIRECTION('',(-1.,-1.22464679914735E-16,-5.68857130712668E-14));
#12908=DIRECTION('',(1.,1.22464679914735E-16,5.68720697775726E-14));
#12909=DIRECTION('center_axis',(-1.,-1.22464679914735E-16,-5.6843418860808E-14));
#12910=DIRECTION('ref_axis',(5.6843418860808E-14,6.96131109604808E-30,-1.));
#12911=DIRECTION('',(5.6843418860808E-14,6.96131109604808E-30,-1.));
#12912=DIRECTION('',(-1.22464679914735E-16,1.,0.));
#12913=DIRECTION('',(5.6843418860808E-14,6.96131109604808E-30,-1.));
#12914=DIRECTION('',(1.22464679914735E-16,-1.,0.));
#12915=DIRECTION('center_axis',(1.22464679914735E-16,-1.,0.));
#12916=DIRECTION('ref_axis',(0.,0.,1.));
#12917=DIRECTION('',(1.,1.22464679914735E-16,5.68720697775726E-14));
#12918=DIRECTION('',(-1.,-1.22464679914735E-16,-5.68857130712668E-14));
#12919=DIRECTION('',(-5.6843418860808E-14,-6.96131109604808E-30,1.));
#12920=DIRECTION('center_axis',(-5.68857130712668E-14,-6.96649064299416E-30,
1.));
#12921=DIRECTION('ref_axis',(-1.,-1.22464679914735E-16,-5.68857130712668E-14));
#12922=DIRECTION('',(1.22464679914735E-16,-1.,0.));
#12923=DIRECTION('',(-1.,-1.22464679914735E-16,-5.68857130712668E-14));
#12924=DIRECTION('',(1.22464679914735E-16,-1.,0.));
#12925=DIRECTION('',(-1.,-1.22464679914735E-16,-5.68720697775726E-14));
#12926=DIRECTION('',(1.22464679914735E-16,-1.,0.));
#12927=DIRECTION('',(1.,1.22464679914735E-16,5.68857130712668E-14));
#12928=DIRECTION('center_axis',(-1.,-1.22464679914735E-16,-5.32907051820075E-14));
#12929=DIRECTION('ref_axis',(5.32907051820075E-14,6.52622915254508E-30,
-1.));
#12930=DIRECTION('',(1.22464679914735E-16,-1.,0.));
#12931=DIRECTION('',(5.32907051820075E-14,6.52622915254508E-30,-1.));
#12932=DIRECTION('center_axis',(1.,1.22464679914735E-16,5.6843418860808E-14));
#12933=DIRECTION('ref_axis',(-5.6843418860808E-14,-6.96131109604808E-30,
1.));
#12934=DIRECTION('',(-5.6843418860808E-14,-6.96131109604808E-30,1.));
#12935=DIRECTION('',(1.22464679914735E-16,-1.,0.));
#12936=DIRECTION('center_axis',(1.22464679914735E-16,-1.,0.));
#12937=DIRECTION('ref_axis',(0.,0.,1.));
#12938=DIRECTION('',(1.,1.22464679914735E-16,5.68720697775726E-14));
#12939=DIRECTION('',(-5.6843418860808E-14,-6.96131109604808E-30,1.));
#12940=DIRECTION('center_axis',(1.,1.22464679914735E-16,5.6843418860808E-14));
#12941=DIRECTION('ref_axis',(-5.6843418860808E-14,-6.96131109604808E-30,
1.));
#12942=DIRECTION('',(-5.6843418860808E-14,-6.96131109604808E-30,1.));
#12943=DIRECTION('',(1.22464679914735E-16,-1.,0.));
#12944=DIRECTION('center_axis',(5.68720697775726E-14,6.96481982139892E-30,
-1.));
#12945=DIRECTION('ref_axis',(1.,1.22464679914735E-16,5.68720697775726E-14));
#12946=DIRECTION('',(1.,1.22464679914735E-16,5.68720697775726E-14));
#12947=DIRECTION('',(1.,1.22464679914735E-16,5.68720697775726E-14));
#12948=DIRECTION('center_axis',(-1.22464679914735E-16,1.,0.));
#12949=DIRECTION('ref_axis',(-1.,-1.22464679914735E-16,0.));
#12950=DIRECTION('center_axis',(1.22464679914735E-16,-1.,0.));
#12951=DIRECTION('ref_axis',(0.,0.,1.));
#12952=DIRECTION('center_axis',(1.22464679914735E-16,-1.,0.));
#12953=DIRECTION('ref_axis',(-1.,-1.22464679914735E-16,0.));
#12954=DIRECTION('center_axis',(1.22464679914735E-16,-1.,0.));
#12955=DIRECTION('ref_axis',(-1.,-1.22464679914735E-16,0.));
#12956=DIRECTION('',(1.22464679914735E-16,-1.,0.));
#12957=DIRECTION('center_axis',(-1.22464679914735E-16,1.,0.));
#12958=DIRECTION('ref_axis',(-1.,-1.22464679914735E-16,0.));
#12959=DIRECTION('center_axis',(1.22464679914735E-16,-1.,0.));
#12960=DIRECTION('ref_axis',(-1.,-1.22464679914735E-16,0.));
#12961=DIRECTION('center_axis',(1.22464679914735E-16,-1.,0.));
#12962=DIRECTION('ref_axis',(-1.,-1.22464679914735E-16,0.));
#12963=DIRECTION('',(1.22464679914735E-16,-1.,0.));
#12964=DIRECTION('center_axis',(-1.22464679914735E-16,1.,0.));
#12965=DIRECTION('ref_axis',(-1.,-1.22464679914735E-16,0.));
#12966=DIRECTION('center_axis',(1.22464679914735E-16,-1.,0.));
#12967=DIRECTION('ref_axis',(0.20317127171579,2.48813047585439E-17,-0.979143214422379));
#12968=DIRECTION('center_axis',(1.22464679914735E-16,-1.,0.));
#12969=DIRECTION('ref_axis',(0.20317127171579,2.48813047585439E-17,-0.979143214422379));
#12970=DIRECTION('',(1.22464679914735E-16,-1.,0.));
#12971=DIRECTION('center_axis',(-1.22464679914735E-16,1.,0.));
#12972=DIRECTION('ref_axis',(0.20317127171579,2.48813047585439E-17,-0.979143214422379));
#12973=DIRECTION('',(-1.22464679914735E-16,1.,0.));
#12974=DIRECTION('center_axis',(1.22464679914735E-16,-1.,0.));
#12975=DIRECTION('ref_axis',(0.20317127171579,2.48813047585439E-17,-0.979143214422379));
#12976=DIRECTION('center_axis',(-1.22464679914735E-16,1.,0.));
#12977=DIRECTION('ref_axis',(0.20317127171579,2.48813047585439E-17,-0.979143214422379));
#12978=DIRECTION('',(-1.22464679914735E-16,1.,0.));
#12979=DIRECTION('center_axis',(1.22464679914735E-16,-1.,0.));
#12980=DIRECTION('ref_axis',(0.20317127171579,2.48813047585439E-17,-0.979143214422379));
#12981=DIRECTION('',(1.22464679914735E-16,-1.,0.));
#12982=DIRECTION('center_axis',(-1.,-1.22464679914735E-16,-5.27831746564646E-14));
#12983=DIRECTION('ref_axis',(5.27831746564646E-14,6.46407458918751E-30,
-1.));
#12984=DIRECTION('',(5.27831746564646E-14,6.46407458918751E-30,-1.));
#12985=DIRECTION('',(1.22464679914735E-16,-1.,0.));
#12986=DIRECTION('',(5.27831746564646E-14,6.46407458918751E-30,-1.));
#12987=DIRECTION('center_axis',(-1.22464679914735E-16,1.,0.));
#12988=DIRECTION('ref_axis',(-1.,-1.22464679914735E-16,0.));
#12989=DIRECTION('',(5.32907051820075E-14,6.52622915254508E-30,-1.));
#12990=DIRECTION('center_axis',(1.22464679914735E-16,-1.,0.));
#12991=DIRECTION('ref_axis',(0.190402479273321,2.33175786791792E-17,-0.981706114825905));
#12992=DIRECTION('center_axis',(-1.,-1.22464679914735E-16,-5.32907051820075E-14));
#12993=DIRECTION('ref_axis',(5.32907051820075E-14,6.52622915254508E-30,
-1.));
#12994=DIRECTION('',(5.32907051820075E-14,6.52622915254508E-30,-1.));
#12995=DIRECTION('',(1.22464679914735E-16,-1.,0.));
#12996=DIRECTION('',(5.6843418860808E-14,6.96131109604808E-30,-1.));
#12997=DIRECTION('',(1.22464679914735E-16,-1.,0.));
#12998=DIRECTION('',(5.6843418860808E-14,6.96131109604808E-30,-1.));
#12999=DIRECTION('center_axis',(-1.22464679914735E-16,1.,0.));
#13000=DIRECTION('ref_axis',(-1.,-1.22464679914735E-16,0.));
#13001=DIRECTION('',(-5.32907051820075E-14,-6.52622915254508E-30,1.));
#13002=DIRECTION('center_axis',(1.22464679914735E-16,-1.,0.));
#13003=DIRECTION('ref_axis',(0.190402479273321,2.33175786791792E-17,-0.981706114825905));
#13004=DIRECTION('center_axis',(1.,1.22464679914735E-16,5.32907051820075E-14));
#13005=DIRECTION('ref_axis',(-5.32907051820075E-14,-6.52622915254508E-30,
1.));
#13006=DIRECTION('',(-5.32907051820075E-14,-6.52622915254508E-30,1.));
#13007=DIRECTION('',(-1.22464679914735E-16,1.,0.));
#13008=DIRECTION('center_axis',(1.22464679914735E-16,-1.,0.));
#13009=DIRECTION('ref_axis',(0.20317127171579,2.48813047585439E-17,-0.979143214422379));
#13010=DIRECTION('center_axis',(-1.22464679914735E-16,1.,0.));
#13011=DIRECTION('ref_axis',(0.20317127171579,2.48813047585439E-17,-0.979143214422379));
#13012=DIRECTION('',(1.22464679914735E-16,-1.,0.));
#13013=DIRECTION('center_axis',(1.22464679914735E-16,-1.,0.));
#13014=DIRECTION('ref_axis',(0.20317127171579,2.48813047585439E-17,-0.979143214422379));
#13015=DIRECTION('',(1.22464679914735E-16,-1.,0.));
#13016=DIRECTION('center_axis',(1.22464679914735E-16,-1.,0.));
#13017=DIRECTION('ref_axis',(0.20317127171579,2.48813047585439E-17,-0.979143214422379));
#13018=DIRECTION('center_axis',(1.22464679914735E-16,-1.,0.));
#13019=DIRECTION('ref_axis',(0.20317127171579,2.48813047585439E-17,-0.979143214422379));
#13020=DIRECTION('',(1.22464679914735E-16,-1.,0.));
#13021=DIRECTION('center_axis',(-1.22464679914735E-16,1.,0.));
#13022=DIRECTION('ref_axis',(0.20317127171579,2.48813047585439E-17,-0.979143214422379));
#13023=DIRECTION('',(1.22464679914735E-16,-1.,0.));
#13024=DIRECTION('center_axis',(-1.,-1.22464679914735E-16,-5.17681136053787E-14));
#13025=DIRECTION('ref_axis',(5.17681136053787E-14,6.33976546247236E-30,
-1.));
#13026=DIRECTION('',(5.17681136053787E-14,6.33976546247236E-30,-1.));
#13027=DIRECTION('',(1.22464679914735E-16,-1.,0.));
#13028=DIRECTION('',(5.17681136053787E-14,6.33976546247236E-30,-1.));
#13029=DIRECTION('center_axis',(-1.22464679914735E-16,1.,0.));
#13030=DIRECTION('ref_axis',(-1.,-1.22464679914735E-16,0.));
#13031=DIRECTION('',(-5.6843418860808E-14,-6.96131109604808E-30,1.));
#13032=DIRECTION('center_axis',(1.22464679914735E-16,-1.,0.));
#13033=DIRECTION('ref_axis',(0.190402479273321,2.33175786791792E-17,-0.981706114825905));
#13034=DIRECTION('center_axis',(1.,1.22464679914735E-16,5.6843418860808E-14));
#13035=DIRECTION('ref_axis',(-5.6843418860808E-14,-6.96131109604808E-30,
1.));
#13036=DIRECTION('',(-5.6843418860808E-14,-6.96131109604808E-30,1.));
#13037=DIRECTION('',(1.22464679914735E-16,-1.,0.));
#13038=DIRECTION('',(5.6843418860808E-14,6.96131109604808E-30,-1.));
#13039=DIRECTION('',(1.22464679914735E-16,-1.,0.));
#13040=DIRECTION('',(-5.6843418860808E-14,-6.96131109604808E-30,1.));
#13041=DIRECTION('center_axis',(-1.22464679914735E-16,1.,0.));
#13042=DIRECTION('ref_axis',(-1.,-1.22464679914735E-16,0.));
#13043=DIRECTION('',(-5.6843418860808E-14,-6.96131109604808E-30,1.));
#13044=DIRECTION('center_axis',(1.22464679914735E-16,-1.,0.));
#13045=DIRECTION('ref_axis',(0.190402479273321,2.33175786791792E-17,-0.981706114825905));
#13046=DIRECTION('center_axis',(1.22464679914735E-16,-1.,0.));
#13047=DIRECTION('ref_axis',(0.190402479273321,2.33175786791792E-17,-0.981706114825905));
#13048=DIRECTION('',(1.22464679914735E-16,-1.,0.));
#13049=DIRECTION('center_axis',(1.22464679914735E-16,-1.,0.));
#13050=DIRECTION('ref_axis',(0.190402479273321,2.33175786791792E-17,-0.981706114825905));
#13051=DIRECTION('center_axis',(-1.22464679914735E-16,1.,0.));
#13052=DIRECTION('ref_axis',(0.190402479273321,2.33175786791792E-17,-0.981706114825905));
#13053=DIRECTION('center_axis',(1.,1.22464679914735E-16,5.6843418860808E-14));
#13054=DIRECTION('ref_axis',(-5.6843418860808E-14,-6.96131109604808E-30,
1.));
#13055=DIRECTION('',(-5.6843418860808E-14,-6.96131109604808E-30,1.));
#13056=DIRECTION('center_axis',(1.22464679914735E-16,-1.,0.));
#13057=DIRECTION('ref_axis',(0.198000830326119,2.424810830874E-17,-0.98020185226828));
#13058=DIRECTION('center_axis',(-1.22464679914735E-16,1.,0.));
#13059=DIRECTION('ref_axis',(0.198000830326119,2.424810830874E-17,-0.98020185226828));
#13060=DIRECTION('center_axis',(-1.22464679914735E-16,1.,0.));
#13061=DIRECTION('ref_axis',(0.198000830326119,2.424810830874E-17,-0.98020185226828));
#13062=DIRECTION('center_axis',(-1.22464679914735E-16,1.,0.));
#13063=DIRECTION('ref_axis',(-1.,-1.22464679914735E-16,0.));
#13064=DIRECTION('center_axis',(-1.22464679914735E-16,1.,0.));
#13065=DIRECTION('ref_axis',(-1.,-1.22464679914735E-16,0.));
#13066=DIRECTION('center_axis',(1.,1.22464679914735E-16,4.9737991503207E-14));
#13067=DIRECTION('ref_axis',(-4.9737991503207E-14,-6.09114720904207E-30,
1.));
#13068=DIRECTION('',(4.9737991503207E-14,6.09114720904207E-30,-1.));
#13069=DIRECTION('',(-1.22464679914735E-16,1.,0.));
#13070=DIRECTION('',(-4.9737991503207E-14,-6.09114720904207E-30,1.));
#13071=DIRECTION('',(1.22464679914735E-16,-1.,0.));
#13072=DIRECTION('center_axis',(1.22464679914735E-16,-1.,0.));
#13073=DIRECTION('ref_axis',(0.,0.,1.));
#13074=DIRECTION('',(1.,1.22464679914735E-16,5.68857130712668E-14));
#13075=DIRECTION('',(4.9737991503207E-14,6.09114720904207E-30,-1.));
#13076=DIRECTION('',(-1.,-1.22464679914735E-16,-5.68857130712668E-14));
#13077=DIRECTION('center_axis',(-1.,-1.22464679914735E-16,-5.6843418860808E-14));
#13078=DIRECTION('ref_axis',(5.6843418860808E-14,6.96131109604808E-30,-1.));
#13079=DIRECTION('',(-5.6843418860808E-14,-6.96131109604808E-30,1.));
#13080=DIRECTION('',(-1.22464679914735E-16,1.,0.));
#13081=DIRECTION('',(5.6843418860808E-14,6.96131109604808E-30,-1.));
#13082=DIRECTION('',(1.22464679914735E-16,-1.,0.));
#13083=DIRECTION('center_axis',(1.22464679914735E-16,-1.,0.));
#13084=DIRECTION('ref_axis',(0.,0.,1.));
#13085=DIRECTION('',(-1.,-1.22464679914735E-16,-5.68857130712668E-14));
#13086=DIRECTION('',(-5.6843418860808E-14,-6.96131109604808E-30,1.));
#13087=DIRECTION('',(1.,1.22464679914735E-16,5.68857130712668E-14));
#13088=DIRECTION('center_axis',(5.68857130712668E-14,6.96649064299416E-30,
-1.));
#13089=DIRECTION('ref_axis',(1.,1.22464679914735E-16,5.68857130712668E-14));
#13090=DIRECTION('',(1.,1.22464679914735E-16,5.68857130712668E-14));
#13091=DIRECTION('',(1.22464679914735E-16,-1.,0.));
#13092=DIRECTION('',(1.,1.22464679914735E-16,5.6843418860808E-14));
#13093=DIRECTION('',(1.22464679914735E-16,-1.,0.));
#13094=DIRECTION('',(1.,1.22464679914735E-16,5.68857130712668E-14));
#13095=DIRECTION('',(1.22464679914735E-16,-1.,0.));
#13096=DIRECTION('',(1.,1.22464679914735E-16,4.97379915032491E-14));
#13097=DIRECTION('',(1.22464679914735E-16,-1.,0.));
#13098=DIRECTION('center_axis',(-1.,-1.22464679914735E-16,-4.9737991503207E-14));
#13099=DIRECTION('ref_axis',(4.9737991503207E-14,6.09114720904207E-30,-1.));
#13100=DIRECTION('',(4.9737991503207E-14,6.09114720904207E-30,-1.));
#13101=DIRECTION('',(1.22464679914735E-16,-1.,0.));
#13102=DIRECTION('center_axis',(1.22464679914735E-16,-1.,0.));
#13103=DIRECTION('ref_axis',(0.,0.,1.));
#13104=DIRECTION('',(4.9737991503207E-14,6.09114720904207E-30,-1.));
#13105=DIRECTION('',(-1.,-1.22464679914735E-16,-4.97379915032491E-14));
#13106=DIRECTION('center_axis',(1.,1.22464679914735E-16,5.6843418860808E-14));
#13107=DIRECTION('ref_axis',(-5.6843418860808E-14,-6.96131109604808E-30,
1.));
#13108=DIRECTION('',(1.22464679914735E-16,-1.,0.));
#13109=DIRECTION('',(-5.6843418860808E-14,-6.96131109604808E-30,1.));
#13110=DIRECTION('center_axis',(1.22464679914735E-16,-1.,0.));
#13111=DIRECTION('ref_axis',(0.,0.,1.));
#13112=DIRECTION('',(-5.6843418860808E-14,-6.96131109604808E-30,1.));
#13113=DIRECTION('',(-1.,-1.22464679914735E-16,-5.6843418860808E-14));
#13114=DIRECTION('center_axis',(1.22464679914735E-16,-1.,0.));
#13115=DIRECTION('ref_axis',(0.,0.,1.));
#13116=DIRECTION('',(-1.,-1.22464679914735E-16,-5.68857130712668E-14));
#13117=DIRECTION('center_axis',(1.,1.22464679914735E-16,5.6843418860808E-14));
#13118=DIRECTION('ref_axis',(-5.6843418860808E-14,-6.96131109604808E-30,
1.));
#13119=DIRECTION('',(1.22464679914735E-16,-1.,0.));
#13120=DIRECTION('',(-5.6843418860808E-14,-6.96131109604808E-30,1.));
#13121=DIRECTION('center_axis',(-1.,-1.22464679914735E-16,-4.9737991503207E-14));
#13122=DIRECTION('ref_axis',(4.9737991503207E-14,6.09114720904207E-30,-1.));
#13123=DIRECTION('',(4.9737991503207E-14,6.09114720904207E-30,-1.));
#13124=DIRECTION('',(1.22464679914735E-16,-1.,0.));
#13125=DIRECTION('center_axis',(-5.68857130712668E-14,-6.96649064299416E-30,
1.));
#13126=DIRECTION('ref_axis',(-1.,-1.22464679914735E-16,-5.68857130712668E-14));
#13127=DIRECTION('',(-1.,-1.22464679914735E-16,-5.68857130712668E-14));
#13128=DIRECTION('center_axis',(1.22464679914735E-16,-1.,0.));
#13129=DIRECTION('ref_axis',(0.,0.,1.));
#13130=DIRECTION('center_axis',(1.,1.22464679914735E-16,4.9737991503207E-14));
#13131=DIRECTION('ref_axis',(-4.9737991503207E-14,-6.09114720904207E-30,
1.));
#13132=DIRECTION('',(-1.22464679914735E-16,1.,0.));
#13133=DIRECTION('',(4.9737991503207E-14,6.09114720904207E-30,-1.));
#13134=DIRECTION('',(1.22464679914735E-16,-1.,0.));
#13135=DIRECTION('',(-4.9737991503207E-14,-6.09114720904207E-30,1.));
#13136=DIRECTION('center_axis',(-1.,-1.22464679914735E-16,-5.6843418860808E-14));
#13137=DIRECTION('ref_axis',(5.6843418860808E-14,6.96131109604808E-30,-1.));
#13138=DIRECTION('',(1.22464679914735E-16,-1.,0.));
#13139=DIRECTION('',(-5.6843418860808E-14,-6.96131109604808E-30,1.));
#13140=DIRECTION('',(1.22464679914735E-16,-1.,0.));
#13141=DIRECTION('',(-5.6843418860808E-14,-6.96131109604808E-30,1.));
#13142=DIRECTION('center_axis',(1.22464679914735E-16,-1.,0.));
#13143=DIRECTION('ref_axis',(0.,0.,1.));
#13144=DIRECTION('',(1.,1.22464679914735E-16,5.68857130712701E-14));
#13145=DIRECTION('',(-5.6843418860808E-14,-6.96131109604808E-30,1.));
#13146=DIRECTION('',(1.,1.22464679914735E-16,5.68857130712668E-14));
#13147=DIRECTION('center_axis',(5.68857130712668E-14,6.96649064299416E-30,
-1.));
#13148=DIRECTION('ref_axis',(1.,1.22464679914735E-16,5.68857130712668E-14));
#13149=DIRECTION('',(1.22464679914735E-16,-1.,0.));
#13150=DIRECTION('',(1.,1.22464679914735E-16,5.68857130712668E-14));
#13151=DIRECTION('',(1.22464679914735E-16,-1.,0.));
#13152=DIRECTION('',(1.,1.22464679914735E-16,5.6843418860808E-14));
#13153=DIRECTION('',(1.,1.22464679914735E-16,5.68857130712668E-14));
#13154=DIRECTION('',(1.22464679914735E-16,-1.,0.));
#13155=DIRECTION('',(1.,1.22464679914735E-16,4.97379915032491E-14));
#13156=DIRECTION('',(1.22464679914735E-16,-1.,0.));
#13157=DIRECTION('',(1.,1.22464679914735E-16,5.68857130712668E-14));
#13158=DIRECTION('center_axis',(-1.,-1.22464679914735E-16,-5.6843418860808E-14));
#13159=DIRECTION('ref_axis',(5.6843418860808E-14,6.96131109604808E-30,-1.));
#13160=DIRECTION('',(1.22464679914735E-16,-1.,0.));
#13161=DIRECTION('',(5.6843418860808E-14,6.96131109604808E-30,-1.));
#13162=DIRECTION('center_axis',(1.,1.22464679914735E-16,4.9737991503207E-14));
#13163=DIRECTION('ref_axis',(-4.9737991503207E-14,-6.09114720904207E-30,
1.));
#13164=DIRECTION('',(-1.22464679914735E-16,1.,0.));
#13165=DIRECTION('',(4.9737991503207E-14,6.09114720904207E-30,-1.));
#13166=DIRECTION('',(4.9737991503207E-14,6.09114720904207E-30,-1.));
#13167=DIRECTION('center_axis',(1.22464679914735E-16,-1.,0.));
#13168=DIRECTION('ref_axis',(0.,0.,1.));
#13169=DIRECTION('',(4.9737991503207E-14,6.09114720904207E-30,-1.));
#13170=DIRECTION('',(-1.,-1.22464679914735E-16,-5.68857130712701E-14));
#13171=DIRECTION('center_axis',(1.22464679914735E-16,-1.,0.));
#13172=DIRECTION('ref_axis',(0.,0.,1.));
#13173=DIRECTION('',(-1.,-1.22464679914735E-16,-5.68857130712701E-14));
#13174=DIRECTION('',(-5.6843418860808E-14,-6.96131109604808E-30,1.));
#13175=DIRECTION('center_axis',(-1.,-1.22464679914735E-16,-4.9737991503207E-14));
#13176=DIRECTION('ref_axis',(4.9737991503207E-14,6.09114720904207E-30,-1.));
#13177=DIRECTION('',(4.9737991503207E-14,6.09114720904207E-30,-1.));
#13178=DIRECTION('',(1.22464679914735E-16,-1.,0.));
#13179=DIRECTION('center_axis',(1.22464679914735E-16,-1.,0.));
#13180=DIRECTION('ref_axis',(0.,0.,1.));
#13181=DIRECTION('',(-1.,-1.22464679914735E-16,-4.97379915032049E-14));
#13182=DIRECTION('center_axis',(1.,1.22464679914735E-16,5.6843418860808E-14));
#13183=DIRECTION('ref_axis',(-5.6843418860808E-14,-6.96131109604808E-30,
1.));
#13184=DIRECTION('',(1.22464679914735E-16,-1.,0.));
#13185=DIRECTION('',(-5.6843418860808E-14,-6.96131109604808E-30,1.));
#13186=DIRECTION('center_axis',(1.22464679914735E-16,-1.,0.));
#13187=DIRECTION('ref_axis',(0.,0.,1.));
#13188=DIRECTION('',(-1.,-1.22464679914735E-16,-5.6843418860808E-14));
#13189=DIRECTION('center_axis',(-5.68857130712701E-14,-6.96649064299457E-30,
1.));
#13190=DIRECTION('ref_axis',(-1.,-1.22464679914735E-16,-5.68857130712701E-14));
#13191=DIRECTION('',(-1.,-1.22464679914735E-16,-5.68857130712701E-14));
#13192=DIRECTION('center_axis',(1.22464679914735E-16,-1.,0.));
#13193=DIRECTION('ref_axis',(0.,0.,1.));
#13194=DIRECTION('center_axis',(1.,1.22464679914735E-16,4.9737991503207E-14));
#13195=DIRECTION('ref_axis',(-4.9737991503207E-14,-6.09114720904207E-30,
1.));
#13196=DIRECTION('',(4.9737991503207E-14,6.09114720904207E-30,-1.));
#13197=DIRECTION('',(-1.22464679914735E-16,1.,0.));
#13198=DIRECTION('',(-4.9737991503207E-14,-6.09114720904207E-30,1.));
#13199=DIRECTION('',(1.22464679914735E-16,-1.,0.));
#13200=DIRECTION('center_axis',(1.22464679914735E-16,-1.,0.));
#13201=DIRECTION('ref_axis',(0.,0.,1.));
#13202=DIRECTION('',(1.,1.22464679914735E-16,5.68857130712701E-14));
#13203=DIRECTION('',(4.9737991503207E-14,6.09114720904207E-30,-1.));
#13204=DIRECTION('',(-1.,-1.22464679914735E-16,-5.68857130712701E-14));
#13205=DIRECTION('center_axis',(-1.,-1.22464679914735E-16,-5.6843418860808E-14));
#13206=DIRECTION('ref_axis',(5.6843418860808E-14,6.96131109604808E-30,-1.));
#13207=DIRECTION('',(-5.6843418860808E-14,-6.96131109604808E-30,1.));
#13208=DIRECTION('',(-1.22464679914735E-16,1.,0.));
#13209=DIRECTION('',(5.6843418860808E-14,6.96131109604808E-30,-1.));
#13210=DIRECTION('',(1.22464679914735E-16,-1.,0.));
#13211=DIRECTION('center_axis',(1.22464679914735E-16,-1.,0.));
#13212=DIRECTION('ref_axis',(0.,0.,1.));
#13213=DIRECTION('',(-1.,-1.22464679914735E-16,-5.68857130712701E-14));
#13214=DIRECTION('',(-5.6843418860808E-14,-6.96131109604808E-30,1.));
#13215=DIRECTION('',(1.,1.22464679914735E-16,5.68857130712701E-14));
#13216=DIRECTION('center_axis',(5.68857130712701E-14,6.96649064299457E-30,
-1.));
#13217=DIRECTION('ref_axis',(1.,1.22464679914735E-16,5.68857130712701E-14));
#13218=DIRECTION('',(1.,1.22464679914735E-16,5.68857130712701E-14));
#13219=DIRECTION('',(1.22464679914735E-16,-1.,0.));
#13220=DIRECTION('',(1.,1.22464679914735E-16,5.6843418860808E-14));
#13221=DIRECTION('',(1.22464679914735E-16,-1.,0.));
#13222=DIRECTION('',(1.,1.22464679914735E-16,5.68857130712701E-14));
#13223=DIRECTION('',(1.22464679914735E-16,-1.,0.));
#13224=DIRECTION('',(1.,1.22464679914735E-16,4.97379915032049E-14));
#13225=DIRECTION('',(1.22464679914735E-16,-1.,0.));
#13226=DIRECTION('center_axis',(-1.,-1.22464679914735E-16,-4.9737991503207E-14));
#13227=DIRECTION('ref_axis',(4.9737991503207E-14,6.09114720904207E-30,-1.));
#13228=DIRECTION('',(4.9737991503207E-14,6.09114720904207E-30,-1.));
#13229=DIRECTION('',(1.22464679914735E-16,-1.,0.));
#13230=DIRECTION('center_axis',(1.22464679914735E-16,-1.,0.));
#13231=DIRECTION('ref_axis',(0.,0.,1.));
#13232=DIRECTION('',(4.9737991503207E-14,6.09114720904207E-30,-1.));
#13233=DIRECTION('',(-1.,-1.22464679914735E-16,-4.97379915032049E-14));
#13234=DIRECTION('center_axis',(1.,1.22464679914735E-16,5.6843418860808E-14));
#13235=DIRECTION('ref_axis',(-5.6843418860808E-14,-6.96131109604808E-30,
1.));
#13236=DIRECTION('',(1.22464679914735E-16,-1.,0.));
#13237=DIRECTION('',(-5.6843418860808E-14,-6.96131109604808E-30,1.));
#13238=DIRECTION('center_axis',(1.22464679914735E-16,-1.,0.));
#13239=DIRECTION('ref_axis',(0.,0.,1.));
#13240=DIRECTION('',(-5.6843418860808E-14,-6.96131109604808E-30,1.));
#13241=DIRECTION('',(-1.,-1.22464679914735E-16,-5.6843418860808E-14));
#13242=DIRECTION('center_axis',(1.22464679914735E-16,-1.,0.));
#13243=DIRECTION('ref_axis',(0.,0.,1.));
#13244=DIRECTION('',(-1.,-1.22464679914735E-16,-5.68857130712701E-14));
#13245=DIRECTION('center_axis',(-1.,-1.22464679914735E-16,-4.9737991503207E-14));
#13246=DIRECTION('ref_axis',(4.9737991503207E-14,6.09114720904207E-30,-1.));
#13247=DIRECTION('',(4.9737991503207E-14,6.09114720904207E-30,-1.));
#13248=DIRECTION('',(1.22464679914735E-16,-1.,0.));
#13249=DIRECTION('center_axis',(-5.68857130712701E-14,-6.96649064299457E-30,
1.));
#13250=DIRECTION('ref_axis',(-1.,-1.22464679914735E-16,-5.68857130712701E-14));
#13251=DIRECTION('',(-1.,-1.22464679914735E-16,-5.68857130712701E-14));
#13252=DIRECTION('',(1.22464679914735E-16,-1.,0.));
#13253=DIRECTION('center_axis',(1.,1.22464679914735E-16,5.6843418860808E-14));
#13254=DIRECTION('ref_axis',(-5.6843418860808E-14,-6.96131109604808E-30,
1.));
#13255=DIRECTION('',(-5.6843418860808E-14,-6.96131109604808E-30,1.));
#13256=DIRECTION('center_axis',(1.22464679914735E-16,-1.,0.));
#13257=DIRECTION('ref_axis',(0.,0.,1.));
#13258=DIRECTION('center_axis',(1.22464679914735E-16,-1.,0.));
#13259=DIRECTION('ref_axis',(-1.,-1.22464679914735E-16,0.));
#13260=DIRECTION('center_axis',(1.22464679914735E-16,-1.,0.));
#13261=DIRECTION('ref_axis',(-1.,-1.22464679914735E-16,0.));
#13262=DIRECTION('',(1.22464679914735E-16,-1.,0.));
#13263=DIRECTION('center_axis',(-1.22464679914735E-16,1.,0.));
#13264=DIRECTION('ref_axis',(-1.,-1.22464679914735E-16,0.));
#13265=DIRECTION('center_axis',(1.22464679914735E-16,-1.,0.));
#13266=DIRECTION('ref_axis',(-1.,-1.22464679914735E-16,0.));
#13267=DIRECTION('center_axis',(1.22464679914735E-16,-1.,0.));
#13268=DIRECTION('ref_axis',(-1.,-1.22464679914735E-16,0.));
#13269=DIRECTION('',(1.22464679914735E-16,-1.,0.));
#13270=DIRECTION('center_axis',(-1.22464679914735E-16,1.,0.));
#13271=DIRECTION('ref_axis',(-1.,-1.22464679914735E-16,0.));
#13272=DIRECTION('center_axis',(1.22464679914735E-16,-1.,0.));
#13273=DIRECTION('ref_axis',(-1.,-1.22464679914735E-16,0.));
#13274=DIRECTION('center_axis',(1.22464679914735E-16,-1.,0.));
#13275=DIRECTION('ref_axis',(-1.,-1.22464679914735E-16,0.));
#13276=DIRECTION('',(1.22464679914735E-16,-1.,0.));
#13277=DIRECTION('center_axis',(-1.22464679914735E-16,1.,0.));
#13278=DIRECTION('ref_axis',(-1.,-1.22464679914735E-16,0.));
#13279=DIRECTION('center_axis',(1.22464679914735E-16,-1.,0.));
#13280=DIRECTION('ref_axis',(-1.,-1.22464679914735E-16,0.));
#13281=DIRECTION('center_axis',(1.22464679914735E-16,-1.,0.));
#13282=DIRECTION('ref_axis',(-1.,-1.22464679914735E-16,0.));
#13283=DIRECTION('',(1.22464679914735E-16,-1.,0.));
#13284=DIRECTION('center_axis',(-1.22464679914735E-16,1.,0.));
#13285=DIRECTION('ref_axis',(-1.,-1.22464679914735E-16,0.));
#13286=DIRECTION('center_axis',(1.,1.22464679914735E-16,5.6843418860808E-14));
#13287=DIRECTION('ref_axis',(-5.6843418860808E-14,-6.96131109604808E-30,
1.));
#13288=DIRECTION('',(5.6843418860808E-14,6.96131109604808E-30,-1.));
#13289=DIRECTION('',(-1.22464679914735E-16,1.,0.));
#13290=DIRECTION('',(-5.6843418860808E-14,-6.96131109604808E-30,1.));
#13291=DIRECTION('',(1.22464679914735E-16,-1.,0.));
#13292=DIRECTION('center_axis',(-1.22464679914735E-16,1.,0.));
#13293=DIRECTION('ref_axis',(-1.,-1.22464679914735E-16,0.));
#13294=DIRECTION('',(-1.,-1.22464679914735E-16,-5.6843418860823E-14));
#13295=DIRECTION('',(-5.6843418860808E-14,-6.96131109604808E-30,1.));
#13296=DIRECTION('center_axis',(-1.22464679914735E-16,1.,0.));
#13297=DIRECTION('ref_axis',(0.20317127171579,2.48813047585439E-17,-0.979143214422379));
#13298=DIRECTION('',(5.6843418860808E-14,6.96131109604808E-30,-1.));
#13299=DIRECTION('',(1.,1.22464679914735E-16,5.6843418860808E-14));
#13300=DIRECTION('',(-5.6843418860808E-14,-6.96131109604808E-30,1.));
#13301=DIRECTION('',(1.,1.22464679914735E-16,5.68434188607911E-14));
#13302=DIRECTION('center_axis',(5.6843418860823E-14,6.96131109604991E-30,
-1.));
#13303=DIRECTION('ref_axis',(1.,1.22464679914735E-16,5.6843418860823E-14));
#13304=DIRECTION('',(1.,1.22464679914735E-16,5.6843418860823E-14));
#13305=DIRECTION('',(1.22464679914735E-16,-1.,0.));
#13306=DIRECTION('center_axis',(-1.,-1.22464679914735E-16,-5.6843418860808E-14));
#13307=DIRECTION('ref_axis',(5.6843418860808E-14,6.96131109604808E-30,-1.));
#13308=DIRECTION('',(5.6843418860808E-14,6.96131109604808E-30,-1.));
#13309=DIRECTION('',(1.22464679914735E-16,-1.,0.));
#13310=DIRECTION('',(5.6843418860808E-14,6.96131109604808E-30,-1.));
#13311=DIRECTION('',(-1.22464679914735E-16,1.,0.));
#13312=DIRECTION('center_axis',(1.22464679914735E-16,-1.,0.));
#13313=DIRECTION('ref_axis',(0.20317127171579,2.48813047585439E-17,-0.979143214422379));
#13314=DIRECTION('',(1.22464679914735E-16,-1.,0.));
#13315=DIRECTION('center_axis',(-1.22464679914735E-16,1.,0.));
#13316=DIRECTION('ref_axis',(0.20317127171579,2.48813047585439E-17,-0.979143214422379));
#13317=DIRECTION('',(1.22464679914735E-16,-1.,0.));
#13318=DIRECTION('center_axis',(-1.22464679914735E-16,1.,0.));
#13319=DIRECTION('ref_axis',(-1.,-1.22464679914735E-16,0.));
#13320=DIRECTION('center_axis',(-1.22464679914735E-16,1.,0.));
#13321=DIRECTION('ref_axis',(0.20317127171579,2.48813047585439E-17,-0.979143214422379));
#13322=DIRECTION('',(-5.6843418860808E-14,-6.96131109604808E-30,1.));
#13323=DIRECTION('',(-1.,-1.22464679914735E-16,-5.68434188607911E-14));
#13324=DIRECTION('',(-5.6843418860808E-14,-6.96131109604808E-30,1.));
#13325=DIRECTION('',(1.,1.22464679914735E-16,5.6843418860808E-14));
#13326=DIRECTION('center_axis',(1.22464679914735E-16,-1.,0.));
#13327=DIRECTION('ref_axis',(0.20317127171579,2.48813047585439E-17,-0.979143214422379));
#13328=DIRECTION('center_axis',(-1.22464679914735E-16,1.,0.));
#13329=DIRECTION('ref_axis',(0.20317127171579,2.48813047585439E-17,-0.979143214422379));
#13330=DIRECTION('',(1.22464679914735E-16,-1.,0.));
#13331=DIRECTION('center_axis',(-1.,-1.22464679914735E-16,-5.6843418860808E-14));
#13332=DIRECTION('ref_axis',(5.6843418860808E-14,6.96131109604808E-30,-1.));
#13333=DIRECTION('',(-5.6843418860808E-14,-6.96131109604808E-30,1.));
#13334=DIRECTION('',(1.22464679914735E-16,-1.,0.));
#13335=DIRECTION('center_axis',(-1.22464679914735E-16,1.,0.));
#13336=DIRECTION('ref_axis',(-1.,-1.22464679914735E-16,0.));
#13337=DIRECTION('',(1.,1.22464679914735E-16,5.6843418860808E-14));
#13338=DIRECTION('',(-5.6843418860808E-14,-6.96131109604808E-30,1.));
#13339=DIRECTION('center_axis',(5.6843418860808E-14,6.96131109604808E-30,
-1.));
#13340=DIRECTION('ref_axis',(1.,1.22464679914735E-16,5.6843418860808E-14));
#13341=DIRECTION('',(-1.,-1.22464679914735E-16,-5.6843418860808E-14));
#13342=DIRECTION('',(1.22464679914735E-16,-1.,0.));
#13343=DIRECTION('center_axis',(-5.68434188607911E-14,-6.961311096046E-30,
1.));
#13344=DIRECTION('ref_axis',(-1.,-1.22464679914735E-16,-5.68434188607911E-14));
#13345=DIRECTION('',(-1.22464679914735E-16,1.,0.));
#13346=DIRECTION('center_axis',(-1.22464679914735E-16,1.,0.));
#13347=DIRECTION('ref_axis',(-1.,-1.22464679914735E-16,0.));
#13348=DIRECTION('',(5.6843418860808E-14,6.96131109604808E-30,-1.));
#13349=DIRECTION('center_axis',(5.6843418860808E-14,6.96131109604808E-30,
-1.));
#13350=DIRECTION('ref_axis',(1.,1.22464679914735E-16,5.6843418860808E-14));
#13351=DIRECTION('',(1.22464679914735E-16,-1.,0.));
#13352=DIRECTION('center_axis',(1.,1.22464679914735E-16,5.6843418860808E-14));
#13353=DIRECTION('ref_axis',(-5.6843418860808E-14,-6.96131109604808E-30,
1.));
#13354=DIRECTION('center_axis',(0.,1.,0.));
#13355=DIRECTION('ref_axis',(0.,0.,1.));
#13356=DIRECTION('',(0.,0.,-1.));
#13357=DIRECTION('',(1.,0.,0.));
#13358=DIRECTION('',(0.,0.,1.));
#13359=DIRECTION('',(-1.,0.,0.));
#13360=DIRECTION('center_axis',(0.,0.,1.));
#13361=DIRECTION('ref_axis',(1.,0.,0.));
#13362=DIRECTION('',(0.,1.,0.));
#13363=DIRECTION('',(1.,0.,0.));
#13364=DIRECTION('',(0.,1.,0.));
#13365=DIRECTION('center_axis',(1.,0.,0.));
#13366=DIRECTION('ref_axis',(0.,0.,-1.));
#13367=DIRECTION('',(0.,1.,0.));
#13368=DIRECTION('',(0.,0.,-1.));
#13369=DIRECTION('center_axis',(-1.,0.,0.));
#13370=DIRECTION('ref_axis',(0.,0.,1.));
#13371=DIRECTION('',(0.,0.,1.));
#13372=DIRECTION('',(0.,1.,0.));
#13373=DIRECTION('center_axis',(0.,0.,-1.));
#13374=DIRECTION('ref_axis',(-1.,0.,0.));
#13375=DIRECTION('',(-1.,0.,0.));
#13376=DIRECTION('center_axis',(0.,1.,0.));
#13377=DIRECTION('ref_axis',(0.,0.,1.));
#13378=DIRECTION('center_axis',(0.,1.,0.));
#13379=DIRECTION('ref_axis',(0.,0.,1.));
#13380=DIRECTION('',(0.,0.,-1.));
#13381=DIRECTION('',(1.,0.,0.));
#13382=DIRECTION('',(0.,0.,1.));
#13383=DIRECTION('',(-1.,0.,0.));
#13384=DIRECTION('center_axis',(0.,0.,1.));
#13385=DIRECTION('ref_axis',(1.,0.,0.));
#13386=DIRECTION('',(0.,1.,0.));
#13387=DIRECTION('',(1.,0.,0.));
#13388=DIRECTION('',(0.,1.,0.));
#13389=DIRECTION('center_axis',(1.,0.,0.));
#13390=DIRECTION('ref_axis',(0.,0.,-1.));
#13391=DIRECTION('',(0.,1.,0.));
#13392=DIRECTION('',(0.,0.,-1.));
#13393=DIRECTION('center_axis',(-1.,0.,0.));
#13394=DIRECTION('ref_axis',(0.,0.,1.));
#13395=DIRECTION('',(0.,0.,1.));
#13396=DIRECTION('',(0.,1.,0.));
#13397=DIRECTION('center_axis',(0.,0.,-1.));
#13398=DIRECTION('ref_axis',(-1.,0.,0.));
#13399=DIRECTION('',(-1.,0.,0.));
#13400=DIRECTION('center_axis',(0.,1.,0.));
#13401=DIRECTION('ref_axis',(0.,0.,1.));
#13402=DIRECTION('center_axis',(0.,1.,0.));
#13403=DIRECTION('ref_axis',(0.,0.,1.));
#13404=DIRECTION('',(0.,0.,1.));
#13405=DIRECTION('',(-1.,0.,0.));
#13406=DIRECTION('',(0.,0.,-1.));
#13407=DIRECTION('',(1.,0.,0.));
#13408=DIRECTION('center_axis',(0.,0.,-1.));
#13409=DIRECTION('ref_axis',(-1.,0.,0.));
#13410=DIRECTION('',(0.,1.,0.));
#13411=DIRECTION('',(-1.,0.,0.));
#13412=DIRECTION('',(0.,1.,0.));
#13413=DIRECTION('center_axis',(-1.,0.,0.));
#13414=DIRECTION('ref_axis',(0.,0.,1.));
#13415=DIRECTION('',(0.,1.,0.));
#13416=DIRECTION('',(0.,0.,1.));
#13417=DIRECTION('center_axis',(1.,0.,0.));
#13418=DIRECTION('ref_axis',(0.,0.,-1.));
#13419=DIRECTION('',(0.,0.,-1.));
#13420=DIRECTION('',(0.,1.,0.));
#13421=DIRECTION('center_axis',(0.,0.,1.));
#13422=DIRECTION('ref_axis',(1.,0.,0.));
#13423=DIRECTION('',(1.,0.,0.));
#13424=DIRECTION('center_axis',(0.,1.,0.));
#13425=DIRECTION('ref_axis',(0.,0.,1.));
#13426=DIRECTION('center_axis',(0.,1.,0.));
#13427=DIRECTION('ref_axis',(0.,0.,1.));
#13428=DIRECTION('',(0.,0.,1.));
#13429=DIRECTION('',(-1.,0.,0.));
#13430=DIRECTION('',(0.,0.,-1.));
#13431=DIRECTION('',(1.,0.,0.));
#13432=DIRECTION('center_axis',(0.,0.,-1.));
#13433=DIRECTION('ref_axis',(-1.,0.,0.));
#13434=DIRECTION('',(0.,1.,0.));
#13435=DIRECTION('',(-1.,0.,0.));
#13436=DIRECTION('',(0.,1.,0.));
#13437=DIRECTION('center_axis',(-1.,0.,0.));
#13438=DIRECTION('ref_axis',(0.,0.,1.));
#13439=DIRECTION('',(0.,1.,0.));
#13440=DIRECTION('',(0.,0.,1.));
#13441=DIRECTION('center_axis',(1.,0.,0.));
#13442=DIRECTION('ref_axis',(0.,0.,-1.));
#13443=DIRECTION('',(0.,0.,-1.));
#13444=DIRECTION('',(0.,1.,0.));
#13445=DIRECTION('center_axis',(0.,0.,1.));
#13446=DIRECTION('ref_axis',(1.,0.,0.));
#13447=DIRECTION('',(1.,0.,0.));
#13448=DIRECTION('center_axis',(0.,1.,0.));
#13449=DIRECTION('ref_axis',(0.,0.,1.));
#13450=CARTESIAN_POINT('',(0.,0.,0.));
#13451=CARTESIAN_POINT('Origin',(20.,0.,510.));
#13452=CARTESIAN_POINT('',(45.,0.,1000.));
#13453=CARTESIAN_POINT('',(45.,0.,20.));
#13454=CARTESIAN_POINT('',(45.,0.,20.));
#13455=CARTESIAN_POINT('',(0.,0.,1000.));
#13456=CARTESIAN_POINT('',(40.,0.,1000.));
#13457=CARTESIAN_POINT('',(0.,0.,20.));
#13458=CARTESIAN_POINT('',(0.,0.,1000.));
#13459=CARTESIAN_POINT('',(0.,0.,20.));
#13460=CARTESIAN_POINT('Origin',(20.,180.,510.));
#13461=CARTESIAN_POINT('',(45.,180.,20.));
#13462=CARTESIAN_POINT('',(45.,180.,1000.));
#13463=CARTESIAN_POINT('',(45.,180.,20.));
#13464=CARTESIAN_POINT('',(0.,180.,20.));
#13465=CARTESIAN_POINT('',(40.,180.,20.));
#13466=CARTESIAN_POINT('',(0.,180.,1000.));
#13467=CARTESIAN_POINT('',(0.,180.,1000.));
#13468=CARTESIAN_POINT('',(40.,180.,1000.));
#13469=CARTESIAN_POINT('Origin',(45.,0.,1000.));
#13470=CARTESIAN_POINT('',(45.,0.,1000.));
#13471=CARTESIAN_POINT('',(45.,0.,20.));
#13472=CARTESIAN_POINT('Origin',(40.,0.,20.));
#13473=CARTESIAN_POINT('',(0.,0.,20.));
#13474=CARTESIAN_POINT('Origin',(0.,0.,1000.));
#13475=CARTESIAN_POINT('',(0.,0.,1000.));
#13476=CARTESIAN_POINT('Origin',(0.,0.,20.));
#13477=CARTESIAN_POINT('Origin',(1079.6,0.,510.));
#13478=CARTESIAN_POINT('',(1054.6,0.,20.));
#13479=CARTESIAN_POINT('',(1054.6,0.,1000.));
#13480=CARTESIAN_POINT('',(1054.6,0.,20.));
#13481=CARTESIAN_POINT('',(1099.6,0.,20.));
#13482=CARTESIAN_POINT('',(1099.6,0.,20.));
#13483=CARTESIAN_POINT('',(1080.,0.,1000.));
#13484=CARTESIAN_POINT('',(1080.,0.,1000.));
#13485=CARTESIAN_POINT('',(1059.6,0.,1000.));
#13486=CARTESIAN_POINT('Origin',(1079.6,180.,510.));
#13487=CARTESIAN_POINT('',(1054.6,180.,1000.));
#13488=CARTESIAN_POINT('',(1054.6,180.,20.));
#13489=CARTESIAN_POINT('',(1054.6,180.,20.));
#13490=CARTESIAN_POINT('',(1080.,180.,1000.));
#13491=CARTESIAN_POINT('',(1059.6,180.,1000.));
#13492=CARTESIAN_POINT('',(1099.6,180.,20.));
#13493=CARTESIAN_POINT('',(1080.,180.,1000.));
#13494=CARTESIAN_POINT('',(1099.6,180.,20.));
#13495=CARTESIAN_POINT('Origin',(1054.6,0.,20.));
#13496=CARTESIAN_POINT('',(1054.6,0.,1000.));
#13497=CARTESIAN_POINT('',(1054.6,0.,20.));
#13498=CARTESIAN_POINT('Origin',(1099.6,0.,20.));
#13499=CARTESIAN_POINT('',(1099.6,0.,20.));
#13500=CARTESIAN_POINT('Origin',(1080.,0.,1000.));
#13501=CARTESIAN_POINT('',(1080.,0.,1000.));
#13502=CARTESIAN_POINT('Origin',(1059.6,0.,1000.));
#13503=CARTESIAN_POINT('Origin',(592.600000000049,76.,959.595151993865));
#13504=CARTESIAN_POINT('',(586.600000000048,96.,959.595151993865));
#13505=CARTESIAN_POINT('Origin',(592.600000000049,96.,959.595151993865));
#13506=CARTESIAN_POINT('',(586.600000000048,106.,959.595151993865));
#13507=CARTESIAN_POINT('',(586.600000000048,76.,959.595151993865));
#13508=CARTESIAN_POINT('Origin',(592.600000000049,106.,959.595151993865));
#13509=CARTESIAN_POINT('Origin',(592.600000000049,76.,959.595151993865));
#13510=CARTESIAN_POINT('',(586.600000000048,76.,959.595151993865));
#13511=CARTESIAN_POINT('Origin',(592.600000000049,76.,959.595151993865));
#13512=CARTESIAN_POINT('',(586.600000000048,86.,959.595151993865));
#13513=CARTESIAN_POINT('',(586.600000000048,76.,959.595151993865));
#13514=CARTESIAN_POINT('Origin',(592.600000000049,86.,959.595151993865));
#13515=CARTESIAN_POINT('Origin',(591.960393603945,76.,140.639606396083));
#13516=CARTESIAN_POINT('',(585.960393603945,96.,140.639606396083));
#13517=CARTESIAN_POINT('Origin',(591.960393603945,96.,140.639606396083));
#13518=CARTESIAN_POINT('',(585.960393603945,106.,140.639606396083));
#13519=CARTESIAN_POINT('',(585.960393603945,76.,140.639606396083));
#13520=CARTESIAN_POINT('Origin',(591.960393603945,106.,140.639606396083));
#13521=CARTESIAN_POINT('Origin',(591.960393603945,76.,140.639606396083));
#13522=CARTESIAN_POINT('',(585.960393603945,76.,140.639606396083));
#13523=CARTESIAN_POINT('Origin',(591.960393603945,76.,140.639606396083));
#13524=CARTESIAN_POINT('',(585.960393603945,86.,140.639606396083));
#13525=CARTESIAN_POINT('',(585.960393603945,76.,140.639606396083));
#13526=CARTESIAN_POINT('Origin',(591.960393603945,86.,140.639606396083));
#13527=CARTESIAN_POINT('Origin',(612.600000000005,76.,180.000000000025));
#13528=CARTESIAN_POINT('',(612.600000000047,86.,919.595151993864));
#13529=CARTESIAN_POINT('',(612.600000000005,86.,180.000000000025));
#13530=CARTESIAN_POINT('',(612.600000000016,86.,379.486727389325));
#13531=CARTESIAN_POINT('',(612.600000000005,96.,180.000000000025));
#13532=CARTESIAN_POINT('',(612.600000000005,76.,180.000000000025));
#13533=CARTESIAN_POINT('',(612.600000000047,96.,919.595151993864));
#13534=CARTESIAN_POINT('',(612.6,96.,100.000000000025));
#13535=CARTESIAN_POINT('',(612.600000000047,76.,919.595151993864));
#13536=CARTESIAN_POINT('Origin',(592.600000000048,86.,954.595151993865));
#13537=CARTESIAN_POINT('',(552.600000000047,86.,919.595151993867));
#13538=CARTESIAN_POINT('',(612.600000000036,86.,919.595151993864));
#13539=CARTESIAN_POINT('',(552.600000000051,86.,989.595151993867));
#13540=CARTESIAN_POINT('',(552.600000000051,86.,999.595151993867));
#13541=CARTESIAN_POINT('',(632.600000000074,86.,974.418140269691));
#13542=CARTESIAN_POINT('Origin',(1036.04185165845,86.,3319.44624078991));
#13543=CARTESIAN_POINT('',(632.6,86.,100.000000000024));
#13544=CARTESIAN_POINT('',(632.600000000081,86.,1100.00000000002));
#13545=CARTESIAN_POINT('',(552.6,86.,100.000000000028));
#13546=CARTESIAN_POINT('',(552.6,86.,100.000000000028));
#13547=CARTESIAN_POINT('',(552.600000000005,86.,180.000000000028));
#13548=CARTESIAN_POINT('',(552.600000000005,86.,180.000000000028));
#13549=CARTESIAN_POINT('',(572.60000000001,86.,180.000000000027));
#13550=CARTESIAN_POINT('Origin',(632.600000000026,76.,919.595151993863));
#13551=CARTESIAN_POINT('',(552.600000000047,96.,919.595151993867));
#13552=CARTESIAN_POINT('',(632.600000000026,96.,919.595151993863));
#13553=CARTESIAN_POINT('',(552.600000000047,76.,919.595151993867));
#13554=CARTESIAN_POINT('Origin',(632.60000000005,76.,984.783049478483));
#13555=CARTESIAN_POINT('',(632.60000000005,96.,974.418140269695));
#13556=CARTESIAN_POINT('',(632.6,96.,100.000000000024));
#13557=CARTESIAN_POINT('',(632.600000000039,96.,781.878252128553));
#13558=CARTESIAN_POINT('',(632.6,106.,100.000000000024));
#13559=CARTESIAN_POINT('',(632.6,76.,100.000000000024));
#13560=CARTESIAN_POINT('',(632.60000000005,106.,974.418140269695));
#13561=CARTESIAN_POINT('',(632.6,106.,100.000000000024));
#13562=CARTESIAN_POINT('',(632.60000000005,76.,974.418140269695));
#13563=CARTESIAN_POINT('Origin',(1036.04185165845,76.,3319.44624078991));
#13564=CARTESIAN_POINT('',(552.600000000051,76.,989.595151993867));
#13565=CARTESIAN_POINT('',(552.600000000051,76.,989.595151993867));
#13566=CARTESIAN_POINT('',(632.600000000074,76.,974.418140269691));
#13567=CARTESIAN_POINT('Origin',(1036.04185165845,76.,3319.44624078991));
#13568=CARTESIAN_POINT('',(632.600000000074,76.,974.418140269691));
#13569=CARTESIAN_POINT('Origin',(592.600000000048,96.,954.595151993865));
#13570=CARTESIAN_POINT('',(552.600000000051,96.,989.595151993867));
#13571=CARTESIAN_POINT('Origin',(1036.04185165845,96.,3319.44624078991));
#13572=CARTESIAN_POINT('',(552.600000000024,96.,527.297575996948));
#13573=CARTESIAN_POINT('',(552.600000000005,96.,180.000000000028));
#13574=CARTESIAN_POINT('',(552.600000000005,96.,180.000000000028));
#13575=CARTESIAN_POINT('',(552.6,96.,100.000000000028));
#13576=CARTESIAN_POINT('',(552.600000000001,96.,120.000000000028));
#13577=CARTESIAN_POINT('',(612.600000000006,96.,100.000000000025));
#13578=CARTESIAN_POINT('Origin',(1036.04185165845,76.,3319.44624078991));
#13579=CARTESIAN_POINT('',(552.600000000051,106.,989.595151993867));
#13580=CARTESIAN_POINT('Origin',(1036.04185165845,106.,3319.44624078991));
#13581=CARTESIAN_POINT('',(552.600000000051,76.,989.595151993867));
#13582=CARTESIAN_POINT('Origin',(632.60000000005,76.,984.783049478483));
#13583=CARTESIAN_POINT('',(632.6,76.,100.000000000024));
#13584=CARTESIAN_POINT('',(632.6,76.,100.000000000024));
#13585=CARTESIAN_POINT('',(632.6,76.,100.000000000024));
#13586=CARTESIAN_POINT('Origin',(592.600000000025,106.,549.797575996946));
#13587=CARTESIAN_POINT('',(552.6,106.,100.000000000028));
#13588=CARTESIAN_POINT('',(552.6,106.,100.000000000028));
#13589=CARTESIAN_POINT('',(552.600000000051,106.,999.595151993867));
#13590=CARTESIAN_POINT('Origin',(632.6,76.,100.000000000024));
#13591=CARTESIAN_POINT('',(552.6,76.,100.000000000028));
#13592=CARTESIAN_POINT('',(552.6,76.,100.000000000028));
#13593=CARTESIAN_POINT('',(552.6,76.,100.000000000028));
#13594=CARTESIAN_POINT('Origin',(552.600000000005,76.,180.000000000028));
#13595=CARTESIAN_POINT('',(552.600000000005,76.,180.000000000028));
#13596=CARTESIAN_POINT('Origin',(592.600000000025,76.,549.797575996946));
#13597=CARTESIAN_POINT('',(552.600000000005,76.,180.000000000028));
#13598=CARTESIAN_POINT('Origin',(632.6,76.,100.000000000024));
#13599=CARTESIAN_POINT('',(552.6,76.,100.000000000028));
#13600=CARTESIAN_POINT('Origin',(552.6,76.,100.000000000028));
#13601=CARTESIAN_POINT('Origin',(1008.60000000004,76.,910.000000000002));
#13602=CARTESIAN_POINT('',(1002.60000000004,96.,910.000000000002));
#13603=CARTESIAN_POINT('Origin',(1008.60000000004,96.,910.000000000002));
#13604=CARTESIAN_POINT('',(1002.60000000004,106.,910.000000000002));
#13605=CARTESIAN_POINT('',(1002.60000000004,76.,910.000000000002));
#13606=CARTESIAN_POINT('Origin',(1008.60000000004,106.,910.000000000002));
#13607=CARTESIAN_POINT('Origin',(1008.60000000004,76.,910.000000000002));
#13608=CARTESIAN_POINT('',(1002.60000000004,76.,910.000000000002));
#13609=CARTESIAN_POINT('Origin',(1008.60000000004,76.,910.000000000002));
#13610=CARTESIAN_POINT('',(1002.60000000004,86.,910.000000000002));
#13611=CARTESIAN_POINT('',(1002.60000000004,76.,910.000000000002));
#13612=CARTESIAN_POINT('Origin',(1008.60000000004,86.,910.000000000002));
#13613=CARTESIAN_POINT('Origin',(1008.60623312525,76.,139.293875954447));
#13614=CARTESIAN_POINT('',(1002.60623312525,96.,139.293875954447));
#13615=CARTESIAN_POINT('Origin',(1008.60623312525,96.,139.293875954447));
#13616=CARTESIAN_POINT('',(1002.60623312525,106.,139.293875954447));
#13617=CARTESIAN_POINT('',(1002.60623312525,76.,139.293875954447));
#13618=CARTESIAN_POINT('Origin',(1008.60623312525,106.,139.293875954447));
#13619=CARTESIAN_POINT('Origin',(1008.60623312525,76.,139.293875954447));
#13620=CARTESIAN_POINT('',(1002.60623312525,76.,139.293875954447));
#13621=CARTESIAN_POINT('Origin',(1008.60623312525,76.,139.293875954447));
#13622=CARTESIAN_POINT('',(1002.60623312525,86.,139.293875954447));
#13623=CARTESIAN_POINT('',(1002.60623312525,76.,139.293875954447));
#13624=CARTESIAN_POINT('Origin',(1008.60623312525,86.,139.293875954447));
#13625=CARTESIAN_POINT('Origin',(988.600000000047,76.,940.439853532779));
#13626=CARTESIAN_POINT('',(988.600000000004,86.,180.000000000003));
#13627=CARTESIAN_POINT('',(988.600000000043,86.,870.000000000003));
#13628=CARTESIAN_POINT('',(988.600000000037,86.,750.4506289654));
#13629=CARTESIAN_POINT('',(988.600000000043,96.,870.000000000003));
#13630=CARTESIAN_POINT('',(988.600000000043,76.,870.000000000003));
#13631=CARTESIAN_POINT('',(988.600000000004,96.,180.000000000003));
#13632=CARTESIAN_POINT('',(988.6,96.,100.000000000003));
#13633=CARTESIAN_POINT('',(988.600000000004,76.,180.000000000003));
#13634=CARTESIAN_POINT('Origin',(968.599999999983,76.,100.000000000004));
#13635=CARTESIAN_POINT('',(968.6,86.,100.000000000004));
#13636=CARTESIAN_POINT('',(968.600000000047,86.,940.922808796041));
#13637=CARTESIAN_POINT('',(968.6,86.,100.000000000004));
#13638=CARTESIAN_POINT('',(968.6,76.,100.000000000004));
#13639=CARTESIAN_POINT('',(968.6,76.,100.000000000004));
#13640=CARTESIAN_POINT('',(968.600000000047,76.,940.922808796041));
#13641=CARTESIAN_POINT('',(968.600000000026,76.,870.000000000005));
#13642=CARTESIAN_POINT('',(968.600000000047,76.,940.922808796041));
#13643=CARTESIAN_POINT('Origin',(968.599999999983,76.,100.000000000004));
#13644=CARTESIAN_POINT('',(968.6,96.,100.000000000004));
#13645=CARTESIAN_POINT('',(968.600000000045,96.,940.922808796041));
#13646=CARTESIAN_POINT('',(968.599999999996,96.,330.230702199014));
#13647=CARTESIAN_POINT('',(968.600000000045,106.,940.922808796041));
#13648=CARTESIAN_POINT('',(968.60000000003,76.,940.922808796041));
#13649=CARTESIAN_POINT('',(968.6,106.,100.000000000004));
#13650=CARTESIAN_POINT('',(968.600000000026,106.,870.000000000005));
#13651=CARTESIAN_POINT('',(968.6,76.,100.000000000004));
#13652=CARTESIAN_POINT('Origin',(1048.60000000004,76.,870.));
#13653=CARTESIAN_POINT('',(1048.60000000004,86.,870.));
#13654=CARTESIAN_POINT('',(1028.60000000004,86.,870.000000000001));
#13655=CARTESIAN_POINT('',(1048.60000000004,96.,870.));
#13656=CARTESIAN_POINT('',(1048.60000000004,76.,870.));
#13657=CARTESIAN_POINT('',(1048.60000000004,96.,870.));
#13658=CARTESIAN_POINT('Origin',(1036.04185165845,76.,3319.44624078991));
#13659=CARTESIAN_POINT('',(1048.60000000004,76.,940.));
#13660=CARTESIAN_POINT('Origin',(1036.04185165845,76.,3319.44624078991));
#13661=CARTESIAN_POINT('',(1048.60000000004,86.,940.));
#13662=CARTESIAN_POINT('',(1048.60000000004,76.,940.));
#13663=CARTESIAN_POINT('Origin',(1036.04185165845,86.,3319.44624078991));
#13664=CARTESIAN_POINT('Origin',(1036.04185165845,76.,3319.44624078991));
#13665=CARTESIAN_POINT('',(1048.60000000004,96.,940.));
#13666=CARTESIAN_POINT('Origin',(1036.04185165845,96.,3319.44624078991));
#13667=CARTESIAN_POINT('',(1048.60000000004,106.,940.));
#13668=CARTESIAN_POINT('',(1048.60000000005,76.,940.));
#13669=CARTESIAN_POINT('Origin',(1036.04185165845,106.,3319.44624078991));
#13670=CARTESIAN_POINT('Origin',(1048.60000000005,76.,950.));
#13671=CARTESIAN_POINT('',(1048.60000000004,86.,910.));
#13672=CARTESIAN_POINT('',(1048.6,76.,100.));
#13673=CARTESIAN_POINT('',(1048.6,76.,100.));
#13674=CARTESIAN_POINT('',(1048.6,86.,100.));
#13675=CARTESIAN_POINT('',(1048.6,76.,100.));
#13676=CARTESIAN_POINT('',(1048.6,86.,180.));
#13677=CARTESIAN_POINT('',(1048.6,86.,100.));
#13678=CARTESIAN_POINT('',(1048.6,96.,180.));
#13679=CARTESIAN_POINT('',(1048.6,76.,180.));
#13680=CARTESIAN_POINT('',(1048.6,96.,100.));
#13681=CARTESIAN_POINT('',(1048.60000000003,96.,545.));
#13682=CARTESIAN_POINT('',(1048.6,106.,100.));
#13683=CARTESIAN_POINT('',(1048.6,76.,100.));
#13684=CARTESIAN_POINT('',(1048.6,106.,100.));
#13685=CARTESIAN_POINT('',(1048.60000000005,96.,927.730702199009));
#13686=CARTESIAN_POINT('Origin',(1008.60000000002,76.,525.000000000002));
#13687=CARTESIAN_POINT('',(968.6,76.,100.000000000005));
#13688=CARTESIAN_POINT('Origin',(1048.6,76.,100.));
#13689=CARTESIAN_POINT('',(968.6,86.,100.000000000005));
#13690=CARTESIAN_POINT('Origin',(1008.6,86.,140.000000000002));
#13691=CARTESIAN_POINT('',(988.600000000004,86.,180.000000000003));
#13692=CARTESIAN_POINT('Origin',(968.600000000004,76.,180.000000000005));
#13693=CARTESIAN_POINT('',(1048.6,96.,180.));
#13694=CARTESIAN_POINT('Origin',(1008.6,96.,140.000000000002));
#13695=CARTESIAN_POINT('',(1028.6,96.,100.000000000001));
#13696=CARTESIAN_POINT('Origin',(1048.6,76.,100.));
#13697=CARTESIAN_POINT('',(968.6,106.,100.000000000005));
#13698=CARTESIAN_POINT('Origin',(1008.60000000002,106.,525.000000000002));
#13699=CARTESIAN_POINT('Origin',(591.960393603945,76.,140.639606396083));
#13700=CARTESIAN_POINT('',(585.960393603945,86.,140.639606396083));
#13701=CARTESIAN_POINT('Origin',(591.960393603945,86.,140.639606396083));
#13702=CARTESIAN_POINT('',(585.960393603945,96.,140.639606396083));
#13703=CARTESIAN_POINT('',(585.960393603945,76.,140.639606396083));
#13704=CARTESIAN_POINT('Origin',(591.960393603945,96.,140.639606396083));
#13705=CARTESIAN_POINT('Origin',(1008.60623312525,76.,139.293875954447));
#13706=CARTESIAN_POINT('',(1002.60623312525,86.,139.293875954447));
#13707=CARTESIAN_POINT('Origin',(1008.60623312525,86.,139.293875954447));
#13708=CARTESIAN_POINT('',(1002.60623312525,96.,139.293875954447));
#13709=CARTESIAN_POINT('',(1002.60623312525,76.,139.293875954447));
#13710=CARTESIAN_POINT('Origin',(1008.60623312525,96.,139.293875954447));
#13711=CARTESIAN_POINT('Origin',(968.6,76.,100.000000000004));
#13712=CARTESIAN_POINT('',(968.6,76.,100.000000000004));
#13713=CARTESIAN_POINT('',(968.600000000004,76.,180.000000000004));
#13714=CARTESIAN_POINT('',(968.600000000001,76.,120.000000000005));
#13715=CARTESIAN_POINT('',(968.6,86.,100.000000000004));
#13716=CARTESIAN_POINT('',(968.6,76.,100.000000000004));
#13717=CARTESIAN_POINT('',(968.600000000004,86.,180.000000000004));
#13718=CARTESIAN_POINT('',(968.6,86.,100.000000000004));
#13719=CARTESIAN_POINT('',(968.600000000004,76.,180.000000000004));
#13720=CARTESIAN_POINT('Origin',(1008.6,86.,140.000000000002));
#13721=CARTESIAN_POINT('',(1048.6,86.,180.));
#13722=CARTESIAN_POINT('',(1048.6,86.,99.9999999999999));
#13723=CARTESIAN_POINT('',(1048.6,86.,160.));
#13724=CARTESIAN_POINT('',(820.600000000004,86.,180.000000000013));
#13725=CARTESIAN_POINT('',(988.6,86.,100.000000000003));
#13726=CARTESIAN_POINT('Origin',(632.600000000005,76.,180.000000000024));
#13727=CARTESIAN_POINT('',(632.600000000005,76.,180.000000000024));
#13728=CARTESIAN_POINT('',(632.6,76.,100.000000000024));
#13729=CARTESIAN_POINT('',(632.600000000003,76.,160.000000000024));
#13730=CARTESIAN_POINT('',(632.600000000005,86.,180.000000000024));
#13731=CARTESIAN_POINT('',(632.600000000005,76.,180.000000000024));
#13732=CARTESIAN_POINT('',(632.6,86.,100.000000000024));
#13733=CARTESIAN_POINT('',(632.6,86.,100.000000000024));
#13734=CARTESIAN_POINT('',(632.6,76.,100.000000000024));
#13735=CARTESIAN_POINT('Origin',(592.600000000002,86.,140.000000000026));
#13736=CARTESIAN_POINT('',(552.6,86.,100.000000000028));
#13737=CARTESIAN_POINT('',(780.6,86.,100.000000000015));
#13738=CARTESIAN_POINT('',(552.600000000005,86.,180.000000000028));
#13739=CARTESIAN_POINT('',(612.600000000005,86.,180.000000000025));
#13740=CARTESIAN_POINT('',(552.600000000001,86.,120.000000000028));
#13741=CARTESIAN_POINT('Origin',(1048.6,76.,180.));
#13742=CARTESIAN_POINT('',(1048.6,96.,99.9999999999999));
#13743=CARTESIAN_POINT('',(1048.6,76.,99.9999999999999));
#13744=CARTESIAN_POINT('',(1048.6,96.,180.));
#13745=CARTESIAN_POINT('',(1048.6,96.,180.));
#13746=CARTESIAN_POINT('',(1048.6,76.,180.));
#13747=CARTESIAN_POINT('Origin',(632.600000000005,76.,180.000000000024));
#13748=CARTESIAN_POINT('',(968.600000000004,96.,180.000000000004));
#13749=CARTESIAN_POINT('',(552.600000000005,96.,180.000000000028));
#13750=CARTESIAN_POINT('',(968.600000000023,106.,180.000000000004));
#13751=CARTESIAN_POINT('',(968.600000000023,76.,180.000000000004));
#13752=CARTESIAN_POINT('',(632.600000000005,106.,180.000000000024));
#13753=CARTESIAN_POINT('',(968.600000000023,106.,180.000000000004));
#13754=CARTESIAN_POINT('',(632.600000000005,96.,180.000000000024));
#13755=CARTESIAN_POINT('',(632.600000000005,76.,180.000000000024));
#13756=CARTESIAN_POINT('',(552.600000000005,96.,180.000000000028));
#13757=CARTESIAN_POINT('',(552.600000000005,96.,180.000000000028));
#13758=CARTESIAN_POINT('',(552.600000000005,76.,180.000000000028));
#13759=CARTESIAN_POINT('',(968.600000000023,76.,180.000000000004));
#13760=CARTESIAN_POINT('Origin',(1008.6,96.,140.000000000002));
#13761=CARTESIAN_POINT('',(968.6,96.,100.000000000004));
#13762=CARTESIAN_POINT('',(1048.6,96.,99.9999999999999));
#13763=CARTESIAN_POINT('',(968.600000000003,96.,160.000000000004));
#13764=CARTESIAN_POINT('Origin',(968.600000000004,76.,180.000000000004));
#13765=CARTESIAN_POINT('',(968.6,106.,100.000000000004));
#13766=CARTESIAN_POINT('',(968.6,76.,100.000000000004));
#13767=CARTESIAN_POINT('',(968.6,106.,100.000000000004));
#13768=CARTESIAN_POINT('Origin',(552.6,76.,100.000000000028));
#13769=CARTESIAN_POINT('',(552.6,96.,100.000000000028));
#13770=CARTESIAN_POINT('',(552.6,96.,100.000000000028));
#13771=CARTESIAN_POINT('',(552.6,76.,100.000000000028));
#13772=CARTESIAN_POINT('Origin',(592.600000000002,96.,140.000000000026));
#13773=CARTESIAN_POINT('',(632.6,96.,100.000000000024));
#13774=CARTESIAN_POINT('',(1048.6,96.,99.9999999999999));
#13775=CARTESIAN_POINT('',(632.600000000001,96.,120.000000000024));
#13776=CARTESIAN_POINT('Origin',(632.6,76.,100.000000000024));
#13777=CARTESIAN_POINT('',(632.6,106.,100.000000000024));
#13778=CARTESIAN_POINT('',(632.6,106.,100.000000000024));
#13779=CARTESIAN_POINT('',(632.6,76.,100.000000000024));
#13780=CARTESIAN_POINT('Origin',(968.6,76.,100.000000000004));
#13781=CARTESIAN_POINT('',(1048.6,76.,99.9999999999999));
#13782=CARTESIAN_POINT('',(1048.6,106.,99.9999999999999));
#13783=CARTESIAN_POINT('Origin',(800.600000000012,76.,140.000000000014));
#13784=CARTESIAN_POINT('Origin',(800.600000000012,106.,140.000000000014));
#13785=CARTESIAN_POINT('Origin',(1008.60000000004,76.,910.000000000002));
#13786=CARTESIAN_POINT('',(1002.60000000004,86.,910.000000000002));
#13787=CARTESIAN_POINT('Origin',(1008.60000000004,86.,910.000000000002));
#13788=CARTESIAN_POINT('',(1002.60000000004,96.,910.000000000002));
#13789=CARTESIAN_POINT('',(1002.60000000004,76.,910.000000000002));
#13790=CARTESIAN_POINT('Origin',(1008.60000000004,96.,910.000000000002));
#13791=CARTESIAN_POINT('Origin',(592.600000000049,76.,959.595151993865));
#13792=CARTESIAN_POINT('',(586.600000000048,86.,959.595151993865));
#13793=CARTESIAN_POINT('Origin',(592.600000000049,86.,959.595151993865));
#13794=CARTESIAN_POINT('',(586.600000000048,96.,959.595151993865));
#13795=CARTESIAN_POINT('',(586.600000000048,76.,959.595151993865));
#13796=CARTESIAN_POINT('Origin',(592.600000000049,96.,959.595151993865));
#13797=CARTESIAN_POINT('Origin',(1036.04185165845,76.,3319.44624078991));
#13798=CARTESIAN_POINT('',(1048.60000000004,86.,940.));
#13799=CARTESIAN_POINT('',(968.600000000047,86.,940.922808796041));
#13800=CARTESIAN_POINT('Origin',(1036.04185165845,86.,3319.44624078991));
#13801=CARTESIAN_POINT('',(1048.60000000004,76.,940.));
#13802=CARTESIAN_POINT('',(1048.60000000004,76.,940.));
#13803=CARTESIAN_POINT('',(968.600000000047,76.,940.922808796041));
#13804=CARTESIAN_POINT('Origin',(1036.04185165845,76.,3319.44624078991));
#13805=CARTESIAN_POINT('',(968.600000000045,76.,940.922808796041));
#13806=CARTESIAN_POINT('Origin',(1036.04185165845,76.,3319.44624078991));
#13807=CARTESIAN_POINT('',(968.600000000047,96.,940.922808796041));
#13808=CARTESIAN_POINT('',(1048.60000000004,96.,940.));
#13809=CARTESIAN_POINT('Origin',(1036.04185165845,96.,3319.44624078991));
#13810=CARTESIAN_POINT('',(968.600000000047,106.,940.922808796041));
#13811=CARTESIAN_POINT('',(968.600000000045,76.,940.922808796041));
#13812=CARTESIAN_POINT('',(1048.60000000004,106.,940.));
#13813=CARTESIAN_POINT('Origin',(1036.04185165845,106.,3319.44624078991));
#13814=CARTESIAN_POINT('',(1048.60000000004,76.,940.));
#13815=CARTESIAN_POINT('Origin',(968.600000000045,76.,951.277750584138));
#13816=CARTESIAN_POINT('',(968.600000000041,96.,871.798741174894));
#13817=CARTESIAN_POINT('',(968.600000000044,96.,930.958312938105));
#13818=CARTESIAN_POINT('',(968.600000000041,106.,871.798741174894));
#13819=CARTESIAN_POINT('',(968.600000000041,76.,871.798741174894));
#13820=CARTESIAN_POINT('',(968.600000000043,106.,910.000000000005));
#13821=CARTESIAN_POINT('Origin',(1008.60000000004,96.,910.638875292069));
#13822=CARTESIAN_POINT('',(1048.60000000004,96.,869.999999999999));
#13823=CARTESIAN_POINT('',(1048.60000000005,96.,950.));
#13824=CARTESIAN_POINT('Origin',(1069.63343656017,96.,3585.3949261234));
#13825=CARTESIAN_POINT('Origin',(1048.60000000005,76.,950.));
#13826=CARTESIAN_POINT('',(1048.60000000004,86.,869.999999999999));
#13827=CARTESIAN_POINT('',(1048.60000000004,86.,930.319437646033));
#13828=CARTESIAN_POINT('',(1048.60000000004,76.,869.999999999999));
#13829=CARTESIAN_POINT('',(1048.60000000005,106.,950.));
#13830=CARTESIAN_POINT('',(1048.60000000005,106.,950.));
#13831=CARTESIAN_POINT('',(1048.60000000005,76.,950.));
#13832=CARTESIAN_POINT('',(1048.60000000005,76.,950.));
#13833=CARTESIAN_POINT('',(1048.60000000005,76.,950.));
#13834=CARTESIAN_POINT('Origin',(1008.60000000004,86.,910.638875292069));
#13835=CARTESIAN_POINT('',(968.600000000041,86.,871.798741174894));
#13836=CARTESIAN_POINT('',(968.6,86.,100.000000000004));
#13837=CARTESIAN_POINT('Origin',(1069.63343656017,86.,3585.3949261234));
#13838=CARTESIAN_POINT('Origin',(968.600000000041,76.,871.798741174894));
#13839=CARTESIAN_POINT('',(968.600000000041,76.,871.798741174894));
#13840=CARTESIAN_POINT('',(968.600000000043,76.,900.044818250786));
#13841=CARTESIAN_POINT('',(968.600000000041,76.,871.798741174894));
#13842=CARTESIAN_POINT('Origin',(1036.04185165845,76.,3319.44624078991));
#13843=CARTESIAN_POINT('',(552.600000000051,96.,989.595151993867));
#13844=CARTESIAN_POINT('',(632.600000000074,96.,974.418140269691));
#13845=CARTESIAN_POINT('Origin',(1036.04185165845,96.,3319.44624078991));
#13846=CARTESIAN_POINT('',(552.600000000051,106.,989.595151993867));
#13847=CARTESIAN_POINT('',(552.600000000051,76.,989.595151993867));
#13848=CARTESIAN_POINT('',(632.600000000074,106.,974.418140269691));
#13849=CARTESIAN_POINT('Origin',(1036.04185165845,106.,3319.44624078991));
#13850=CARTESIAN_POINT('',(632.60000000005,76.,974.418140269695));
#13851=CARTESIAN_POINT('Origin',(1036.04185165845,76.,3319.44624078991));
#13852=CARTESIAN_POINT('',(632.600000000074,86.,974.418140269691));
#13853=CARTESIAN_POINT('',(552.600000000051,86.,989.595151993867));
#13854=CARTESIAN_POINT('Origin',(1036.04185165845,86.,3319.44624078991));
#13855=CARTESIAN_POINT('',(632.600000000074,76.,974.418140269691));
#13856=CARTESIAN_POINT('',(632.600000000049,76.,974.418140269695));
#13857=CARTESIAN_POINT('',(552.600000000051,76.,989.595151993867));
#13858=CARTESIAN_POINT('Origin',(1036.04185165845,76.,3319.44624078991));
#13859=CARTESIAN_POINT('',(552.600000000051,76.,989.595151993867));
#13860=CARTESIAN_POINT('Origin',(632.60000000005,76.,984.78304947848));
#13861=CARTESIAN_POINT('',(632.600000000045,86.,905.317728429519));
#13862=CARTESIAN_POINT('',(632.600000000042,86.,840.000000000022));
#13863=CARTESIAN_POINT('',(632.600000000045,76.,905.317728429519));
#13864=CARTESIAN_POINT('',(632.600000000045,76.,905.317728429519));
#13865=CARTESIAN_POINT('',(632.600000000048,76.,956.536972402587));
#13866=CARTESIAN_POINT('Origin',(592.600000000048,86.,952.456440211693));
#13867=CARTESIAN_POINT('',(552.600000000046,86.,919.595151993867));
#13868=CARTESIAN_POINT('',(552.600000000048,86.,936.025796102781));
#13869=CARTESIAN_POINT('Origin',(1069.63343656017,86.,3585.3949261234));
#13870=CARTESIAN_POINT('Origin',(552.600000000047,76.,919.595151993867));
#13871=CARTESIAN_POINT('',(552.600000000046,96.,919.595151993867));
#13872=CARTESIAN_POINT('',(552.600000000051,96.,999.595151993867));
#13873=CARTESIAN_POINT('',(552.600000000046,76.,919.595151993867));
#13874=CARTESIAN_POINT('',(552.600000000051,76.,999.595151993867));
#13875=CARTESIAN_POINT('',(552.600000000051,76.,999.595151993867));
#13876=CARTESIAN_POINT('',(552.600000000051,106.,999.595151993867));
#13877=CARTESIAN_POINT('',(552.600000000051,76.,999.595151993867));
#13878=CARTESIAN_POINT('',(552.600000000051,106.,999.595151993867));
#13879=CARTESIAN_POINT('Origin',(592.600000000048,96.,952.456440211693));
#13880=CARTESIAN_POINT('',(632.600000000045,96.,905.317728429519));
#13881=CARTESIAN_POINT('',(632.600000000047,96.,928.887084320605));
#13882=CARTESIAN_POINT('Origin',(1069.63343656017,96.,3585.3949261234));
#13883=CARTESIAN_POINT('Origin',(1069.63343656017,76.,3585.3949261234));
#13884=CARTESIAN_POINT('',(632.600000000045,106.,905.317728429519));
#13885=CARTESIAN_POINT('',(632.600000000045,76.,905.317728429519));
#13886=CARTESIAN_POINT('Origin',(1069.63343656017,106.,3585.3949261234));
#13887=CARTESIAN_POINT('Origin',(1069.63343656017,76.,3585.3949261234));
#13888=CARTESIAN_POINT('Origin',(632.600000000046,76.,905.317728429519));
#13889=CARTESIAN_POINT('',(632.6,106.,100.000000000024));
#13890=CARTESIAN_POINT('Origin',(1048.60000000019,76.,3455.03999999998));
#13891=CARTESIAN_POINT('Origin',(1048.60000000019,106.,3455.03999999998));
#13892=CARTESIAN_POINT('Origin',(1048.60000000019,76.,3455.03999999998));
#13893=CARTESIAN_POINT('Origin',(800.600000000045,76.,928.290895326687));
#13894=CARTESIAN_POINT('Origin',(800.600000000045,106.,928.290895326687));
#13895=CARTESIAN_POINT('Origin',(968.600000000024,76.,180.000000000004));
#13896=CARTESIAN_POINT('',(968.600000000027,78.,240.000000000004));
#13897=CARTESIAN_POINT('',(968.600000000024,78.,180.000000000004));
#13898=CARTESIAN_POINT('',(968.600000000026,78.,225.000000000005));
#13899=CARTESIAN_POINT('',(968.600000000024,86.,180.000000000004));
#13900=CARTESIAN_POINT('',(968.600000000024,76.,180.000000000004));
#13901=CARTESIAN_POINT('',(968.600000000027,86.,240.000000000004));
#13902=CARTESIAN_POINT('',(968.600000000024,86.,180.000000000004));
#13903=CARTESIAN_POINT('',(968.600000000027,76.,240.000000000004));
#13904=CARTESIAN_POINT('Origin',(978.600000000017,86.,210.000000000004));
#13905=CARTESIAN_POINT('',(988.600000000007,86.,180.000000000003));
#13906=CARTESIAN_POINT('',(973.600000000019,86.,180.000000000004));
#13907=CARTESIAN_POINT('',(988.60000000001,86.,240.000000000003));
#13908=CARTESIAN_POINT('',(988.600000000009,86.,225.000000000003));
#13909=CARTESIAN_POINT('',(805.600000000013,86.,240.000000000014));
#13910=CARTESIAN_POINT('Origin',(632.600000000008,76.,240.000000000024));
#13911=CARTESIAN_POINT('',(632.600000000005,78.,180.000000000024));
#13912=CARTESIAN_POINT('',(632.600000000008,78.,240.000000000024));
#13913=CARTESIAN_POINT('',(632.600000000005,78.,195.000000000024));
#13914=CARTESIAN_POINT('',(632.600000000008,86.,240.000000000024));
#13915=CARTESIAN_POINT('',(632.600000000008,76.,240.000000000024));
#13916=CARTESIAN_POINT('',(632.600000000005,86.,180.000000000024));
#13917=CARTESIAN_POINT('',(632.600000000008,86.,240.000000000024));
#13918=CARTESIAN_POINT('',(632.600000000004,76.,180.000000000024));
#13919=CARTESIAN_POINT('Origin',(622.600000000006,86.,210.000000000024));
#13920=CARTESIAN_POINT('',(612.600000000008,86.,240.000000000025));
#13921=CARTESIAN_POINT('',(627.600000000008,86.,240.000000000024));
#13922=CARTESIAN_POINT('',(612.600000000005,86.,180.000000000025));
#13923=CARTESIAN_POINT('',(612.600000000005,86.,195.000000000025));
#13924=CARTESIAN_POINT('',(795.600000000014,86.,180.000000000014));
#13925=CARTESIAN_POINT('Origin',(968.600000000023,76.,180.000000000004));
#13926=CARTESIAN_POINT('',(884.600000000019,78.,180.000000000009));
#13927=CARTESIAN_POINT('',(612.600000000005,96.,180.000000000025));
#13928=CARTESIAN_POINT('',(612.600000000005,76.,180.000000000025));
#13929=CARTESIAN_POINT('',(632.600000000005,96.,180.000000000024));
#13930=CARTESIAN_POINT('',(632.600000000005,96.,180.000000000024));
#13931=CARTESIAN_POINT('',(632.600000000005,104.,180.000000000024));
#13932=CARTESIAN_POINT('',(632.600000000005,76.,180.000000000024));
#13933=CARTESIAN_POINT('',(968.600000000024,104.,180.000000000004));
#13934=CARTESIAN_POINT('',(968.600000000023,104.,180.000000000004));
#13935=CARTESIAN_POINT('',(968.600000000024,96.,180.000000000004));
#13936=CARTESIAN_POINT('',(968.600000000024,76.,180.000000000004));
#13937=CARTESIAN_POINT('',(988.600000000007,96.,180.000000000003));
#13938=CARTESIAN_POINT('',(988.600000000007,96.,180.000000000003));
#13939=CARTESIAN_POINT('',(988.600000000007,76.,180.000000000003));
#13940=CARTESIAN_POINT('Origin',(988.60000000001,76.,240.000000000003));
#13941=CARTESIAN_POINT('',(988.60000000001,96.,240.000000000003));
#13942=CARTESIAN_POINT('',(988.60000000001,96.,240.000000000003));
#13943=CARTESIAN_POINT('',(988.60000000001,76.,240.000000000003));
#13944=CARTESIAN_POINT('Origin',(978.600000000017,96.,210.000000000004));
#13945=CARTESIAN_POINT('',(968.600000000027,96.,240.000000000004));
#13946=CARTESIAN_POINT('',(968.600000000026,96.,225.000000000004));
#13947=CARTESIAN_POINT('',(968.600000000027,96.,240.000000000004));
#13948=CARTESIAN_POINT('Origin',(612.600000000005,76.,180.000000000025));
#13949=CARTESIAN_POINT('',(612.600000000008,96.,240.000000000025));
#13950=CARTESIAN_POINT('',(612.600000000008,76.,240.000000000025));
#13951=CARTESIAN_POINT('',(612.600000000005,96.,180.000000000025));
#13952=CARTESIAN_POINT('Origin',(622.600000000006,96.,210.000000000024));
#13953=CARTESIAN_POINT('',(632.600000000008,96.,240.000000000024));
#13954=CARTESIAN_POINT('',(632.600000000005,96.,195.000000000024));
#13955=CARTESIAN_POINT('',(632.600000000008,96.,240.000000000024));
#13956=CARTESIAN_POINT('Origin',(800.600000000015,78.,210.000000000014));
#13957=CARTESIAN_POINT('',(716.600000000013,78.,240.000000000019));
#13958=CARTESIAN_POINT('Origin',(632.600000000005,76.,180.000000000024));
#13959=CARTESIAN_POINT('',(632.600000000008,104.,240.000000000024));
#13960=CARTESIAN_POINT('',(632.600000000008,76.,240.000000000024));
#13961=CARTESIAN_POINT('',(632.600000000008,104.,240.000000000024));
#13962=CARTESIAN_POINT('Origin',(968.600000000027,76.,240.000000000004));
#13963=CARTESIAN_POINT('',(968.600000000027,104.,240.000000000004));
#13964=CARTESIAN_POINT('',(968.600000000024,104.,180.000000000004));
#13965=CARTESIAN_POINT('',(968.600000000027,76.,240.000000000004));
#13966=CARTESIAN_POINT('Origin',(632.600000000008,76.,240.000000000024));
#13967=CARTESIAN_POINT('',(632.600000000008,104.,240.000000000024));
#13968=CARTESIAN_POINT('Origin',(800.600000000015,104.,210.000000000014));
#13969=CARTESIAN_POINT('Origin',(968.600000000009,76.,240.000000000004));
#13970=CARTESIAN_POINT('',(968.600000000012,86.,300.000000000004));
#13971=CARTESIAN_POINT('',(968.600000000012,78.,300.000000000004));
#13972=CARTESIAN_POINT('',(968.600000000012,76.,300.000000000004));
#13973=CARTESIAN_POINT('',(968.600000000009,78.,240.000000000004));
#13974=CARTESIAN_POINT('',(968.600000000009,78.,255.000000000005));
#13975=CARTESIAN_POINT('',(968.600000000027,86.,240.000000000004));
#13976=CARTESIAN_POINT('',(968.600000000009,76.,240.000000000004));
#13977=CARTESIAN_POINT('',(968.600000000009,86.,240.000000000004));
#13978=CARTESIAN_POINT('Origin',(632.600000000011,76.,300.000000000024));
#13979=CARTESIAN_POINT('',(632.600000000011,96.,300.000000000024));
#13980=CARTESIAN_POINT('',(632.600000000011,104.,300.000000000024));
#13981=CARTESIAN_POINT('',(632.600000000011,76.,300.000000000024));
#13982=CARTESIAN_POINT('',(632.600000000008,104.,240.000000000024));
#13983=CARTESIAN_POINT('',(632.600000000011,104.,300.000000000024));
#13984=CARTESIAN_POINT('',(632.600000000008,96.,240.000000000024));
#13985=CARTESIAN_POINT('',(632.600000000008,76.,240.000000000024));
#13986=CARTESIAN_POINT('',(632.600000000009,96.,255.000000000024));
#13987=CARTESIAN_POINT('Origin',(800.600000000017,78.,270.000000000014));
#13988=CARTESIAN_POINT('',(632.600000000011,78.,300.000000000024));
#13989=CARTESIAN_POINT('',(884.600000000015,78.,300.000000000009));
#13990=CARTESIAN_POINT('',(632.600000000008,78.,240.000000000024));
#13991=CARTESIAN_POINT('',(632.600000000009,78.,255.000000000024));
#13992=CARTESIAN_POINT('',(884.600000000012,78.,240.000000000009));
#13993=CARTESIAN_POINT('Origin',(968.600000000009,76.,240.000000000004));
#13994=CARTESIAN_POINT('',(632.600000000008,86.,240.000000000024));
#13995=CARTESIAN_POINT('',(632.600000000008,76.,240.000000000024));
#13996=CARTESIAN_POINT('',(612.600000000008,86.,240.000000000025));
#13997=CARTESIAN_POINT('',(795.600000000008,86.,240.000000000014));
#13998=CARTESIAN_POINT('',(612.600000000008,96.,240.000000000025));
#13999=CARTESIAN_POINT('',(612.600000000008,76.,240.000000000025));
#14000=CARTESIAN_POINT('',(632.600000000008,96.,240.000000000024));
#14001=CARTESIAN_POINT('',(968.600000000009,104.,240.000000000004));
#14002=CARTESIAN_POINT('',(632.600000000008,104.,240.000000000024));
#14003=CARTESIAN_POINT('',(968.600000000027,96.,240.000000000004));
#14004=CARTESIAN_POINT('',(968.600000000009,76.,240.000000000004));
#14005=CARTESIAN_POINT('',(988.60000000001,96.,240.000000000003));
#14006=CARTESIAN_POINT('',(968.600000000027,96.,240.000000000004));
#14007=CARTESIAN_POINT('',(988.60000000001,86.,240.000000000003));
#14008=CARTESIAN_POINT('',(988.60000000001,76.,240.000000000003));
#14009=CARTESIAN_POINT('',(973.600000000009,86.,240.000000000004));
#14010=CARTESIAN_POINT('Origin',(632.600000000011,76.,300.000000000024));
#14011=CARTESIAN_POINT('',(632.600000000011,86.,300.000000000024));
#14012=CARTESIAN_POINT('',(632.600000000011,76.,300.000000000024));
#14013=CARTESIAN_POINT('',(632.600000000011,86.,300.000000000024));
#14014=CARTESIAN_POINT('Origin',(968.600000000009,76.,240.000000000004));
#14015=CARTESIAN_POINT('',(968.600000000012,104.,300.000000000004));
#14016=CARTESIAN_POINT('',(968.600000000012,96.,300.000000000004));
#14017=CARTESIAN_POINT('',(968.600000000012,76.,300.000000000004));
#14018=CARTESIAN_POINT('',(968.600000000011,96.,285.000000000004));
#14019=CARTESIAN_POINT('',(968.600000000012,104.,300.000000000004));
#14020=CARTESIAN_POINT('Origin',(978.600000000011,86.,270.000000000004));
#14021=CARTESIAN_POINT('',(988.600000000013,86.,300.000000000003));
#14022=CARTESIAN_POINT('',(988.600000000012,86.,285.000000000003));
#14023=CARTESIAN_POINT('',(805.600000000012,86.,300.000000000014));
#14024=CARTESIAN_POINT('Origin',(622.60000000001,86.,270.000000000024));
#14025=CARTESIAN_POINT('',(612.600000000011,86.,300.000000000025));
#14026=CARTESIAN_POINT('',(627.600000000011,86.,300.000000000024));
#14027=CARTESIAN_POINT('',(612.600000000009,86.,255.000000000025));
#14028=CARTESIAN_POINT('Origin',(988.600000000013,76.,300.000000000003));
#14029=CARTESIAN_POINT('',(988.600000000013,96.,300.000000000003));
#14030=CARTESIAN_POINT('',(988.600000000013,96.,300.000000000003));
#14031=CARTESIAN_POINT('',(988.600000000013,76.,300.000000000003));
#14032=CARTESIAN_POINT('Origin',(978.600000000011,96.,270.000000000004));
#14033=CARTESIAN_POINT('',(968.600000000012,96.,300.000000000004));
#14034=CARTESIAN_POINT('Origin',(612.600000000008,76.,240.000000000025));
#14035=CARTESIAN_POINT('',(612.600000000011,96.,300.000000000025));
#14036=CARTESIAN_POINT('',(612.600000000011,76.,300.000000000025));
#14037=CARTESIAN_POINT('',(612.600000000008,96.,240.000000000025));
#14038=CARTESIAN_POINT('Origin',(622.60000000001,96.,270.000000000024));
#14039=CARTESIAN_POINT('',(632.600000000011,96.,300.000000000024));
#14040=CARTESIAN_POINT('Origin',(632.600000000011,76.,300.000000000024));
#14041=CARTESIAN_POINT('',(884.600000000015,104.,300.000000000009));
#14042=CARTESIAN_POINT('Origin',(800.600000000017,104.,270.000000000014));
#14043=CARTESIAN_POINT('Origin',(968.600000000015,76.,360.000000000004));
#14044=CARTESIAN_POINT('',(968.600000000018,78.,420.000000000004));
#14045=CARTESIAN_POINT('',(968.600000000015,78.,360.000000000004));
#14046=CARTESIAN_POINT('',(968.600000000018,78.,435.000000000005));
#14047=CARTESIAN_POINT('',(968.600000000015,86.,360.000000000004));
#14048=CARTESIAN_POINT('',(968.600000000015,76.,360.000000000004));
#14049=CARTESIAN_POINT('',(968.600000000018,86.,420.000000000004));
#14050=CARTESIAN_POINT('',(968.600000000015,86.,360.000000000004));
#14051=CARTESIAN_POINT('',(968.600000000018,76.,420.000000000004));
#14052=CARTESIAN_POINT('Origin',(978.600000000017,86.,390.000000000004));
#14053=CARTESIAN_POINT('',(988.600000000016,86.,360.000000000003));
#14054=CARTESIAN_POINT('',(973.600000000014,86.,360.000000000004));
#14055=CARTESIAN_POINT('',(988.600000000019,86.,420.000000000003));
#14056=CARTESIAN_POINT('',(988.600000000018,86.,405.000000000003));
#14057=CARTESIAN_POINT('',(805.600000000018,86.,420.000000000014));
#14058=CARTESIAN_POINT('Origin',(632.600000000018,76.,420.000000000024));
#14059=CARTESIAN_POINT('',(632.600000000015,78.,360.000000000024));
#14060=CARTESIAN_POINT('',(632.600000000018,78.,420.000000000024));
#14061=CARTESIAN_POINT('',(632.600000000017,78.,405.000000000023));
#14062=CARTESIAN_POINT('',(632.600000000018,86.,420.000000000024));
#14063=CARTESIAN_POINT('',(632.600000000018,76.,420.000000000024));
#14064=CARTESIAN_POINT('',(632.600000000015,86.,360.000000000024));
#14065=CARTESIAN_POINT('',(632.600000000018,86.,420.000000000024));
#14066=CARTESIAN_POINT('',(632.600000000015,76.,360.000000000024));
#14067=CARTESIAN_POINT('Origin',(622.600000000017,86.,390.000000000024));
#14068=CARTESIAN_POINT('',(612.600000000018,86.,420.000000000025));
#14069=CARTESIAN_POINT('',(627.600000000018,86.,420.000000000024));
#14070=CARTESIAN_POINT('',(612.600000000015,86.,360.000000000025));
#14071=CARTESIAN_POINT('',(612.600000000016,86.,375.000000000025));
#14072=CARTESIAN_POINT('',(795.600000000014,86.,360.000000000014));
#14073=CARTESIAN_POINT('Origin',(968.600000000014,76.,360.000000000004));
#14074=CARTESIAN_POINT('',(884.600000000014,78.,360.000000000009));
#14075=CARTESIAN_POINT('',(612.600000000015,96.,360.000000000025));
#14076=CARTESIAN_POINT('',(612.600000000015,76.,360.000000000025));
#14077=CARTESIAN_POINT('',(632.600000000015,96.,360.000000000024));
#14078=CARTESIAN_POINT('',(632.600000000015,96.,360.000000000024));
#14079=CARTESIAN_POINT('',(632.600000000015,104.,360.000000000024));
#14080=CARTESIAN_POINT('',(632.600000000015,76.,360.000000000024));
#14081=CARTESIAN_POINT('',(968.600000000015,104.,360.000000000004));
#14082=CARTESIAN_POINT('',(632.600000000015,104.,360.000000000024));
#14083=CARTESIAN_POINT('',(968.600000000015,96.,360.000000000004));
#14084=CARTESIAN_POINT('',(968.600000000015,76.,360.000000000004));
#14085=CARTESIAN_POINT('',(988.600000000016,96.,360.000000000003));
#14086=CARTESIAN_POINT('',(968.600000000015,96.,360.000000000004));
#14087=CARTESIAN_POINT('',(988.600000000016,76.,360.000000000003));
#14088=CARTESIAN_POINT('Origin',(988.600000000019,76.,420.000000000003));
#14089=CARTESIAN_POINT('',(988.600000000019,96.,420.000000000003));
#14090=CARTESIAN_POINT('',(988.600000000019,96.,420.000000000003));
#14091=CARTESIAN_POINT('',(988.600000000019,76.,420.000000000003));
#14092=CARTESIAN_POINT('Origin',(978.600000000017,96.,390.000000000004));
#14093=CARTESIAN_POINT('',(968.600000000018,96.,420.000000000004));
#14094=CARTESIAN_POINT('',(968.600000000017,96.,405.000000000005));
#14095=CARTESIAN_POINT('',(968.600000000018,96.,420.000000000004));
#14096=CARTESIAN_POINT('Origin',(612.600000000015,76.,360.000000000025));
#14097=CARTESIAN_POINT('',(612.600000000018,96.,420.000000000025));
#14098=CARTESIAN_POINT('',(612.600000000018,76.,420.000000000025));
#14099=CARTESIAN_POINT('',(612.600000000015,96.,360.000000000025));
#14100=CARTESIAN_POINT('Origin',(622.600000000017,96.,390.000000000024));
#14101=CARTESIAN_POINT('',(632.600000000018,96.,420.000000000024));
#14102=CARTESIAN_POINT('',(632.600000000016,96.,375.000000000024));
#14103=CARTESIAN_POINT('',(632.600000000018,96.,420.000000000024));
#14104=CARTESIAN_POINT('Origin',(800.600000000019,78.,450.000000000013));
#14105=CARTESIAN_POINT('',(716.600000000018,78.,420.000000000019));
#14106=CARTESIAN_POINT('Origin',(968.600000000018,76.,420.000000000004));
#14107=CARTESIAN_POINT('',(968.600000000018,104.,420.000000000004));
#14108=CARTESIAN_POINT('',(968.600000000015,104.,360.000000000004));
#14109=CARTESIAN_POINT('',(968.600000000018,76.,420.000000000004));
#14110=CARTESIAN_POINT('Origin',(632.600000000018,76.,420.000000000024));
#14111=CARTESIAN_POINT('',(632.600000000018,104.,420.000000000024));
#14112=CARTESIAN_POINT('',(968.600000000017,104.,420.000000000004));
#14113=CARTESIAN_POINT('',(632.600000000018,76.,420.000000000024));
#14114=CARTESIAN_POINT('Origin',(632.600000000015,76.,360.000000000024));
#14115=CARTESIAN_POINT('',(632.600000000018,104.,420.000000000024));
#14116=CARTESIAN_POINT('Origin',(800.600000000016,104.,390.000000000014));
#14117=CARTESIAN_POINT('Origin',(968.600000000018,76.,420.000000000004));
#14118=CARTESIAN_POINT('',(968.600000000021,78.,480.000000000004));
#14119=CARTESIAN_POINT('',(968.600000000018,78.,420.000000000004));
#14120=CARTESIAN_POINT('',(968.60000000002,78.,465.000000000005));
#14121=CARTESIAN_POINT('',(968.600000000018,86.,420.000000000004));
#14122=CARTESIAN_POINT('',(968.600000000018,76.,420.000000000004));
#14123=CARTESIAN_POINT('',(968.600000000021,86.,480.000000000004));
#14124=CARTESIAN_POINT('',(968.600000000018,86.,420.000000000004));
#14125=CARTESIAN_POINT('',(968.600000000021,76.,480.000000000004));
#14126=CARTESIAN_POINT('Origin',(978.60000000002,86.,450.000000000004));
#14127=CARTESIAN_POINT('',(988.600000000019,86.,420.000000000003));
#14128=CARTESIAN_POINT('',(973.600000000017,86.,420.000000000004));
#14129=CARTESIAN_POINT('',(988.600000000022,86.,480.000000000003));
#14130=CARTESIAN_POINT('',(988.600000000021,86.,465.000000000003));
#14131=CARTESIAN_POINT('',(805.600000000022,86.,480.000000000013));
#14132=CARTESIAN_POINT('Origin',(632.600000000022,76.,480.000000000024));
#14133=CARTESIAN_POINT('',(632.600000000018,78.,420.000000000024));
#14134=CARTESIAN_POINT('',(632.600000000022,78.,480.000000000022));
#14135=CARTESIAN_POINT('',(632.600000000019,78.,435.000000000023));
#14136=CARTESIAN_POINT('',(632.600000000022,86.,480.000000000024));
#14137=CARTESIAN_POINT('',(632.600000000022,76.,480.000000000022));
#14138=CARTESIAN_POINT('',(632.600000000018,86.,420.000000000024));
#14139=CARTESIAN_POINT('',(632.600000000022,86.,480.000000000024));
#14140=CARTESIAN_POINT('',(632.600000000018,76.,420.000000000024));
#14141=CARTESIAN_POINT('Origin',(622.60000000002,86.,450.000000000024));
#14142=CARTESIAN_POINT('',(612.600000000018,86.,420.000000000025));
#14143=CARTESIAN_POINT('',(612.600000000022,86.,480.000000000025));
#14144=CARTESIAN_POINT('',(612.600000000019,86.,435.000000000025));
#14145=CARTESIAN_POINT('',(795.600000000018,86.,420.000000000014));
#14146=CARTESIAN_POINT('',(627.600000000022,86.,480.000000000022));
#14147=CARTESIAN_POINT('Origin',(968.600000000017,76.,420.000000000004));
#14148=CARTESIAN_POINT('',(884.600000000017,78.,420.000000000009));
#14149=CARTESIAN_POINT('',(612.600000000018,96.,420.000000000025));
#14150=CARTESIAN_POINT('',(612.600000000018,76.,420.000000000025));
#14151=CARTESIAN_POINT('',(632.600000000018,96.,420.000000000024));
#14152=CARTESIAN_POINT('',(632.600000000018,96.,420.000000000024));
#14153=CARTESIAN_POINT('',(632.600000000018,104.,420.000000000024));
#14154=CARTESIAN_POINT('',(632.600000000018,76.,420.000000000024));
#14155=CARTESIAN_POINT('',(968.600000000018,104.,420.000000000004));
#14156=CARTESIAN_POINT('',(968.600000000017,104.,420.000000000004));
#14157=CARTESIAN_POINT('',(968.600000000018,96.,420.000000000004));
#14158=CARTESIAN_POINT('',(968.600000000018,76.,420.000000000004));
#14159=CARTESIAN_POINT('',(988.600000000019,96.,420.000000000003));
#14160=CARTESIAN_POINT('',(968.600000000018,96.,420.000000000004));
#14161=CARTESIAN_POINT('',(988.600000000019,76.,420.000000000003));
#14162=CARTESIAN_POINT('Origin',(612.600000000018,76.,420.000000000025));
#14163=CARTESIAN_POINT('',(612.600000000022,96.,480.000000000025));
#14164=CARTESIAN_POINT('',(612.600000000022,76.,480.000000000025));
#14165=CARTESIAN_POINT('',(612.600000000018,96.,420.000000000025));
#14166=CARTESIAN_POINT('Origin',(988.600000000022,76.,480.000000000003));
#14167=CARTESIAN_POINT('',(988.600000000022,96.,480.000000000003));
#14168=CARTESIAN_POINT('',(988.600000000022,96.,480.000000000003));
#14169=CARTESIAN_POINT('',(988.600000000022,76.,480.000000000003));
#14170=CARTESIAN_POINT('Origin',(978.60000000002,96.,450.000000000004));
#14171=CARTESIAN_POINT('',(968.600000000021,96.,480.000000000004));
#14172=CARTESIAN_POINT('',(968.60000000002,96.,465.000000000005));
#14173=CARTESIAN_POINT('',(968.600000000021,96.,480.000000000004));
#14174=CARTESIAN_POINT('Origin',(622.60000000002,96.,450.000000000024));
#14175=CARTESIAN_POINT('',(632.600000000022,96.,480.000000000024));
#14176=CARTESIAN_POINT('',(612.600000000022,96.,480.000000000025));
#14177=CARTESIAN_POINT('',(632.600000000019,96.,435.000000000024));
#14178=CARTESIAN_POINT('Origin',(800.600000000019,78.,450.000000000013));
#14179=CARTESIAN_POINT('',(716.600000000021,78.,480.000000000018));
#14180=CARTESIAN_POINT('Origin',(632.600000000018,76.,420.000000000024));
#14181=CARTESIAN_POINT('',(632.600000000022,104.,480.000000000024));
#14182=CARTESIAN_POINT('',(632.600000000022,76.,480.000000000024));
#14183=CARTESIAN_POINT('',(632.600000000022,104.,480.000000000024));
#14184=CARTESIAN_POINT('Origin',(968.600000000021,76.,480.000000000004));
#14185=CARTESIAN_POINT('',(968.600000000021,104.,480.000000000004));
#14186=CARTESIAN_POINT('',(968.600000000018,104.,420.000000000004));
#14187=CARTESIAN_POINT('',(968.600000000021,76.,480.000000000004));
#14188=CARTESIAN_POINT('Origin',(632.600000000022,76.,480.000000000022));
#14189=CARTESIAN_POINT('',(632.600000000022,104.,480.000000000022));
#14190=CARTESIAN_POINT('Origin',(800.600000000019,104.,450.000000000014));
#14191=CARTESIAN_POINT('Origin',(632.600000000025,76.,540.000000000022));
#14192=CARTESIAN_POINT('',(632.600000000022,78.,480.000000000022));
#14193=CARTESIAN_POINT('',(632.600000000025,78.,540.000000000022));
#14194=CARTESIAN_POINT('',(632.600000000021,78.,465.000000000023));
#14195=CARTESIAN_POINT('',(632.600000000025,86.,540.000000000022));
#14196=CARTESIAN_POINT('',(632.600000000025,76.,540.000000000022));
#14197=CARTESIAN_POINT('',(632.600000000022,86.,480.000000000024));
#14198=CARTESIAN_POINT('',(632.600000000022,86.,480.000000000024));
#14199=CARTESIAN_POINT('',(632.600000000022,76.,480.000000000022));
#14200=CARTESIAN_POINT('Origin',(622.600000000023,86.,510.000000000023));
#14201=CARTESIAN_POINT('',(612.600000000025,86.,540.000000000023));
#14202=CARTESIAN_POINT('',(627.600000000025,86.,540.000000000022));
#14203=CARTESIAN_POINT('',(612.600000000022,86.,480.000000000025));
#14204=CARTESIAN_POINT('',(612.600000000022,86.,495.000000000024));
#14205=CARTESIAN_POINT('',(795.600000000021,86.,480.000000000014));
#14206=CARTESIAN_POINT('Origin',(968.600000000021,76.,480.000000000004));
#14207=CARTESIAN_POINT('',(968.600000000024,78.,540.000000000004));
#14208=CARTESIAN_POINT('',(968.600000000021,78.,480.000000000004));
#14209=CARTESIAN_POINT('',(968.600000000022,78.,495.000000000005));
#14210=CARTESIAN_POINT('',(968.600000000021,86.,480.000000000004));
#14211=CARTESIAN_POINT('',(968.600000000021,76.,480.000000000004));
#14212=CARTESIAN_POINT('',(968.600000000024,86.,540.000000000004));
#14213=CARTESIAN_POINT('',(968.600000000021,86.,480.000000000004));
#14214=CARTESIAN_POINT('',(968.600000000024,76.,540.000000000004));
#14215=CARTESIAN_POINT('Origin',(978.600000000023,86.,510.000000000004));
#14216=CARTESIAN_POINT('',(988.600000000022,86.,480.000000000003));
#14217=CARTESIAN_POINT('',(973.600000000021,86.,480.000000000004));
#14218=CARTESIAN_POINT('',(988.600000000025,86.,540.000000000004));
#14219=CARTESIAN_POINT('',(988.600000000024,86.,525.000000000003));
#14220=CARTESIAN_POINT('',(805.600000000024,86.,540.000000000013));
#14221=CARTESIAN_POINT('Origin',(632.600000000025,76.,540.000000000022));
#14222=CARTESIAN_POINT('',(716.600000000024,78.,540.000000000018));
#14223=CARTESIAN_POINT('',(988.600000000025,96.,540.000000000004));
#14224=CARTESIAN_POINT('',(988.600000000025,76.,540.000000000004));
#14225=CARTESIAN_POINT('',(968.600000000024,96.,540.000000000004));
#14226=CARTESIAN_POINT('',(968.600000000024,96.,540.000000000004));
#14227=CARTESIAN_POINT('',(968.600000000024,104.,540.000000000004));
#14228=CARTESIAN_POINT('',(968.600000000024,76.,540.000000000004));
#14229=CARTESIAN_POINT('',(632.600000000025,104.,540.000000000022));
#14230=CARTESIAN_POINT('',(968.600000000024,104.,540.000000000004));
#14231=CARTESIAN_POINT('',(632.600000000025,96.,540.000000000022));
#14232=CARTESIAN_POINT('',(632.600000000025,76.,540.000000000022));
#14233=CARTESIAN_POINT('',(612.600000000025,96.,540.000000000023));
#14234=CARTESIAN_POINT('',(632.600000000025,96.,540.000000000022));
#14235=CARTESIAN_POINT('',(612.600000000025,76.,540.000000000023));
#14236=CARTESIAN_POINT('Origin',(988.600000000025,76.,540.000000000004));
#14237=CARTESIAN_POINT('',(988.600000000022,96.,480.000000000003));
#14238=CARTESIAN_POINT('',(988.600000000022,76.,480.000000000003));
#14239=CARTESIAN_POINT('',(988.600000000025,96.,540.000000000004));
#14240=CARTESIAN_POINT('Origin',(978.600000000023,96.,510.000000000004));
#14241=CARTESIAN_POINT('',(968.600000000021,96.,480.000000000004));
#14242=CARTESIAN_POINT('',(968.600000000023,96.,525.000000000005));
#14243=CARTESIAN_POINT('',(968.600000000021,96.,480.000000000004));
#14244=CARTESIAN_POINT('Origin',(612.600000000022,76.,480.000000000025));
#14245=CARTESIAN_POINT('',(612.600000000022,96.,480.000000000025));
#14246=CARTESIAN_POINT('',(612.600000000025,96.,540.000000000023));
#14247=CARTESIAN_POINT('',(612.600000000022,76.,480.000000000025));
#14248=CARTESIAN_POINT('Origin',(622.600000000023,96.,510.000000000023));
#14249=CARTESIAN_POINT('',(632.600000000022,96.,480.000000000024));
#14250=CARTESIAN_POINT('',(632.600000000022,96.,495.000000000023));
#14251=CARTESIAN_POINT('',(612.600000000022,96.,480.000000000025));
#14252=CARTESIAN_POINT('Origin',(800.600000000019,78.,450.000000000013));
#14253=CARTESIAN_POINT('',(884.60000000002,78.,480.000000000009));
#14254=CARTESIAN_POINT('Origin',(968.600000000024,76.,540.000000000004));
#14255=CARTESIAN_POINT('',(968.600000000021,104.,480.000000000004));
#14256=CARTESIAN_POINT('',(968.600000000021,76.,480.000000000004));
#14257=CARTESIAN_POINT('',(968.600000000021,104.,480.000000000004));
#14258=CARTESIAN_POINT('Origin',(968.60000000002,76.,480.000000000004));
#14259=CARTESIAN_POINT('',(632.600000000022,104.,480.000000000024));
#14260=CARTESIAN_POINT('',(632.600000000022,76.,480.000000000024));
#14261=CARTESIAN_POINT('',(632.600000000022,104.,480.000000000022));
#14262=CARTESIAN_POINT('Origin',(632.600000000022,76.,480.000000000024));
#14263=CARTESIAN_POINT('',(632.600000000022,104.,480.000000000024));
#14264=CARTESIAN_POINT('Origin',(800.600000000023,104.,510.000000000013));
#14265=CARTESIAN_POINT('Origin',(968.600000000024,76.,540.000000000004));
#14266=CARTESIAN_POINT('',(968.600000000027,78.,600.000000000004));
#14267=CARTESIAN_POINT('',(968.600000000024,78.,540.000000000004));
#14268=CARTESIAN_POINT('',(968.600000000023,78.,525.000000000005));
#14269=CARTESIAN_POINT('',(968.600000000024,86.,540.000000000004));
#14270=CARTESIAN_POINT('',(968.600000000024,76.,540.000000000004));
#14271=CARTESIAN_POINT('',(968.600000000027,86.,600.000000000004));
#14272=CARTESIAN_POINT('',(968.600000000024,86.,540.000000000004));
#14273=CARTESIAN_POINT('',(968.600000000027,76.,600.000000000004));
#14274=CARTESIAN_POINT('Origin',(978.600000000026,86.,570.000000000004));
#14275=CARTESIAN_POINT('',(988.600000000025,86.,540.000000000004));
#14276=CARTESIAN_POINT('',(973.600000000024,86.,540.000000000004));
#14277=CARTESIAN_POINT('',(988.600000000028,86.,600.000000000004));
#14278=CARTESIAN_POINT('',(988.600000000027,86.,585.000000000003));
#14279=CARTESIAN_POINT('',(805.600000000028,86.,600.000000000013));
#14280=CARTESIAN_POINT('Origin',(632.600000000028,76.,600.000000000022));
#14281=CARTESIAN_POINT('',(632.600000000025,78.,540.000000000022));
#14282=CARTESIAN_POINT('',(632.600000000028,78.,600.000000000022));
#14283=CARTESIAN_POINT('',(632.600000000022,78.,495.000000000022));
#14284=CARTESIAN_POINT('',(632.600000000028,86.,600.000000000022));
#14285=CARTESIAN_POINT('',(632.600000000028,76.,600.000000000022));
#14286=CARTESIAN_POINT('',(632.600000000025,86.,540.000000000022));
#14287=CARTESIAN_POINT('',(632.600000000028,86.,600.000000000022));
#14288=CARTESIAN_POINT('',(632.600000000025,76.,540.000000000022));
#14289=CARTESIAN_POINT('Origin',(622.600000000027,86.,570.000000000023));
#14290=CARTESIAN_POINT('',(612.600000000028,86.,600.000000000023));
#14291=CARTESIAN_POINT('',(627.600000000028,86.,600.000000000022));
#14292=CARTESIAN_POINT('',(612.600000000025,86.,540.000000000023));
#14293=CARTESIAN_POINT('',(612.600000000026,86.,555.000000000023));
#14294=CARTESIAN_POINT('',(795.600000000024,86.,540.000000000014));
#14295=CARTESIAN_POINT('Origin',(968.600000000024,76.,540.000000000004));
#14296=CARTESIAN_POINT('',(884.600000000024,78.,540.000000000009));
#14297=CARTESIAN_POINT('',(612.600000000025,96.,540.000000000023));
#14298=CARTESIAN_POINT('',(612.600000000025,76.,540.000000000023));
#14299=CARTESIAN_POINT('',(632.600000000025,96.,540.000000000022));
#14300=CARTESIAN_POINT('',(632.600000000025,96.,540.000000000022));
#14301=CARTESIAN_POINT('',(632.600000000025,104.,540.000000000022));
#14302=CARTESIAN_POINT('',(632.600000000025,76.,540.000000000022));
#14303=CARTESIAN_POINT('',(968.600000000024,104.,540.000000000004));
#14304=CARTESIAN_POINT('',(968.600000000024,104.,540.000000000004));
#14305=CARTESIAN_POINT('',(968.600000000024,96.,540.000000000004));
#14306=CARTESIAN_POINT('',(968.600000000024,76.,540.000000000004));
#14307=CARTESIAN_POINT('',(988.600000000025,96.,540.000000000004));
#14308=CARTESIAN_POINT('',(968.600000000024,96.,540.000000000004));
#14309=CARTESIAN_POINT('',(988.600000000025,76.,540.000000000004));
#14310=CARTESIAN_POINT('Origin',(988.600000000028,76.,600.000000000004));
#14311=CARTESIAN_POINT('',(988.600000000028,96.,600.000000000004));
#14312=CARTESIAN_POINT('',(988.600000000028,96.,600.000000000004));
#14313=CARTESIAN_POINT('',(988.600000000028,76.,600.000000000004));
#14314=CARTESIAN_POINT('Origin',(978.600000000026,96.,570.000000000004));
#14315=CARTESIAN_POINT('',(968.600000000027,96.,600.000000000004));
#14316=CARTESIAN_POINT('',(968.600000000026,96.,585.000000000005));
#14317=CARTESIAN_POINT('',(968.600000000027,96.,600.000000000004));
#14318=CARTESIAN_POINT('Origin',(612.600000000025,76.,540.000000000023));
#14319=CARTESIAN_POINT('',(612.600000000028,96.,600.000000000023));
#14320=CARTESIAN_POINT('',(612.600000000028,76.,600.000000000023));
#14321=CARTESIAN_POINT('',(612.600000000025,96.,540.000000000023));
#14322=CARTESIAN_POINT('Origin',(622.600000000027,96.,570.000000000023));
#14323=CARTESIAN_POINT('',(632.600000000028,96.,600.000000000022));
#14324=CARTESIAN_POINT('',(632.600000000026,96.,555.000000000022));
#14325=CARTESIAN_POINT('',(632.600000000028,96.,600.000000000022));
#14326=CARTESIAN_POINT('Origin',(800.600000000019,78.,450.000000000013));
#14327=CARTESIAN_POINT('',(716.600000000028,78.,600.000000000018));
#14328=CARTESIAN_POINT('Origin',(968.600000000027,76.,600.000000000004));
#14329=CARTESIAN_POINT('',(968.600000000027,104.,600.000000000004));
#14330=CARTESIAN_POINT('',(968.600000000024,104.,540.000000000004));
#14331=CARTESIAN_POINT('',(968.600000000027,76.,600.000000000004));
#14332=CARTESIAN_POINT('Origin',(632.600000000028,76.,600.000000000022));
#14333=CARTESIAN_POINT('',(632.600000000028,104.,600.000000000022));
#14334=CARTESIAN_POINT('',(968.600000000027,104.,600.000000000004));
#14335=CARTESIAN_POINT('',(632.600000000028,76.,600.000000000022));
#14336=CARTESIAN_POINT('Origin',(632.600000000025,76.,540.000000000022));
#14337=CARTESIAN_POINT('',(632.600000000028,104.,600.000000000022));
#14338=CARTESIAN_POINT('Origin',(800.600000000026,104.,570.000000000013));
#14339=CARTESIAN_POINT('Origin',(968.600000000027,76.,600.000000000004));
#14340=CARTESIAN_POINT('',(968.60000000003,78.,660.000000000004));
#14341=CARTESIAN_POINT('',(968.600000000027,78.,600.000000000004));
#14342=CARTESIAN_POINT('',(968.600000000028,78.,631.329432107379));
#14343=CARTESIAN_POINT('',(968.600000000027,86.,600.000000000004));
#14344=CARTESIAN_POINT('',(968.600000000027,76.,600.000000000004));
#14345=CARTESIAN_POINT('',(968.60000000003,86.,660.000000000004));
#14346=CARTESIAN_POINT('',(968.600000000027,86.,600.000000000004));
#14347=CARTESIAN_POINT('',(968.60000000003,76.,660.000000000004));
#14348=CARTESIAN_POINT('Origin',(978.600000000029,86.,630.000000000004));
#14349=CARTESIAN_POINT('',(988.600000000028,86.,600.000000000004));
#14350=CARTESIAN_POINT('',(973.600000000027,86.,600.000000000004));
#14351=CARTESIAN_POINT('',(988.600000000031,86.,660.000000000003));
#14352=CARTESIAN_POINT('',(988.60000000003,86.,645.000000000003));
#14353=CARTESIAN_POINT('',(805.600000000031,86.,660.000000000013));
#14354=CARTESIAN_POINT('Origin',(632.600000000032,76.,660.000000000022));
#14355=CARTESIAN_POINT('',(632.600000000028,78.,600.000000000022));
#14356=CARTESIAN_POINT('',(632.600000000032,78.,660.000000000022));
#14357=CARTESIAN_POINT('',(632.600000000028,78.,601.329432107397));
#14358=CARTESIAN_POINT('',(632.600000000032,86.,660.000000000022));
#14359=CARTESIAN_POINT('',(632.600000000032,76.,660.000000000022));
#14360=CARTESIAN_POINT('',(632.600000000028,86.,600.000000000022));
#14361=CARTESIAN_POINT('',(632.600000000032,86.,660.000000000022));
#14362=CARTESIAN_POINT('',(632.600000000028,76.,600.000000000022));
#14363=CARTESIAN_POINT('Origin',(622.60000000003,86.,630.000000000023));
#14364=CARTESIAN_POINT('',(612.600000000032,86.,660.000000000023));
#14365=CARTESIAN_POINT('',(627.600000000032,86.,660.000000000022));
#14366=CARTESIAN_POINT('',(612.600000000028,86.,600.000000000023));
#14367=CARTESIAN_POINT('',(612.600000000029,86.,615.000000000023));
#14368=CARTESIAN_POINT('',(795.600000000028,86.,600.000000000014));
#14369=CARTESIAN_POINT('Origin',(968.600000000027,76.,600.000000000004));
#14370=CARTESIAN_POINT('',(884.600000000027,78.,600.000000000009));
#14371=CARTESIAN_POINT('',(612.600000000028,96.,600.000000000023));
#14372=CARTESIAN_POINT('',(612.600000000028,76.,600.000000000023));
#14373=CARTESIAN_POINT('',(632.600000000028,96.,600.000000000022));
#14374=CARTESIAN_POINT('',(632.600000000028,96.,600.000000000022));
#14375=CARTESIAN_POINT('',(632.600000000028,104.,600.000000000022));
#14376=CARTESIAN_POINT('',(632.600000000028,76.,600.000000000022));
#14377=CARTESIAN_POINT('',(968.600000000027,104.,600.000000000004));
#14378=CARTESIAN_POINT('',(968.600000000027,104.,600.000000000004));
#14379=CARTESIAN_POINT('',(968.600000000027,96.,600.000000000004));
#14380=CARTESIAN_POINT('',(968.600000000027,76.,600.000000000004));
#14381=CARTESIAN_POINT('',(988.600000000028,96.,600.000000000004));
#14382=CARTESIAN_POINT('',(968.600000000027,96.,600.000000000004));
#14383=CARTESIAN_POINT('',(988.600000000028,76.,600.000000000004));
#14384=CARTESIAN_POINT('Origin',(988.600000000031,76.,660.000000000003));
#14385=CARTESIAN_POINT('',(988.600000000031,96.,660.000000000003));
#14386=CARTESIAN_POINT('',(988.600000000031,96.,660.000000000003));
#14387=CARTESIAN_POINT('',(988.600000000031,76.,660.000000000003));
#14388=CARTESIAN_POINT('Origin',(978.600000000029,96.,630.000000000004));
#14389=CARTESIAN_POINT('',(968.60000000003,96.,660.000000000004));
#14390=CARTESIAN_POINT('',(968.600000000029,96.,645.000000000005));
#14391=CARTESIAN_POINT('',(968.60000000003,96.,660.000000000004));
#14392=CARTESIAN_POINT('Origin',(612.600000000028,76.,600.000000000023));
#14393=CARTESIAN_POINT('',(612.600000000032,96.,660.000000000023));
#14394=CARTESIAN_POINT('',(612.600000000032,76.,660.000000000023));
#14395=CARTESIAN_POINT('',(612.600000000028,96.,600.000000000023));
#14396=CARTESIAN_POINT('Origin',(622.60000000003,96.,630.000000000023));
#14397=CARTESIAN_POINT('',(632.600000000032,96.,660.000000000022));
#14398=CARTESIAN_POINT('',(632.600000000029,96.,615.000000000022));
#14399=CARTESIAN_POINT('',(632.600000000032,96.,660.000000000022));
#14400=CARTESIAN_POINT('Origin',(800.600000000026,78.,602.658864214762));
#14401=CARTESIAN_POINT('',(716.60000000003,78.,660.000000000018));
#14402=CARTESIAN_POINT('Origin',(632.600000000028,76.,600.000000000022));
#14403=CARTESIAN_POINT('',(632.600000000032,104.,660.000000000022));
#14404=CARTESIAN_POINT('',(632.600000000032,76.,660.000000000022));
#14405=CARTESIAN_POINT('',(632.600000000032,104.,660.000000000022));
#14406=CARTESIAN_POINT('Origin',(968.60000000003,76.,660.000000000004));
#14407=CARTESIAN_POINT('',(968.60000000003,104.,660.000000000004));
#14408=CARTESIAN_POINT('',(968.600000000027,104.,600.000000000004));
#14409=CARTESIAN_POINT('',(968.60000000003,76.,660.000000000004));
#14410=CARTESIAN_POINT('Origin',(632.600000000032,76.,660.000000000022));
#14411=CARTESIAN_POINT('',(632.600000000032,104.,660.000000000022));
#14412=CARTESIAN_POINT('Origin',(800.600000000029,104.,630.000000000013));
#14413=CARTESIAN_POINT('Origin',(968.60000000003,76.,660.000000000004));
#14414=CARTESIAN_POINT('',(968.600000000033,78.,720.000000000004));
#14415=CARTESIAN_POINT('',(968.60000000003,78.,660.000000000004));
#14416=CARTESIAN_POINT('',(968.600000000031,78.,661.329432107379));
#14417=CARTESIAN_POINT('',(968.60000000003,86.,660.000000000004));
#14418=CARTESIAN_POINT('',(968.60000000003,76.,660.000000000004));
#14419=CARTESIAN_POINT('',(968.600000000033,86.,720.000000000004));
#14420=CARTESIAN_POINT('',(968.60000000003,86.,660.000000000004));
#14421=CARTESIAN_POINT('',(968.600000000033,76.,720.000000000004));
#14422=CARTESIAN_POINT('Origin',(978.600000000032,86.,690.000000000004));
#14423=CARTESIAN_POINT('',(988.600000000031,86.,660.000000000003));
#14424=CARTESIAN_POINT('',(973.60000000003,86.,660.000000000004));
#14425=CARTESIAN_POINT('',(988.600000000034,86.,720.000000000003));
#14426=CARTESIAN_POINT('',(988.600000000033,86.,705.000000000003));
#14427=CARTESIAN_POINT('',(805.600000000034,86.,720.000000000013));
#14428=CARTESIAN_POINT('Origin',(632.600000000035,76.,720.000000000022));
#14429=CARTESIAN_POINT('',(632.600000000032,78.,660.000000000022));
#14430=CARTESIAN_POINT('',(632.600000000035,78.,720.000000000022));
#14431=CARTESIAN_POINT('',(632.60000000003,78.,631.329432107397));
#14432=CARTESIAN_POINT('',(632.600000000035,86.,720.000000000022));
#14433=CARTESIAN_POINT('',(632.600000000035,76.,720.000000000022));
#14434=CARTESIAN_POINT('',(632.600000000032,86.,660.000000000022));
#14435=CARTESIAN_POINT('',(632.600000000035,86.,720.000000000022));
#14436=CARTESIAN_POINT('',(632.600000000032,76.,660.000000000022));
#14437=CARTESIAN_POINT('Origin',(622.600000000034,86.,690.000000000023));
#14438=CARTESIAN_POINT('',(612.600000000032,86.,660.000000000023));
#14439=CARTESIAN_POINT('',(612.600000000035,86.,720.000000000023));
#14440=CARTESIAN_POINT('',(612.600000000033,86.,675.000000000023));
#14441=CARTESIAN_POINT('',(795.600000000031,86.,660.000000000013));
#14442=CARTESIAN_POINT('',(627.600000000035,86.,720.000000000022));
#14443=CARTESIAN_POINT('Origin',(968.60000000003,76.,660.000000000004));
#14444=CARTESIAN_POINT('',(884.600000000029,78.,660.000000000009));
#14445=CARTESIAN_POINT('',(612.600000000032,96.,660.000000000023));
#14446=CARTESIAN_POINT('',(612.600000000032,76.,660.000000000023));
#14447=CARTESIAN_POINT('',(632.600000000032,96.,660.000000000022));
#14448=CARTESIAN_POINT('',(632.600000000032,96.,660.000000000022));
#14449=CARTESIAN_POINT('',(632.600000000032,104.,660.000000000022));
#14450=CARTESIAN_POINT('',(632.600000000032,76.,660.000000000022));
#14451=CARTESIAN_POINT('',(968.60000000003,104.,660.000000000004));
#14452=CARTESIAN_POINT('',(632.600000000032,104.,660.000000000022));
#14453=CARTESIAN_POINT('',(968.60000000003,96.,660.000000000004));
#14454=CARTESIAN_POINT('',(968.60000000003,76.,660.000000000004));
#14455=CARTESIAN_POINT('',(988.600000000031,96.,660.000000000003));
#14456=CARTESIAN_POINT('',(968.60000000003,96.,660.000000000004));
#14457=CARTESIAN_POINT('',(988.600000000031,76.,660.000000000003));
#14458=CARTESIAN_POINT('Origin',(612.600000000032,76.,660.000000000023));
#14459=CARTESIAN_POINT('',(612.600000000035,96.,720.000000000023));
#14460=CARTESIAN_POINT('',(612.600000000035,76.,720.000000000023));
#14461=CARTESIAN_POINT('',(612.600000000032,96.,660.000000000023));
#14462=CARTESIAN_POINT('Origin',(988.600000000034,76.,720.000000000003));
#14463=CARTESIAN_POINT('',(988.600000000034,96.,720.000000000003));
#14464=CARTESIAN_POINT('',(988.600000000034,96.,720.000000000003));
#14465=CARTESIAN_POINT('',(988.600000000034,76.,720.000000000003));
#14466=CARTESIAN_POINT('Origin',(978.600000000032,96.,690.000000000004));
#14467=CARTESIAN_POINT('',(968.600000000033,96.,720.000000000004));
#14468=CARTESIAN_POINT('',(968.600000000033,96.,705.000000000005));
#14469=CARTESIAN_POINT('',(968.600000000033,96.,720.000000000004));
#14470=CARTESIAN_POINT('Origin',(622.600000000034,96.,690.000000000023));
#14471=CARTESIAN_POINT('',(632.600000000035,96.,720.000000000022));
#14472=CARTESIAN_POINT('',(612.600000000035,96.,720.000000000023));
#14473=CARTESIAN_POINT('',(632.600000000033,96.,675.000000000022));
#14474=CARTESIAN_POINT('Origin',(800.600000000026,78.,602.658864214762));
#14475=CARTESIAN_POINT('',(716.600000000034,78.,720.000000000018));
#14476=CARTESIAN_POINT('Origin',(968.600000000033,76.,720.000000000004));
#14477=CARTESIAN_POINT('',(968.600000000033,104.,720.000000000004));
#14478=CARTESIAN_POINT('',(968.60000000003,104.,660.000000000004));
#14479=CARTESIAN_POINT('',(968.600000000033,76.,720.000000000004));
#14480=CARTESIAN_POINT('Origin',(632.600000000035,76.,720.000000000022));
#14481=CARTESIAN_POINT('',(632.600000000035,104.,720.000000000022));
#14482=CARTESIAN_POINT('',(968.600000000033,104.,720.000000000004));
#14483=CARTESIAN_POINT('',(632.600000000035,76.,720.000000000022));
#14484=CARTESIAN_POINT('Origin',(632.600000000032,76.,660.000000000022));
#14485=CARTESIAN_POINT('',(632.600000000035,104.,720.000000000022));
#14486=CARTESIAN_POINT('Origin',(800.600000000033,104.,690.000000000013));
#14487=CARTESIAN_POINT('Origin',(968.600000000039,76.,840.000000000005));
#14488=CARTESIAN_POINT('',(968.600000000041,78.,871.798741174894));
#14489=CARTESIAN_POINT('',(968.600000000039,78.,840.000000000005));
#14490=CARTESIAN_POINT('',(968.600000000034,78.,737.228802694823));
#14491=CARTESIAN_POINT('',(968.600000000039,86.,840.000000000004));
#14492=CARTESIAN_POINT('',(968.600000000039,76.,840.000000000005));
#14493=CARTESIAN_POINT('',(968.600000000041,86.,871.798741174894));
#14494=CARTESIAN_POINT('',(968.600000000043,86.,910.000000000005));
#14495=CARTESIAN_POINT('',(968.600000000041,76.,871.798741174894));
#14496=CARTESIAN_POINT('Origin',(978.60000000004,86.,855.899370587449));
#14497=CARTESIAN_POINT('',(988.600000000039,86.,840.000000000003));
#14498=CARTESIAN_POINT('',(973.600000000039,86.,840.000000000004));
#14499=CARTESIAN_POINT('',(988.600000000041,86.,871.12788096563));
#14500=CARTESIAN_POINT('',(988.600000000041,86.,863.513625776539));
#14501=CARTESIAN_POINT('Origin',(1069.63343656017,86.,3585.3949261234));
#14502=CARTESIAN_POINT('Origin',(632.600000000046,76.,905.317728429519));
#14503=CARTESIAN_POINT('',(632.600000000042,78.,840.000000000022));
#14504=CARTESIAN_POINT('',(632.600000000046,78.,905.317728429519));
#14505=CARTESIAN_POINT('',(632.600000000035,78.,721.329432107397));
#14506=CARTESIAN_POINT('',(632.600000000046,86.,905.317728429519));
#14507=CARTESIAN_POINT('',(632.600000000046,76.,905.317728429519));
#14508=CARTESIAN_POINT('',(632.600000000042,86.,840.000000000022));
#14509=CARTESIAN_POINT('',(632.600000000042,86.,840.000000000022));
#14510=CARTESIAN_POINT('',(632.600000000042,76.,840.000000000022));
#14511=CARTESIAN_POINT('Origin',(622.600000000044,86.,874.327890770832));
#14512=CARTESIAN_POINT('',(612.600000000042,86.,840.000000000023));
#14513=CARTESIAN_POINT('',(795.600000000041,86.,840.000000000014));
#14514=CARTESIAN_POINT('',(612.600000000046,86.,908.655781541642));
#14515=CARTESIAN_POINT('Origin',(1069.63343656017,86.,3585.3949261234));
#14516=CARTESIAN_POINT('',(612.600000000043,86.,857.163945385428));
#14517=CARTESIAN_POINT('Origin',(968.600000000039,76.,840.000000000005));
#14518=CARTESIAN_POINT('',(884.600000000039,78.,840.000000000009));
#14519=CARTESIAN_POINT('',(612.600000000042,96.,840.000000000023));
#14520=CARTESIAN_POINT('',(612.600000000042,76.,840.000000000023));
#14521=CARTESIAN_POINT('',(632.600000000042,96.,840.000000000022));
#14522=CARTESIAN_POINT('',(612.600000000042,96.,840.000000000023));
#14523=CARTESIAN_POINT('',(632.600000000042,104.,840.000000000022));
#14524=CARTESIAN_POINT('',(632.600000000042,76.,840.000000000022));
#14525=CARTESIAN_POINT('',(968.600000000039,104.,840.000000000005));
#14526=CARTESIAN_POINT('',(968.600000000039,104.,840.000000000005));
#14527=CARTESIAN_POINT('',(968.600000000039,96.,840.000000000004));
#14528=CARTESIAN_POINT('',(968.600000000039,76.,840.000000000005));
#14529=CARTESIAN_POINT('',(988.600000000039,96.,840.000000000003));
#14530=CARTESIAN_POINT('',(988.600000000039,96.,840.000000000003));
#14531=CARTESIAN_POINT('',(988.600000000039,76.,840.000000000003));
#14532=CARTESIAN_POINT('Origin',(612.600000000042,76.,840.000000000023));
#14533=CARTESIAN_POINT('',(612.600000000046,96.,908.655781541642));
#14534=CARTESIAN_POINT('',(612.600000000046,76.,908.655781541642));
#14535=CARTESIAN_POINT('',(612.600000000046,96.,910.000000000023));
#14536=CARTESIAN_POINT('Origin',(988.600000000041,76.,871.12788096563));
#14537=CARTESIAN_POINT('',(988.600000000041,96.,871.12788096563));
#14538=CARTESIAN_POINT('',(988.600000000043,96.,910.000000000004));
#14539=CARTESIAN_POINT('',(988.600000000041,76.,871.12788096563));
#14540=CARTESIAN_POINT('Origin',(978.60000000004,96.,855.899370587449));
#14541=CARTESIAN_POINT('',(968.600000000041,96.,871.798741174894));
#14542=CARTESIAN_POINT('',(968.600000000041,96.,863.849055881171));
#14543=CARTESIAN_POINT('Origin',(1069.63343656017,96.,3585.3949261234));
#14544=CARTESIAN_POINT('Origin',(622.600000000044,96.,874.327890770832));
#14545=CARTESIAN_POINT('',(632.600000000046,96.,905.317728429519));
#14546=CARTESIAN_POINT('Origin',(1069.63343656017,96.,3585.3949261234));
#14547=CARTESIAN_POINT('',(632.600000000043,96.,857.163945385427));
#14548=CARTESIAN_POINT('Origin',(800.600000000026,78.,602.658864214762));
#14549=CARTESIAN_POINT('Origin',(1069.63343656017,78.,3585.3949261234));
#14550=CARTESIAN_POINT('Origin',(968.600000000041,76.,871.798741174894));
#14551=CARTESIAN_POINT('',(968.600000000041,104.,871.798741174894));
#14552=CARTESIAN_POINT('',(968.600000000043,104.,910.000000000005));
#14553=CARTESIAN_POINT('',(968.600000000041,76.,871.798741174894));
#14554=CARTESIAN_POINT('Origin',(1069.63343656017,76.,3585.3949261234));
#14555=CARTESIAN_POINT('',(632.600000000046,104.,905.317728429519));
#14556=CARTESIAN_POINT('Origin',(1069.63343656017,104.,3585.3949261234));
#14557=CARTESIAN_POINT('',(632.600000000046,76.,905.317728429519));
#14558=CARTESIAN_POINT('Origin',(632.600000000042,76.,840.000000000022));
#14559=CARTESIAN_POINT('',(632.600000000042,104.,840.000000000022));
#14560=CARTESIAN_POINT('Origin',(800.600000000042,104.,872.658864214762));
#14561=CARTESIAN_POINT('Origin',(968.600000000036,76.,780.000000000004));
#14562=CARTESIAN_POINT('',(968.600000000039,78.,840.000000000005));
#14563=CARTESIAN_POINT('',(968.600000000036,78.,780.000000000004));
#14564=CARTESIAN_POINT('',(968.600000000033,78.,721.329432107379));
#14565=CARTESIAN_POINT('',(968.600000000036,86.,780.000000000004));
#14566=CARTESIAN_POINT('',(968.600000000036,76.,780.000000000004));
#14567=CARTESIAN_POINT('',(968.600000000039,86.,840.000000000004));
#14568=CARTESIAN_POINT('',(968.600000000036,86.,780.000000000004));
#14569=CARTESIAN_POINT('',(968.600000000039,76.,840.000000000005));
#14570=CARTESIAN_POINT('Origin',(978.600000000038,86.,810.000000000004));
#14571=CARTESIAN_POINT('',(988.600000000037,86.,780.000000000003));
#14572=CARTESIAN_POINT('',(973.600000000036,86.,780.000000000004));
#14573=CARTESIAN_POINT('',(988.600000000039,86.,840.000000000003));
#14574=CARTESIAN_POINT('',(988.600000000039,86.,825.000000000003));
#14575=CARTESIAN_POINT('',(805.600000000041,86.,840.000000000013));
#14576=CARTESIAN_POINT('Origin',(632.600000000042,76.,840.000000000022));
#14577=CARTESIAN_POINT('',(632.600000000039,78.,780.000000000022));
#14578=CARTESIAN_POINT('',(632.600000000042,78.,840.000000000022));
#14579=CARTESIAN_POINT('',(632.600000000034,78.,691.329432107397));
#14580=CARTESIAN_POINT('',(632.600000000042,86.,840.000000000022));
#14581=CARTESIAN_POINT('',(632.600000000042,76.,840.000000000022));
#14582=CARTESIAN_POINT('',(632.600000000039,86.,780.000000000022));
#14583=CARTESIAN_POINT('',(632.600000000039,86.,780.000000000022));
#14584=CARTESIAN_POINT('',(632.600000000039,76.,780.000000000022));
#14585=CARTESIAN_POINT('Origin',(622.600000000041,86.,810.000000000023));
#14586=CARTESIAN_POINT('',(612.600000000039,86.,780.000000000023));
#14587=CARTESIAN_POINT('',(795.600000000038,86.,780.000000000013));
#14588=CARTESIAN_POINT('',(612.600000000042,86.,840.000000000023));
#14589=CARTESIAN_POINT('',(627.600000000042,86.,840.000000000022));
#14590=CARTESIAN_POINT('',(612.600000000039,86.,795.000000000023));
#14591=CARTESIAN_POINT('Origin',(968.600000000036,76.,780.000000000004));
#14592=CARTESIAN_POINT('',(884.600000000036,78.,780.000000000009));
#14593=CARTESIAN_POINT('',(612.600000000039,96.,780.000000000023));
#14594=CARTESIAN_POINT('',(612.600000000039,76.,780.000000000023));
#14595=CARTESIAN_POINT('',(632.600000000039,96.,780.000000000022));
#14596=CARTESIAN_POINT('',(612.600000000039,96.,780.000000000023));
#14597=CARTESIAN_POINT('',(632.600000000039,104.,780.000000000022));
#14598=CARTESIAN_POINT('',(632.600000000039,76.,780.000000000022));
#14599=CARTESIAN_POINT('',(968.600000000036,104.,780.000000000004));
#14600=CARTESIAN_POINT('',(632.600000000039,104.,780.000000000022));
#14601=CARTESIAN_POINT('',(968.600000000036,96.,780.000000000004));
#14602=CARTESIAN_POINT('',(968.600000000036,76.,780.000000000004));
#14603=CARTESIAN_POINT('',(988.600000000037,96.,780.000000000003));
#14604=CARTESIAN_POINT('',(968.600000000036,96.,780.000000000004));
#14605=CARTESIAN_POINT('',(988.600000000037,76.,780.000000000003));
#14606=CARTESIAN_POINT('Origin',(612.600000000039,76.,780.000000000023));
#14607=CARTESIAN_POINT('',(612.600000000042,96.,840.000000000023));
#14608=CARTESIAN_POINT('',(612.600000000042,76.,840.000000000023));
#14609=CARTESIAN_POINT('',(612.600000000042,96.,840.000000000023));
#14610=CARTESIAN_POINT('Origin',(988.600000000039,76.,840.000000000003));
#14611=CARTESIAN_POINT('',(988.600000000039,96.,840.000000000003));
#14612=CARTESIAN_POINT('',(988.600000000037,96.,780.000000000003));
#14613=CARTESIAN_POINT('',(988.600000000039,76.,840.000000000003));
#14614=CARTESIAN_POINT('Origin',(978.600000000038,96.,810.000000000004));
#14615=CARTESIAN_POINT('',(968.600000000039,96.,840.000000000004));
#14616=CARTESIAN_POINT('',(968.600000000039,96.,825.000000000005));
#14617=CARTESIAN_POINT('',(988.600000000039,96.,840.000000000003));
#14618=CARTESIAN_POINT('Origin',(622.600000000041,96.,810.000000000023));
#14619=CARTESIAN_POINT('',(632.600000000042,96.,840.000000000022));
#14620=CARTESIAN_POINT('',(612.600000000042,96.,840.000000000023));
#14621=CARTESIAN_POINT('',(632.60000000004,96.,795.000000000022));
#14622=CARTESIAN_POINT('Origin',(800.600000000026,78.,602.658864214762));
#14623=CARTESIAN_POINT('',(716.60000000004,78.,840.000000000018));
#14624=CARTESIAN_POINT('Origin',(968.600000000039,76.,840.000000000004));
#14625=CARTESIAN_POINT('',(968.600000000039,104.,840.000000000005));
#14626=CARTESIAN_POINT('',(968.600000000036,104.,780.000000000004));
#14627=CARTESIAN_POINT('',(968.600000000039,76.,840.000000000005));
#14628=CARTESIAN_POINT('Origin',(632.600000000042,76.,840.000000000022));
#14629=CARTESIAN_POINT('',(632.600000000042,104.,840.000000000022));
#14630=CARTESIAN_POINT('',(968.600000000039,104.,840.000000000005));
#14631=CARTESIAN_POINT('',(632.600000000042,76.,840.000000000022));
#14632=CARTESIAN_POINT('Origin',(632.600000000039,76.,780.000000000022));
#14633=CARTESIAN_POINT('',(632.600000000039,104.,780.000000000022));
#14634=CARTESIAN_POINT('Origin',(800.600000000039,104.,810.000000000013));
#14635=CARTESIAN_POINT('Origin',(968.600000000033,76.,720.000000000004));
#14636=CARTESIAN_POINT('',(968.600000000036,78.,780.000000000004));
#14637=CARTESIAN_POINT('',(968.600000000033,78.,720.000000000004));
#14638=CARTESIAN_POINT('',(968.600000000032,78.,691.329432107379));
#14639=CARTESIAN_POINT('',(968.600000000033,86.,720.000000000004));
#14640=CARTESIAN_POINT('',(968.600000000033,76.,720.000000000004));
#14641=CARTESIAN_POINT('',(968.600000000036,86.,780.000000000004));
#14642=CARTESIAN_POINT('',(968.600000000033,86.,720.000000000004));
#14643=CARTESIAN_POINT('',(968.600000000036,76.,780.000000000004));
#14644=CARTESIAN_POINT('Origin',(978.600000000035,86.,750.000000000004));
#14645=CARTESIAN_POINT('',(988.600000000034,86.,720.000000000003));
#14646=CARTESIAN_POINT('',(973.600000000033,86.,720.000000000004));
#14647=CARTESIAN_POINT('',(988.600000000037,86.,780.000000000003));
#14648=CARTESIAN_POINT('',(988.600000000036,86.,765.000000000003));
#14649=CARTESIAN_POINT('',(805.600000000038,86.,780.000000000013));
#14650=CARTESIAN_POINT('Origin',(632.600000000039,76.,780.000000000022));
#14651=CARTESIAN_POINT('',(632.600000000035,78.,720.000000000022));
#14652=CARTESIAN_POINT('',(632.600000000039,78.,780.000000000022));
#14653=CARTESIAN_POINT('',(632.600000000032,78.,661.329432107397));
#14654=CARTESIAN_POINT('',(632.600000000039,86.,780.000000000022));
#14655=CARTESIAN_POINT('',(632.600000000039,76.,780.000000000022));
#14656=CARTESIAN_POINT('',(632.600000000035,86.,720.000000000022));
#14657=CARTESIAN_POINT('',(632.600000000035,86.,720.000000000022));
#14658=CARTESIAN_POINT('',(632.600000000035,76.,720.000000000022));
#14659=CARTESIAN_POINT('Origin',(622.600000000037,86.,750.000000000023));
#14660=CARTESIAN_POINT('',(612.600000000035,86.,720.000000000023));
#14661=CARTESIAN_POINT('',(795.600000000034,86.,720.000000000013));
#14662=CARTESIAN_POINT('',(612.600000000039,86.,780.000000000023));
#14663=CARTESIAN_POINT('',(627.600000000039,86.,780.000000000022));
#14664=CARTESIAN_POINT('',(612.600000000036,86.,735.000000000023));
#14665=CARTESIAN_POINT('Origin',(968.600000000033,76.,720.000000000004));
#14666=CARTESIAN_POINT('',(884.600000000033,78.,720.000000000009));
#14667=CARTESIAN_POINT('',(612.600000000035,96.,720.000000000023));
#14668=CARTESIAN_POINT('',(612.600000000035,76.,720.000000000023));
#14669=CARTESIAN_POINT('',(632.600000000035,96.,720.000000000022));
#14670=CARTESIAN_POINT('',(612.600000000035,96.,720.000000000023));
#14671=CARTESIAN_POINT('',(632.600000000035,104.,720.000000000022));
#14672=CARTESIAN_POINT('',(632.600000000035,76.,720.000000000022));
#14673=CARTESIAN_POINT('',(968.600000000033,104.,720.000000000004));
#14674=CARTESIAN_POINT('',(968.600000000033,104.,720.000000000004));
#14675=CARTESIAN_POINT('',(968.600000000033,96.,720.000000000004));
#14676=CARTESIAN_POINT('',(968.600000000033,76.,720.000000000004));
#14677=CARTESIAN_POINT('',(988.600000000034,96.,720.000000000003));
#14678=CARTESIAN_POINT('',(968.600000000033,96.,720.000000000004));
#14679=CARTESIAN_POINT('',(988.600000000034,76.,720.000000000003));
#14680=CARTESIAN_POINT('Origin',(612.600000000035,76.,720.000000000023));
#14681=CARTESIAN_POINT('',(612.600000000039,96.,780.000000000023));
#14682=CARTESIAN_POINT('',(612.600000000039,76.,780.000000000023));
#14683=CARTESIAN_POINT('',(612.600000000039,96.,780.000000000023));
#14684=CARTESIAN_POINT('Origin',(988.600000000037,76.,780.000000000003));
#14685=CARTESIAN_POINT('',(988.600000000037,96.,780.000000000003));
#14686=CARTESIAN_POINT('',(988.600000000037,96.,780.000000000003));
#14687=CARTESIAN_POINT('',(988.600000000037,76.,780.000000000003));
#14688=CARTESIAN_POINT('Origin',(978.600000000035,96.,750.000000000004));
#14689=CARTESIAN_POINT('',(968.600000000036,96.,780.000000000004));
#14690=CARTESIAN_POINT('',(968.600000000036,96.,765.000000000005));
#14691=CARTESIAN_POINT('',(968.600000000036,96.,780.000000000004));
#14692=CARTESIAN_POINT('Origin',(622.600000000037,96.,750.000000000023));
#14693=CARTESIAN_POINT('',(632.600000000039,96.,780.000000000022));
#14694=CARTESIAN_POINT('',(612.600000000039,96.,780.000000000023));
#14695=CARTESIAN_POINT('',(632.600000000036,96.,735.000000000022));
#14696=CARTESIAN_POINT('Origin',(800.600000000026,78.,602.658864214762));
#14697=CARTESIAN_POINT('',(716.600000000037,78.,780.000000000018));
#14698=CARTESIAN_POINT('Origin',(968.600000000036,76.,780.000000000004));
#14699=CARTESIAN_POINT('',(968.600000000036,104.,780.000000000004));
#14700=CARTESIAN_POINT('',(968.600000000033,104.,720.000000000004));
#14701=CARTESIAN_POINT('',(968.600000000036,76.,780.000000000004));
#14702=CARTESIAN_POINT('Origin',(632.600000000039,76.,780.000000000022));
#14703=CARTESIAN_POINT('',(632.600000000039,104.,780.000000000022));
#14704=CARTESIAN_POINT('',(632.600000000039,104.,780.000000000022));
#14705=CARTESIAN_POINT('',(632.600000000039,76.,780.000000000022));
#14706=CARTESIAN_POINT('Origin',(632.600000000035,76.,720.000000000022));
#14707=CARTESIAN_POINT('',(632.600000000035,104.,720.000000000022));
#14708=CARTESIAN_POINT('Origin',(800.600000000036,104.,750.000000000013));
#14709=CARTESIAN_POINT('Origin',(800.600000000013,78.,330.000000000014));
#14710=CARTESIAN_POINT('',(968.600000000015,78.,360.000000000004));
#14711=CARTESIAN_POINT('',(968.600000000012,78.,300.000000000004));
#14712=CARTESIAN_POINT('',(968.600000000013,78.,315.000000000005));
#14713=CARTESIAN_POINT('',(632.600000000015,78.,360.000000000024));
#14714=CARTESIAN_POINT('',(716.600000000015,78.,360.000000000019));
#14715=CARTESIAN_POINT('',(632.600000000011,78.,300.000000000024));
#14716=CARTESIAN_POINT('',(632.600000000014,78.,345.000000000024));
#14717=CARTESIAN_POINT('',(884.600000000011,78.,300.000000000009));
#14718=CARTESIAN_POINT('Origin',(632.600000000015,76.,360.000000000024));
#14719=CARTESIAN_POINT('',(968.600000000015,86.,360.000000000004));
#14720=CARTESIAN_POINT('',(968.600000000015,76.,360.000000000004));
#14721=CARTESIAN_POINT('',(988.600000000016,86.,360.000000000003));
#14722=CARTESIAN_POINT('',(805.600000000015,86.,360.000000000014));
#14723=CARTESIAN_POINT('',(988.600000000016,96.,360.000000000003));
#14724=CARTESIAN_POINT('',(988.600000000016,76.,360.000000000003));
#14725=CARTESIAN_POINT('',(968.600000000015,96.,360.000000000004));
#14726=CARTESIAN_POINT('',(968.600000000015,96.,360.000000000004));
#14727=CARTESIAN_POINT('',(968.600000000015,104.,360.000000000004));
#14728=CARTESIAN_POINT('',(968.600000000015,76.,360.000000000004));
#14729=CARTESIAN_POINT('',(632.600000000015,104.,360.000000000024));
#14730=CARTESIAN_POINT('',(632.600000000015,104.,360.000000000024));
#14731=CARTESIAN_POINT('',(632.600000000015,96.,360.000000000024));
#14732=CARTESIAN_POINT('',(632.600000000015,76.,360.000000000024));
#14733=CARTESIAN_POINT('',(612.600000000015,96.,360.000000000025));
#14734=CARTESIAN_POINT('',(632.600000000015,96.,360.000000000024));
#14735=CARTESIAN_POINT('',(612.600000000015,86.,360.000000000025));
#14736=CARTESIAN_POINT('',(612.600000000015,76.,360.000000000025));
#14737=CARTESIAN_POINT('',(632.600000000015,86.,360.000000000024));
#14738=CARTESIAN_POINT('',(627.600000000015,86.,360.000000000024));
#14739=CARTESIAN_POINT('',(632.600000000015,76.,360.000000000024));
#14740=CARTESIAN_POINT('Origin',(968.600000000012,76.,300.000000000004));
#14741=CARTESIAN_POINT('',(968.600000000012,86.,300.000000000004));
#14742=CARTESIAN_POINT('',(968.600000000012,76.,300.000000000004));
#14743=CARTESIAN_POINT('',(968.600000000012,86.,300.000000000004));
#14744=CARTESIAN_POINT('Origin',(978.600000000014,86.,330.000000000004));
#14745=CARTESIAN_POINT('',(988.600000000013,86.,300.000000000003));
#14746=CARTESIAN_POINT('',(973.600000000011,86.,300.000000000004));
#14747=CARTESIAN_POINT('',(988.600000000015,86.,345.000000000003));
#14748=CARTESIAN_POINT('Origin',(632.600000000015,76.,360.000000000024));
#14749=CARTESIAN_POINT('',(632.600000000011,86.,300.000000000024));
#14750=CARTESIAN_POINT('',(632.600000000015,86.,360.000000000024));
#14751=CARTESIAN_POINT('',(632.600000000011,76.,300.000000000024));
#14752=CARTESIAN_POINT('Origin',(622.600000000013,86.,330.000000000024));
#14753=CARTESIAN_POINT('',(612.600000000011,86.,300.000000000025));
#14754=CARTESIAN_POINT('',(612.600000000012,86.,315.000000000025));
#14755=CARTESIAN_POINT('',(795.600000000011,86.,300.000000000014));
#14756=CARTESIAN_POINT('Origin',(988.600000000016,76.,360.000000000003));
#14757=CARTESIAN_POINT('',(988.600000000013,96.,300.000000000003));
#14758=CARTESIAN_POINT('',(988.600000000013,76.,300.000000000003));
#14759=CARTESIAN_POINT('',(988.600000000016,96.,360.000000000003));
#14760=CARTESIAN_POINT('Origin',(978.600000000014,96.,330.000000000004));
#14761=CARTESIAN_POINT('',(968.600000000012,96.,300.000000000004));
#14762=CARTESIAN_POINT('',(968.600000000014,96.,345.000000000005));
#14763=CARTESIAN_POINT('',(968.600000000012,96.,300.000000000004));
#14764=CARTESIAN_POINT('Origin',(612.600000000011,76.,300.000000000025));
#14765=CARTESIAN_POINT('',(612.600000000011,96.,300.000000000025));
#14766=CARTESIAN_POINT('',(612.600000000011,96.,300.000000000025));
#14767=CARTESIAN_POINT('',(612.600000000011,76.,300.000000000025));
#14768=CARTESIAN_POINT('Origin',(622.600000000013,96.,330.000000000024));
#14769=CARTESIAN_POINT('',(632.600000000011,96.,300.000000000024));
#14770=CARTESIAN_POINT('',(632.600000000012,96.,315.000000000024));
#14771=CARTESIAN_POINT('',(632.600000000011,96.,300.000000000024));
#14772=CARTESIAN_POINT('Origin',(968.60000000001,76.,300.000000000004));
#14773=CARTESIAN_POINT('',(632.600000000011,104.,300.000000000024));
#14774=CARTESIAN_POINT('',(632.600000000011,76.,300.000000000024));
#14775=CARTESIAN_POINT('',(968.600000000012,104.,300.000000000004));
#14776=CARTESIAN_POINT('',(968.60000000001,104.,300.000000000004));
#14777=CARTESIAN_POINT('',(968.600000000012,76.,300.000000000004));
#14778=CARTESIAN_POINT('Origin',(968.600000000015,76.,360.000000000004));
#14779=CARTESIAN_POINT('',(968.600000000012,104.,300.000000000004));
#14780=CARTESIAN_POINT('Origin',(632.600000000011,76.,300.000000000024));
#14781=CARTESIAN_POINT('',(632.600000000015,104.,360.000000000024));
#14782=CARTESIAN_POINT('Origin',(800.600000000013,104.,330.000000000014));
#14783=CARTESIAN_POINT('Origin',(1008.60623312525,76.,139.293875954447));
#14784=CARTESIAN_POINT('',(1002.60623312525,106.,139.293875954447));
#14785=CARTESIAN_POINT('Origin',(1008.60623312525,106.,139.293875954447));
#14786=CARTESIAN_POINT('',(1002.60623312525,76.,139.293875954447));
#14787=CARTESIAN_POINT('',(1002.60623312525,76.,139.293875954447));
#14788=CARTESIAN_POINT('Origin',(1008.60623312525,76.,139.293875954447));
#14789=CARTESIAN_POINT('Origin',(1008.60623312525,76.,139.293875954447));
#14790=CARTESIAN_POINT('Origin',(1008.60623312525,106.,139.293875954447));
#14791=CARTESIAN_POINT('Origin',(591.960393603945,76.,140.639606396083));
#14792=CARTESIAN_POINT('',(585.960393603945,106.,140.639606396083));
#14793=CARTESIAN_POINT('Origin',(591.960393603945,106.,140.639606396083));
#14794=CARTESIAN_POINT('',(585.960393603945,76.,140.639606396083));
#14795=CARTESIAN_POINT('',(585.960393603945,76.,140.639606396083));
#14796=CARTESIAN_POINT('Origin',(591.960393603945,76.,140.639606396083));
#14797=CARTESIAN_POINT('Origin',(591.960393603945,76.,140.639606396083));
#14798=CARTESIAN_POINT('Origin',(591.960393603945,106.,140.639606396083));
#14799=CARTESIAN_POINT('Origin',(592.600000000049,76.,959.595151993865));
#14800=CARTESIAN_POINT('',(586.600000000048,106.,959.595151993865));
#14801=CARTESIAN_POINT('Origin',(592.600000000049,106.,959.595151993865));
#14802=CARTESIAN_POINT('',(586.600000000048,76.,959.595151993865));
#14803=CARTESIAN_POINT('',(586.600000000048,76.,959.595151993865));
#14804=CARTESIAN_POINT('Origin',(592.600000000049,76.,959.595151993865));
#14805=CARTESIAN_POINT('Origin',(592.600000000049,76.,959.595151993865));
#14806=CARTESIAN_POINT('Origin',(592.600000000049,106.,959.595151993865));
#14807=CARTESIAN_POINT('Origin',(1008.60000000004,76.,910.000000000002));
#14808=CARTESIAN_POINT('',(1002.60000000004,106.,910.000000000002));
#14809=CARTESIAN_POINT('Origin',(1008.60000000004,106.,910.000000000002));
#14810=CARTESIAN_POINT('',(1002.60000000004,76.,910.000000000002));
#14811=CARTESIAN_POINT('',(1002.60000000004,76.,910.000000000002));
#14812=CARTESIAN_POINT('Origin',(1008.60000000004,76.,910.000000000002));
#14813=CARTESIAN_POINT('Origin',(1008.60000000004,76.,910.000000000002));
#14814=CARTESIAN_POINT('Origin',(1008.60000000004,106.,910.000000000002));
#14815=CARTESIAN_POINT('Origin',(90.6000000000424,106.,910.000000000002));
#14816=CARTESIAN_POINT('',(96.6000000000424,76.,910.000000000002));
#14817=CARTESIAN_POINT('Origin',(90.6000000000424,76.,910.000000000002));
#14818=CARTESIAN_POINT('',(96.6000000000424,106.,910.000000000002));
#14819=CARTESIAN_POINT('',(96.6000000000424,106.,910.000000000002));
#14820=CARTESIAN_POINT('Origin',(90.6000000000424,106.,910.000000000002));
#14821=CARTESIAN_POINT('Origin',(90.6000000000424,106.,910.000000000002));
#14822=CARTESIAN_POINT('Origin',(90.6000000000424,76.,910.000000000002));
#14823=CARTESIAN_POINT('Origin',(506.600000000036,106.,959.595151993865));
#14824=CARTESIAN_POINT('',(512.600000000036,76.,959.595151993865));
#14825=CARTESIAN_POINT('Origin',(506.600000000036,76.,959.595151993865));
#14826=CARTESIAN_POINT('',(512.600000000036,106.,959.595151993865));
#14827=CARTESIAN_POINT('',(512.600000000036,106.,959.595151993865));
#14828=CARTESIAN_POINT('Origin',(506.600000000036,106.,959.595151993865));
#14829=CARTESIAN_POINT('Origin',(506.600000000036,106.,959.595151993865));
#14830=CARTESIAN_POINT('Origin',(506.600000000036,76.,959.595151993865));
#14831=CARTESIAN_POINT('Origin',(507.239606396139,106.,140.639606396083));
#14832=CARTESIAN_POINT('',(513.239606396139,76.,140.639606396083));
#14833=CARTESIAN_POINT('Origin',(507.239606396139,76.,140.639606396083));
#14834=CARTESIAN_POINT('',(513.239606396139,106.,140.639606396083));
#14835=CARTESIAN_POINT('',(513.239606396139,106.,140.639606396083));
#14836=CARTESIAN_POINT('Origin',(507.239606396139,106.,140.639606396083));
#14837=CARTESIAN_POINT('Origin',(507.239606396139,106.,140.639606396083));
#14838=CARTESIAN_POINT('Origin',(507.239606396139,76.,140.639606396083));
#14839=CARTESIAN_POINT('Origin',(90.593766874838,106.,139.293875954447));
#14840=CARTESIAN_POINT('',(96.5937668748379,76.,139.293875954447));
#14841=CARTESIAN_POINT('Origin',(90.593766874838,76.,139.293875954447));
#14842=CARTESIAN_POINT('',(96.5937668748379,106.,139.293875954447));
#14843=CARTESIAN_POINT('',(96.5937668748379,106.,139.293875954447));
#14844=CARTESIAN_POINT('Origin',(90.593766874838,106.,139.293875954447));
#14845=CARTESIAN_POINT('Origin',(90.593766874838,106.,139.293875954447));
#14846=CARTESIAN_POINT('Origin',(90.593766874838,76.,139.293875954447));
#14847=CARTESIAN_POINT('Origin',(298.600000000072,104.,330.000000000014));
#14848=CARTESIAN_POINT('',(130.60000000007,104.,360.000000000004));
#14849=CARTESIAN_POINT('',(130.600000000073,104.,300.000000000004));
#14850=CARTESIAN_POINT('',(130.600000000072,104.,315.000000000005));
#14851=CARTESIAN_POINT('',(466.60000000007,104.,360.000000000024));
#14852=CARTESIAN_POINT('',(382.60000000007,104.,360.000000000019));
#14853=CARTESIAN_POINT('',(466.600000000073,104.,300.000000000024));
#14854=CARTESIAN_POINT('',(466.600000000071,104.,345.000000000024));
#14855=CARTESIAN_POINT('',(214.600000000074,104.,300.000000000009));
#14856=CARTESIAN_POINT('Origin',(466.60000000007,106.,360.000000000024));
#14857=CARTESIAN_POINT('',(130.60000000007,96.,360.000000000004));
#14858=CARTESIAN_POINT('',(130.60000000007,106.,360.000000000004));
#14859=CARTESIAN_POINT('',(110.600000000069,96.,360.000000000003));
#14860=CARTESIAN_POINT('',(293.60000000007,96.,360.000000000014));
#14861=CARTESIAN_POINT('',(110.600000000069,86.,360.000000000003));
#14862=CARTESIAN_POINT('',(110.600000000069,106.,360.000000000003));
#14863=CARTESIAN_POINT('',(130.60000000007,86.,360.000000000004));
#14864=CARTESIAN_POINT('',(130.60000000007,86.,360.000000000004));
#14865=CARTESIAN_POINT('',(130.60000000007,78.,360.000000000004));
#14866=CARTESIAN_POINT('',(130.60000000007,106.,360.000000000004));
#14867=CARTESIAN_POINT('',(466.60000000007,78.,360.000000000024));
#14868=CARTESIAN_POINT('',(466.60000000007,78.,360.000000000024));
#14869=CARTESIAN_POINT('',(466.60000000007,86.,360.000000000024));
#14870=CARTESIAN_POINT('',(466.60000000007,106.,360.000000000024));
#14871=CARTESIAN_POINT('',(486.60000000007,86.,360.000000000025));
#14872=CARTESIAN_POINT('',(466.60000000007,86.,360.000000000024));
#14873=CARTESIAN_POINT('',(486.60000000007,96.,360.000000000025));
#14874=CARTESIAN_POINT('',(486.60000000007,106.,360.000000000025));
#14875=CARTESIAN_POINT('',(466.60000000007,96.,360.000000000024));
#14876=CARTESIAN_POINT('',(471.60000000007,96.,360.000000000024));
#14877=CARTESIAN_POINT('',(466.60000000007,106.,360.000000000024));
#14878=CARTESIAN_POINT('Origin',(130.600000000073,106.,300.000000000004));
#14879=CARTESIAN_POINT('',(130.600000000073,96.,300.000000000004));
#14880=CARTESIAN_POINT('',(130.600000000073,106.,300.000000000004));
#14881=CARTESIAN_POINT('',(130.600000000073,96.,300.000000000004));
#14882=CARTESIAN_POINT('Origin',(120.600000000071,96.,330.000000000004));
#14883=CARTESIAN_POINT('',(110.600000000072,96.,300.000000000003));
#14884=CARTESIAN_POINT('',(125.600000000074,96.,300.000000000004));
#14885=CARTESIAN_POINT('',(110.60000000007,96.,345.000000000003));
#14886=CARTESIAN_POINT('Origin',(466.60000000007,106.,360.000000000024));
#14887=CARTESIAN_POINT('',(466.600000000073,96.,300.000000000024));
#14888=CARTESIAN_POINT('',(466.60000000007,96.,360.000000000024));
#14889=CARTESIAN_POINT('',(466.600000000074,106.,300.000000000024));
#14890=CARTESIAN_POINT('Origin',(476.600000000072,96.,330.000000000024));
#14891=CARTESIAN_POINT('',(486.600000000073,96.,300.000000000025));
#14892=CARTESIAN_POINT('',(486.600000000073,96.,315.000000000025));
#14893=CARTESIAN_POINT('',(303.600000000074,96.,300.000000000014));
#14894=CARTESIAN_POINT('Origin',(110.600000000069,106.,360.000000000003));
#14895=CARTESIAN_POINT('',(110.600000000072,86.,300.000000000003));
#14896=CARTESIAN_POINT('',(110.600000000072,106.,300.000000000003));
#14897=CARTESIAN_POINT('',(110.600000000069,86.,360.000000000003));
#14898=CARTESIAN_POINT('Origin',(120.600000000071,86.,330.000000000004));
#14899=CARTESIAN_POINT('',(130.600000000073,86.,300.000000000004));
#14900=CARTESIAN_POINT('',(130.600000000071,86.,345.000000000005));
#14901=CARTESIAN_POINT('',(130.600000000073,86.,300.000000000004));
#14902=CARTESIAN_POINT('Origin',(486.600000000073,106.,300.000000000025));
#14903=CARTESIAN_POINT('',(486.600000000073,86.,300.000000000025));
#14904=CARTESIAN_POINT('',(486.600000000073,86.,300.000000000025));
#14905=CARTESIAN_POINT('',(486.600000000073,106.,300.000000000025));
#14906=CARTESIAN_POINT('Origin',(476.600000000072,86.,330.000000000024));
#14907=CARTESIAN_POINT('',(466.600000000073,86.,300.000000000024));
#14908=CARTESIAN_POINT('',(466.600000000073,86.,315.000000000024));
#14909=CARTESIAN_POINT('',(466.600000000073,86.,300.000000000024));
#14910=CARTESIAN_POINT('Origin',(130.600000000074,106.,300.000000000004));
#14911=CARTESIAN_POINT('',(466.600000000073,78.,300.000000000024));
#14912=CARTESIAN_POINT('',(466.600000000073,106.,300.000000000024));
#14913=CARTESIAN_POINT('',(130.600000000073,78.,300.000000000004));
#14914=CARTESIAN_POINT('',(130.600000000074,78.,300.000000000004));
#14915=CARTESIAN_POINT('',(130.600000000073,106.,300.000000000004));
#14916=CARTESIAN_POINT('Origin',(130.60000000007,106.,360.000000000004));
#14917=CARTESIAN_POINT('',(130.600000000073,78.,300.000000000004));
#14918=CARTESIAN_POINT('Origin',(466.600000000073,106.,300.000000000024));
#14919=CARTESIAN_POINT('',(466.60000000007,78.,360.000000000024));
#14920=CARTESIAN_POINT('Origin',(298.600000000072,78.,330.000000000014));
#14921=CARTESIAN_POINT('Origin',(130.600000000051,106.,720.000000000004));
#14922=CARTESIAN_POINT('',(130.600000000049,104.,780.000000000004));
#14923=CARTESIAN_POINT('',(130.600000000052,104.,720.000000000004));
#14924=CARTESIAN_POINT('',(130.600000000053,104.,691.329432107379));
#14925=CARTESIAN_POINT('',(130.600000000051,96.,720.000000000004));
#14926=CARTESIAN_POINT('',(130.600000000051,106.,720.000000000004));
#14927=CARTESIAN_POINT('',(130.600000000048,96.,780.000000000004));
#14928=CARTESIAN_POINT('',(130.600000000051,96.,720.000000000004));
#14929=CARTESIAN_POINT('',(130.600000000049,106.,780.000000000004));
#14930=CARTESIAN_POINT('Origin',(120.60000000005,96.,750.000000000004));
#14931=CARTESIAN_POINT('',(110.600000000051,96.,720.000000000003));
#14932=CARTESIAN_POINT('',(125.600000000052,96.,720.000000000004));
#14933=CARTESIAN_POINT('',(110.600000000048,96.,780.000000000003));
#14934=CARTESIAN_POINT('',(110.600000000049,96.,765.000000000003));
#14935=CARTESIAN_POINT('',(293.600000000047,96.,780.000000000013));
#14936=CARTESIAN_POINT('Origin',(466.600000000046,106.,780.000000000022));
#14937=CARTESIAN_POINT('',(466.600000000049,104.,720.000000000022));
#14938=CARTESIAN_POINT('',(466.600000000046,104.,780.000000000022));
#14939=CARTESIAN_POINT('',(466.600000000053,104.,661.329432107397));
#14940=CARTESIAN_POINT('',(466.600000000046,96.,780.000000000022));
#14941=CARTESIAN_POINT('',(466.600000000046,106.,780.000000000022));
#14942=CARTESIAN_POINT('',(466.60000000005,96.,720.000000000022));
#14943=CARTESIAN_POINT('',(466.60000000005,96.,720.000000000022));
#14944=CARTESIAN_POINT('',(466.60000000005,106.,720.000000000022));
#14945=CARTESIAN_POINT('Origin',(476.600000000048,96.,750.000000000023));
#14946=CARTESIAN_POINT('',(486.60000000005,96.,720.000000000023));
#14947=CARTESIAN_POINT('',(303.60000000005,96.,720.000000000013));
#14948=CARTESIAN_POINT('',(486.600000000046,96.,780.000000000023));
#14949=CARTESIAN_POINT('',(471.600000000046,96.,780.000000000022));
#14950=CARTESIAN_POINT('',(486.600000000049,96.,735.000000000023));
#14951=CARTESIAN_POINT('Origin',(130.600000000052,106.,720.000000000004));
#14952=CARTESIAN_POINT('',(214.600000000052,104.,720.000000000009));
#14953=CARTESIAN_POINT('',(486.60000000005,86.,720.000000000023));
#14954=CARTESIAN_POINT('',(486.60000000005,106.,720.000000000023));
#14955=CARTESIAN_POINT('',(466.60000000005,86.,720.000000000022));
#14956=CARTESIAN_POINT('',(486.60000000005,86.,720.000000000023));
#14957=CARTESIAN_POINT('',(466.60000000005,78.,720.000000000022));
#14958=CARTESIAN_POINT('',(466.60000000005,106.,720.000000000022));
#14959=CARTESIAN_POINT('',(130.600000000051,78.,720.000000000004));
#14960=CARTESIAN_POINT('',(130.600000000052,78.,720.000000000004));
#14961=CARTESIAN_POINT('',(130.600000000051,86.,720.000000000004));
#14962=CARTESIAN_POINT('',(130.600000000051,106.,720.000000000004));
#14963=CARTESIAN_POINT('',(110.600000000051,86.,720.000000000003));
#14964=CARTESIAN_POINT('',(130.600000000051,86.,720.000000000004));
#14965=CARTESIAN_POINT('',(110.600000000051,106.,720.000000000003));
#14966=CARTESIAN_POINT('Origin',(486.60000000005,106.,720.000000000023));
#14967=CARTESIAN_POINT('',(486.600000000046,86.,780.000000000023));
#14968=CARTESIAN_POINT('',(486.600000000046,106.,780.000000000023));
#14969=CARTESIAN_POINT('',(486.600000000046,86.,780.000000000023));
#14970=CARTESIAN_POINT('Origin',(110.600000000048,106.,780.000000000003));
#14971=CARTESIAN_POINT('',(110.600000000048,86.,780.000000000003));
#14972=CARTESIAN_POINT('',(110.600000000048,86.,780.000000000003));
#14973=CARTESIAN_POINT('',(110.600000000048,106.,780.000000000003));
#14974=CARTESIAN_POINT('Origin',(120.60000000005,86.,750.000000000004));
#14975=CARTESIAN_POINT('',(130.600000000048,86.,780.000000000004));
#14976=CARTESIAN_POINT('',(130.600000000049,86.,765.000000000005));
#14977=CARTESIAN_POINT('',(130.600000000048,86.,780.000000000004));
#14978=CARTESIAN_POINT('Origin',(476.600000000048,86.,750.000000000023));
#14979=CARTESIAN_POINT('',(466.600000000046,86.,780.000000000022));
#14980=CARTESIAN_POINT('',(486.600000000046,86.,780.000000000023));
#14981=CARTESIAN_POINT('',(466.600000000049,86.,735.000000000022));
#14982=CARTESIAN_POINT('Origin',(298.600000000059,104.,602.658864214762));
#14983=CARTESIAN_POINT('',(382.600000000048,104.,780.000000000018));
#14984=CARTESIAN_POINT('Origin',(130.600000000048,106.,780.000000000004));
#14985=CARTESIAN_POINT('',(130.600000000048,78.,780.000000000004));
#14986=CARTESIAN_POINT('',(130.600000000051,78.,720.000000000004));
#14987=CARTESIAN_POINT('',(130.600000000048,106.,780.000000000004));
#14988=CARTESIAN_POINT('Origin',(466.600000000046,106.,780.000000000022));
#14989=CARTESIAN_POINT('',(466.600000000046,78.,780.000000000022));
#14990=CARTESIAN_POINT('',(466.600000000046,78.,780.000000000022));
#14991=CARTESIAN_POINT('',(466.600000000046,106.,780.000000000022));
#14992=CARTESIAN_POINT('Origin',(466.60000000005,106.,720.000000000022));
#14993=CARTESIAN_POINT('',(466.60000000005,78.,720.000000000022));
#14994=CARTESIAN_POINT('Origin',(298.600000000049,78.,750.000000000013));
#14995=CARTESIAN_POINT('Origin',(130.600000000045,106.,840.000000000005));
#14996=CARTESIAN_POINT('',(130.600000000044,104.,871.798741174894));
#14997=CARTESIAN_POINT('',(130.600000000046,104.,840.000000000005));
#14998=CARTESIAN_POINT('',(130.600000000051,104.,737.228802694823));
#14999=CARTESIAN_POINT('',(130.600000000045,96.,840.000000000004));
#15000=CARTESIAN_POINT('',(130.600000000045,106.,840.000000000005));
#15001=CARTESIAN_POINT('',(130.600000000044,96.,871.798741174894));
#15002=CARTESIAN_POINT('',(130.600000000042,96.,910.000000000005));
#15003=CARTESIAN_POINT('',(130.600000000044,106.,871.798741174894));
#15004=CARTESIAN_POINT('Origin',(120.600000000045,96.,855.899370587449));
#15005=CARTESIAN_POINT('',(110.600000000045,96.,840.000000000003));
#15006=CARTESIAN_POINT('',(125.600000000045,96.,840.000000000004));
#15007=CARTESIAN_POINT('',(110.600000000044,96.,871.12788096563));
#15008=CARTESIAN_POINT('',(110.600000000044,96.,863.513625776539));
#15009=CARTESIAN_POINT('Origin',(29.5665634399193,96.,3585.3949261234));
#15010=CARTESIAN_POINT('Origin',(466.600000000039,106.,905.317728429519));
#15011=CARTESIAN_POINT('',(466.600000000043,104.,840.000000000022));
#15012=CARTESIAN_POINT('',(466.600000000039,104.,905.317728429519));
#15013=CARTESIAN_POINT('',(466.600000000049,104.,721.329432107397));
#15014=CARTESIAN_POINT('',(466.600000000039,96.,905.317728429519));
#15015=CARTESIAN_POINT('',(466.600000000039,106.,905.317728429519));
#15016=CARTESIAN_POINT('',(466.600000000043,96.,840.000000000022));
#15017=CARTESIAN_POINT('',(466.600000000043,96.,840.000000000022));
#15018=CARTESIAN_POINT('',(466.600000000043,106.,840.000000000022));
#15019=CARTESIAN_POINT('Origin',(476.600000000041,96.,874.327890770832));
#15020=CARTESIAN_POINT('',(486.600000000043,96.,840.000000000023));
#15021=CARTESIAN_POINT('',(303.600000000044,96.,840.000000000014));
#15022=CARTESIAN_POINT('',(486.600000000039,96.,908.655781541642));
#15023=CARTESIAN_POINT('Origin',(29.5665634399193,96.,3585.3949261234));
#15024=CARTESIAN_POINT('',(486.600000000042,96.,857.163945385428));
#15025=CARTESIAN_POINT('Origin',(130.600000000045,106.,840.000000000005));
#15026=CARTESIAN_POINT('',(214.600000000046,104.,840.000000000009));
#15027=CARTESIAN_POINT('',(486.600000000043,86.,840.000000000023));
#15028=CARTESIAN_POINT('',(486.600000000043,106.,840.000000000023));
#15029=CARTESIAN_POINT('',(466.600000000043,86.,840.000000000022));
#15030=CARTESIAN_POINT('',(486.600000000043,86.,840.000000000023));
#15031=CARTESIAN_POINT('',(466.600000000043,78.,840.000000000022));
#15032=CARTESIAN_POINT('',(466.600000000043,106.,840.000000000022));
#15033=CARTESIAN_POINT('',(130.600000000045,78.,840.000000000005));
#15034=CARTESIAN_POINT('',(130.600000000045,78.,840.000000000005));
#15035=CARTESIAN_POINT('',(130.600000000045,86.,840.000000000004));
#15036=CARTESIAN_POINT('',(130.600000000045,106.,840.000000000005));
#15037=CARTESIAN_POINT('',(110.600000000045,86.,840.000000000003));
#15038=CARTESIAN_POINT('',(110.600000000045,86.,840.000000000003));
#15039=CARTESIAN_POINT('',(110.600000000045,106.,840.000000000003));
#15040=CARTESIAN_POINT('Origin',(486.600000000043,106.,840.000000000023));
#15041=CARTESIAN_POINT('',(486.600000000039,86.,908.655781541642));
#15042=CARTESIAN_POINT('',(486.600000000039,106.,908.655781541642));
#15043=CARTESIAN_POINT('',(486.600000000039,86.,910.000000000023));
#15044=CARTESIAN_POINT('Origin',(110.600000000044,106.,871.12788096563));
#15045=CARTESIAN_POINT('',(110.600000000044,86.,871.12788096563));
#15046=CARTESIAN_POINT('',(110.600000000042,86.,910.000000000004));
#15047=CARTESIAN_POINT('',(110.600000000044,106.,871.12788096563));
#15048=CARTESIAN_POINT('Origin',(120.600000000045,86.,855.899370587449));
#15049=CARTESIAN_POINT('',(130.600000000044,86.,871.798741174894));
#15050=CARTESIAN_POINT('',(130.600000000044,86.,863.849055881171));
#15051=CARTESIAN_POINT('Origin',(29.5665634399193,86.,3585.3949261234));
#15052=CARTESIAN_POINT('Origin',(476.600000000041,86.,874.327890770832));
#15053=CARTESIAN_POINT('',(466.600000000039,86.,905.317728429519));
#15054=CARTESIAN_POINT('Origin',(29.5665634399193,86.,3585.3949261234));
#15055=CARTESIAN_POINT('',(466.600000000042,86.,857.163945385427));
#15056=CARTESIAN_POINT('Origin',(298.600000000059,104.,602.658864214762));
#15057=CARTESIAN_POINT('Origin',(29.5665634399193,104.,3585.3949261234));
#15058=CARTESIAN_POINT('Origin',(130.600000000044,106.,871.798741174894));
#15059=CARTESIAN_POINT('',(130.600000000044,78.,871.798741174894));
#15060=CARTESIAN_POINT('',(130.600000000042,78.,910.000000000005));
#15061=CARTESIAN_POINT('',(130.600000000044,106.,871.798741174894));
#15062=CARTESIAN_POINT('Origin',(29.5665634399193,106.,3585.3949261234));
#15063=CARTESIAN_POINT('',(466.600000000039,78.,905.317728429519));
#15064=CARTESIAN_POINT('Origin',(29.5665634399193,78.,3585.3949261234));
#15065=CARTESIAN_POINT('',(466.600000000039,106.,905.317728429519));
#15066=CARTESIAN_POINT('Origin',(466.600000000043,106.,840.000000000022));
#15067=CARTESIAN_POINT('',(466.600000000043,78.,840.000000000022));
#15068=CARTESIAN_POINT('Origin',(298.600000000043,78.,872.658864214762));
#15069=CARTESIAN_POINT('Origin',(130.600000000061,106.,540.000000000004));
#15070=CARTESIAN_POINT('',(130.600000000058,104.,600.000000000004));
#15071=CARTESIAN_POINT('',(130.600000000061,104.,540.000000000004));
#15072=CARTESIAN_POINT('',(130.600000000062,104.,525.000000000005));
#15073=CARTESIAN_POINT('',(130.600000000061,96.,540.000000000004));
#15074=CARTESIAN_POINT('',(130.600000000061,106.,540.000000000004));
#15075=CARTESIAN_POINT('',(130.600000000058,96.,600.000000000004));
#15076=CARTESIAN_POINT('',(130.600000000061,96.,540.000000000004));
#15077=CARTESIAN_POINT('',(130.600000000058,106.,600.000000000004));
#15078=CARTESIAN_POINT('Origin',(120.600000000059,96.,570.000000000004));
#15079=CARTESIAN_POINT('',(110.60000000006,96.,540.000000000004));
#15080=CARTESIAN_POINT('',(125.600000000061,96.,540.000000000004));
#15081=CARTESIAN_POINT('',(110.600000000057,96.,600.000000000004));
#15082=CARTESIAN_POINT('',(110.600000000058,96.,585.000000000003));
#15083=CARTESIAN_POINT('',(293.600000000057,96.,600.000000000013));
#15084=CARTESIAN_POINT('Origin',(466.600000000056,106.,600.000000000022));
#15085=CARTESIAN_POINT('',(466.60000000006,104.,540.000000000022));
#15086=CARTESIAN_POINT('',(466.600000000056,104.,600.000000000022));
#15087=CARTESIAN_POINT('',(466.600000000062,104.,495.000000000022));
#15088=CARTESIAN_POINT('',(466.600000000056,96.,600.000000000022));
#15089=CARTESIAN_POINT('',(466.600000000056,106.,600.000000000022));
#15090=CARTESIAN_POINT('',(466.60000000006,96.,540.000000000022));
#15091=CARTESIAN_POINT('',(466.600000000056,96.,600.000000000022));
#15092=CARTESIAN_POINT('',(466.60000000006,106.,540.000000000022));
#15093=CARTESIAN_POINT('Origin',(476.600000000058,96.,570.000000000023));
#15094=CARTESIAN_POINT('',(486.600000000056,96.,600.000000000023));
#15095=CARTESIAN_POINT('',(471.600000000056,96.,600.000000000022));
#15096=CARTESIAN_POINT('',(486.60000000006,96.,540.000000000023));
#15097=CARTESIAN_POINT('',(486.600000000059,96.,555.000000000023));
#15098=CARTESIAN_POINT('',(303.60000000006,96.,540.000000000014));
#15099=CARTESIAN_POINT('Origin',(130.600000000061,106.,540.000000000004));
#15100=CARTESIAN_POINT('',(214.600000000061,104.,540.000000000009));
#15101=CARTESIAN_POINT('',(486.60000000006,86.,540.000000000023));
#15102=CARTESIAN_POINT('',(486.60000000006,106.,540.000000000023));
#15103=CARTESIAN_POINT('',(466.60000000006,86.,540.000000000022));
#15104=CARTESIAN_POINT('',(466.60000000006,86.,540.000000000022));
#15105=CARTESIAN_POINT('',(466.60000000006,78.,540.000000000022));
#15106=CARTESIAN_POINT('',(466.60000000006,106.,540.000000000022));
#15107=CARTESIAN_POINT('',(130.600000000061,78.,540.000000000004));
#15108=CARTESIAN_POINT('',(130.600000000061,78.,540.000000000004));
#15109=CARTESIAN_POINT('',(130.600000000061,86.,540.000000000004));
#15110=CARTESIAN_POINT('',(130.600000000061,106.,540.000000000004));
#15111=CARTESIAN_POINT('',(110.60000000006,86.,540.000000000004));
#15112=CARTESIAN_POINT('',(130.600000000061,86.,540.000000000004));
#15113=CARTESIAN_POINT('',(110.60000000006,106.,540.000000000004));
#15114=CARTESIAN_POINT('Origin',(110.600000000057,106.,600.000000000004));
#15115=CARTESIAN_POINT('',(110.600000000057,86.,600.000000000004));
#15116=CARTESIAN_POINT('',(110.600000000057,86.,600.000000000004));
#15117=CARTESIAN_POINT('',(110.600000000057,106.,600.000000000004));
#15118=CARTESIAN_POINT('Origin',(120.600000000059,86.,570.000000000004));
#15119=CARTESIAN_POINT('',(130.600000000058,86.,600.000000000004));
#15120=CARTESIAN_POINT('',(130.600000000059,86.,585.000000000005));
#15121=CARTESIAN_POINT('',(130.600000000058,86.,600.000000000004));
#15122=CARTESIAN_POINT('Origin',(486.60000000006,106.,540.000000000023));
#15123=CARTESIAN_POINT('',(486.600000000056,86.,600.000000000023));
#15124=CARTESIAN_POINT('',(486.600000000056,106.,600.000000000023));
#15125=CARTESIAN_POINT('',(486.60000000006,86.,540.000000000023));
#15126=CARTESIAN_POINT('Origin',(476.600000000058,86.,570.000000000023));
#15127=CARTESIAN_POINT('',(466.600000000056,86.,600.000000000022));
#15128=CARTESIAN_POINT('',(466.600000000059,86.,555.000000000022));
#15129=CARTESIAN_POINT('',(466.600000000056,86.,600.000000000022));
#15130=CARTESIAN_POINT('Origin',(298.600000000066,104.,450.000000000013));
#15131=CARTESIAN_POINT('',(382.600000000057,104.,600.000000000018));
#15132=CARTESIAN_POINT('Origin',(130.600000000058,106.,600.000000000004));
#15133=CARTESIAN_POINT('',(130.600000000058,78.,600.000000000004));
#15134=CARTESIAN_POINT('',(130.600000000061,78.,540.000000000004));
#15135=CARTESIAN_POINT('',(130.600000000058,106.,600.000000000004));
#15136=CARTESIAN_POINT('Origin',(466.600000000056,106.,600.000000000022));
#15137=CARTESIAN_POINT('',(466.600000000056,78.,600.000000000022));
#15138=CARTESIAN_POINT('',(130.600000000058,78.,600.000000000004));
#15139=CARTESIAN_POINT('',(466.600000000056,106.,600.000000000022));
#15140=CARTESIAN_POINT('Origin',(466.60000000006,106.,540.000000000022));
#15141=CARTESIAN_POINT('',(466.600000000056,78.,600.000000000022));
#15142=CARTESIAN_POINT('Origin',(298.600000000059,78.,570.000000000013));
#15143=CARTESIAN_POINT('Origin',(466.60000000006,106.,540.000000000022));
#15144=CARTESIAN_POINT('',(466.600000000063,104.,480.000000000022));
#15145=CARTESIAN_POINT('',(466.60000000006,104.,540.000000000022));
#15146=CARTESIAN_POINT('',(466.600000000064,104.,465.000000000023));
#15147=CARTESIAN_POINT('',(466.60000000006,96.,540.000000000022));
#15148=CARTESIAN_POINT('',(466.60000000006,106.,540.000000000022));
#15149=CARTESIAN_POINT('',(466.600000000063,96.,480.000000000024));
#15150=CARTESIAN_POINT('',(466.600000000063,96.,480.000000000024));
#15151=CARTESIAN_POINT('',(466.600000000063,106.,480.000000000022));
#15152=CARTESIAN_POINT('Origin',(476.600000000062,96.,510.000000000023));
#15153=CARTESIAN_POINT('',(486.60000000006,96.,540.000000000023));
#15154=CARTESIAN_POINT('',(471.60000000006,96.,540.000000000022));
#15155=CARTESIAN_POINT('',(486.600000000063,96.,480.000000000025));
#15156=CARTESIAN_POINT('',(486.600000000062,96.,495.000000000024));
#15157=CARTESIAN_POINT('',(303.600000000064,96.,480.000000000014));
#15158=CARTESIAN_POINT('Origin',(130.600000000064,106.,480.000000000004));
#15159=CARTESIAN_POINT('',(130.600000000061,104.,540.000000000004));
#15160=CARTESIAN_POINT('',(130.600000000064,104.,480.000000000004));
#15161=CARTESIAN_POINT('',(130.600000000063,104.,495.000000000005));
#15162=CARTESIAN_POINT('',(130.600000000064,96.,480.000000000004));
#15163=CARTESIAN_POINT('',(130.600000000064,106.,480.000000000004));
#15164=CARTESIAN_POINT('',(130.600000000061,96.,540.000000000004));
#15165=CARTESIAN_POINT('',(130.600000000064,96.,480.000000000004));
#15166=CARTESIAN_POINT('',(130.600000000061,106.,540.000000000004));
#15167=CARTESIAN_POINT('Origin',(120.600000000062,96.,510.000000000004));
#15168=CARTESIAN_POINT('',(110.600000000063,96.,480.000000000003));
#15169=CARTESIAN_POINT('',(125.600000000064,96.,480.000000000004));
#15170=CARTESIAN_POINT('',(110.60000000006,96.,540.000000000004));
#15171=CARTESIAN_POINT('',(110.600000000061,96.,525.000000000003));
#15172=CARTESIAN_POINT('',(293.60000000006,96.,540.000000000013));
#15173=CARTESIAN_POINT('Origin',(466.60000000006,106.,540.000000000022));
#15174=CARTESIAN_POINT('',(382.600000000061,104.,540.000000000018));
#15175=CARTESIAN_POINT('',(110.60000000006,86.,540.000000000004));
#15176=CARTESIAN_POINT('',(110.60000000006,106.,540.000000000004));
#15177=CARTESIAN_POINT('',(130.600000000061,86.,540.000000000004));
#15178=CARTESIAN_POINT('',(130.600000000061,86.,540.000000000004));
#15179=CARTESIAN_POINT('',(130.600000000061,78.,540.000000000004));
#15180=CARTESIAN_POINT('',(130.600000000061,106.,540.000000000004));
#15181=CARTESIAN_POINT('',(466.60000000006,78.,540.000000000022));
#15182=CARTESIAN_POINT('',(130.600000000061,78.,540.000000000004));
#15183=CARTESIAN_POINT('',(466.60000000006,86.,540.000000000022));
#15184=CARTESIAN_POINT('',(466.60000000006,106.,540.000000000022));
#15185=CARTESIAN_POINT('',(486.60000000006,86.,540.000000000023));
#15186=CARTESIAN_POINT('',(466.60000000006,86.,540.000000000022));
#15187=CARTESIAN_POINT('',(486.60000000006,106.,540.000000000023));
#15188=CARTESIAN_POINT('Origin',(110.60000000006,106.,540.000000000004));
#15189=CARTESIAN_POINT('',(110.600000000063,86.,480.000000000003));
#15190=CARTESIAN_POINT('',(110.600000000063,106.,480.000000000003));
#15191=CARTESIAN_POINT('',(110.60000000006,86.,540.000000000004));
#15192=CARTESIAN_POINT('Origin',(120.600000000062,86.,510.000000000004));
#15193=CARTESIAN_POINT('',(130.600000000064,86.,480.000000000004));
#15194=CARTESIAN_POINT('',(130.600000000062,86.,525.000000000005));
#15195=CARTESIAN_POINT('',(130.600000000064,86.,480.000000000004));
#15196=CARTESIAN_POINT('Origin',(486.600000000063,106.,480.000000000025));
#15197=CARTESIAN_POINT('',(486.600000000063,86.,480.000000000025));
#15198=CARTESIAN_POINT('',(486.60000000006,86.,540.000000000023));
#15199=CARTESIAN_POINT('',(486.600000000063,106.,480.000000000025));
#15200=CARTESIAN_POINT('Origin',(476.600000000062,86.,510.000000000023));
#15201=CARTESIAN_POINT('',(466.600000000063,86.,480.000000000024));
#15202=CARTESIAN_POINT('',(466.600000000062,86.,495.000000000023));
#15203=CARTESIAN_POINT('',(486.600000000063,86.,480.000000000025));
#15204=CARTESIAN_POINT('Origin',(298.600000000066,104.,450.000000000013));
#15205=CARTESIAN_POINT('',(214.600000000064,104.,480.000000000009));
#15206=CARTESIAN_POINT('Origin',(130.600000000061,106.,540.000000000004));
#15207=CARTESIAN_POINT('',(130.600000000064,78.,480.000000000004));
#15208=CARTESIAN_POINT('',(130.600000000064,106.,480.000000000004));
#15209=CARTESIAN_POINT('',(130.600000000064,78.,480.000000000004));
#15210=CARTESIAN_POINT('Origin',(130.600000000064,106.,480.000000000004));
#15211=CARTESIAN_POINT('',(466.600000000063,78.,480.000000000024));
#15212=CARTESIAN_POINT('',(466.600000000063,106.,480.000000000024));
#15213=CARTESIAN_POINT('',(466.600000000063,78.,480.000000000022));
#15214=CARTESIAN_POINT('Origin',(466.600000000063,106.,480.000000000024));
#15215=CARTESIAN_POINT('',(466.600000000063,78.,480.000000000024));
#15216=CARTESIAN_POINT('Origin',(298.600000000062,78.,510.000000000013));
#15217=CARTESIAN_POINT('Origin',(130.600000000067,106.,420.000000000004));
#15218=CARTESIAN_POINT('',(130.600000000064,104.,480.000000000004));
#15219=CARTESIAN_POINT('',(130.600000000067,104.,420.000000000004));
#15220=CARTESIAN_POINT('',(130.600000000065,104.,465.000000000005));
#15221=CARTESIAN_POINT('',(130.600000000067,96.,420.000000000004));
#15222=CARTESIAN_POINT('',(130.600000000067,106.,420.000000000004));
#15223=CARTESIAN_POINT('',(130.600000000064,96.,480.000000000004));
#15224=CARTESIAN_POINT('',(130.600000000067,96.,420.000000000004));
#15225=CARTESIAN_POINT('',(130.600000000064,106.,480.000000000004));
#15226=CARTESIAN_POINT('Origin',(120.600000000065,96.,450.000000000004));
#15227=CARTESIAN_POINT('',(110.600000000066,96.,420.000000000003));
#15228=CARTESIAN_POINT('',(125.600000000067,96.,420.000000000004));
#15229=CARTESIAN_POINT('',(110.600000000063,96.,480.000000000003));
#15230=CARTESIAN_POINT('',(110.600000000064,96.,465.000000000003));
#15231=CARTESIAN_POINT('',(293.600000000063,96.,480.000000000013));
#15232=CARTESIAN_POINT('Origin',(466.600000000063,106.,480.000000000024));
#15233=CARTESIAN_POINT('',(466.600000000067,104.,420.000000000024));
#15234=CARTESIAN_POINT('',(466.600000000063,104.,480.000000000022));
#15235=CARTESIAN_POINT('',(466.600000000066,104.,435.000000000023));
#15236=CARTESIAN_POINT('',(466.600000000063,96.,480.000000000024));
#15237=CARTESIAN_POINT('',(466.600000000063,106.,480.000000000022));
#15238=CARTESIAN_POINT('',(466.600000000067,96.,420.000000000024));
#15239=CARTESIAN_POINT('',(466.600000000063,96.,480.000000000024));
#15240=CARTESIAN_POINT('',(466.600000000067,106.,420.000000000024));
#15241=CARTESIAN_POINT('Origin',(476.600000000065,96.,450.000000000024));
#15242=CARTESIAN_POINT('',(486.600000000067,96.,420.000000000025));
#15243=CARTESIAN_POINT('',(486.600000000063,96.,480.000000000025));
#15244=CARTESIAN_POINT('',(486.600000000066,96.,435.000000000025));
#15245=CARTESIAN_POINT('',(303.600000000067,96.,420.000000000014));
#15246=CARTESIAN_POINT('',(471.600000000063,96.,480.000000000022));
#15247=CARTESIAN_POINT('Origin',(130.600000000068,106.,420.000000000004));
#15248=CARTESIAN_POINT('',(214.600000000068,104.,420.000000000009));
#15249=CARTESIAN_POINT('',(486.600000000067,86.,420.000000000025));
#15250=CARTESIAN_POINT('',(486.600000000067,106.,420.000000000025));
#15251=CARTESIAN_POINT('',(466.600000000067,86.,420.000000000024));
#15252=CARTESIAN_POINT('',(466.600000000067,86.,420.000000000024));
#15253=CARTESIAN_POINT('',(466.600000000067,78.,420.000000000024));
#15254=CARTESIAN_POINT('',(466.600000000067,106.,420.000000000024));
#15255=CARTESIAN_POINT('',(130.600000000067,78.,420.000000000004));
#15256=CARTESIAN_POINT('',(130.600000000068,78.,420.000000000004));
#15257=CARTESIAN_POINT('',(130.600000000067,86.,420.000000000004));
#15258=CARTESIAN_POINT('',(130.600000000067,106.,420.000000000004));
#15259=CARTESIAN_POINT('',(110.600000000066,86.,420.000000000003));
#15260=CARTESIAN_POINT('',(130.600000000067,86.,420.000000000004));
#15261=CARTESIAN_POINT('',(110.600000000066,106.,420.000000000003));
#15262=CARTESIAN_POINT('Origin',(486.600000000067,106.,420.000000000025));
#15263=CARTESIAN_POINT('',(486.600000000063,86.,480.000000000025));
#15264=CARTESIAN_POINT('',(486.600000000063,106.,480.000000000025));
#15265=CARTESIAN_POINT('',(486.600000000067,86.,420.000000000025));
#15266=CARTESIAN_POINT('Origin',(110.600000000063,106.,480.000000000003));
#15267=CARTESIAN_POINT('',(110.600000000063,86.,480.000000000003));
#15268=CARTESIAN_POINT('',(110.600000000063,86.,480.000000000003));
#15269=CARTESIAN_POINT('',(110.600000000063,106.,480.000000000003));
#15270=CARTESIAN_POINT('Origin',(120.600000000065,86.,450.000000000004));
#15271=CARTESIAN_POINT('',(130.600000000064,86.,480.000000000004));
#15272=CARTESIAN_POINT('',(130.600000000065,86.,465.000000000005));
#15273=CARTESIAN_POINT('',(130.600000000064,86.,480.000000000004));
#15274=CARTESIAN_POINT('Origin',(476.600000000065,86.,450.000000000024));
#15275=CARTESIAN_POINT('',(466.600000000063,86.,480.000000000024));
#15276=CARTESIAN_POINT('',(486.600000000063,86.,480.000000000025));
#15277=CARTESIAN_POINT('',(466.600000000066,86.,435.000000000024));
#15278=CARTESIAN_POINT('Origin',(298.600000000066,104.,450.000000000013));
#15279=CARTESIAN_POINT('',(382.600000000064,104.,480.000000000018));
#15280=CARTESIAN_POINT('Origin',(466.600000000067,106.,420.000000000024));
#15281=CARTESIAN_POINT('',(466.600000000063,78.,480.000000000024));
#15282=CARTESIAN_POINT('',(466.600000000063,106.,480.000000000024));
#15283=CARTESIAN_POINT('',(466.600000000063,78.,480.000000000024));
#15284=CARTESIAN_POINT('Origin',(130.600000000064,106.,480.000000000004));
#15285=CARTESIAN_POINT('',(130.600000000064,78.,480.000000000004));
#15286=CARTESIAN_POINT('',(130.600000000067,78.,420.000000000004));
#15287=CARTESIAN_POINT('',(130.600000000064,106.,480.000000000004));
#15288=CARTESIAN_POINT('Origin',(466.600000000063,106.,480.000000000022));
#15289=CARTESIAN_POINT('',(466.600000000063,78.,480.000000000022));
#15290=CARTESIAN_POINT('Origin',(298.600000000065,78.,450.000000000014));
#15291=CARTESIAN_POINT('Origin',(130.600000000058,106.,600.000000000004));
#15292=CARTESIAN_POINT('',(130.600000000055,104.,660.000000000004));
#15293=CARTESIAN_POINT('',(130.600000000058,104.,600.000000000004));
#15294=CARTESIAN_POINT('',(130.600000000056,104.,631.329432107379));
#15295=CARTESIAN_POINT('',(130.600000000058,96.,600.000000000004));
#15296=CARTESIAN_POINT('',(130.600000000058,106.,600.000000000004));
#15297=CARTESIAN_POINT('',(130.600000000055,96.,660.000000000004));
#15298=CARTESIAN_POINT('',(130.600000000058,96.,600.000000000004));
#15299=CARTESIAN_POINT('',(130.600000000055,106.,660.000000000004));
#15300=CARTESIAN_POINT('Origin',(120.600000000056,96.,630.000000000004));
#15301=CARTESIAN_POINT('',(110.600000000057,96.,600.000000000004));
#15302=CARTESIAN_POINT('',(125.600000000058,96.,600.000000000004));
#15303=CARTESIAN_POINT('',(110.600000000054,96.,660.000000000003));
#15304=CARTESIAN_POINT('',(110.600000000055,96.,645.000000000003));
#15305=CARTESIAN_POINT('',(293.600000000054,96.,660.000000000013));
#15306=CARTESIAN_POINT('Origin',(466.600000000053,106.,660.000000000022));
#15307=CARTESIAN_POINT('',(466.600000000056,104.,600.000000000022));
#15308=CARTESIAN_POINT('',(466.600000000053,104.,660.000000000022));
#15309=CARTESIAN_POINT('',(466.600000000056,104.,601.329432107397));
#15310=CARTESIAN_POINT('',(466.600000000053,96.,660.000000000022));
#15311=CARTESIAN_POINT('',(466.600000000053,106.,660.000000000022));
#15312=CARTESIAN_POINT('',(466.600000000056,96.,600.000000000022));
#15313=CARTESIAN_POINT('',(466.600000000053,96.,660.000000000022));
#15314=CARTESIAN_POINT('',(466.600000000056,106.,600.000000000022));
#15315=CARTESIAN_POINT('Origin',(476.600000000055,96.,630.000000000023));
#15316=CARTESIAN_POINT('',(486.600000000053,96.,660.000000000023));
#15317=CARTESIAN_POINT('',(471.600000000053,96.,660.000000000022));
#15318=CARTESIAN_POINT('',(486.600000000056,96.,600.000000000023));
#15319=CARTESIAN_POINT('',(486.600000000056,96.,615.000000000023));
#15320=CARTESIAN_POINT('',(303.600000000057,96.,600.000000000014));
#15321=CARTESIAN_POINT('Origin',(130.600000000058,106.,600.000000000004));
#15322=CARTESIAN_POINT('',(214.600000000058,104.,600.000000000009));
#15323=CARTESIAN_POINT('',(486.600000000056,86.,600.000000000023));
#15324=CARTESIAN_POINT('',(486.600000000056,106.,600.000000000023));
#15325=CARTESIAN_POINT('',(466.600000000056,86.,600.000000000022));
#15326=CARTESIAN_POINT('',(466.600000000056,86.,600.000000000022));
#15327=CARTESIAN_POINT('',(466.600000000056,78.,600.000000000022));
#15328=CARTESIAN_POINT('',(466.600000000056,106.,600.000000000022));
#15329=CARTESIAN_POINT('',(130.600000000058,78.,600.000000000004));
#15330=CARTESIAN_POINT('',(130.600000000058,78.,600.000000000004));
#15331=CARTESIAN_POINT('',(130.600000000058,86.,600.000000000004));
#15332=CARTESIAN_POINT('',(130.600000000058,106.,600.000000000004));
#15333=CARTESIAN_POINT('',(110.600000000057,86.,600.000000000004));
#15334=CARTESIAN_POINT('',(130.600000000058,86.,600.000000000004));
#15335=CARTESIAN_POINT('',(110.600000000057,106.,600.000000000004));
#15336=CARTESIAN_POINT('Origin',(110.600000000054,106.,660.000000000003));
#15337=CARTESIAN_POINT('',(110.600000000054,86.,660.000000000003));
#15338=CARTESIAN_POINT('',(110.600000000054,86.,660.000000000003));
#15339=CARTESIAN_POINT('',(110.600000000054,106.,660.000000000003));
#15340=CARTESIAN_POINT('Origin',(120.600000000056,86.,630.000000000004));
#15341=CARTESIAN_POINT('',(130.600000000055,86.,660.000000000004));
#15342=CARTESIAN_POINT('',(130.600000000056,86.,645.000000000005));
#15343=CARTESIAN_POINT('',(130.600000000055,86.,660.000000000004));
#15344=CARTESIAN_POINT('Origin',(486.600000000056,106.,600.000000000023));
#15345=CARTESIAN_POINT('',(486.600000000053,86.,660.000000000023));
#15346=CARTESIAN_POINT('',(486.600000000053,106.,660.000000000023));
#15347=CARTESIAN_POINT('',(486.600000000056,86.,600.000000000023));
#15348=CARTESIAN_POINT('Origin',(476.600000000055,86.,630.000000000023));
#15349=CARTESIAN_POINT('',(466.600000000053,86.,660.000000000022));
#15350=CARTESIAN_POINT('',(466.600000000056,86.,615.000000000022));
#15351=CARTESIAN_POINT('',(466.600000000053,86.,660.000000000022));
#15352=CARTESIAN_POINT('Origin',(298.600000000059,104.,602.658864214762));
#15353=CARTESIAN_POINT('',(382.600000000054,104.,660.000000000018));
#15354=CARTESIAN_POINT('Origin',(466.600000000056,106.,600.000000000022));
#15355=CARTESIAN_POINT('',(466.600000000053,78.,660.000000000022));
#15356=CARTESIAN_POINT('',(466.600000000053,106.,660.000000000022));
#15357=CARTESIAN_POINT('',(466.600000000053,78.,660.000000000022));
#15358=CARTESIAN_POINT('Origin',(130.600000000055,106.,660.000000000004));
#15359=CARTESIAN_POINT('',(130.600000000055,78.,660.000000000004));
#15360=CARTESIAN_POINT('',(130.600000000058,78.,600.000000000004));
#15361=CARTESIAN_POINT('',(130.600000000055,106.,660.000000000004));
#15362=CARTESIAN_POINT('Origin',(466.600000000053,106.,660.000000000022));
#15363=CARTESIAN_POINT('',(466.600000000053,78.,660.000000000022));
#15364=CARTESIAN_POINT('Origin',(298.600000000056,78.,630.000000000013));
#15365=CARTESIAN_POINT('Origin',(130.600000000054,106.,660.000000000004));
#15366=CARTESIAN_POINT('',(130.600000000052,104.,720.000000000004));
#15367=CARTESIAN_POINT('',(130.600000000055,104.,660.000000000004));
#15368=CARTESIAN_POINT('',(130.600000000054,104.,661.329432107379));
#15369=CARTESIAN_POINT('',(130.600000000055,96.,660.000000000004));
#15370=CARTESIAN_POINT('',(130.600000000054,106.,660.000000000004));
#15371=CARTESIAN_POINT('',(130.600000000051,96.,720.000000000004));
#15372=CARTESIAN_POINT('',(130.600000000054,96.,660.000000000004));
#15373=CARTESIAN_POINT('',(130.600000000051,106.,720.000000000004));
#15374=CARTESIAN_POINT('Origin',(120.600000000053,96.,690.000000000004));
#15375=CARTESIAN_POINT('',(110.600000000054,96.,660.000000000003));
#15376=CARTESIAN_POINT('',(125.600000000055,96.,660.000000000004));
#15377=CARTESIAN_POINT('',(110.600000000051,96.,720.000000000003));
#15378=CARTESIAN_POINT('',(110.600000000052,96.,705.000000000003));
#15379=CARTESIAN_POINT('',(293.60000000005,96.,720.000000000013));
#15380=CARTESIAN_POINT('Origin',(466.600000000049,106.,720.000000000022));
#15381=CARTESIAN_POINT('',(466.600000000053,104.,660.000000000022));
#15382=CARTESIAN_POINT('',(466.600000000049,104.,720.000000000022));
#15383=CARTESIAN_POINT('',(466.600000000054,104.,631.329432107397));
#15384=CARTESIAN_POINT('',(466.60000000005,96.,720.000000000022));
#15385=CARTESIAN_POINT('',(466.600000000049,106.,720.000000000022));
#15386=CARTESIAN_POINT('',(466.600000000053,96.,660.000000000022));
#15387=CARTESIAN_POINT('',(466.600000000049,96.,720.000000000022));
#15388=CARTESIAN_POINT('',(466.600000000053,106.,660.000000000022));
#15389=CARTESIAN_POINT('Origin',(476.600000000051,96.,690.000000000023));
#15390=CARTESIAN_POINT('',(486.600000000053,96.,660.000000000023));
#15391=CARTESIAN_POINT('',(486.60000000005,96.,720.000000000023));
#15392=CARTESIAN_POINT('',(486.600000000052,96.,675.000000000023));
#15393=CARTESIAN_POINT('',(303.600000000054,96.,660.000000000013));
#15394=CARTESIAN_POINT('',(471.600000000049,96.,720.000000000022));
#15395=CARTESIAN_POINT('Origin',(130.600000000055,106.,660.000000000004));
#15396=CARTESIAN_POINT('',(214.600000000055,104.,660.000000000009));
#15397=CARTESIAN_POINT('',(486.600000000053,86.,660.000000000023));
#15398=CARTESIAN_POINT('',(486.600000000053,106.,660.000000000023));
#15399=CARTESIAN_POINT('',(466.600000000053,86.,660.000000000022));
#15400=CARTESIAN_POINT('',(466.600000000053,86.,660.000000000022));
#15401=CARTESIAN_POINT('',(466.600000000053,78.,660.000000000022));
#15402=CARTESIAN_POINT('',(466.600000000053,106.,660.000000000022));
#15403=CARTESIAN_POINT('',(130.600000000054,78.,660.000000000004));
#15404=CARTESIAN_POINT('',(466.600000000053,78.,660.000000000022));
#15405=CARTESIAN_POINT('',(130.600000000055,86.,660.000000000004));
#15406=CARTESIAN_POINT('',(130.600000000054,106.,660.000000000004));
#15407=CARTESIAN_POINT('',(110.600000000054,86.,660.000000000003));
#15408=CARTESIAN_POINT('',(130.600000000055,86.,660.000000000004));
#15409=CARTESIAN_POINT('',(110.600000000054,106.,660.000000000003));
#15410=CARTESIAN_POINT('Origin',(486.600000000053,106.,660.000000000023));
#15411=CARTESIAN_POINT('',(486.60000000005,86.,720.000000000023));
#15412=CARTESIAN_POINT('',(486.60000000005,106.,720.000000000023));
#15413=CARTESIAN_POINT('',(486.600000000053,86.,660.000000000023));
#15414=CARTESIAN_POINT('Origin',(110.600000000051,106.,720.000000000003));
#15415=CARTESIAN_POINT('',(110.600000000051,86.,720.000000000003));
#15416=CARTESIAN_POINT('',(110.600000000051,86.,720.000000000003));
#15417=CARTESIAN_POINT('',(110.600000000051,106.,720.000000000003));
#15418=CARTESIAN_POINT('Origin',(120.600000000053,86.,690.000000000004));
#15419=CARTESIAN_POINT('',(130.600000000051,86.,720.000000000004));
#15420=CARTESIAN_POINT('',(130.600000000052,86.,705.000000000005));
#15421=CARTESIAN_POINT('',(130.600000000051,86.,720.000000000004));
#15422=CARTESIAN_POINT('Origin',(476.600000000051,86.,690.000000000023));
#15423=CARTESIAN_POINT('',(466.60000000005,86.,720.000000000022));
#15424=CARTESIAN_POINT('',(486.60000000005,86.,720.000000000023));
#15425=CARTESIAN_POINT('',(466.600000000052,86.,675.000000000022));
#15426=CARTESIAN_POINT('Origin',(298.600000000059,104.,602.658864214762));
#15427=CARTESIAN_POINT('',(382.600000000051,104.,720.000000000018));
#15428=CARTESIAN_POINT('Origin',(130.600000000051,106.,720.000000000004));
#15429=CARTESIAN_POINT('',(130.600000000051,78.,720.000000000004));
#15430=CARTESIAN_POINT('',(130.600000000054,78.,660.000000000004));
#15431=CARTESIAN_POINT('',(130.600000000051,106.,720.000000000004));
#15432=CARTESIAN_POINT('Origin',(466.600000000049,106.,720.000000000022));
#15433=CARTESIAN_POINT('',(466.600000000049,78.,720.000000000022));
#15434=CARTESIAN_POINT('',(130.600000000052,78.,720.000000000004));
#15435=CARTESIAN_POINT('',(466.600000000049,106.,720.000000000022));
#15436=CARTESIAN_POINT('Origin',(466.600000000053,106.,660.000000000022));
#15437=CARTESIAN_POINT('',(466.600000000049,78.,720.000000000022));
#15438=CARTESIAN_POINT('Origin',(298.600000000052,78.,690.000000000013));
#15439=CARTESIAN_POINT('Origin',(130.600000000049,106.,780.000000000004));
#15440=CARTESIAN_POINT('',(130.600000000046,104.,840.000000000005));
#15441=CARTESIAN_POINT('',(130.600000000049,104.,780.000000000004));
#15442=CARTESIAN_POINT('',(130.600000000052,104.,721.329432107379));
#15443=CARTESIAN_POINT('',(130.600000000048,96.,780.000000000004));
#15444=CARTESIAN_POINT('',(130.600000000049,106.,780.000000000004));
#15445=CARTESIAN_POINT('',(130.600000000045,96.,840.000000000004));
#15446=CARTESIAN_POINT('',(130.600000000049,96.,780.000000000004));
#15447=CARTESIAN_POINT('',(130.600000000046,106.,840.000000000005));
#15448=CARTESIAN_POINT('Origin',(120.600000000047,96.,810.000000000004));
#15449=CARTESIAN_POINT('',(110.600000000048,96.,780.000000000003));
#15450=CARTESIAN_POINT('',(125.600000000048,96.,780.000000000004));
#15451=CARTESIAN_POINT('',(110.600000000045,96.,840.000000000003));
#15452=CARTESIAN_POINT('',(110.600000000046,96.,825.000000000003));
#15453=CARTESIAN_POINT('',(293.600000000044,96.,840.000000000013));
#15454=CARTESIAN_POINT('Origin',(466.600000000042,106.,840.000000000022));
#15455=CARTESIAN_POINT('',(466.600000000046,104.,780.000000000022));
#15456=CARTESIAN_POINT('',(466.600000000043,104.,840.000000000022));
#15457=CARTESIAN_POINT('',(466.600000000051,104.,691.329432107397));
#15458=CARTESIAN_POINT('',(466.600000000043,96.,840.000000000022));
#15459=CARTESIAN_POINT('',(466.600000000042,106.,840.000000000022));
#15460=CARTESIAN_POINT('',(466.600000000046,96.,780.000000000022));
#15461=CARTESIAN_POINT('',(466.600000000046,96.,780.000000000022));
#15462=CARTESIAN_POINT('',(466.600000000046,106.,780.000000000022));
#15463=CARTESIAN_POINT('Origin',(476.600000000044,96.,810.000000000023));
#15464=CARTESIAN_POINT('',(486.600000000046,96.,780.000000000023));
#15465=CARTESIAN_POINT('',(303.600000000047,96.,780.000000000013));
#15466=CARTESIAN_POINT('',(486.600000000043,96.,840.000000000023));
#15467=CARTESIAN_POINT('',(471.600000000043,96.,840.000000000022));
#15468=CARTESIAN_POINT('',(486.600000000045,96.,795.000000000023));
#15469=CARTESIAN_POINT('Origin',(130.600000000049,106.,780.000000000004));
#15470=CARTESIAN_POINT('',(214.600000000049,104.,780.000000000009));
#15471=CARTESIAN_POINT('',(486.600000000046,86.,780.000000000023));
#15472=CARTESIAN_POINT('',(486.600000000046,106.,780.000000000023));
#15473=CARTESIAN_POINT('',(466.600000000046,86.,780.000000000022));
#15474=CARTESIAN_POINT('',(486.600000000046,86.,780.000000000023));
#15475=CARTESIAN_POINT('',(466.600000000046,78.,780.000000000022));
#15476=CARTESIAN_POINT('',(466.600000000046,106.,780.000000000022));
#15477=CARTESIAN_POINT('',(130.600000000049,78.,780.000000000004));
#15478=CARTESIAN_POINT('',(466.600000000046,78.,780.000000000022));
#15479=CARTESIAN_POINT('',(130.600000000048,86.,780.000000000004));
#15480=CARTESIAN_POINT('',(130.600000000049,106.,780.000000000004));
#15481=CARTESIAN_POINT('',(110.600000000048,86.,780.000000000003));
#15482=CARTESIAN_POINT('',(130.600000000048,86.,780.000000000004));
#15483=CARTESIAN_POINT('',(110.600000000048,106.,780.000000000003));
#15484=CARTESIAN_POINT('Origin',(486.600000000046,106.,780.000000000023));
#15485=CARTESIAN_POINT('',(486.600000000043,86.,840.000000000023));
#15486=CARTESIAN_POINT('',(486.600000000043,106.,840.000000000023));
#15487=CARTESIAN_POINT('',(486.600000000043,86.,840.000000000023));
#15488=CARTESIAN_POINT('Origin',(110.600000000045,106.,840.000000000003));
#15489=CARTESIAN_POINT('',(110.600000000045,86.,840.000000000003));
#15490=CARTESIAN_POINT('',(110.600000000048,86.,780.000000000003));
#15491=CARTESIAN_POINT('',(110.600000000045,106.,840.000000000003));
#15492=CARTESIAN_POINT('Origin',(120.600000000047,86.,810.000000000004));
#15493=CARTESIAN_POINT('',(130.600000000045,86.,840.000000000004));
#15494=CARTESIAN_POINT('',(130.600000000046,86.,825.000000000005));
#15495=CARTESIAN_POINT('',(110.600000000045,86.,840.000000000003));
#15496=CARTESIAN_POINT('Origin',(476.600000000044,86.,810.000000000023));
#15497=CARTESIAN_POINT('',(466.600000000043,86.,840.000000000022));
#15498=CARTESIAN_POINT('',(486.600000000043,86.,840.000000000023));
#15499=CARTESIAN_POINT('',(466.600000000045,86.,795.000000000022));
#15500=CARTESIAN_POINT('Origin',(298.600000000059,104.,602.658864214762));
#15501=CARTESIAN_POINT('',(382.600000000044,104.,840.000000000018));
#15502=CARTESIAN_POINT('Origin',(130.600000000045,106.,840.000000000004));
#15503=CARTESIAN_POINT('',(130.600000000045,78.,840.000000000005));
#15504=CARTESIAN_POINT('',(130.600000000049,78.,780.000000000004));
#15505=CARTESIAN_POINT('',(130.600000000045,106.,840.000000000005));
#15506=CARTESIAN_POINT('Origin',(466.600000000042,106.,840.000000000022));
#15507=CARTESIAN_POINT('',(466.600000000042,78.,840.000000000022));
#15508=CARTESIAN_POINT('',(130.600000000045,78.,840.000000000005));
#15509=CARTESIAN_POINT('',(466.600000000042,106.,840.000000000022));
#15510=CARTESIAN_POINT('Origin',(466.600000000046,106.,780.000000000022));
#15511=CARTESIAN_POINT('',(466.600000000046,78.,780.000000000022));
#15512=CARTESIAN_POINT('Origin',(298.600000000046,78.,810.000000000013));
#15513=CARTESIAN_POINT('Origin',(45.0000006705523,0.,850.000012665987));
#15514=CARTESIAN_POINT('',(51.0000007599592,106.,850.000012665987));
#15515=CARTESIAN_POINT('',(50.6000000000422,106.,850.000012665987));
#15516=CARTESIAN_POINT('',(67.8000003353072,106.,850.000012665987));
#15517=CARTESIAN_POINT('',(51.0000007599592,76.,850.000012665987));
#15518=CARTESIAN_POINT('',(51.0000007599592,0.,850.000012665987));
#15519=CARTESIAN_POINT('',(50.6000000000422,76.,850.000012665987));
#15520=CARTESIAN_POINT('',(67.8000003353072,76.,850.000012665987));
#15521=CARTESIAN_POINT('',(50.6000000000422,53.,850.000012665987));
#15522=CARTESIAN_POINT('Origin',(51.0000007599592,0.,750.000011175871));
#15523=CARTESIAN_POINT('',(50.6000000000478,106.,750.000011175871));
#15524=CARTESIAN_POINT('',(51.0000007599592,106.,750.000011175871));
#15525=CARTESIAN_POINT('',(70.8000003800107,106.,750.000011175871));
#15526=CARTESIAN_POINT('',(50.6000000000478,76.,750.000011175871));
#15527=CARTESIAN_POINT('',(50.6000000000478,53.,750.000011175871));
#15528=CARTESIAN_POINT('',(51.0000007599592,76.,750.000011175871));
#15529=CARTESIAN_POINT('',(70.8000003800107,76.,750.000011175871));
#15530=CARTESIAN_POINT('',(51.0000007599592,0.,750.000011175871));
#15531=CARTESIAN_POINT('Origin',(51.0000007599592,0.,850.000012665987));
#15532=CARTESIAN_POINT('',(51.0000007599592,106.,687.500006332995));
#15533=CARTESIAN_POINT('',(51.0000007599592,76.,687.500006332995));
#15534=CARTESIAN_POINT('Origin',(90.6000000000622,76.,525.000000000002));
#15535=CARTESIAN_POINT('',(50.6000000000751,76.,270.));
#15536=CARTESIAN_POINT('',(50.6000000000848,76.,100.));
#15537=CARTESIAN_POINT('',(51.,76.,270.));
#15538=CARTESIAN_POINT('',(67.8000000000311,76.,270.));
#15539=CARTESIAN_POINT('',(51.,76.,170.));
#15540=CARTESIAN_POINT('',(51.,76.,397.500000000001));
#15541=CARTESIAN_POINT('',(50.6000000000808,76.,170.));
#15542=CARTESIAN_POINT('',(70.8000000000311,76.,170.));
#15543=CARTESIAN_POINT('',(50.6000000000848,76.,100.));
#15544=CARTESIAN_POINT('',(50.6000000000848,76.,100.));
#15545=CARTESIAN_POINT('',(130.600000000085,76.,100.000000000004));
#15546=CARTESIAN_POINT('',(130.600000000085,76.,100.000000000005));
#15547=CARTESIAN_POINT('',(130.60000000004,76.,940.922808796041));
#15548=CARTESIAN_POINT('',(130.600000000059,76.,870.000000000005));
#15549=CARTESIAN_POINT('',(50.6000000000407,76.,940.));
#15550=CARTESIAN_POINT('Origin',(63.1581483416382,76.,3319.44624078991));
#15551=CARTESIAN_POINT('',(50.6000000000848,76.,100.));
#15552=CARTESIAN_POINT('',(96.5937668748379,76.,139.293875954447));
#15553=CARTESIAN_POINT('Origin',(90.593766874838,76.,139.293875954447));
#15554=CARTESIAN_POINT('',(96.6000000000424,76.,910.000000000002));
#15555=CARTESIAN_POINT('Origin',(90.6000000000424,76.,910.000000000002));
#15556=CARTESIAN_POINT('Origin',(50.6000000000365,106.,950.));
#15557=CARTESIAN_POINT('',(50.6000000000751,106.,270.));
#15558=CARTESIAN_POINT('',(50.6000000000848,106.,100.));
#15559=CARTESIAN_POINT('',(50.6000000000751,53.,270.));
#15560=CARTESIAN_POINT('Origin',(50.6000000000365,106.,950.));
#15561=CARTESIAN_POINT('',(50.6000000000407,86.,940.));
#15562=CARTESIAN_POINT('',(50.600000000037,106.,940.));
#15563=CARTESIAN_POINT('',(50.600000000044,86.,870.));
#15564=CARTESIAN_POINT('',(50.6000000000378,86.,927.730702199009));
#15565=CARTESIAN_POINT('',(50.600000000044,96.,870.));
#15566=CARTESIAN_POINT('',(50.600000000041,106.,870.));
#15567=CARTESIAN_POINT('',(50.6000000000407,96.,940.));
#15568=CARTESIAN_POINT('',(50.6000000000417,96.,910.));
#15569=CARTESIAN_POINT('',(50.6000000000407,106.,940.));
#15570=CARTESIAN_POINT('',(50.6000000000407,106.,940.));
#15571=CARTESIAN_POINT('',(50.6000000000848,106.,100.));
#15572=CARTESIAN_POINT('Origin',(51.,0.,170.));
#15573=CARTESIAN_POINT('',(50.6000000000808,106.,170.));
#15574=CARTESIAN_POINT('',(51.,106.,170.));
#15575=CARTESIAN_POINT('',(70.8000000000311,106.,170.));
#15576=CARTESIAN_POINT('',(50.6000000000808,96.,170.));
#15577=CARTESIAN_POINT('',(50.6000000000808,53.,170.));
#15578=CARTESIAN_POINT('',(51.,96.,170.));
#15579=CARTESIAN_POINT('',(70.8000000000413,96.,170.));
#15580=CARTESIAN_POINT('',(51.,0.,170.));
#15581=CARTESIAN_POINT('Origin',(51.,0.,170.));
#15582=CARTESIAN_POINT('',(51.,86.,170.));
#15583=CARTESIAN_POINT('',(51.,0.,170.));
#15584=CARTESIAN_POINT('',(50.6000000000808,86.,170.));
#15585=CARTESIAN_POINT('',(70.8000000000413,86.,170.));
#15586=CARTESIAN_POINT('',(50.6000000000808,53.,170.));
#15587=CARTESIAN_POINT('Origin',(45.,0.,270.));
#15588=CARTESIAN_POINT('',(51.,106.,270.));
#15589=CARTESIAN_POINT('',(67.8000000000311,106.,270.));
#15590=CARTESIAN_POINT('',(51.,0.,270.));
#15591=CARTESIAN_POINT('Origin',(51.,0.,270.));
#15592=CARTESIAN_POINT('',(51.,106.,397.500000000001));
#15593=CARTESIAN_POINT('',(51.,96.,180.));
#15594=CARTESIAN_POINT('',(51.,96.,205.000000000001));
#15595=CARTESIAN_POINT('',(51.,86.,180.));
#15596=CARTESIAN_POINT('',(51.,53.,180.));
#15597=CARTESIAN_POINT('',(51.,86.,205.000000000001));
#15598=CARTESIAN_POINT('Origin',(90.6000000000827,86.,140.000000000002));
#15599=CARTESIAN_POINT('',(110.600000000081,86.,180.000000000003));
#15600=CARTESIAN_POINT('',(50.6000000000802,86.,180.));
#15601=CARTESIAN_POINT('',(110.600000000041,86.,870.000000000003));
#15602=CARTESIAN_POINT('',(110.600000000085,86.,100.000000000003));
#15603=CARTESIAN_POINT('',(50.600000000044,86.,870.));
#15604=CARTESIAN_POINT('',(130.60000000004,86.,940.922808796041));
#15605=CARTESIAN_POINT('Origin',(63.1581483416382,86.,3319.44624078991));
#15606=CARTESIAN_POINT('',(130.600000000085,86.,100.000000000004));
#15607=CARTESIAN_POINT('',(130.600000000089,86.,330.230702199014));
#15608=CARTESIAN_POINT('',(50.6000000000848,86.,100.));
#15609=CARTESIAN_POINT('',(70.6000000000849,86.,100.000000000001));
#15610=CARTESIAN_POINT('',(50.6000000000595,86.,545.));
#15611=CARTESIAN_POINT('',(96.5937668748379,86.,139.293875954447));
#15612=CARTESIAN_POINT('Origin',(90.593766874838,86.,139.293875954447));
#15613=CARTESIAN_POINT('',(96.6000000000424,86.,910.000000000002));
#15614=CARTESIAN_POINT('Origin',(90.6000000000424,86.,910.000000000002));
#15615=CARTESIAN_POINT('Origin',(130.600000000081,106.,180.000000000005));
#15616=CARTESIAN_POINT('',(110.600000000081,96.,180.000000000003));
#15617=CARTESIAN_POINT('',(110.60000000008,96.,180.000000000003));
#15618=CARTESIAN_POINT('',(110.600000000081,106.,180.000000000003));
#15619=CARTESIAN_POINT('Origin',(90.6000000000827,96.,140.000000000002));
#15620=CARTESIAN_POINT('',(50.6000000000848,96.,100.));
#15621=CARTESIAN_POINT('',(50.6000000000848,96.,100.));
#15622=CARTESIAN_POINT('',(130.600000000085,96.,100.000000000004));
#15623=CARTESIAN_POINT('',(130.600000000085,96.,100.000000000005));
#15624=CARTESIAN_POINT('',(130.600000000037,96.,940.922808796041));
#15625=CARTESIAN_POINT('',(130.600000000085,96.,100.000000000004));
#15626=CARTESIAN_POINT('Origin',(63.1581483416382,96.,3319.44624078991));
#15627=CARTESIAN_POINT('',(110.600000000041,96.,870.000000000003));
#15628=CARTESIAN_POINT('',(70.6000000000476,96.,870.000000000001));
#15629=CARTESIAN_POINT('',(110.600000000048,96.,750.4506289654));
#15630=CARTESIAN_POINT('',(96.5937668748379,96.,139.293875954447));
#15631=CARTESIAN_POINT('Origin',(90.593766874838,96.,139.293875954447));
#15632=CARTESIAN_POINT('',(96.6000000000424,96.,910.000000000002));
#15633=CARTESIAN_POINT('Origin',(90.6000000000424,96.,910.000000000002));
#15634=CARTESIAN_POINT('Origin',(50.6000000000365,106.,950.));
#15635=CARTESIAN_POINT('',(50.6000000000848,106.,100.));
#15636=CARTESIAN_POINT('',(50.6000000000848,106.,100.));
#15637=CARTESIAN_POINT('',(50.6000000000848,106.,100.));
#15638=CARTESIAN_POINT('Origin',(50.6000000000365,106.,950.));
#15639=CARTESIAN_POINT('',(50.6000000000848,106.,100.));
#15640=CARTESIAN_POINT('Origin',(90.6000000000424,106.,910.000000000002));
#15641=CARTESIAN_POINT('',(96.6000000000424,106.,910.000000000002));
#15642=CARTESIAN_POINT('Origin',(90.6000000000424,106.,910.000000000002));
#15643=CARTESIAN_POINT('',(96.6000000000424,106.,910.000000000002));
#15644=CARTESIAN_POINT('Origin',(90.6000000000424,106.,910.000000000002));
#15645=CARTESIAN_POINT('',(96.6000000000424,106.,910.000000000002));
#15646=CARTESIAN_POINT('Origin',(90.593766874838,106.,139.293875954447));
#15647=CARTESIAN_POINT('',(96.5937668748379,106.,139.293875954447));
#15648=CARTESIAN_POINT('Origin',(90.593766874838,106.,139.293875954447));
#15649=CARTESIAN_POINT('',(96.5937668748379,106.,139.293875954447));
#15650=CARTESIAN_POINT('Origin',(90.593766874838,106.,139.293875954447));
#15651=CARTESIAN_POINT('',(96.5937668748379,106.,139.293875954447));
#15652=CARTESIAN_POINT('Origin',(110.600000000037,106.,940.439853532779));
#15653=CARTESIAN_POINT('',(110.600000000041,106.,870.000000000003));
#15654=CARTESIAN_POINT('Origin',(130.600000000102,106.,100.000000000004));
#15655=CARTESIAN_POINT('',(130.600000000085,106.,100.000000000004));
#15656=CARTESIAN_POINT('',(130.600000000085,106.,100.000000000004));
#15657=CARTESIAN_POINT('',(130.600000000037,106.,940.922808796041));
#15658=CARTESIAN_POINT('',(130.600000000059,106.,870.000000000005));
#15659=CARTESIAN_POINT('',(130.600000000037,106.,940.922808796041));
#15660=CARTESIAN_POINT('Origin',(130.600000000102,106.,100.000000000004));
#15661=CARTESIAN_POINT('',(130.600000000054,106.,940.922808796041));
#15662=CARTESIAN_POINT('',(130.600000000085,106.,100.000000000004));
#15663=CARTESIAN_POINT('Origin',(50.600000000044,106.,870.));
#15664=CARTESIAN_POINT('Origin',(63.1581483416382,106.,3319.44624078991));
#15665=CARTESIAN_POINT('Origin',(63.1581483416382,106.,3319.44624078991));
#15666=CARTESIAN_POINT('Origin',(63.1581483416382,106.,3319.44624078991));
#15667=CARTESIAN_POINT('Origin',(90.6000000000622,106.,525.000000000002));
#15668=CARTESIAN_POINT('',(130.600000000085,106.,100.000000000005));
#15669=CARTESIAN_POINT('Origin',(50.6000000000848,106.,100.));
#15670=CARTESIAN_POINT('Origin',(50.6000000000848,106.,100.));
#15671=CARTESIAN_POINT('Origin',(51.,0.,170.));
#15672=CARTESIAN_POINT('',(51.,86.,170.));
#15673=CARTESIAN_POINT('',(50.6000000000811,86.,170.));
#15674=CARTESIAN_POINT('',(70.8000000000413,86.,170.));
#15675=CARTESIAN_POINT('',(51.,96.,170.));
#15676=CARTESIAN_POINT('',(51.,0.,170.));
#15677=CARTESIAN_POINT('',(50.6000000000811,96.,170.));
#15678=CARTESIAN_POINT('',(70.8000000000413,96.,170.));
#15679=CARTESIAN_POINT('',(50.6000000000811,53.,170.));
#15680=CARTESIAN_POINT('Origin',(51.,0.,270.));
#15681=CARTESIAN_POINT('',(51.,86.,180.));
#15682=CARTESIAN_POINT('',(51.,86.,205.000000000001));
#15683=CARTESIAN_POINT('',(51.,96.,180.));
#15684=CARTESIAN_POINT('',(51.,53.,180.));
#15685=CARTESIAN_POINT('',(51.,96.,205.000000000001));
#15686=CARTESIAN_POINT('Origin',(90.6000000000827,86.,140.000000000002));
#15687=CARTESIAN_POINT('',(50.6000000000851,86.,99.9999999999999));
#15688=CARTESIAN_POINT('',(50.6000000000805,86.,180.));
#15689=CARTESIAN_POINT('',(130.600000000085,86.,100.000000000004));
#15690=CARTESIAN_POINT('',(50.6000000000851,86.,99.9999999999999));
#15691=CARTESIAN_POINT('',(130.600000000081,86.,180.000000000004));
#15692=CARTESIAN_POINT('',(130.600000000082,86.,160.000000000004));
#15693=CARTESIAN_POINT('',(546.60000000008,86.0000000000001,180.000000000028));
#15694=CARTESIAN_POINT('',(96.5937668748379,86.,139.293875954447));
#15695=CARTESIAN_POINT('Origin',(90.593766874838,86.,139.293875954447));
#15696=CARTESIAN_POINT('Origin',(50.6000000000805,106.,180.));
#15697=CARTESIAN_POINT('',(50.6000000000851,96.,99.9999999999999));
#15698=CARTESIAN_POINT('',(50.6000000000817,96.,160.));
#15699=CARTESIAN_POINT('',(50.6000000000851,106.,99.9999999999999));
#15700=CARTESIAN_POINT('Origin',(507.239606396139,106.,140.639606396083));
#15701=CARTESIAN_POINT('',(513.239606396139,96.,140.639606396083));
#15702=CARTESIAN_POINT('Origin',(507.239606396139,96.,140.639606396083));
#15703=CARTESIAN_POINT('',(513.239606396139,86.,140.639606396083));
#15704=CARTESIAN_POINT('',(513.239606396139,106.,140.639606396083));
#15705=CARTESIAN_POINT('Origin',(507.239606396139,86.,140.639606396083));
#15706=CARTESIAN_POINT('Origin',(90.593766874838,106.,139.293875954447));
#15707=CARTESIAN_POINT('',(96.5937668748379,96.,139.293875954447));
#15708=CARTESIAN_POINT('Origin',(90.593766874838,96.,139.293875954447));
#15709=CARTESIAN_POINT('',(96.5937668748379,106.,139.293875954447));
#15710=CARTESIAN_POINT('Origin',(130.600000000085,106.,100.000000000004));
#15711=CARTESIAN_POINT('',(130.600000000085,106.,100.000000000004));
#15712=CARTESIAN_POINT('',(130.600000000081,106.,180.000000000004));
#15713=CARTESIAN_POINT('',(130.600000000084,106.,120.000000000005));
#15714=CARTESIAN_POINT('',(130.600000000085,96.,100.000000000004));
#15715=CARTESIAN_POINT('',(130.600000000085,106.,100.000000000004));
#15716=CARTESIAN_POINT('',(130.600000000081,96.,180.000000000004));
#15717=CARTESIAN_POINT('',(130.600000000085,96.,100.000000000004));
#15718=CARTESIAN_POINT('',(130.600000000081,106.,180.000000000004));
#15719=CARTESIAN_POINT('Origin',(90.6000000000827,96.,140.000000000002));
#15720=CARTESIAN_POINT('',(278.60000000008,96.,180.000000000013));
#15721=CARTESIAN_POINT('',(110.600000000085,96.,100.000000000003));
#15722=CARTESIAN_POINT('Origin',(466.60000000008,106.,180.000000000024));
#15723=CARTESIAN_POINT('',(466.60000000008,106.,180.000000000024));
#15724=CARTESIAN_POINT('',(466.600000000085,106.,100.000000000024));
#15725=CARTESIAN_POINT('',(466.600000000081,106.,160.000000000024));
#15726=CARTESIAN_POINT('',(466.60000000008,96.,180.000000000024));
#15727=CARTESIAN_POINT('',(466.60000000008,106.,180.000000000024));
#15728=CARTESIAN_POINT('',(466.600000000085,96.,100.000000000024));
#15729=CARTESIAN_POINT('',(466.600000000085,96.,100.000000000024));
#15730=CARTESIAN_POINT('',(466.600000000085,106.,100.000000000024));
#15731=CARTESIAN_POINT('Origin',(506.600000000083,96.,140.000000000026));
#15732=CARTESIAN_POINT('',(546.600000000085,96.0000000000001,100.000000000028));
#15733=CARTESIAN_POINT('',(318.600000000085,96.,100.000000000015));
#15734=CARTESIAN_POINT('',(546.60000000008,96.0000000000001,180.000000000028));
#15735=CARTESIAN_POINT('',(486.60000000008,96.,180.000000000025));
#15736=CARTESIAN_POINT('',(546.600000000084,96.0000000000001,120.000000000028));
#15737=CARTESIAN_POINT('Origin',(466.60000000008,106.,180.000000000024));
#15738=CARTESIAN_POINT('',(130.600000000062,76.,180.000000000004));
#15739=CARTESIAN_POINT('',(130.600000000062,106.,180.000000000004));
#15740=CARTESIAN_POINT('',(466.60000000008,76.,180.000000000024));
#15741=CARTESIAN_POINT('',(130.600000000062,76.,180.000000000004));
#15742=CARTESIAN_POINT('',(466.60000000008,86.,180.000000000024));
#15743=CARTESIAN_POINT('',(466.60000000008,106.,180.000000000024));
#15744=CARTESIAN_POINT('',(546.60000000008,86.0000000000001,180.000000000028));
#15745=CARTESIAN_POINT('',(546.60000000008,86.0000000000001,180.000000000028));
#15746=CARTESIAN_POINT('',(546.60000000008,106.,180.000000000028));
#15747=CARTESIAN_POINT('',(130.600000000062,106.,180.000000000004));
#15748=CARTESIAN_POINT('Origin',(130.600000000081,106.,180.000000000004));
#15749=CARTESIAN_POINT('',(130.600000000085,76.,100.000000000004));
#15750=CARTESIAN_POINT('',(130.600000000085,106.,100.000000000004));
#15751=CARTESIAN_POINT('',(130.600000000085,76.,100.000000000004));
#15752=CARTESIAN_POINT('Origin',(546.600000000085,106.,100.000000000028));
#15753=CARTESIAN_POINT('',(546.600000000085,86.0000000000001,100.000000000028));
#15754=CARTESIAN_POINT('',(546.600000000085,86.0000000000001,100.000000000028));
#15755=CARTESIAN_POINT('',(546.600000000085,106.,100.000000000028));
#15756=CARTESIAN_POINT('Origin',(506.600000000083,86.,140.000000000026));
#15757=CARTESIAN_POINT('',(466.600000000085,86.,100.000000000024));
#15758=CARTESIAN_POINT('',(50.6000000000851,86.,99.9999999999999));
#15759=CARTESIAN_POINT('',(466.600000000084,86.,120.000000000024));
#15760=CARTESIAN_POINT('Origin',(466.600000000085,106.,100.000000000024));
#15761=CARTESIAN_POINT('',(466.600000000085,76.,100.000000000024));
#15762=CARTESIAN_POINT('',(466.600000000085,76.,100.000000000024));
#15763=CARTESIAN_POINT('',(466.600000000085,106.,100.000000000024));
#15764=CARTESIAN_POINT('Origin',(130.600000000085,106.,100.000000000004));
#15765=CARTESIAN_POINT('',(50.6000000000851,106.,99.9999999999999));
#15766=CARTESIAN_POINT('',(50.6000000000851,76.,99.9999999999999));
#15767=CARTESIAN_POINT('Origin',(298.600000000073,106.,140.000000000014));
#15768=CARTESIAN_POINT('Origin',(298.600000000073,76.,140.000000000014));
#15769=CARTESIAN_POINT('Origin',(90.6000000000424,106.,910.000000000002));
#15770=CARTESIAN_POINT('',(96.6000000000424,96.,910.000000000002));
#15771=CARTESIAN_POINT('Origin',(90.6000000000424,96.,910.000000000002));
#15772=CARTESIAN_POINT('',(96.6000000000424,86.,910.000000000002));
#15773=CARTESIAN_POINT('',(96.6000000000424,106.,910.000000000002));
#15774=CARTESIAN_POINT('Origin',(90.6000000000424,86.,910.000000000002));
#15775=CARTESIAN_POINT('Origin',(506.600000000036,106.,959.595151993865));
#15776=CARTESIAN_POINT('',(512.600000000036,96.,959.595151993865));
#15777=CARTESIAN_POINT('Origin',(506.600000000036,96.,959.595151993865));
#15778=CARTESIAN_POINT('',(512.600000000036,86.,959.595151993865));
#15779=CARTESIAN_POINT('',(512.600000000036,106.,959.595151993865));
#15780=CARTESIAN_POINT('Origin',(506.600000000036,86.,959.595151993865));
#15781=CARTESIAN_POINT('Origin',(63.1581483416382,106.,3319.44624078991));
#15782=CARTESIAN_POINT('',(50.6000000000407,96.,940.));
#15783=CARTESIAN_POINT('',(130.600000000037,96.,940.922808796041));
#15784=CARTESIAN_POINT('Origin',(63.1581483416382,96.,3319.44624078991));
#15785=CARTESIAN_POINT('',(50.6000000000407,106.,940.));
#15786=CARTESIAN_POINT('',(50.6000000000407,106.,940.));
#15787=CARTESIAN_POINT('',(130.600000000037,106.,940.922808796041));
#15788=CARTESIAN_POINT('Origin',(63.1581483416382,106.,3319.44624078991));
#15789=CARTESIAN_POINT('',(130.60000000004,106.,940.922808796041));
#15790=CARTESIAN_POINT('Origin',(63.1581483416382,106.,3319.44624078991));
#15791=CARTESIAN_POINT('',(130.600000000037,86.,940.922808796041));
#15792=CARTESIAN_POINT('',(50.6000000000407,86.,940.));
#15793=CARTESIAN_POINT('Origin',(63.1581483416382,86.,3319.44624078991));
#15794=CARTESIAN_POINT('',(130.600000000037,76.,940.922808796041));
#15795=CARTESIAN_POINT('',(130.60000000004,106.,940.922808796041));
#15796=CARTESIAN_POINT('',(50.6000000000407,76.,940.));
#15797=CARTESIAN_POINT('Origin',(63.1581483416382,76.,3319.44624078991));
#15798=CARTESIAN_POINT('',(50.6000000000407,106.,940.));
#15799=CARTESIAN_POINT('Origin',(130.60000000004,106.,951.277750584138));
#15800=CARTESIAN_POINT('',(130.600000000044,86.,871.798741174894));
#15801=CARTESIAN_POINT('',(130.600000000041,86.,930.958312938105));
#15802=CARTESIAN_POINT('',(130.600000000044,76.,871.798741174894));
#15803=CARTESIAN_POINT('',(130.600000000044,106.,871.798741174894));
#15804=CARTESIAN_POINT('',(130.600000000042,76.,910.000000000005));
#15805=CARTESIAN_POINT('Origin',(90.6000000000416,86.,910.638875292069));
#15806=CARTESIAN_POINT('',(50.6000000000432,86.,869.999999999999));
#15807=CARTESIAN_POINT('',(50.6000000000395,86.,950.));
#15808=CARTESIAN_POINT('Origin',(29.5665634399193,86.,3585.3949261234));
#15809=CARTESIAN_POINT('Origin',(50.6000000000395,106.,950.));
#15810=CARTESIAN_POINT('',(50.6000000000432,96.,869.999999999999));
#15811=CARTESIAN_POINT('',(50.6000000000405,96.,930.319437646033));
#15812=CARTESIAN_POINT('',(50.6000000000432,106.,869.999999999999));
#15813=CARTESIAN_POINT('',(50.6000000000395,76.,950.));
#15814=CARTESIAN_POINT('',(50.6000000000395,76.,950.));
#15815=CARTESIAN_POINT('',(50.6000000000395,106.,950.));
#15816=CARTESIAN_POINT('',(50.6000000000395,106.,950.));
#15817=CARTESIAN_POINT('',(50.6000000000395,106.,950.));
#15818=CARTESIAN_POINT('Origin',(90.6000000000416,96.,910.638875292069));
#15819=CARTESIAN_POINT('',(130.600000000044,96.,871.798741174894));
#15820=CARTESIAN_POINT('',(130.600000000085,96.,100.000000000004));
#15821=CARTESIAN_POINT('Origin',(29.5665634399193,96.,3585.3949261234));
#15822=CARTESIAN_POINT('Origin',(130.600000000044,106.,871.798741174894));
#15823=CARTESIAN_POINT('',(130.600000000044,106.,871.798741174894));
#15824=CARTESIAN_POINT('',(130.600000000042,106.,900.044818250786));
#15825=CARTESIAN_POINT('',(130.600000000044,106.,871.798741174894));
#15826=CARTESIAN_POINT('Origin',(63.1581483416382,106.,3319.44624078991));
#15827=CARTESIAN_POINT('',(546.600000000034,86.0000000000001,989.595151993867));
#15828=CARTESIAN_POINT('',(466.600000000011,86.,974.418140269691));
#15829=CARTESIAN_POINT('Origin',(63.1581483416382,86.,3319.44624078991));
#15830=CARTESIAN_POINT('',(546.600000000034,76.0000000000001,989.595151993867));
#15831=CARTESIAN_POINT('',(546.600000000034,106.,989.595151993867));
#15832=CARTESIAN_POINT('',(466.600000000011,76.,974.418140269691));
#15833=CARTESIAN_POINT('Origin',(63.1581483416382,76.,3319.44624078991));
#15834=CARTESIAN_POINT('',(466.600000000035,106.,974.418140269695));
#15835=CARTESIAN_POINT('Origin',(63.1581483416382,106.,3319.44624078991));
#15836=CARTESIAN_POINT('',(466.600000000011,96.,974.418140269691));
#15837=CARTESIAN_POINT('',(546.600000000034,96.0000000000001,989.595151993867));
#15838=CARTESIAN_POINT('Origin',(63.1581483416382,96.,3319.44624078991));
#15839=CARTESIAN_POINT('',(466.600000000011,106.,974.418140269691));
#15840=CARTESIAN_POINT('',(466.600000000036,106.,974.418140269695));
#15841=CARTESIAN_POINT('',(546.600000000034,106.,989.595151993867));
#15842=CARTESIAN_POINT('Origin',(63.1581483416382,106.,3319.44624078991));
#15843=CARTESIAN_POINT('',(546.600000000034,106.,989.595151993867));
#15844=CARTESIAN_POINT('Origin',(466.600000000035,106.,984.78304947848));
#15845=CARTESIAN_POINT('',(466.600000000039,96.,905.317728429519));
#15846=CARTESIAN_POINT('',(466.600000000043,96.,840.000000000022));
#15847=CARTESIAN_POINT('',(466.600000000039,106.,905.317728429519));
#15848=CARTESIAN_POINT('',(466.600000000039,106.,905.317728429519));
#15849=CARTESIAN_POINT('',(466.600000000037,106.,956.536972402587));
#15850=CARTESIAN_POINT('Origin',(506.600000000036,96.,952.456440211693));
#15851=CARTESIAN_POINT('',(546.600000000038,96.0000000000001,919.595151993867));
#15852=CARTESIAN_POINT('',(546.600000000037,96.0000000000001,936.025796102781));
#15853=CARTESIAN_POINT('Origin',(29.5665634399193,96.,3585.3949261234));
#15854=CARTESIAN_POINT('Origin',(546.600000000038,106.,919.595151993867));
#15855=CARTESIAN_POINT('',(546.600000000038,86.0000000000001,919.595151993867));
#15856=CARTESIAN_POINT('',(546.600000000034,86.0000000000001,999.595151993867));
#15857=CARTESIAN_POINT('',(546.600000000038,106.,919.595151993867));
#15858=CARTESIAN_POINT('',(546.600000000034,106.,999.595151993867));
#15859=CARTESIAN_POINT('',(546.600000000034,106.,999.595151993867));
#15860=CARTESIAN_POINT('',(546.600000000034,76.0000000000001,999.595151993867));
#15861=CARTESIAN_POINT('',(546.600000000034,106.,999.595151993867));
#15862=CARTESIAN_POINT('',(546.600000000034,76.0000000000001,999.595151993867));
#15863=CARTESIAN_POINT('Origin',(506.600000000036,86.,952.456440211693));
#15864=CARTESIAN_POINT('',(466.600000000039,86.,905.317728429519));
#15865=CARTESIAN_POINT('',(466.600000000038,86.,928.887084320605));
#15866=CARTESIAN_POINT('Origin',(29.5665634399193,86.,3585.3949261234));
#15867=CARTESIAN_POINT('Origin',(29.5665634399193,106.,3585.3949261234));
#15868=CARTESIAN_POINT('',(466.600000000039,76.,905.317728429519));
#15869=CARTESIAN_POINT('',(466.600000000039,106.,905.317728429519));
#15870=CARTESIAN_POINT('Origin',(29.5665634399193,76.,3585.3949261234));
#15871=CARTESIAN_POINT('Origin',(29.5665634399193,106.,3585.3949261234));
#15872=CARTESIAN_POINT('Origin',(466.600000000039,106.,905.317728429519));
#15873=CARTESIAN_POINT('',(466.600000000085,76.,100.000000000024));
#15874=CARTESIAN_POINT('Origin',(50.5999999998966,106.,3455.03999999998));
#15875=CARTESIAN_POINT('Origin',(50.5999999998966,76.,3455.03999999998));
#15876=CARTESIAN_POINT('Origin',(50.5999999998966,106.,3455.03999999998));
#15877=CARTESIAN_POINT('Origin',(298.600000000039,106.,928.290895326687));
#15878=CARTESIAN_POINT('Origin',(298.600000000039,76.,928.290895326687));
#15879=CARTESIAN_POINT('Origin',(130.600000000061,106.,180.000000000004));
#15880=CARTESIAN_POINT('',(130.600000000058,104.,240.000000000004));
#15881=CARTESIAN_POINT('',(130.600000000061,104.,180.000000000004));
#15882=CARTESIAN_POINT('',(130.600000000059,104.,225.000000000005));
#15883=CARTESIAN_POINT('',(130.600000000061,96.,180.000000000004));
#15884=CARTESIAN_POINT('',(130.600000000061,106.,180.000000000004));
#15885=CARTESIAN_POINT('',(130.600000000058,96.,240.000000000004));
#15886=CARTESIAN_POINT('',(130.600000000061,96.,180.000000000004));
#15887=CARTESIAN_POINT('',(130.600000000058,106.,240.000000000004));
#15888=CARTESIAN_POINT('Origin',(120.600000000068,96.,210.000000000004));
#15889=CARTESIAN_POINT('',(110.600000000078,96.,180.000000000003));
#15890=CARTESIAN_POINT('',(125.600000000066,96.,180.000000000004));
#15891=CARTESIAN_POINT('',(110.600000000075,96.,240.000000000003));
#15892=CARTESIAN_POINT('',(110.600000000076,96.,225.000000000003));
#15893=CARTESIAN_POINT('',(293.600000000072,96.,240.000000000014));
#15894=CARTESIAN_POINT('Origin',(466.600000000077,106.,240.000000000024));
#15895=CARTESIAN_POINT('',(466.60000000008,104.,180.000000000024));
#15896=CARTESIAN_POINT('',(466.600000000077,104.,240.000000000024));
#15897=CARTESIAN_POINT('',(466.600000000079,104.,195.000000000024));
#15898=CARTESIAN_POINT('',(466.600000000077,96.,240.000000000024));
#15899=CARTESIAN_POINT('',(466.600000000077,106.,240.000000000024));
#15900=CARTESIAN_POINT('',(466.60000000008,96.,180.000000000024));
#15901=CARTESIAN_POINT('',(466.600000000077,96.,240.000000000024));
#15902=CARTESIAN_POINT('',(466.60000000008,106.,180.000000000024));
#15903=CARTESIAN_POINT('Origin',(476.600000000079,96.,210.000000000024));
#15904=CARTESIAN_POINT('',(486.600000000077,96.,240.000000000025));
#15905=CARTESIAN_POINT('',(471.600000000077,96.,240.000000000024));
#15906=CARTESIAN_POINT('',(486.60000000008,96.,180.000000000025));
#15907=CARTESIAN_POINT('',(486.600000000079,96.,195.000000000025));
#15908=CARTESIAN_POINT('',(303.600000000071,96.,180.000000000014));
#15909=CARTESIAN_POINT('Origin',(130.600000000062,106.,180.000000000004));
#15910=CARTESIAN_POINT('',(214.600000000066,104.,180.000000000009));
#15911=CARTESIAN_POINT('',(486.60000000008,86.,180.000000000025));
#15912=CARTESIAN_POINT('',(486.60000000008,106.,180.000000000025));
#15913=CARTESIAN_POINT('',(466.60000000008,86.,180.000000000024));
#15914=CARTESIAN_POINT('',(466.60000000008,86.,180.000000000024));
#15915=CARTESIAN_POINT('',(466.60000000008,78.,180.000000000024));
#15916=CARTESIAN_POINT('',(466.60000000008,106.,180.000000000024));
#15917=CARTESIAN_POINT('',(130.600000000061,78.,180.000000000004));
#15918=CARTESIAN_POINT('',(130.600000000062,78.,180.000000000004));
#15919=CARTESIAN_POINT('',(130.600000000061,86.,180.000000000004));
#15920=CARTESIAN_POINT('',(130.600000000061,106.,180.000000000004));
#15921=CARTESIAN_POINT('',(110.600000000078,86.,180.000000000003));
#15922=CARTESIAN_POINT('',(110.600000000078,86.,180.000000000003));
#15923=CARTESIAN_POINT('',(110.600000000078,106.,180.000000000003));
#15924=CARTESIAN_POINT('Origin',(110.600000000075,106.,240.000000000003));
#15925=CARTESIAN_POINT('',(110.600000000075,86.,240.000000000003));
#15926=CARTESIAN_POINT('',(110.600000000075,86.,240.000000000003));
#15927=CARTESIAN_POINT('',(110.600000000075,106.,240.000000000003));
#15928=CARTESIAN_POINT('Origin',(120.600000000068,86.,210.000000000004));
#15929=CARTESIAN_POINT('',(130.600000000058,86.,240.000000000004));
#15930=CARTESIAN_POINT('',(130.600000000059,86.,225.000000000004));
#15931=CARTESIAN_POINT('',(130.600000000058,86.,240.000000000004));
#15932=CARTESIAN_POINT('Origin',(486.60000000008,106.,180.000000000025));
#15933=CARTESIAN_POINT('',(486.600000000077,86.,240.000000000025));
#15934=CARTESIAN_POINT('',(486.600000000077,106.,240.000000000025));
#15935=CARTESIAN_POINT('',(486.60000000008,86.,180.000000000025));
#15936=CARTESIAN_POINT('Origin',(476.600000000079,86.,210.000000000024));
#15937=CARTESIAN_POINT('',(466.600000000077,86.,240.000000000024));
#15938=CARTESIAN_POINT('',(466.600000000079,86.,195.000000000024));
#15939=CARTESIAN_POINT('',(466.600000000077,86.,240.000000000024));
#15940=CARTESIAN_POINT('Origin',(298.600000000069,104.,210.000000000014));
#15941=CARTESIAN_POINT('',(382.600000000072,104.,240.000000000019));
#15942=CARTESIAN_POINT('Origin',(466.60000000008,106.,180.000000000024));
#15943=CARTESIAN_POINT('',(466.600000000077,78.,240.000000000024));
#15944=CARTESIAN_POINT('',(466.600000000077,106.,240.000000000024));
#15945=CARTESIAN_POINT('',(466.600000000077,78.,240.000000000024));
#15946=CARTESIAN_POINT('Origin',(130.600000000058,106.,240.000000000004));
#15947=CARTESIAN_POINT('',(130.600000000058,78.,240.000000000004));
#15948=CARTESIAN_POINT('',(130.600000000061,78.,180.000000000004));
#15949=CARTESIAN_POINT('',(130.600000000058,106.,240.000000000004));
#15950=CARTESIAN_POINT('Origin',(466.600000000077,106.,240.000000000024));
#15951=CARTESIAN_POINT('',(466.600000000077,78.,240.000000000024));
#15952=CARTESIAN_POINT('Origin',(298.600000000069,78.,210.000000000014));
#15953=CARTESIAN_POINT('Origin',(130.600000000076,106.,240.000000000004));
#15954=CARTESIAN_POINT('',(130.600000000073,96.,300.000000000004));
#15955=CARTESIAN_POINT('',(130.600000000073,104.,300.000000000004));
#15956=CARTESIAN_POINT('',(130.600000000073,106.,300.000000000004));
#15957=CARTESIAN_POINT('',(130.600000000076,104.,240.000000000004));
#15958=CARTESIAN_POINT('',(130.600000000075,104.,255.000000000005));
#15959=CARTESIAN_POINT('',(130.600000000058,96.,240.000000000004));
#15960=CARTESIAN_POINT('',(130.600000000076,106.,240.000000000004));
#15961=CARTESIAN_POINT('',(130.600000000076,96.,240.000000000004));
#15962=CARTESIAN_POINT('Origin',(466.600000000073,106.,300.000000000024));
#15963=CARTESIAN_POINT('',(466.600000000073,86.,300.000000000024));
#15964=CARTESIAN_POINT('',(466.600000000073,78.,300.000000000024));
#15965=CARTESIAN_POINT('',(466.600000000073,106.,300.000000000024));
#15966=CARTESIAN_POINT('',(466.600000000077,78.,240.000000000024));
#15967=CARTESIAN_POINT('',(466.600000000073,78.,300.000000000024));
#15968=CARTESIAN_POINT('',(466.600000000077,86.,240.000000000024));
#15969=CARTESIAN_POINT('',(466.600000000077,106.,240.000000000024));
#15970=CARTESIAN_POINT('',(466.600000000076,86.,255.000000000024));
#15971=CARTESIAN_POINT('Origin',(298.600000000068,104.,270.000000000014));
#15972=CARTESIAN_POINT('',(466.600000000073,104.,300.000000000024));
#15973=CARTESIAN_POINT('',(214.60000000007,104.,300.000000000009));
#15974=CARTESIAN_POINT('',(466.600000000077,104.,240.000000000024));
#15975=CARTESIAN_POINT('',(466.600000000076,104.,255.000000000024));
#15976=CARTESIAN_POINT('',(214.600000000073,104.,240.000000000009));
#15977=CARTESIAN_POINT('Origin',(130.600000000076,106.,240.000000000004));
#15978=CARTESIAN_POINT('',(466.600000000077,96.,240.000000000024));
#15979=CARTESIAN_POINT('',(466.600000000077,106.,240.000000000024));
#15980=CARTESIAN_POINT('',(486.600000000077,96.,240.000000000025));
#15981=CARTESIAN_POINT('',(303.600000000076,96.,240.000000000014));
#15982=CARTESIAN_POINT('',(486.600000000077,86.,240.000000000025));
#15983=CARTESIAN_POINT('',(486.600000000077,106.,240.000000000025));
#15984=CARTESIAN_POINT('',(466.600000000077,86.,240.000000000024));
#15985=CARTESIAN_POINT('',(130.600000000076,78.,240.000000000004));
#15986=CARTESIAN_POINT('',(466.600000000077,78.,240.000000000024));
#15987=CARTESIAN_POINT('',(130.600000000058,86.,240.000000000004));
#15988=CARTESIAN_POINT('',(130.600000000076,106.,240.000000000004));
#15989=CARTESIAN_POINT('',(110.600000000075,86.,240.000000000003));
#15990=CARTESIAN_POINT('',(130.600000000058,86.,240.000000000004));
#15991=CARTESIAN_POINT('',(110.600000000075,96.,240.000000000003));
#15992=CARTESIAN_POINT('',(110.600000000075,106.,240.000000000003));
#15993=CARTESIAN_POINT('',(125.600000000076,96.,240.000000000004));
#15994=CARTESIAN_POINT('Origin',(466.600000000073,106.,300.000000000024));
#15995=CARTESIAN_POINT('',(466.600000000073,96.,300.000000000024));
#15996=CARTESIAN_POINT('',(466.600000000073,106.,300.000000000024));
#15997=CARTESIAN_POINT('',(466.600000000073,96.,300.000000000024));
#15998=CARTESIAN_POINT('Origin',(130.600000000076,106.,240.000000000004));
#15999=CARTESIAN_POINT('',(130.600000000073,78.,300.000000000004));
#16000=CARTESIAN_POINT('',(130.600000000073,86.,300.000000000004));
#16001=CARTESIAN_POINT('',(130.600000000073,106.,300.000000000004));
#16002=CARTESIAN_POINT('',(130.600000000074,86.,285.000000000004));
#16003=CARTESIAN_POINT('',(130.600000000073,78.,300.000000000004));
#16004=CARTESIAN_POINT('Origin',(120.600000000074,96.,270.000000000004));
#16005=CARTESIAN_POINT('',(110.600000000072,96.,300.000000000003));
#16006=CARTESIAN_POINT('',(110.600000000073,96.,285.000000000003));
#16007=CARTESIAN_POINT('',(293.600000000073,96.,300.000000000014));
#16008=CARTESIAN_POINT('Origin',(476.600000000075,96.,270.000000000024));
#16009=CARTESIAN_POINT('',(486.600000000073,96.,300.000000000025));
#16010=CARTESIAN_POINT('',(471.600000000073,96.,300.000000000024));
#16011=CARTESIAN_POINT('',(486.600000000076,96.,255.000000000025));
#16012=CARTESIAN_POINT('Origin',(110.600000000072,106.,300.000000000003));
#16013=CARTESIAN_POINT('',(110.600000000072,86.,300.000000000003));
#16014=CARTESIAN_POINT('',(110.600000000072,86.,300.000000000003));
#16015=CARTESIAN_POINT('',(110.600000000072,106.,300.000000000003));
#16016=CARTESIAN_POINT('Origin',(120.600000000074,86.,270.000000000004));
#16017=CARTESIAN_POINT('',(130.600000000073,86.,300.000000000004));
#16018=CARTESIAN_POINT('Origin',(486.600000000077,106.,240.000000000025));
#16019=CARTESIAN_POINT('',(486.600000000073,86.,300.000000000025));
#16020=CARTESIAN_POINT('',(486.600000000073,106.,300.000000000025));
#16021=CARTESIAN_POINT('',(486.600000000077,86.,240.000000000025));
#16022=CARTESIAN_POINT('Origin',(476.600000000075,86.,270.000000000024));
#16023=CARTESIAN_POINT('',(466.600000000073,86.,300.000000000024));
#16024=CARTESIAN_POINT('Origin',(466.600000000073,106.,300.000000000024));
#16025=CARTESIAN_POINT('',(214.60000000007,78.,300.000000000009));
#16026=CARTESIAN_POINT('Origin',(298.600000000068,78.,270.000000000014));
#16027=CARTESIAN_POINT('Origin',(130.60000000007,106.,360.000000000004));
#16028=CARTESIAN_POINT('',(130.600000000067,104.,420.000000000004));
#16029=CARTESIAN_POINT('',(130.60000000007,104.,360.000000000004));
#16030=CARTESIAN_POINT('',(130.600000000066,104.,435.000000000005));
#16031=CARTESIAN_POINT('',(130.60000000007,96.,360.000000000004));
#16032=CARTESIAN_POINT('',(130.60000000007,106.,360.000000000004));
#16033=CARTESIAN_POINT('',(130.600000000067,96.,420.000000000004));
#16034=CARTESIAN_POINT('',(130.60000000007,96.,360.000000000004));
#16035=CARTESIAN_POINT('',(130.600000000067,106.,420.000000000004));
#16036=CARTESIAN_POINT('Origin',(120.600000000068,96.,390.000000000004));
#16037=CARTESIAN_POINT('',(110.600000000069,96.,360.000000000003));
#16038=CARTESIAN_POINT('',(125.60000000007,96.,360.000000000004));
#16039=CARTESIAN_POINT('',(110.600000000066,96.,420.000000000003));
#16040=CARTESIAN_POINT('',(110.600000000067,96.,405.000000000003));
#16041=CARTESIAN_POINT('',(293.600000000067,96.,420.000000000014));
#16042=CARTESIAN_POINT('Origin',(466.600000000067,106.,420.000000000024));
#16043=CARTESIAN_POINT('',(466.60000000007,104.,360.000000000024));
#16044=CARTESIAN_POINT('',(466.600000000067,104.,420.000000000024));
#16045=CARTESIAN_POINT('',(466.600000000067,104.,405.000000000023));
#16046=CARTESIAN_POINT('',(466.600000000067,96.,420.000000000024));
#16047=CARTESIAN_POINT('',(466.600000000067,106.,420.000000000024));
#16048=CARTESIAN_POINT('',(466.60000000007,96.,360.000000000024));
#16049=CARTESIAN_POINT('',(466.600000000067,96.,420.000000000024));
#16050=CARTESIAN_POINT('',(466.60000000007,106.,360.000000000024));
#16051=CARTESIAN_POINT('Origin',(476.600000000068,96.,390.000000000024));
#16052=CARTESIAN_POINT('',(486.600000000067,96.,420.000000000025));
#16053=CARTESIAN_POINT('',(471.600000000067,96.,420.000000000024));
#16054=CARTESIAN_POINT('',(486.60000000007,96.,360.000000000025));
#16055=CARTESIAN_POINT('',(486.600000000069,96.,375.000000000025));
#16056=CARTESIAN_POINT('',(303.600000000071,96.,360.000000000014));
#16057=CARTESIAN_POINT('Origin',(130.600000000071,106.,360.000000000004));
#16058=CARTESIAN_POINT('',(214.600000000071,104.,360.000000000009));
#16059=CARTESIAN_POINT('',(486.60000000007,86.,360.000000000025));
#16060=CARTESIAN_POINT('',(486.60000000007,106.,360.000000000025));
#16061=CARTESIAN_POINT('',(466.60000000007,86.,360.000000000024));
#16062=CARTESIAN_POINT('',(466.60000000007,86.,360.000000000024));
#16063=CARTESIAN_POINT('',(466.60000000007,78.,360.000000000024));
#16064=CARTESIAN_POINT('',(466.60000000007,106.,360.000000000024));
#16065=CARTESIAN_POINT('',(130.60000000007,78.,360.000000000004));
#16066=CARTESIAN_POINT('',(466.60000000007,78.,360.000000000024));
#16067=CARTESIAN_POINT('',(130.60000000007,86.,360.000000000004));
#16068=CARTESIAN_POINT('',(130.60000000007,106.,360.000000000004));
#16069=CARTESIAN_POINT('',(110.600000000069,86.,360.000000000003));
#16070=CARTESIAN_POINT('',(130.60000000007,86.,360.000000000004));
#16071=CARTESIAN_POINT('',(110.600000000069,106.,360.000000000003));
#16072=CARTESIAN_POINT('Origin',(110.600000000066,106.,420.000000000003));
#16073=CARTESIAN_POINT('',(110.600000000066,86.,420.000000000003));
#16074=CARTESIAN_POINT('',(110.600000000066,86.,420.000000000003));
#16075=CARTESIAN_POINT('',(110.600000000066,106.,420.000000000003));
#16076=CARTESIAN_POINT('Origin',(120.600000000068,86.,390.000000000004));
#16077=CARTESIAN_POINT('',(130.600000000067,86.,420.000000000004));
#16078=CARTESIAN_POINT('',(130.600000000068,86.,405.000000000005));
#16079=CARTESIAN_POINT('',(130.600000000067,86.,420.000000000004));
#16080=CARTESIAN_POINT('Origin',(486.60000000007,106.,360.000000000025));
#16081=CARTESIAN_POINT('',(486.600000000067,86.,420.000000000025));
#16082=CARTESIAN_POINT('',(486.600000000067,106.,420.000000000025));
#16083=CARTESIAN_POINT('',(486.60000000007,86.,360.000000000025));
#16084=CARTESIAN_POINT('Origin',(476.600000000068,86.,390.000000000024));
#16085=CARTESIAN_POINT('',(466.600000000067,86.,420.000000000024));
#16086=CARTESIAN_POINT('',(466.600000000069,86.,375.000000000024));
#16087=CARTESIAN_POINT('',(466.600000000067,86.,420.000000000024));
#16088=CARTESIAN_POINT('Origin',(298.600000000066,104.,450.000000000013));
#16089=CARTESIAN_POINT('',(382.600000000067,104.,420.000000000019));
#16090=CARTESIAN_POINT('Origin',(130.600000000067,106.,420.000000000004));
#16091=CARTESIAN_POINT('',(130.600000000067,78.,420.000000000004));
#16092=CARTESIAN_POINT('',(130.60000000007,78.,360.000000000004));
#16093=CARTESIAN_POINT('',(130.600000000067,106.,420.000000000004));
#16094=CARTESIAN_POINT('Origin',(466.600000000067,106.,420.000000000024));
#16095=CARTESIAN_POINT('',(466.600000000067,78.,420.000000000024));
#16096=CARTESIAN_POINT('',(130.600000000068,78.,420.000000000004));
#16097=CARTESIAN_POINT('',(466.600000000067,106.,420.000000000024));
#16098=CARTESIAN_POINT('Origin',(466.60000000007,106.,360.000000000024));
#16099=CARTESIAN_POINT('',(466.600000000067,78.,420.000000000024));
#16100=CARTESIAN_POINT('Origin',(298.600000000069,78.,390.000000000014));
#16101=CARTESIAN_POINT('Origin',(506.600000000036,106.,959.595151993865));
#16102=CARTESIAN_POINT('',(512.600000000036,86.,959.595151993865));
#16103=CARTESIAN_POINT('Origin',(506.600000000036,86.,959.595151993865));
#16104=CARTESIAN_POINT('',(512.600000000036,76.,959.595151993865));
#16105=CARTESIAN_POINT('',(512.600000000036,106.,959.595151993865));
#16106=CARTESIAN_POINT('Origin',(506.600000000036,76.,959.595151993865));
#16107=CARTESIAN_POINT('Origin',(506.600000000036,106.,959.595151993865));
#16108=CARTESIAN_POINT('',(512.600000000036,106.,959.595151993865));
#16109=CARTESIAN_POINT('Origin',(506.600000000036,106.,959.595151993865));
#16110=CARTESIAN_POINT('',(512.600000000036,96.,959.595151993865));
#16111=CARTESIAN_POINT('',(512.600000000036,106.,959.595151993865));
#16112=CARTESIAN_POINT('Origin',(506.600000000036,96.,959.595151993865));
#16113=CARTESIAN_POINT('Origin',(507.239606396139,106.,140.639606396083));
#16114=CARTESIAN_POINT('',(513.239606396139,86.,140.639606396083));
#16115=CARTESIAN_POINT('Origin',(507.239606396139,86.,140.639606396083));
#16116=CARTESIAN_POINT('',(513.239606396139,76.,140.639606396083));
#16117=CARTESIAN_POINT('',(513.239606396139,106.,140.639606396083));
#16118=CARTESIAN_POINT('Origin',(507.239606396139,76.,140.639606396083));
#16119=CARTESIAN_POINT('Origin',(507.239606396139,106.,140.639606396083));
#16120=CARTESIAN_POINT('',(513.239606396139,106.,140.639606396083));
#16121=CARTESIAN_POINT('Origin',(507.239606396139,106.,140.639606396083));
#16122=CARTESIAN_POINT('',(513.239606396139,96.,140.639606396083));
#16123=CARTESIAN_POINT('',(513.239606396139,106.,140.639606396083));
#16124=CARTESIAN_POINT('Origin',(507.239606396139,96.,140.639606396083));
#16125=CARTESIAN_POINT('Origin',(486.60000000008,106.,180.000000000025));
#16126=CARTESIAN_POINT('',(486.600000000038,96.,919.595151993864));
#16127=CARTESIAN_POINT('',(486.60000000008,96.,180.000000000025));
#16128=CARTESIAN_POINT('',(486.600000000069,96.,379.486727389325));
#16129=CARTESIAN_POINT('',(486.60000000008,86.,180.000000000025));
#16130=CARTESIAN_POINT('',(486.60000000008,106.,180.000000000025));
#16131=CARTESIAN_POINT('',(486.600000000038,86.,919.595151993864));
#16132=CARTESIAN_POINT('',(486.600000000085,86.,100.000000000025));
#16133=CARTESIAN_POINT('',(486.600000000038,106.,919.595151993864));
#16134=CARTESIAN_POINT('Origin',(506.600000000037,96.,954.595151993865));
#16135=CARTESIAN_POINT('',(546.600000000038,96.0000000000001,919.595151993867));
#16136=CARTESIAN_POINT('',(486.600000000049,96.,919.595151993864));
#16137=CARTESIAN_POINT('',(546.600000000034,96.0000000000001,989.595151993867));
#16138=CARTESIAN_POINT('',(546.600000000034,96.0000000000001,999.595151993867));
#16139=CARTESIAN_POINT('',(466.600000000011,96.,974.418140269691));
#16140=CARTESIAN_POINT('Origin',(63.1581483416382,96.,3319.44624078991));
#16141=CARTESIAN_POINT('',(466.600000000085,96.,100.000000000024));
#16142=CARTESIAN_POINT('',(466.600000000004,96.,1100.00000000002));
#16143=CARTESIAN_POINT('',(546.600000000085,96.0000000000001,100.000000000028));
#16144=CARTESIAN_POINT('',(546.600000000085,96.0000000000001,100.000000000028));
#16145=CARTESIAN_POINT('',(546.60000000008,96.0000000000001,180.000000000028));
#16146=CARTESIAN_POINT('',(546.60000000008,96.0000000000001,180.000000000028));
#16147=CARTESIAN_POINT('',(526.600000000074,96.,180.000000000027));
#16148=CARTESIAN_POINT('Origin',(466.600000000059,106.,919.595151993863));
#16149=CARTESIAN_POINT('',(546.600000000038,86.0000000000001,919.595151993867));
#16150=CARTESIAN_POINT('',(466.600000000059,86.,919.595151993863));
#16151=CARTESIAN_POINT('',(546.600000000038,106.,919.595151993867));
#16152=CARTESIAN_POINT('Origin',(466.600000000034,106.,984.783049478483));
#16153=CARTESIAN_POINT('',(466.600000000035,86.,974.418140269695));
#16154=CARTESIAN_POINT('',(466.600000000085,86.,100.000000000024));
#16155=CARTESIAN_POINT('',(466.600000000046,86.,781.878252128553));
#16156=CARTESIAN_POINT('',(466.600000000085,76.,100.000000000024));
#16157=CARTESIAN_POINT('',(466.600000000085,106.,100.000000000024));
#16158=CARTESIAN_POINT('',(466.600000000035,76.,974.418140269695));
#16159=CARTESIAN_POINT('',(466.600000000085,76.,100.000000000024));
#16160=CARTESIAN_POINT('',(466.600000000035,106.,974.418140269695));
#16161=CARTESIAN_POINT('Origin',(63.1581483416382,106.,3319.44624078991));
#16162=CARTESIAN_POINT('',(546.600000000034,106.,989.595151993867));
#16163=CARTESIAN_POINT('',(546.600000000034,106.,989.595151993867));
#16164=CARTESIAN_POINT('',(466.600000000011,106.,974.418140269691));
#16165=CARTESIAN_POINT('Origin',(63.1581483416382,106.,3319.44624078991));
#16166=CARTESIAN_POINT('',(466.600000000011,106.,974.418140269691));
#16167=CARTESIAN_POINT('Origin',(506.600000000037,86.,954.595151993865));
#16168=CARTESIAN_POINT('',(546.600000000034,86.0000000000001,989.595151993867));
#16169=CARTESIAN_POINT('Origin',(63.1581483416382,86.,3319.44624078991));
#16170=CARTESIAN_POINT('',(546.600000000061,86.0000000000001,527.297575996948));
#16171=CARTESIAN_POINT('',(546.60000000008,86.0000000000001,180.000000000028));
#16172=CARTESIAN_POINT('',(546.60000000008,86.0000000000001,180.000000000028));
#16173=CARTESIAN_POINT('',(546.600000000085,86.0000000000001,100.000000000028));
#16174=CARTESIAN_POINT('',(546.600000000084,86.0000000000001,120.000000000028));
#16175=CARTESIAN_POINT('',(486.600000000079,86.,100.000000000025));
#16176=CARTESIAN_POINT('Origin',(63.1581483416382,106.,3319.44624078991));
#16177=CARTESIAN_POINT('',(546.600000000034,76.0000000000001,989.595151993867));
#16178=CARTESIAN_POINT('Origin',(63.1581483416382,76.,3319.44624078991));
#16179=CARTESIAN_POINT('',(546.600000000034,106.,989.595151993867));
#16180=CARTESIAN_POINT('Origin',(466.600000000034,106.,984.783049478483));
#16181=CARTESIAN_POINT('',(466.600000000085,106.,100.000000000024));
#16182=CARTESIAN_POINT('',(466.600000000085,106.,100.000000000024));
#16183=CARTESIAN_POINT('',(466.600000000085,106.,100.000000000024));
#16184=CARTESIAN_POINT('Origin',(506.60000000006,76.,549.797575996946));
#16185=CARTESIAN_POINT('',(546.600000000085,76.0000000000001,100.000000000028));
#16186=CARTESIAN_POINT('',(546.600000000085,76.0000000000001,100.000000000028));
#16187=CARTESIAN_POINT('',(546.600000000034,76.0000000000001,999.595151993867));
#16188=CARTESIAN_POINT('Origin',(466.600000000085,106.,100.000000000024));
#16189=CARTESIAN_POINT('',(546.600000000085,106.,100.000000000028));
#16190=CARTESIAN_POINT('',(546.600000000085,106.,100.000000000028));
#16191=CARTESIAN_POINT('',(546.600000000085,106.,100.000000000028));
#16192=CARTESIAN_POINT('Origin',(546.60000000008,106.,180.000000000028));
#16193=CARTESIAN_POINT('',(546.60000000008,106.,180.000000000028));
#16194=CARTESIAN_POINT('Origin',(506.60000000006,106.,549.797575996946));
#16195=CARTESIAN_POINT('',(546.60000000008,106.,180.000000000028));
#16196=CARTESIAN_POINT('Origin',(466.600000000085,106.,100.000000000024));
#16197=CARTESIAN_POINT('',(546.600000000085,106.,100.000000000028));
#16198=CARTESIAN_POINT('Origin',(546.600000000085,106.,100.000000000028));
#16199=CARTESIAN_POINT('Origin',(48.,76.,220.));
#16200=CARTESIAN_POINT('',(51.,76.,270.));
#16201=CARTESIAN_POINT('',(51.,76.,170.));
#16202=CARTESIAN_POINT('',(51.,76.,245.));
#16203=CARTESIAN_POINT('',(45.,76.,270.));
#16204=CARTESIAN_POINT('',(46.5,76.,270.));
#16205=CARTESIAN_POINT('',(45.,76.,170.));
#16206=CARTESIAN_POINT('',(45.,76.,195.));
#16207=CARTESIAN_POINT('',(49.5,76.,170.));
#16208=CARTESIAN_POINT('Origin',(45.,0.,270.));
#16209=CARTESIAN_POINT('',(51.,106.,270.));
#16210=CARTESIAN_POINT('',(51.,0.,270.));
#16211=CARTESIAN_POINT('',(45.,106.,270.));
#16212=CARTESIAN_POINT('',(51.,106.,270.));
#16213=CARTESIAN_POINT('',(45.,0.,270.));
#16214=CARTESIAN_POINT('Origin',(51.,0.,270.));
#16215=CARTESIAN_POINT('',(51.,106.,170.));
#16216=CARTESIAN_POINT('',(51.,0.,170.));
#16217=CARTESIAN_POINT('',(51.,106.,170.));
#16218=CARTESIAN_POINT('Origin',(45.,0.,170.));
#16219=CARTESIAN_POINT('',(45.,106.,170.));
#16220=CARTESIAN_POINT('',(45.,106.,270.));
#16221=CARTESIAN_POINT('',(45.,0.,170.));
#16222=CARTESIAN_POINT('Origin',(51.,0.,170.));
#16223=CARTESIAN_POINT('',(45.,106.,170.));
#16224=CARTESIAN_POINT('Origin',(48.,106.,220.));
#16225=CARTESIAN_POINT('Origin',(48.0000007152557,76.,800.000011920929));
#16226=CARTESIAN_POINT('',(51.0000007599592,76.,850.000012665987));
#16227=CARTESIAN_POINT('',(51.0000007599592,76.,750.000011175871));
#16228=CARTESIAN_POINT('',(51.0000007599592,76.,825.000012293458));
#16229=CARTESIAN_POINT('',(45.0000006705523,76.,850.000012665987));
#16230=CARTESIAN_POINT('',(46.500000692904,76.,850.000012665987));
#16231=CARTESIAN_POINT('',(45.0000006705523,76.,750.000011175871));
#16232=CARTESIAN_POINT('',(45.0000006705523,76.,775.0000115484));
#16233=CARTESIAN_POINT('',(49.5000007376075,76.,750.000011175871));
#16234=CARTESIAN_POINT('Origin',(45.0000006705523,0.,850.000012665987));
#16235=CARTESIAN_POINT('',(51.0000007599592,106.,850.000012665987));
#16236=CARTESIAN_POINT('',(51.0000007599592,0.,850.000012665987));
#16237=CARTESIAN_POINT('',(45.0000006705523,106.,850.000012665987));
#16238=CARTESIAN_POINT('',(51.0000007599592,106.,850.000012665987));
#16239=CARTESIAN_POINT('',(45.0000006705523,0.,850.000012665987));
#16240=CARTESIAN_POINT('Origin',(51.0000007599592,0.,850.000012665987));
#16241=CARTESIAN_POINT('',(51.0000007599592,106.,750.000011175871));
#16242=CARTESIAN_POINT('',(51.0000007599592,0.,750.000011175871));
#16243=CARTESIAN_POINT('',(51.0000007599592,106.,750.000011175871));
#16244=CARTESIAN_POINT('Origin',(45.0000006705523,0.,750.000011175871));
#16245=CARTESIAN_POINT('',(45.0000006705523,106.,750.000011175871));
#16246=CARTESIAN_POINT('',(45.0000006705523,106.,850.000012665987));
#16247=CARTESIAN_POINT('',(45.0000006705523,0.,750.000011175871));
#16248=CARTESIAN_POINT('Origin',(51.0000007599592,0.,750.000011175871));
#16249=CARTESIAN_POINT('',(45.0000006705523,106.,750.000011175871));
#16250=CARTESIAN_POINT('Origin',(48.0000007152557,106.,800.000011920929));
#16251=CARTESIAN_POINT('Origin',(1051.6,76.,220.));
#16252=CARTESIAN_POINT('',(1048.6,76.,170.));
#16253=CARTESIAN_POINT('',(1048.6,76.,270.));
#16254=CARTESIAN_POINT('',(1048.6,76.,195.));
#16255=CARTESIAN_POINT('',(1054.6,76.,170.));
#16256=CARTESIAN_POINT('',(1053.1,76.,170.));
#16257=CARTESIAN_POINT('',(1054.6,76.,270.));
#16258=CARTESIAN_POINT('',(1054.6,76.,245.));
#16259=CARTESIAN_POINT('',(1050.1,76.,270.));
#16260=CARTESIAN_POINT('Origin',(1054.6,0.,170.));
#16261=CARTESIAN_POINT('',(1048.6,106.,170.));
#16262=CARTESIAN_POINT('',(1048.6,0.,170.));
#16263=CARTESIAN_POINT('',(1054.6,106.,170.));
#16264=CARTESIAN_POINT('',(1048.6,106.,170.));
#16265=CARTESIAN_POINT('',(1054.6,0.,170.));
#16266=CARTESIAN_POINT('Origin',(1048.6,0.,170.));
#16267=CARTESIAN_POINT('',(1048.6,106.,270.));
#16268=CARTESIAN_POINT('',(1048.6,0.,270.));
#16269=CARTESIAN_POINT('',(1048.6,106.,270.));
#16270=CARTESIAN_POINT('Origin',(1054.6,0.,270.));
#16271=CARTESIAN_POINT('',(1054.6,106.,270.));
#16272=CARTESIAN_POINT('',(1054.6,106.,170.));
#16273=CARTESIAN_POINT('',(1054.6,0.,270.));
#16274=CARTESIAN_POINT('Origin',(1048.6,0.,270.));
#16275=CARTESIAN_POINT('',(1054.6,106.,270.));
#16276=CARTESIAN_POINT('Origin',(1051.6,106.,220.));
#16277=CARTESIAN_POINT('Origin',(1051.6,76.,800.));
#16278=CARTESIAN_POINT('',(1048.6,76.,750.));
#16279=CARTESIAN_POINT('',(1048.6,76.,850.));
#16280=CARTESIAN_POINT('',(1048.6,76.,775.));
#16281=CARTESIAN_POINT('',(1054.6,76.,750.));
#16282=CARTESIAN_POINT('',(1053.1,76.,750.));
#16283=CARTESIAN_POINT('',(1054.6,76.,850.));
#16284=CARTESIAN_POINT('',(1054.6,76.,825.));
#16285=CARTESIAN_POINT('',(1050.1,76.,850.));
#16286=CARTESIAN_POINT('Origin',(1054.6,0.,750.));
#16287=CARTESIAN_POINT('',(1048.6,106.,750.));
#16288=CARTESIAN_POINT('',(1048.6,0.,750.));
#16289=CARTESIAN_POINT('',(1054.6,106.,750.));
#16290=CARTESIAN_POINT('',(1048.6,106.,750.));
#16291=CARTESIAN_POINT('',(1054.6,0.,750.));
#16292=CARTESIAN_POINT('Origin',(1048.6,0.,750.));
#16293=CARTESIAN_POINT('',(1048.6,106.,850.));
#16294=CARTESIAN_POINT('',(1048.6,0.,850.));
#16295=CARTESIAN_POINT('',(1048.6,106.,850.));
#16296=CARTESIAN_POINT('Origin',(1054.6,0.,850.));
#16297=CARTESIAN_POINT('',(1054.6,106.,850.));
#16298=CARTESIAN_POINT('',(1054.6,106.,750.));
#16299=CARTESIAN_POINT('',(1054.6,0.,850.));
#16300=CARTESIAN_POINT('Origin',(1048.6,0.,850.));
#16301=CARTESIAN_POINT('',(1054.6,106.,850.));
#16302=CARTESIAN_POINT('Origin',(1051.6,106.,800.));
#16303=UNCERTAINTY_MEASURE_WITH_UNIT(LENGTH_MEASURE(0.01),#16307,
'DISTANCE_ACCURACY_VALUE',
'Maximum model space distance between geometric entities at asserted c
onnectivities');
#16304=UNCERTAINTY_MEASURE_WITH_UNIT(LENGTH_MEASURE(0.01),#16307,
'DISTANCE_ACCURACY_VALUE',
'Maximum model space distance between geometric entities at asserted c
onnectivities');
#16305=(
GEOMETRIC_REPRESENTATION_CONTEXT(3)
GLOBAL_UNCERTAINTY_ASSIGNED_CONTEXT((#16303))
GLOBAL_UNIT_ASSIGNED_CONTEXT((#16307,#16309,#16310))
REPRESENTATION_CONTEXT('','3D')
);
#16306=(
GEOMETRIC_REPRESENTATION_CONTEXT(3)
GLOBAL_UNCERTAINTY_ASSIGNED_CONTEXT((#16304))
GLOBAL_UNIT_ASSIGNED_CONTEXT((#16307,#16309,#16310))
REPRESENTATION_CONTEXT('','3D')
);
#16307=(
LENGTH_UNIT()
NAMED_UNIT(*)
SI_UNIT(.MILLI.,.METRE.)
);
#16308=(
LENGTH_UNIT()
NAMED_UNIT(*)
SI_UNIT($,.METRE.)
);
#16309=(
NAMED_UNIT(*)
PLANE_ANGLE_UNIT()
SI_UNIT($,.RADIAN.)
);
#16310=(
NAMED_UNIT(*)
SI_UNIT($,.STERADIAN.)
SOLID_ANGLE_UNIT()
);
#16311=SHAPE_DEFINITION_REPRESENTATION(#16312,#16313);
#16312=PRODUCT_DEFINITION_SHAPE('',$,#16315);
#16313=SHAPE_REPRESENTATION('',(#10163),#16305);
#16314=PRODUCT_DEFINITION_CONTEXT('part definition',#16319,'design');
#16315=PRODUCT_DEFINITION('portilllon western','portilllon western v4',
#16316,#16314);
#16316=PRODUCT_DEFINITION_FORMATION('',$,#16321);
#16317=PRODUCT_RELATED_PRODUCT_CATEGORY('portilllon western v4',
'portilllon western v4',(#16321));
#16318=APPLICATION_PROTOCOL_DEFINITION('international standard',
'automotive_design',2009,#16319);
#16319=APPLICATION_CONTEXT(
'Core Data for Automotive Mechanical Design Process');
#16320=PRODUCT_CONTEXT('part definition',#16319,'mechanical');
#16321=PRODUCT('portilllon western','portilllon western v4',$,(#16320));
#16322=PRESENTATION_STYLE_ASSIGNMENT((#16324));
#16323=PRESENTATION_STYLE_ASSIGNMENT((#16325));
#16324=SURFACE_STYLE_USAGE(.BOTH.,#16326);
#16325=SURFACE_STYLE_USAGE(.BOTH.,#16327);
#16326=SURFACE_SIDE_STYLE('',(#16328));
#16327=SURFACE_SIDE_STYLE('',(#16329));
#16328=SURFACE_STYLE_FILL_AREA(#16330);
#16329=SURFACE_STYLE_FILL_AREA(#16331);
#16330=FILL_AREA_STYLE('Acier - Satin\X\E9',(#16332));
#16331=FILL_AREA_STYLE('Ch\X\EAne 3D - Brut',(#16333));
#16332=FILL_AREA_STYLE_COLOUR('Acier - Satin\X\E9',#16334);
#16333=FILL_AREA_STYLE_COLOUR('Ch\X\EAne 3D - Brut',#16335);
#16334=COLOUR_RGB('Acier - Satin\X\E9',0.627450980392157,0.627450980392157,
0.627450980392157);
#16335=COLOUR_RGB('Ch\X\EAne 3D - Brut',0.894117647058824,0.803921568627451,
0.690196078431373);
ENDSEC;
END-ISO-10303-21;
