ISO-10303-21;
HEADER;
/* Generated by software containing ST-Developer
 * from STEP Tools, Inc. (www.steptools.com) 
 */

FILE_DESCRIPTION(
/* description */ (''),
/* implementation_level */ '2;1');

FILE_NAME(
/* name */ 'portilllon western.step',
/* time_stamp */ '2026-09-01T16:11:04+02:00',
/* author */ (''),
/* organization */ (''),
/* preprocessor_version */ 'ST-DEVELOPER v20.1',
/* originating_system */ 'Autodesk Translation Framework v15.8.0.0',
/* authorisation */ '');

FILE_SCHEMA (('AUTOMOTIVE_DESIGN { 1 0 10303 214 3 1 1 }'));
ENDSEC;

DATA;
#10=MECHANICAL_DESIGN_GEOMETRIC_PRESENTATION_REPRESENTATION('',(#239,#240,
#241,#242,#243,#244,#245,#246,#247,#248,#249,#250,#251,#252,#253,#254,#255,
#256,#257,#258,#259,#260,#261,#262,#263,#264,#265,#266,#267,#268,#269,#270,
#271,#272,#273,#274,#275,#276,#277,#278,#279,#280,#281,#282,#283,#284,#285,
#286),#16740);
#11=SHAPE_REPRESENTATION_RELATIONSHIP('SRR','None',#16747,#12);
#12=ADVANCED_BREP_SHAPE_REPRESENTATION('',(#287,#288,#289,#290,#291,#292,
#293,#294,#295,#296,#297,#298,#299,#300,#301,#302,#303,#304,#305,#306,#307,
#308,#309,#310,#311,#312,#313,#314,#315,#316,#317,#318,#319,#320,#321,#322,
#323,#324,#325,#326,#327,#328,#329,#330,#331,#332,#333,#334),#16739);
#13=FACE_BOUND('',#931,.T.);
#14=FACE_BOUND('',#932,.T.);
#15=FACE_BOUND('',#937,.T.);
#16=FACE_BOUND('',#938,.T.);
#17=FACE_BOUND('',#942,.T.);
#18=FACE_BOUND('',#943,.T.);
#19=FACE_BOUND('',#947,.T.);
#20=FACE_BOUND('',#948,.T.);
#21=FACE_BOUND('',#963,.T.);
#22=FACE_BOUND('',#964,.T.);
#23=FACE_BOUND('',#967,.T.);
#24=FACE_BOUND('',#968,.T.);
#25=FACE_BOUND('',#971,.T.);
#26=FACE_BOUND('',#972,.T.);
#27=FACE_BOUND('',#975,.T.);
#28=FACE_BOUND('',#976,.T.);
#29=FACE_BOUND('',#981,.T.);
#30=FACE_BOUND('',#984,.T.);
#31=FACE_BOUND('',#988,.T.);
#32=FACE_BOUND('',#992,.T.);
#33=FACE_BOUND('',#1003,.T.);
#34=FACE_BOUND('',#1006,.T.);
#35=FACE_BOUND('',#1012,.T.);
#36=FACE_BOUND('',#1015,.T.);
#37=FACE_BOUND('',#1343,.T.);
#38=FACE_BOUND('',#1344,.T.);
#39=FACE_BOUND('',#1352,.T.);
#40=FACE_BOUND('',#1353,.T.);
#41=FACE_BOUND('',#1356,.T.);
#42=FACE_BOUND('',#1357,.T.);
#43=FACE_BOUND('',#1371,.T.);
#44=FACE_BOUND('',#1372,.T.);
#45=FACE_BOUND('',#1378,.T.);
#46=FACE_BOUND('',#1384,.T.);
#47=FACE_BOUND('',#1387,.T.);
#48=FACE_BOUND('',#1392,.T.);
#49=FACE_BOUND('',#1403,.T.);
#50=FACE_BOUND('',#1406,.T.);
#51=FACE_BOUND('',#1412,.T.);
#52=FACE_BOUND('',#1415,.T.);
#53=FACE_BOUND('',#1469,.T.);
#54=FACE_BOUND('',#1470,.T.);
#55=FACE_BOUND('',#1475,.T.);
#56=FACE_BOUND('',#1476,.T.);
#57=FACE_BOUND('',#1480,.T.);
#58=FACE_BOUND('',#1481,.T.);
#59=FACE_BOUND('',#1485,.T.);
#60=FACE_BOUND('',#1486,.T.);
#61=CIRCLE('',#10461,6.00000000000001);
#62=CIRCLE('',#10462,6.00000000000001);
#63=CIRCLE('',#10464,6.00000000000001);
#64=CIRCLE('',#10465,6.00000000000001);
#65=CIRCLE('',#10467,6.00000000000001);
#66=CIRCLE('',#10468,6.00000000000001);
#67=CIRCLE('',#10470,6.00000000000001);
#68=CIRCLE('',#10471,6.00000000000001);
#69=CIRCLE('',#10474,2379.47938001131);
#70=CIRCLE('',#10478,2379.47938001131);
#71=CIRCLE('',#10480,2379.47938001131);
#72=CIRCLE('',#10482,2379.47938001131);
#73=CIRCLE('',#10491,5.99999999999994);
#74=CIRCLE('',#10492,5.99999999999994);
#75=CIRCLE('',#10494,5.99999999999994);
#76=CIRCLE('',#10495,5.99999999999994);
#77=CIRCLE('',#10497,5.99999999999994);
#78=CIRCLE('',#10498,5.99999999999994);
#79=CIRCLE('',#10500,5.99999999999994);
#80=CIRCLE('',#10501,5.99999999999994);
#81=CIRCLE('',#10507,2379.47938001131);
#82=CIRCLE('',#10508,2379.47938001131);
#83=CIRCLE('',#10510,2379.47938001131);
#84=CIRCLE('',#10511,2379.47938001131);
#85=CIRCLE('',#10521,6.00000000000001);
#86=CIRCLE('',#10522,6.00000000000001);
#87=CIRCLE('',#10524,5.99999999999994);
#88=CIRCLE('',#10525,5.99999999999994);
#89=CIRCLE('',#10541,5.99999999999994);
#90=CIRCLE('',#10542,5.99999999999994);
#91=CIRCLE('',#10544,6.00000000000001);
#92=CIRCLE('',#10545,6.00000000000001);
#93=CIRCLE('',#10547,2379.47938001131);
#94=CIRCLE('',#10548,2379.47938001131);
#95=CIRCLE('',#10550,2379.47938001131);
#96=CIRCLE('',#10551,2379.47938001131);
#97=CIRCLE('',#10554,2715.47638735273);
#98=CIRCLE('',#10557,2715.47638735273);
#99=CIRCLE('',#10560,2379.47938001131);
#100=CIRCLE('',#10561,2379.47938001131);
#101=CIRCLE('',#10563,2379.47938001131);
#102=CIRCLE('',#10564,2379.47938001131);
#103=CIRCLE('',#10567,2715.47638735273);
#104=CIRCLE('',#10570,2715.47638735273);
#105=CIRCLE('',#10572,2715.47638735273);
#106=CIRCLE('',#10573,2715.47638735273);
#107=CIRCLE('',#10576,2505.03999999998);
#108=CIRCLE('',#10577,2505.03999999998);
#109=CIRCLE('',#10694,2715.47638735273);
#110=CIRCLE('',#10697,2715.47638735273);
#111=CIRCLE('',#10702,2715.47638735273);
#112=CIRCLE('',#10704,2715.47638735273);
#113=CIRCLE('',#10706,2715.47638735273);
#114=CIRCLE('',#10709,2715.47638735273);
#115=CIRCLE('',#10755,5.99999999999994);
#116=CIRCLE('',#10756,5.99999999999994);
#117=CIRCLE('',#10760,6.00000000000001);
#118=CIRCLE('',#10761,6.00000000000001);
#119=CIRCLE('',#10765,6.00000000000001);
#120=CIRCLE('',#10766,6.00000000000001);
#121=CIRCLE('',#10770,5.99999999999994);
#122=CIRCLE('',#10771,5.99999999999994);
#123=CIRCLE('',#10775,5.99999999999994);
#124=CIRCLE('',#10776,5.99999999999994);
#125=CIRCLE('',#10780,6.00000000000001);
#126=CIRCLE('',#10781,6.00000000000001);
#127=CIRCLE('',#10785,6.00000000000001);
#128=CIRCLE('',#10786,6.00000000000001);
#129=CIRCLE('',#10790,5.99999999999994);
#130=CIRCLE('',#10791,5.99999999999994);
#131=CIRCLE('',#10824,2715.47638735273);
#132=CIRCLE('',#10827,2715.47638735273);
#133=CIRCLE('',#10832,2715.47638735273);
#134=CIRCLE('',#10834,2715.47638735273);
#135=CIRCLE('',#10836,2715.47638735273);
#136=CIRCLE('',#10839,2715.47638735273);
#137=CIRCLE('',#10930,2379.47938001131);
#138=CIRCLE('',#10931,5.99999999999994);
#139=CIRCLE('',#10932,5.99999999999994);
#140=CIRCLE('',#10940,2379.47938001131);
#141=CIRCLE('',#10941,5.99999999999994);
#142=CIRCLE('',#10942,5.99999999999994);
#143=CIRCLE('',#10945,2379.47938001131);
#144=CIRCLE('',#10946,5.99999999999994);
#145=CIRCLE('',#10947,5.99999999999994);
#146=CIRCLE('',#10952,5.99999999999994);
#147=CIRCLE('',#10955,5.99999999999994);
#148=CIRCLE('',#10961,2379.47938001131);
#149=CIRCLE('',#10969,5.99999999999994);
#150=CIRCLE('',#10972,6.00000000000001);
#151=CIRCLE('',#10973,6.00000000000001);
#152=CIRCLE('',#10975,5.99999999999994);
#153=CIRCLE('',#10989,5.99999999999994);
#154=CIRCLE('',#10990,5.99999999999994);
#155=CIRCLE('',#10992,6.00000000000001);
#156=CIRCLE('',#10993,6.00000000000001);
#157=CIRCLE('',#10995,2379.47938001131);
#158=CIRCLE('',#10996,2379.47938001131);
#159=CIRCLE('',#10998,2379.47938001131);
#160=CIRCLE('',#10999,2379.47938001131);
#161=CIRCLE('',#11002,2715.47638735273);
#162=CIRCLE('',#11005,2715.47638735273);
#163=CIRCLE('',#11008,2379.47938001131);
#164=CIRCLE('',#11009,2379.47938001131);
#165=CIRCLE('',#11011,2379.47938001131);
#166=CIRCLE('',#11012,2379.47938001131);
#167=CIRCLE('',#11015,2715.47638735273);
#168=CIRCLE('',#11018,2715.47638735273);
#169=CIRCLE('',#11020,2715.47638735273);
#170=CIRCLE('',#11021,2715.47638735273);
#171=CIRCLE('',#11024,2505.03999999998);
#172=CIRCLE('',#11025,2505.03999999998);
#173=CIRCLE('',#11071,6.00000000000001);
#174=CIRCLE('',#11072,6.00000000000001);
#175=CIRCLE('',#11074,6.00000000000001);
#176=CIRCLE('',#11075,6.00000000000001);
#177=CIRCLE('',#11077,6.00000000000001);
#178=CIRCLE('',#11078,6.00000000000001);
#179=CIRCLE('',#11080,6.00000000000001);
#180=CIRCLE('',#11081,6.00000000000001);
#181=CIRCLE('',#11084,2379.47938001131);
#182=CIRCLE('',#11088,2379.47938001131);
#183=CIRCLE('',#11090,2379.47938001131);
#184=CIRCLE('',#11092,2379.47938001131);
#185=CYLINDRICAL_SURFACE('',#10460,6.00000000000001);
#186=CYLINDRICAL_SURFACE('',#10463,6.00000000000001);
#187=CYLINDRICAL_SURFACE('',#10466,6.00000000000001);
#188=CYLINDRICAL_SURFACE('',#10469,6.00000000000001);
#189=CYLINDRICAL_SURFACE('',#10477,2379.47938001131);
#190=CYLINDRICAL_SURFACE('',#10481,2379.47938001131);
#191=CYLINDRICAL_SURFACE('',#10490,5.99999999999994);
#192=CYLINDRICAL_SURFACE('',#10493,5.99999999999994);
#193=CYLINDRICAL_SURFACE('',#10496,5.99999999999994);
#194=CYLINDRICAL_SURFACE('',#10499,5.99999999999994);
#195=CYLINDRICAL_SURFACE('',#10506,2379.47938001131);
#196=CYLINDRICAL_SURFACE('',#10509,2379.47938001131);
#197=CYLINDRICAL_SURFACE('',#10520,6.00000000000001);
#198=CYLINDRICAL_SURFACE('',#10523,5.99999999999994);
#199=CYLINDRICAL_SURFACE('',#10540,5.99999999999994);
#200=CYLINDRICAL_SURFACE('',#10543,6.00000000000001);
#201=CYLINDRICAL_SURFACE('',#10546,2379.47938001131);
#202=CYLINDRICAL_SURFACE('',#10549,2379.47938001131);
#203=CYLINDRICAL_SURFACE('',#10559,2379.47938001131);
#204=CYLINDRICAL_SURFACE('',#10562,2379.47938001131);
#205=CYLINDRICAL_SURFACE('',#10571,2715.47638735273);
#206=CYLINDRICAL_SURFACE('',#10575,2505.03999999998);
#207=CYLINDRICAL_SURFACE('',#10708,2715.47638735273);
#208=CYLINDRICAL_SURFACE('',#10754,5.99999999999994);
#209=CYLINDRICAL_SURFACE('',#10759,6.00000000000001);
#210=CYLINDRICAL_SURFACE('',#10764,6.00000000000001);
#211=CYLINDRICAL_SURFACE('',#10769,5.99999999999994);
#212=CYLINDRICAL_SURFACE('',#10774,5.99999999999994);
#213=CYLINDRICAL_SURFACE('',#10779,6.00000000000001);
#214=CYLINDRICAL_SURFACE('',#10784,6.00000000000001);
#215=CYLINDRICAL_SURFACE('',#10789,5.99999999999994);
#216=CYLINDRICAL_SURFACE('',#10838,2715.47638735273);
#217=CYLINDRICAL_SURFACE('',#10950,5.99999999999994);
#218=CYLINDRICAL_SURFACE('',#10951,5.99999999999994);
#219=CYLINDRICAL_SURFACE('',#10953,5.99999999999994);
#220=CYLINDRICAL_SURFACE('',#10954,5.99999999999994);
#221=CYLINDRICAL_SURFACE('',#10960,2379.47938001131);
#222=CYLINDRICAL_SURFACE('',#10962,2379.47938001131);
#223=CYLINDRICAL_SURFACE('',#10971,6.00000000000001);
#224=CYLINDRICAL_SURFACE('',#10974,5.99999999999994);
#225=CYLINDRICAL_SURFACE('',#10988,5.99999999999994);
#226=CYLINDRICAL_SURFACE('',#10991,6.00000000000001);
#227=CYLINDRICAL_SURFACE('',#10994,2379.47938001131);
#228=CYLINDRICAL_SURFACE('',#10997,2379.47938001131);
#229=CYLINDRICAL_SURFACE('',#11007,2379.47938001131);
#230=CYLINDRICAL_SURFACE('',#11010,2379.47938001131);
#231=CYLINDRICAL_SURFACE('',#11019,2715.47638735273);
#232=CYLINDRICAL_SURFACE('',#11023,2505.03999999998);
#233=CYLINDRICAL_SURFACE('',#11070,6.00000000000001);
#234=CYLINDRICAL_SURFACE('',#11073,6.00000000000001);
#235=CYLINDRICAL_SURFACE('',#11076,6.00000000000001);
#236=CYLINDRICAL_SURFACE('',#11079,6.00000000000001);
#237=CYLINDRICAL_SURFACE('',#11087,2379.47938001131);
#238=CYLINDRICAL_SURFACE('',#11091,2379.47938001131);
#239=STYLED_ITEM('',(#16757),#287);
#240=STYLED_ITEM('',(#16758),#288);
#241=STYLED_ITEM('',(#16758),#289);
#242=STYLED_ITEM('',(#16758),#290);
#243=STYLED_ITEM('',(#16758),#291);
#244=STYLED_ITEM('',(#16758),#292);
#245=STYLED_ITEM('',(#16758),#293);
#246=STYLED_ITEM('',(#16758),#294);
#247=STYLED_ITEM('',(#16758),#295);
#248=STYLED_ITEM('',(#16758),#296);
#249=STYLED_ITEM('',(#16758),#297);
#250=STYLED_ITEM('',(#16758),#298);
#251=STYLED_ITEM('',(#16758),#299);
#252=STYLED_ITEM('',(#16758),#300);
#253=STYLED_ITEM('',(#16758),#301);
#254=STYLED_ITEM('',(#16758),#302);
#255=STYLED_ITEM('',(#16758),#303);
#256=STYLED_ITEM('',(#16758),#304);
#257=STYLED_ITEM('',(#16758),#305);
#258=STYLED_ITEM('',(#16758),#306);
#259=STYLED_ITEM('',(#16758),#307);
#260=STYLED_ITEM('',(#16758),#308);
#261=STYLED_ITEM('',(#16758),#309);
#262=STYLED_ITEM('',(#16758),#310);
#263=STYLED_ITEM('',(#16758),#311);
#264=STYLED_ITEM('',(#16758),#312);
#265=STYLED_ITEM('',(#16758),#313);
#266=STYLED_ITEM('',(#16758),#314);
#267=STYLED_ITEM('',(#16758),#315);
#268=STYLED_ITEM('',(#16758),#316);
#269=STYLED_ITEM('',(#16758),#317);
#270=STYLED_ITEM('',(#16758),#318);
#271=STYLED_ITEM('',(#16758),#319);
#272=STYLED_ITEM('',(#16758),#320);
#273=STYLED_ITEM('',(#16758),#321);
#274=STYLED_ITEM('',(#16758),#322);
#275=STYLED_ITEM('',(#16758),#323);
#276=STYLED_ITEM('',(#16758),#324);
#277=STYLED_ITEM('',(#16758),#325);
#278=STYLED_ITEM('',(#16758),#326);
#279=STYLED_ITEM('',(#16758),#327);
#280=STYLED_ITEM('',(#16758),#328);
#281=STYLED_ITEM('',(#16758),#329);
#282=STYLED_ITEM('',(#16759),#330);
#283=STYLED_ITEM('',(#16756),#331);
#284=STYLED_ITEM('',(#16756),#332);
#285=STYLED_ITEM('',(#16756),#333);
#286=STYLED_ITEM('',(#16756),#334);
#287=MANIFOLD_SOLID_BREP('Corps1',#10377);
#288=MANIFOLD_SOLID_BREP('Corps2',#10378);
#289=MANIFOLD_SOLID_BREP('Corps3',#10379);
#290=MANIFOLD_SOLID_BREP('Corps5',#10380);
#291=MANIFOLD_SOLID_BREP('Corps8',#10381);
#292=MANIFOLD_SOLID_BREP('Corps9',#10382);
#293=MANIFOLD_SOLID_BREP('Corps10',#10383);
#294=MANIFOLD_SOLID_BREP('Corps11',#10384);
#295=MANIFOLD_SOLID_BREP('Corps12',#10385);
#296=MANIFOLD_SOLID_BREP('Corps14',#10386);
#297=MANIFOLD_SOLID_BREP('Corps15',#10387);
#298=MANIFOLD_SOLID_BREP('Corps16',#10388);
#299=MANIFOLD_SOLID_BREP('Corps17',#10389);
#300=MANIFOLD_SOLID_BREP('Corps18',#10390);
#301=MANIFOLD_SOLID_BREP('Corps19',#10391);
#302=MANIFOLD_SOLID_BREP('Corps20',#10392);
#303=MANIFOLD_SOLID_BREP('Corps21',#10393);
#304=MANIFOLD_SOLID_BREP('Corps22',#10394);
#305=MANIFOLD_SOLID_BREP('Corps23',#10395);
#306=MANIFOLD_SOLID_BREP('Corps24',#10396);
#307=MANIFOLD_SOLID_BREP('Corps25',#10397);
#308=MANIFOLD_SOLID_BREP('Corps26',#10398);
#309=MANIFOLD_SOLID_BREP('Corps27',#10399);
#310=MANIFOLD_SOLID_BREP('Corps28',#10400);
#311=MANIFOLD_SOLID_BREP('Corps29',#10401);
#312=MANIFOLD_SOLID_BREP('Corps30',#10402);
#313=MANIFOLD_SOLID_BREP('Corps31',#10403);
#314=MANIFOLD_SOLID_BREP('Corps32',#10404);
#315=MANIFOLD_SOLID_BREP('Corps33',#10405);
#316=MANIFOLD_SOLID_BREP('Corps34',#10406);
#317=MANIFOLD_SOLID_BREP('Corps35',#10407);
#318=MANIFOLD_SOLID_BREP('Corps36',#10408);
#319=MANIFOLD_SOLID_BREP('Corps37',#10409);
#320=MANIFOLD_SOLID_BREP('Corps38',#10410);
#321=MANIFOLD_SOLID_BREP('Corps39',#10411);
#322=MANIFOLD_SOLID_BREP('Corps40',#10412);
#323=MANIFOLD_SOLID_BREP('Corps41',#10413);
#324=MANIFOLD_SOLID_BREP('Corps42',#10414);
#325=MANIFOLD_SOLID_BREP('Corps43',#10415);
#326=MANIFOLD_SOLID_BREP('Corps44',#10416);
#327=MANIFOLD_SOLID_BREP('Corps45',#10417);
#328=MANIFOLD_SOLID_BREP('Corps46',#10418);
#329=MANIFOLD_SOLID_BREP('Corps47',#10419);
#330=MANIFOLD_SOLID_BREP('Corps48',#10420);
#331=MANIFOLD_SOLID_BREP('Corps49',#10421);
#332=MANIFOLD_SOLID_BREP('Corps50',#10422);
#333=MANIFOLD_SOLID_BREP('Corps51',#10423);
#334=MANIFOLD_SOLID_BREP('Corps52',#10424);
#335=FACE_OUTER_BOUND('',#903,.T.);
#336=FACE_OUTER_BOUND('',#904,.T.);
#337=FACE_OUTER_BOUND('',#905,.T.);
#338=FACE_OUTER_BOUND('',#906,.T.);
#339=FACE_OUTER_BOUND('',#907,.T.);
#340=FACE_OUTER_BOUND('',#908,.T.);
#341=FACE_OUTER_BOUND('',#909,.T.);
#342=FACE_OUTER_BOUND('',#910,.T.);
#343=FACE_OUTER_BOUND('',#911,.T.);
#344=FACE_OUTER_BOUND('',#912,.T.);
#345=FACE_OUTER_BOUND('',#913,.T.);
#346=FACE_OUTER_BOUND('',#914,.T.);
#347=FACE_OUTER_BOUND('',#915,.T.);
#348=FACE_OUTER_BOUND('',#916,.T.);
#349=FACE_OUTER_BOUND('',#917,.T.);
#350=FACE_OUTER_BOUND('',#918,.T.);
#351=FACE_OUTER_BOUND('',#919,.T.);
#352=FACE_OUTER_BOUND('',#920,.T.);
#353=FACE_OUTER_BOUND('',#921,.T.);
#354=FACE_OUTER_BOUND('',#922,.T.);
#355=FACE_OUTER_BOUND('',#923,.T.);
#356=FACE_OUTER_BOUND('',#924,.T.);
#357=FACE_OUTER_BOUND('',#925,.T.);
#358=FACE_OUTER_BOUND('',#926,.T.);
#359=FACE_OUTER_BOUND('',#927,.T.);
#360=FACE_OUTER_BOUND('',#928,.T.);
#361=FACE_OUTER_BOUND('',#929,.T.);
#362=FACE_OUTER_BOUND('',#930,.T.);
#363=FACE_OUTER_BOUND('',#933,.T.);
#364=FACE_OUTER_BOUND('',#934,.T.);
#365=FACE_OUTER_BOUND('',#935,.T.);
#366=FACE_OUTER_BOUND('',#936,.T.);
#367=FACE_OUTER_BOUND('',#939,.T.);
#368=FACE_OUTER_BOUND('',#940,.T.);
#369=FACE_OUTER_BOUND('',#941,.T.);
#370=FACE_OUTER_BOUND('',#944,.T.);
#371=FACE_OUTER_BOUND('',#945,.T.);
#372=FACE_OUTER_BOUND('',#946,.T.);
#373=FACE_OUTER_BOUND('',#949,.T.);
#374=FACE_OUTER_BOUND('',#950,.T.);
#375=FACE_OUTER_BOUND('',#951,.T.);
#376=FACE_OUTER_BOUND('',#952,.T.);
#377=FACE_OUTER_BOUND('',#953,.T.);
#378=FACE_OUTER_BOUND('',#954,.T.);
#379=FACE_OUTER_BOUND('',#955,.T.);
#380=FACE_OUTER_BOUND('',#956,.T.);
#381=FACE_OUTER_BOUND('',#957,.T.);
#382=FACE_OUTER_BOUND('',#958,.T.);
#383=FACE_OUTER_BOUND('',#959,.T.);
#384=FACE_OUTER_BOUND('',#960,.T.);
#385=FACE_OUTER_BOUND('',#961,.T.);
#386=FACE_OUTER_BOUND('',#962,.T.);
#387=FACE_OUTER_BOUND('',#965,.T.);
#388=FACE_OUTER_BOUND('',#966,.T.);
#389=FACE_OUTER_BOUND('',#969,.T.);
#390=FACE_OUTER_BOUND('',#970,.T.);
#391=FACE_OUTER_BOUND('',#973,.T.);
#392=FACE_OUTER_BOUND('',#974,.T.);
#393=FACE_OUTER_BOUND('',#977,.T.);
#394=FACE_OUTER_BOUND('',#978,.T.);
#395=FACE_OUTER_BOUND('',#979,.T.);
#396=FACE_OUTER_BOUND('',#980,.T.);
#397=FACE_OUTER_BOUND('',#982,.T.);
#398=FACE_OUTER_BOUND('',#983,.T.);
#399=FACE_OUTER_BOUND('',#985,.T.);
#400=FACE_OUTER_BOUND('',#986,.T.);
#401=FACE_OUTER_BOUND('',#987,.T.);
#402=FACE_OUTER_BOUND('',#989,.T.);
#403=FACE_OUTER_BOUND('',#990,.T.);
#404=FACE_OUTER_BOUND('',#991,.T.);
#405=FACE_OUTER_BOUND('',#993,.T.);
#406=FACE_OUTER_BOUND('',#994,.T.);
#407=FACE_OUTER_BOUND('',#995,.T.);
#408=FACE_OUTER_BOUND('',#996,.T.);
#409=FACE_OUTER_BOUND('',#997,.T.);
#410=FACE_OUTER_BOUND('',#998,.T.);
#411=FACE_OUTER_BOUND('',#999,.T.);
#412=FACE_OUTER_BOUND('',#1000,.T.);
#413=FACE_OUTER_BOUND('',#1001,.T.);
#414=FACE_OUTER_BOUND('',#1002,.T.);
#415=FACE_OUTER_BOUND('',#1004,.T.);
#416=FACE_OUTER_BOUND('',#1005,.T.);
#417=FACE_OUTER_BOUND('',#1007,.T.);
#418=FACE_OUTER_BOUND('',#1008,.T.);
#419=FACE_OUTER_BOUND('',#1009,.T.);
#420=FACE_OUTER_BOUND('',#1010,.T.);
#421=FACE_OUTER_BOUND('',#1011,.T.);
#422=FACE_OUTER_BOUND('',#1013,.T.);
#423=FACE_OUTER_BOUND('',#1014,.T.);
#424=FACE_OUTER_BOUND('',#1016,.T.);
#425=FACE_OUTER_BOUND('',#1017,.T.);
#426=FACE_OUTER_BOUND('',#1018,.T.);
#427=FACE_OUTER_BOUND('',#1019,.T.);
#428=FACE_OUTER_BOUND('',#1020,.T.);
#429=FACE_OUTER_BOUND('',#1021,.T.);
#430=FACE_OUTER_BOUND('',#1022,.T.);
#431=FACE_OUTER_BOUND('',#1023,.T.);
#432=FACE_OUTER_BOUND('',#1024,.T.);
#433=FACE_OUTER_BOUND('',#1025,.T.);
#434=FACE_OUTER_BOUND('',#1026,.T.);
#435=FACE_OUTER_BOUND('',#1027,.T.);
#436=FACE_OUTER_BOUND('',#1028,.T.);
#437=FACE_OUTER_BOUND('',#1029,.T.);
#438=FACE_OUTER_BOUND('',#1030,.T.);
#439=FACE_OUTER_BOUND('',#1031,.T.);
#440=FACE_OUTER_BOUND('',#1032,.T.);
#441=FACE_OUTER_BOUND('',#1033,.T.);
#442=FACE_OUTER_BOUND('',#1034,.T.);
#443=FACE_OUTER_BOUND('',#1035,.T.);
#444=FACE_OUTER_BOUND('',#1036,.T.);
#445=FACE_OUTER_BOUND('',#1037,.T.);
#446=FACE_OUTER_BOUND('',#1038,.T.);
#447=FACE_OUTER_BOUND('',#1039,.T.);
#448=FACE_OUTER_BOUND('',#1040,.T.);
#449=FACE_OUTER_BOUND('',#1041,.T.);
#450=FACE_OUTER_BOUND('',#1042,.T.);
#451=FACE_OUTER_BOUND('',#1043,.T.);
#452=FACE_OUTER_BOUND('',#1044,.T.);
#453=FACE_OUTER_BOUND('',#1045,.T.);
#454=FACE_OUTER_BOUND('',#1046,.T.);
#455=FACE_OUTER_BOUND('',#1047,.T.);
#456=FACE_OUTER_BOUND('',#1048,.T.);
#457=FACE_OUTER_BOUND('',#1049,.T.);
#458=FACE_OUTER_BOUND('',#1050,.T.);
#459=FACE_OUTER_BOUND('',#1051,.T.);
#460=FACE_OUTER_BOUND('',#1052,.T.);
#461=FACE_OUTER_BOUND('',#1053,.T.);
#462=FACE_OUTER_BOUND('',#1054,.T.);
#463=FACE_OUTER_BOUND('',#1055,.T.);
#464=FACE_OUTER_BOUND('',#1056,.T.);
#465=FACE_OUTER_BOUND('',#1057,.T.);
#466=FACE_OUTER_BOUND('',#1058,.T.);
#467=FACE_OUTER_BOUND('',#1059,.T.);
#468=FACE_OUTER_BOUND('',#1060,.T.);
#469=FACE_OUTER_BOUND('',#1061,.T.);
#470=FACE_OUTER_BOUND('',#1062,.T.);
#471=FACE_OUTER_BOUND('',#1063,.T.);
#472=FACE_OUTER_BOUND('',#1064,.T.);
#473=FACE_OUTER_BOUND('',#1065,.T.);
#474=FACE_OUTER_BOUND('',#1066,.T.);
#475=FACE_OUTER_BOUND('',#1067,.T.);
#476=FACE_OUTER_BOUND('',#1068,.T.);
#477=FACE_OUTER_BOUND('',#1069,.T.);
#478=FACE_OUTER_BOUND('',#1070,.T.);
#479=FACE_OUTER_BOUND('',#1071,.T.);
#480=FACE_OUTER_BOUND('',#1072,.T.);
#481=FACE_OUTER_BOUND('',#1073,.T.);
#482=FACE_OUTER_BOUND('',#1074,.T.);
#483=FACE_OUTER_BOUND('',#1075,.T.);
#484=FACE_OUTER_BOUND('',#1076,.T.);
#485=FACE_OUTER_BOUND('',#1077,.T.);
#486=FACE_OUTER_BOUND('',#1078,.T.);
#487=FACE_OUTER_BOUND('',#1079,.T.);
#488=FACE_OUTER_BOUND('',#1080,.T.);
#489=FACE_OUTER_BOUND('',#1081,.T.);
#490=FACE_OUTER_BOUND('',#1082,.T.);
#491=FACE_OUTER_BOUND('',#1083,.T.);
#492=FACE_OUTER_BOUND('',#1084,.T.);
#493=FACE_OUTER_BOUND('',#1085,.T.);
#494=FACE_OUTER_BOUND('',#1086,.T.);
#495=FACE_OUTER_BOUND('',#1087,.T.);
#496=FACE_OUTER_BOUND('',#1088,.T.);
#497=FACE_OUTER_BOUND('',#1089,.T.);
#498=FACE_OUTER_BOUND('',#1090,.T.);
#499=FACE_OUTER_BOUND('',#1091,.T.);
#500=FACE_OUTER_BOUND('',#1092,.T.);
#501=FACE_OUTER_BOUND('',#1093,.T.);
#502=FACE_OUTER_BOUND('',#1094,.T.);
#503=FACE_OUTER_BOUND('',#1095,.T.);
#504=FACE_OUTER_BOUND('',#1096,.T.);
#505=FACE_OUTER_BOUND('',#1097,.T.);
#506=FACE_OUTER_BOUND('',#1098,.T.);
#507=FACE_OUTER_BOUND('',#1099,.T.);
#508=FACE_OUTER_BOUND('',#1100,.T.);
#509=FACE_OUTER_BOUND('',#1101,.T.);
#510=FACE_OUTER_BOUND('',#1102,.T.);
#511=FACE_OUTER_BOUND('',#1103,.T.);
#512=FACE_OUTER_BOUND('',#1104,.T.);
#513=FACE_OUTER_BOUND('',#1105,.T.);
#514=FACE_OUTER_BOUND('',#1106,.T.);
#515=FACE_OUTER_BOUND('',#1107,.T.);
#516=FACE_OUTER_BOUND('',#1108,.T.);
#517=FACE_OUTER_BOUND('',#1109,.T.);
#518=FACE_OUTER_BOUND('',#1110,.T.);
#519=FACE_OUTER_BOUND('',#1111,.T.);
#520=FACE_OUTER_BOUND('',#1112,.T.);
#521=FACE_OUTER_BOUND('',#1113,.T.);
#522=FACE_OUTER_BOUND('',#1114,.T.);
#523=FACE_OUTER_BOUND('',#1115,.T.);
#524=FACE_OUTER_BOUND('',#1116,.T.);
#525=FACE_OUTER_BOUND('',#1117,.T.);
#526=FACE_OUTER_BOUND('',#1118,.T.);
#527=FACE_OUTER_BOUND('',#1119,.T.);
#528=FACE_OUTER_BOUND('',#1120,.T.);
#529=FACE_OUTER_BOUND('',#1121,.T.);
#530=FACE_OUTER_BOUND('',#1122,.T.);
#531=FACE_OUTER_BOUND('',#1123,.T.);
#532=FACE_OUTER_BOUND('',#1124,.T.);
#533=FACE_OUTER_BOUND('',#1125,.T.);
#534=FACE_OUTER_BOUND('',#1126,.T.);
#535=FACE_OUTER_BOUND('',#1127,.T.);
#536=FACE_OUTER_BOUND('',#1128,.T.);
#537=FACE_OUTER_BOUND('',#1129,.T.);
#538=FACE_OUTER_BOUND('',#1130,.T.);
#539=FACE_OUTER_BOUND('',#1131,.T.);
#540=FACE_OUTER_BOUND('',#1132,.T.);
#541=FACE_OUTER_BOUND('',#1133,.T.);
#542=FACE_OUTER_BOUND('',#1134,.T.);
#543=FACE_OUTER_BOUND('',#1135,.T.);
#544=FACE_OUTER_BOUND('',#1136,.T.);
#545=FACE_OUTER_BOUND('',#1137,.T.);
#546=FACE_OUTER_BOUND('',#1138,.T.);
#547=FACE_OUTER_BOUND('',#1139,.T.);
#548=FACE_OUTER_BOUND('',#1140,.T.);
#549=FACE_OUTER_BOUND('',#1141,.T.);
#550=FACE_OUTER_BOUND('',#1142,.T.);
#551=FACE_OUTER_BOUND('',#1143,.T.);
#552=FACE_OUTER_BOUND('',#1144,.T.);
#553=FACE_OUTER_BOUND('',#1145,.T.);
#554=FACE_OUTER_BOUND('',#1146,.T.);
#555=FACE_OUTER_BOUND('',#1147,.T.);
#556=FACE_OUTER_BOUND('',#1148,.T.);
#557=FACE_OUTER_BOUND('',#1149,.T.);
#558=FACE_OUTER_BOUND('',#1150,.T.);
#559=FACE_OUTER_BOUND('',#1151,.T.);
#560=FACE_OUTER_BOUND('',#1152,.T.);
#561=FACE_OUTER_BOUND('',#1153,.T.);
#562=FACE_OUTER_BOUND('',#1154,.T.);
#563=FACE_OUTER_BOUND('',#1155,.T.);
#564=FACE_OUTER_BOUND('',#1156,.T.);
#565=FACE_OUTER_BOUND('',#1157,.T.);
#566=FACE_OUTER_BOUND('',#1158,.T.);
#567=FACE_OUTER_BOUND('',#1159,.T.);
#568=FACE_OUTER_BOUND('',#1160,.T.);
#569=FACE_OUTER_BOUND('',#1161,.T.);
#570=FACE_OUTER_BOUND('',#1162,.T.);
#571=FACE_OUTER_BOUND('',#1163,.T.);
#572=FACE_OUTER_BOUND('',#1164,.T.);
#573=FACE_OUTER_BOUND('',#1165,.T.);
#574=FACE_OUTER_BOUND('',#1166,.T.);
#575=FACE_OUTER_BOUND('',#1167,.T.);
#576=FACE_OUTER_BOUND('',#1168,.T.);
#577=FACE_OUTER_BOUND('',#1169,.T.);
#578=FACE_OUTER_BOUND('',#1170,.T.);
#579=FACE_OUTER_BOUND('',#1171,.T.);
#580=FACE_OUTER_BOUND('',#1172,.T.);
#581=FACE_OUTER_BOUND('',#1173,.T.);
#582=FACE_OUTER_BOUND('',#1174,.T.);
#583=FACE_OUTER_BOUND('',#1175,.T.);
#584=FACE_OUTER_BOUND('',#1176,.T.);
#585=FACE_OUTER_BOUND('',#1177,.T.);
#586=FACE_OUTER_BOUND('',#1178,.T.);
#587=FACE_OUTER_BOUND('',#1179,.T.);
#588=FACE_OUTER_BOUND('',#1180,.T.);
#589=FACE_OUTER_BOUND('',#1181,.T.);
#590=FACE_OUTER_BOUND('',#1182,.T.);
#591=FACE_OUTER_BOUND('',#1183,.T.);
#592=FACE_OUTER_BOUND('',#1184,.T.);
#593=FACE_OUTER_BOUND('',#1185,.T.);
#594=FACE_OUTER_BOUND('',#1186,.T.);
#595=FACE_OUTER_BOUND('',#1187,.T.);
#596=FACE_OUTER_BOUND('',#1188,.T.);
#597=FACE_OUTER_BOUND('',#1189,.T.);
#598=FACE_OUTER_BOUND('',#1190,.T.);
#599=FACE_OUTER_BOUND('',#1191,.T.);
#600=FACE_OUTER_BOUND('',#1192,.T.);
#601=FACE_OUTER_BOUND('',#1193,.T.);
#602=FACE_OUTER_BOUND('',#1194,.T.);
#603=FACE_OUTER_BOUND('',#1195,.T.);
#604=FACE_OUTER_BOUND('',#1196,.T.);
#605=FACE_OUTER_BOUND('',#1197,.T.);
#606=FACE_OUTER_BOUND('',#1198,.T.);
#607=FACE_OUTER_BOUND('',#1199,.T.);
#608=FACE_OUTER_BOUND('',#1200,.T.);
#609=FACE_OUTER_BOUND('',#1201,.T.);
#610=FACE_OUTER_BOUND('',#1202,.T.);
#611=FACE_OUTER_BOUND('',#1203,.T.);
#612=FACE_OUTER_BOUND('',#1204,.T.);
#613=FACE_OUTER_BOUND('',#1205,.T.);
#614=FACE_OUTER_BOUND('',#1206,.T.);
#615=FACE_OUTER_BOUND('',#1207,.T.);
#616=FACE_OUTER_BOUND('',#1208,.T.);
#617=FACE_OUTER_BOUND('',#1209,.T.);
#618=FACE_OUTER_BOUND('',#1210,.T.);
#619=FACE_OUTER_BOUND('',#1211,.T.);
#620=FACE_OUTER_BOUND('',#1212,.T.);
#621=FACE_OUTER_BOUND('',#1213,.T.);
#622=FACE_OUTER_BOUND('',#1214,.T.);
#623=FACE_OUTER_BOUND('',#1215,.T.);
#624=FACE_OUTER_BOUND('',#1216,.T.);
#625=FACE_OUTER_BOUND('',#1217,.T.);
#626=FACE_OUTER_BOUND('',#1218,.T.);
#627=FACE_OUTER_BOUND('',#1219,.T.);
#628=FACE_OUTER_BOUND('',#1220,.T.);
#629=FACE_OUTER_BOUND('',#1221,.T.);
#630=FACE_OUTER_BOUND('',#1222,.T.);
#631=FACE_OUTER_BOUND('',#1223,.T.);
#632=FACE_OUTER_BOUND('',#1224,.T.);
#633=FACE_OUTER_BOUND('',#1225,.T.);
#634=FACE_OUTER_BOUND('',#1226,.T.);
#635=FACE_OUTER_BOUND('',#1227,.T.);
#636=FACE_OUTER_BOUND('',#1228,.T.);
#637=FACE_OUTER_BOUND('',#1229,.T.);
#638=FACE_OUTER_BOUND('',#1230,.T.);
#639=FACE_OUTER_BOUND('',#1231,.T.);
#640=FACE_OUTER_BOUND('',#1232,.T.);
#641=FACE_OUTER_BOUND('',#1233,.T.);
#642=FACE_OUTER_BOUND('',#1234,.T.);
#643=FACE_OUTER_BOUND('',#1235,.T.);
#644=FACE_OUTER_BOUND('',#1236,.T.);
#645=FACE_OUTER_BOUND('',#1237,.T.);
#646=FACE_OUTER_BOUND('',#1238,.T.);
#647=FACE_OUTER_BOUND('',#1239,.T.);
#648=FACE_OUTER_BOUND('',#1240,.T.);
#649=FACE_OUTER_BOUND('',#1241,.T.);
#650=FACE_OUTER_BOUND('',#1242,.T.);
#651=FACE_OUTER_BOUND('',#1243,.T.);
#652=FACE_OUTER_BOUND('',#1244,.T.);
#653=FACE_OUTER_BOUND('',#1245,.T.);
#654=FACE_OUTER_BOUND('',#1246,.T.);
#655=FACE_OUTER_BOUND('',#1247,.T.);
#656=FACE_OUTER_BOUND('',#1248,.T.);
#657=FACE_OUTER_BOUND('',#1249,.T.);
#658=FACE_OUTER_BOUND('',#1250,.T.);
#659=FACE_OUTER_BOUND('',#1251,.T.);
#660=FACE_OUTER_BOUND('',#1252,.T.);
#661=FACE_OUTER_BOUND('',#1253,.T.);
#662=FACE_OUTER_BOUND('',#1254,.T.);
#663=FACE_OUTER_BOUND('',#1255,.T.);
#664=FACE_OUTER_BOUND('',#1256,.T.);
#665=FACE_OUTER_BOUND('',#1257,.T.);
#666=FACE_OUTER_BOUND('',#1258,.T.);
#667=FACE_OUTER_BOUND('',#1259,.T.);
#668=FACE_OUTER_BOUND('',#1260,.T.);
#669=FACE_OUTER_BOUND('',#1261,.T.);
#670=FACE_OUTER_BOUND('',#1262,.T.);
#671=FACE_OUTER_BOUND('',#1263,.T.);
#672=FACE_OUTER_BOUND('',#1264,.T.);
#673=FACE_OUTER_BOUND('',#1265,.T.);
#674=FACE_OUTER_BOUND('',#1266,.T.);
#675=FACE_OUTER_BOUND('',#1267,.T.);
#676=FACE_OUTER_BOUND('',#1268,.T.);
#677=FACE_OUTER_BOUND('',#1269,.T.);
#678=FACE_OUTER_BOUND('',#1270,.T.);
#679=FACE_OUTER_BOUND('',#1271,.T.);
#680=FACE_OUTER_BOUND('',#1272,.T.);
#681=FACE_OUTER_BOUND('',#1273,.T.);
#682=FACE_OUTER_BOUND('',#1274,.T.);
#683=FACE_OUTER_BOUND('',#1275,.T.);
#684=FACE_OUTER_BOUND('',#1276,.T.);
#685=FACE_OUTER_BOUND('',#1277,.T.);
#686=FACE_OUTER_BOUND('',#1278,.T.);
#687=FACE_OUTER_BOUND('',#1279,.T.);
#688=FACE_OUTER_BOUND('',#1280,.T.);
#689=FACE_OUTER_BOUND('',#1281,.T.);
#690=FACE_OUTER_BOUND('',#1282,.T.);
#691=FACE_OUTER_BOUND('',#1283,.T.);
#692=FACE_OUTER_BOUND('',#1284,.T.);
#693=FACE_OUTER_BOUND('',#1285,.T.);
#694=FACE_OUTER_BOUND('',#1286,.T.);
#695=FACE_OUTER_BOUND('',#1287,.T.);
#696=FACE_OUTER_BOUND('',#1288,.T.);
#697=FACE_OUTER_BOUND('',#1289,.T.);
#698=FACE_OUTER_BOUND('',#1290,.T.);
#699=FACE_OUTER_BOUND('',#1291,.T.);
#700=FACE_OUTER_BOUND('',#1292,.T.);
#701=FACE_OUTER_BOUND('',#1293,.T.);
#702=FACE_OUTER_BOUND('',#1294,.T.);
#703=FACE_OUTER_BOUND('',#1295,.T.);
#704=FACE_OUTER_BOUND('',#1296,.T.);
#705=FACE_OUTER_BOUND('',#1297,.T.);
#706=FACE_OUTER_BOUND('',#1298,.T.);
#707=FACE_OUTER_BOUND('',#1299,.T.);
#708=FACE_OUTER_BOUND('',#1300,.T.);
#709=FACE_OUTER_BOUND('',#1301,.T.);
#710=FACE_OUTER_BOUND('',#1302,.T.);
#711=FACE_OUTER_BOUND('',#1303,.T.);
#712=FACE_OUTER_BOUND('',#1304,.T.);
#713=FACE_OUTER_BOUND('',#1305,.T.);
#714=FACE_OUTER_BOUND('',#1306,.T.);
#715=FACE_OUTER_BOUND('',#1307,.T.);
#716=FACE_OUTER_BOUND('',#1308,.T.);
#717=FACE_OUTER_BOUND('',#1309,.T.);
#718=FACE_OUTER_BOUND('',#1310,.T.);
#719=FACE_OUTER_BOUND('',#1311,.T.);
#720=FACE_OUTER_BOUND('',#1312,.T.);
#721=FACE_OUTER_BOUND('',#1313,.T.);
#722=FACE_OUTER_BOUND('',#1314,.T.);
#723=FACE_OUTER_BOUND('',#1315,.T.);
#724=FACE_OUTER_BOUND('',#1316,.T.);
#725=FACE_OUTER_BOUND('',#1317,.T.);
#726=FACE_OUTER_BOUND('',#1318,.T.);
#727=FACE_OUTER_BOUND('',#1319,.T.);
#728=FACE_OUTER_BOUND('',#1320,.T.);
#729=FACE_OUTER_BOUND('',#1321,.T.);
#730=FACE_OUTER_BOUND('',#1322,.T.);
#731=FACE_OUTER_BOUND('',#1323,.T.);
#732=FACE_OUTER_BOUND('',#1324,.T.);
#733=FACE_OUTER_BOUND('',#1325,.T.);
#734=FACE_OUTER_BOUND('',#1326,.T.);
#735=FACE_OUTER_BOUND('',#1327,.T.);
#736=FACE_OUTER_BOUND('',#1328,.T.);
#737=FACE_OUTER_BOUND('',#1329,.T.);
#738=FACE_OUTER_BOUND('',#1330,.T.);
#739=FACE_OUTER_BOUND('',#1331,.T.);
#740=FACE_OUTER_BOUND('',#1332,.T.);
#741=FACE_OUTER_BOUND('',#1333,.T.);
#742=FACE_OUTER_BOUND('',#1334,.T.);
#743=FACE_OUTER_BOUND('',#1335,.T.);
#744=FACE_OUTER_BOUND('',#1336,.T.);
#745=FACE_OUTER_BOUND('',#1337,.T.);
#746=FACE_OUTER_BOUND('',#1338,.T.);
#747=FACE_OUTER_BOUND('',#1339,.T.);
#748=FACE_OUTER_BOUND('',#1340,.T.);
#749=FACE_OUTER_BOUND('',#1341,.T.);
#750=FACE_OUTER_BOUND('',#1342,.T.);
#751=FACE_OUTER_BOUND('',#1345,.T.);
#752=FACE_OUTER_BOUND('',#1346,.T.);
#753=FACE_OUTER_BOUND('',#1347,.T.);
#754=FACE_OUTER_BOUND('',#1348,.T.);
#755=FACE_OUTER_BOUND('',#1349,.T.);
#756=FACE_OUTER_BOUND('',#1350,.T.);
#757=FACE_OUTER_BOUND('',#1351,.T.);
#758=FACE_OUTER_BOUND('',#1354,.T.);
#759=FACE_OUTER_BOUND('',#1355,.T.);
#760=FACE_OUTER_BOUND('',#1358,.T.);
#761=FACE_OUTER_BOUND('',#1359,.T.);
#762=FACE_OUTER_BOUND('',#1360,.T.);
#763=FACE_OUTER_BOUND('',#1361,.T.);
#764=FACE_OUTER_BOUND('',#1362,.T.);
#765=FACE_OUTER_BOUND('',#1363,.T.);
#766=FACE_OUTER_BOUND('',#1364,.T.);
#767=FACE_OUTER_BOUND('',#1365,.T.);
#768=FACE_OUTER_BOUND('',#1366,.T.);
#769=FACE_OUTER_BOUND('',#1367,.T.);
#770=FACE_OUTER_BOUND('',#1368,.T.);
#771=FACE_OUTER_BOUND('',#1369,.T.);
#772=FACE_OUTER_BOUND('',#1370,.T.);
#773=FACE_OUTER_BOUND('',#1373,.T.);
#774=FACE_OUTER_BOUND('',#1374,.T.);
#775=FACE_OUTER_BOUND('',#1375,.T.);
#776=FACE_OUTER_BOUND('',#1376,.T.);
#777=FACE_OUTER_BOUND('',#1377,.T.);
#778=FACE_OUTER_BOUND('',#1379,.T.);
#779=FACE_OUTER_BOUND('',#1380,.T.);
#780=FACE_OUTER_BOUND('',#1381,.T.);
#781=FACE_OUTER_BOUND('',#1382,.T.);
#782=FACE_OUTER_BOUND('',#1383,.T.);
#783=FACE_OUTER_BOUND('',#1385,.T.);
#784=FACE_OUTER_BOUND('',#1386,.T.);
#785=FACE_OUTER_BOUND('',#1388,.T.);
#786=FACE_OUTER_BOUND('',#1389,.T.);
#787=FACE_OUTER_BOUND('',#1390,.T.);
#788=FACE_OUTER_BOUND('',#1391,.T.);
#789=FACE_OUTER_BOUND('',#1393,.T.);
#790=FACE_OUTER_BOUND('',#1394,.T.);
#791=FACE_OUTER_BOUND('',#1395,.T.);
#792=FACE_OUTER_BOUND('',#1396,.T.);
#793=FACE_OUTER_BOUND('',#1397,.T.);
#794=FACE_OUTER_BOUND('',#1398,.T.);
#795=FACE_OUTER_BOUND('',#1399,.T.);
#796=FACE_OUTER_BOUND('',#1400,.T.);
#797=FACE_OUTER_BOUND('',#1401,.T.);
#798=FACE_OUTER_BOUND('',#1402,.T.);
#799=FACE_OUTER_BOUND('',#1404,.T.);
#800=FACE_OUTER_BOUND('',#1405,.T.);
#801=FACE_OUTER_BOUND('',#1407,.T.);
#802=FACE_OUTER_BOUND('',#1408,.T.);
#803=FACE_OUTER_BOUND('',#1409,.T.);
#804=FACE_OUTER_BOUND('',#1410,.T.);
#805=FACE_OUTER_BOUND('',#1411,.T.);
#806=FACE_OUTER_BOUND('',#1413,.T.);
#807=FACE_OUTER_BOUND('',#1414,.T.);
#808=FACE_OUTER_BOUND('',#1416,.T.);
#809=FACE_OUTER_BOUND('',#1417,.T.);
#810=FACE_OUTER_BOUND('',#1418,.T.);
#811=FACE_OUTER_BOUND('',#1419,.T.);
#812=FACE_OUTER_BOUND('',#1420,.T.);
#813=FACE_OUTER_BOUND('',#1421,.T.);
#814=FACE_OUTER_BOUND('',#1422,.T.);
#815=FACE_OUTER_BOUND('',#1423,.T.);
#816=FACE_OUTER_BOUND('',#1424,.T.);
#817=FACE_OUTER_BOUND('',#1425,.T.);
#818=FACE_OUTER_BOUND('',#1426,.T.);
#819=FACE_OUTER_BOUND('',#1427,.T.);
#820=FACE_OUTER_BOUND('',#1428,.T.);
#821=FACE_OUTER_BOUND('',#1429,.T.);
#822=FACE_OUTER_BOUND('',#1430,.T.);
#823=FACE_OUTER_BOUND('',#1431,.T.);
#824=FACE_OUTER_BOUND('',#1432,.T.);
#825=FACE_OUTER_BOUND('',#1433,.T.);
#826=FACE_OUTER_BOUND('',#1434,.T.);
#827=FACE_OUTER_BOUND('',#1435,.T.);
#828=FACE_OUTER_BOUND('',#1436,.T.);
#829=FACE_OUTER_BOUND('',#1437,.T.);
#830=FACE_OUTER_BOUND('',#1438,.T.);
#831=FACE_OUTER_BOUND('',#1439,.T.);
#832=FACE_OUTER_BOUND('',#1440,.T.);
#833=FACE_OUTER_BOUND('',#1441,.T.);
#834=FACE_OUTER_BOUND('',#1442,.T.);
#835=FACE_OUTER_BOUND('',#1443,.T.);
#836=FACE_OUTER_BOUND('',#1444,.T.);
#837=FACE_OUTER_BOUND('',#1445,.T.);
#838=FACE_OUTER_BOUND('',#1446,.T.);
#839=FACE_OUTER_BOUND('',#1447,.T.);
#840=FACE_OUTER_BOUND('',#1448,.T.);
#841=FACE_OUTER_BOUND('',#1449,.T.);
#842=FACE_OUTER_BOUND('',#1450,.T.);
#843=FACE_OUTER_BOUND('',#1451,.T.);
#844=FACE_OUTER_BOUND('',#1452,.T.);
#845=FACE_OUTER_BOUND('',#1453,.T.);
#846=FACE_OUTER_BOUND('',#1454,.T.);
#847=FACE_OUTER_BOUND('',#1455,.T.);
#848=FACE_OUTER_BOUND('',#1456,.T.);
#849=FACE_OUTER_BOUND('',#1457,.T.);
#850=FACE_OUTER_BOUND('',#1458,.T.);
#851=FACE_OUTER_BOUND('',#1459,.T.);
#852=FACE_OUTER_BOUND('',#1460,.T.);
#853=FACE_OUTER_BOUND('',#1461,.T.);
#854=FACE_OUTER_BOUND('',#1462,.T.);
#855=FACE_OUTER_BOUND('',#1463,.T.);
#856=FACE_OUTER_BOUND('',#1464,.T.);
#857=FACE_OUTER_BOUND('',#1465,.T.);
#858=FACE_OUTER_BOUND('',#1466,.T.);
#859=FACE_OUTER_BOUND('',#1467,.T.);
#860=FACE_OUTER_BOUND('',#1468,.T.);
#861=FACE_OUTER_BOUND('',#1471,.T.);
#862=FACE_OUTER_BOUND('',#1472,.T.);
#863=FACE_OUTER_BOUND('',#1473,.T.);
#864=FACE_OUTER_BOUND('',#1474,.T.);
#865=FACE_OUTER_BOUND('',#1477,.T.);
#866=FACE_OUTER_BOUND('',#1478,.T.);
#867=FACE_OUTER_BOUND('',#1479,.T.);
#868=FACE_OUTER_BOUND('',#1482,.T.);
#869=FACE_OUTER_BOUND('',#1483,.T.);
#870=FACE_OUTER_BOUND('',#1484,.T.);
#871=FACE_OUTER_BOUND('',#1487,.T.);
#872=FACE_OUTER_BOUND('',#1488,.T.);
#873=FACE_OUTER_BOUND('',#1489,.T.);
#874=FACE_OUTER_BOUND('',#1490,.T.);
#875=FACE_OUTER_BOUND('',#1491,.T.);
#876=FACE_OUTER_BOUND('',#1492,.T.);
#877=FACE_OUTER_BOUND('',#1493,.T.);
#878=FACE_OUTER_BOUND('',#1494,.T.);
#879=FACE_OUTER_BOUND('',#1495,.T.);
#880=FACE_OUTER_BOUND('',#1496,.T.);
#881=FACE_OUTER_BOUND('',#1497,.T.);
#882=FACE_OUTER_BOUND('',#1498,.T.);
#883=FACE_OUTER_BOUND('',#1499,.T.);
#884=FACE_OUTER_BOUND('',#1500,.T.);
#885=FACE_OUTER_BOUND('',#1501,.T.);
#886=FACE_OUTER_BOUND('',#1502,.T.);
#887=FACE_OUTER_BOUND('',#1503,.T.);
#888=FACE_OUTER_BOUND('',#1504,.T.);
#889=FACE_OUTER_BOUND('',#1505,.T.);
#890=FACE_OUTER_BOUND('',#1506,.T.);
#891=FACE_OUTER_BOUND('',#1507,.T.);
#892=FACE_OUTER_BOUND('',#1508,.T.);
#893=FACE_OUTER_BOUND('',#1509,.T.);
#894=FACE_OUTER_BOUND('',#1510,.T.);
#895=FACE_OUTER_BOUND('',#1511,.T.);
#896=FACE_OUTER_BOUND('',#1512,.T.);
#897=FACE_OUTER_BOUND('',#1513,.T.);
#898=FACE_OUTER_BOUND('',#1514,.T.);
#899=FACE_OUTER_BOUND('',#1515,.T.);
#900=FACE_OUTER_BOUND('',#1516,.T.);
#901=FACE_OUTER_BOUND('',#1517,.T.);
#902=FACE_OUTER_BOUND('',#1518,.T.);
#903=EDGE_LOOP('',(#6463,#6464,#6465,#6466));
#904=EDGE_LOOP('',(#6467,#6468,#6469,#6470));
#905=EDGE_LOOP('',(#6471,#6472,#6473,#6474));
#906=EDGE_LOOP('',(#6475,#6476,#6477,#6478));
#907=EDGE_LOOP('',(#6479,#6480,#6481,#6482));
#908=EDGE_LOOP('',(#6483,#6484,#6485,#6486));
#909=EDGE_LOOP('',(#6487,#6488,#6489,#6490));
#910=EDGE_LOOP('',(#6491,#6492,#6493,#6494));
#911=EDGE_LOOP('',(#6495,#6496,#6497,#6498,#6499,#6500,#6501,#6502));
#912=EDGE_LOOP('',(#6503,#6504,#6505,#6506,#6507,#6508,#6509,#6510));
#913=EDGE_LOOP('',(#6511,#6512,#6513,#6514));
#914=EDGE_LOOP('',(#6515,#6516,#6517,#6518));
#915=EDGE_LOOP('',(#6519,#6520,#6521,#6522));
#916=EDGE_LOOP('',(#6523,#6524,#6525,#6526));
#917=EDGE_LOOP('',(#6527,#6528,#6529,#6530));
#918=EDGE_LOOP('',(#6531,#6532,#6533,#6534));
#919=EDGE_LOOP('',(#6535,#6536,#6537,#6538));
#920=EDGE_LOOP('',(#6539,#6540,#6541,#6542));
#921=EDGE_LOOP('',(#6543,#6544,#6545,#6546));
#922=EDGE_LOOP('',(#6547,#6548,#6549,#6550));
#923=EDGE_LOOP('',(#6551,#6552,#6553,#6554));
#924=EDGE_LOOP('',(#6555,#6556,#6557,#6558));
#925=EDGE_LOOP('',(#6559,#6560,#6561,#6562));
#926=EDGE_LOOP('',(#6563,#6564,#6565,#6566));
#927=EDGE_LOOP('',(#6567,#6568,#6569,#6570));
#928=EDGE_LOOP('',(#6571,#6572,#6573,#6574));
#929=EDGE_LOOP('',(#6575,#6576,#6577,#6578));
#930=EDGE_LOOP('',(#6579,#6580,#6581,#6582,#6583,#6584,#6585,#6586));
#931=EDGE_LOOP('',(#6587));
#932=EDGE_LOOP('',(#6588));
#933=EDGE_LOOP('',(#6589,#6590,#6591,#6592));
#934=EDGE_LOOP('',(#6593,#6594,#6595,#6596));
#935=EDGE_LOOP('',(#6597,#6598,#6599,#6600));
#936=EDGE_LOOP('',(#6601,#6602,#6603,#6604,#6605,#6606,#6607,#6608));
#937=EDGE_LOOP('',(#6609));
#938=EDGE_LOOP('',(#6610));
#939=EDGE_LOOP('',(#6611,#6612,#6613,#6614));
#940=EDGE_LOOP('',(#6615,#6616,#6617,#6618));
#941=EDGE_LOOP('',(#6619,#6620,#6621,#6622));
#942=EDGE_LOOP('',(#6623));
#943=EDGE_LOOP('',(#6624));
#944=EDGE_LOOP('',(#6625,#6626,#6627,#6628));
#945=EDGE_LOOP('',(#6629,#6630,#6631,#6632));
#946=EDGE_LOOP('',(#6633,#6634,#6635,#6636));
#947=EDGE_LOOP('',(#6637));
#948=EDGE_LOOP('',(#6638));
#949=EDGE_LOOP('',(#6639,#6640,#6641,#6642));
#950=EDGE_LOOP('',(#6643,#6644,#6645,#6646,#6647,#6648,#6649,#6650,#6651,
#6652,#6653,#6654));
#951=EDGE_LOOP('',(#6655,#6656,#6657,#6658));
#952=EDGE_LOOP('',(#6659,#6660,#6661,#6662));
#953=EDGE_LOOP('',(#6663,#6664,#6665,#6666));
#954=EDGE_LOOP('',(#6667,#6668,#6669,#6670));
#955=EDGE_LOOP('',(#6671,#6672,#6673,#6674));
#956=EDGE_LOOP('',(#6675,#6676,#6677,#6678));
#957=EDGE_LOOP('',(#6679,#6680,#6681,#6682));
#958=EDGE_LOOP('',(#6683,#6684,#6685,#6686));
#959=EDGE_LOOP('',(#6687,#6688,#6689,#6690));
#960=EDGE_LOOP('',(#6691,#6692,#6693,#6694));
#961=EDGE_LOOP('',(#6695,#6696,#6697,#6698,#6699,#6700,#6701,#6702,#6703,
#6704,#6705,#6706));
#962=EDGE_LOOP('',(#6707,#6708,#6709,#6710));
#963=EDGE_LOOP('',(#6711));
#964=EDGE_LOOP('',(#6712));
#965=EDGE_LOOP('',(#6713,#6714,#6715,#6716));
#966=EDGE_LOOP('',(#6717,#6718,#6719,#6720,#6721,#6722,#6723,#6724));
#967=EDGE_LOOP('',(#6725));
#968=EDGE_LOOP('',(#6726));
#969=EDGE_LOOP('',(#6727,#6728,#6729,#6730));
#970=EDGE_LOOP('',(#6731,#6732,#6733,#6734,#6735,#6736,#6737,#6738));
#971=EDGE_LOOP('',(#6739));
#972=EDGE_LOOP('',(#6740));
#973=EDGE_LOOP('',(#6741,#6742,#6743,#6744));
#974=EDGE_LOOP('',(#6745,#6746,#6747,#6748));
#975=EDGE_LOOP('',(#6749));
#976=EDGE_LOOP('',(#6750));
#977=EDGE_LOOP('',(#6751,#6752,#6753,#6754));
#978=EDGE_LOOP('',(#6755,#6756,#6757,#6758));
#979=EDGE_LOOP('',(#6759,#6760,#6761,#6762));
#980=EDGE_LOOP('',(#6763,#6764,#6765,#6766));
#981=EDGE_LOOP('',(#6767));
#982=EDGE_LOOP('',(#6768,#6769,#6770,#6771));
#983=EDGE_LOOP('',(#6772,#6773,#6774,#6775));
#984=EDGE_LOOP('',(#6776));
#985=EDGE_LOOP('',(#6777,#6778,#6779,#6780));
#986=EDGE_LOOP('',(#6781,#6782,#6783,#6784,#6785,#6786,#6787,#6788,#6789,
#6790,#6791,#6792));
#987=EDGE_LOOP('',(#6793,#6794,#6795,#6796));
#988=EDGE_LOOP('',(#6797));
#989=EDGE_LOOP('',(#6798,#6799,#6800,#6801));
#990=EDGE_LOOP('',(#6802,#6803,#6804,#6805));
#991=EDGE_LOOP('',(#6806,#6807,#6808,#6809));
#992=EDGE_LOOP('',(#6810));
#993=EDGE_LOOP('',(#6811,#6812,#6813,#6814));
#994=EDGE_LOOP('',(#6815,#6816,#6817,#6818,#6819,#6820,#6821,#6822,#6823,
#6824,#6825,#6826));
#995=EDGE_LOOP('',(#6827,#6828,#6829,#6830));
#996=EDGE_LOOP('',(#6831,#6832,#6833,#6834));
#997=EDGE_LOOP('',(#6835,#6836,#6837,#6838));
#998=EDGE_LOOP('',(#6839,#6840,#6841,#6842));
#999=EDGE_LOOP('',(#6843,#6844,#6845,#6846));
#1000=EDGE_LOOP('',(#6847,#6848,#6849,#6850));
#1001=EDGE_LOOP('',(#6851,#6852,#6853,#6854));
#1002=EDGE_LOOP('',(#6855,#6856,#6857,#6858));
#1003=EDGE_LOOP('',(#6859));
#1004=EDGE_LOOP('',(#6860,#6861,#6862,#6863,#6864,#6865,#6866,#6867));
#1005=EDGE_LOOP('',(#6868,#6869,#6870,#6871));
#1006=EDGE_LOOP('',(#6872));
#1007=EDGE_LOOP('',(#6873,#6874,#6875,#6876));
#1008=EDGE_LOOP('',(#6877,#6878,#6879,#6880));
#1009=EDGE_LOOP('',(#6881,#6882,#6883,#6884));
#1010=EDGE_LOOP('',(#6885,#6886,#6887,#6888));
#1011=EDGE_LOOP('',(#6889,#6890,#6891,#6892));
#1012=EDGE_LOOP('',(#6893));
#1013=EDGE_LOOP('',(#6894,#6895,#6896,#6897,#6898,#6899,#6900,#6901));
#1014=EDGE_LOOP('',(#6902,#6903,#6904,#6905));
#1015=EDGE_LOOP('',(#6906));
#1016=EDGE_LOOP('',(#6907,#6908,#6909,#6910,#6911,#6912,#6913,#6914,#6915,
#6916,#6917,#6918));
#1017=EDGE_LOOP('',(#6919,#6920,#6921,#6922));
#1018=EDGE_LOOP('',(#6923,#6924,#6925,#6926));
#1019=EDGE_LOOP('',(#6927,#6928,#6929,#6930,#6931,#6932,#6933,#6934));
#1020=EDGE_LOOP('',(#6935,#6936,#6937,#6938,#6939,#6940,#6941,#6942));
#1021=EDGE_LOOP('',(#6943,#6944,#6945,#6946));
#1022=EDGE_LOOP('',(#6947,#6948,#6949,#6950));
#1023=EDGE_LOOP('',(#6951,#6952,#6953,#6954));
#1024=EDGE_LOOP('',(#6955,#6956,#6957,#6958));
#1025=EDGE_LOOP('',(#6959,#6960,#6961,#6962,#6963,#6964,#6965,#6966,#6967,
#6968,#6969,#6970));
#1026=EDGE_LOOP('',(#6971,#6972,#6973,#6974));
#1027=EDGE_LOOP('',(#6975,#6976,#6977,#6978));
#1028=EDGE_LOOP('',(#6979,#6980,#6981,#6982));
#1029=EDGE_LOOP('',(#6983,#6984,#6985,#6986));
#1030=EDGE_LOOP('',(#6987,#6988,#6989,#6990));
#1031=EDGE_LOOP('',(#6991,#6992,#6993,#6994));
#1032=EDGE_LOOP('',(#6995,#6996,#6997,#6998));
#1033=EDGE_LOOP('',(#6999,#7000,#7001,#7002,#7003,#7004,#7005,#7006,#7007,
#7008,#7009,#7010));
#1034=EDGE_LOOP('',(#7011,#7012,#7013,#7014));
#1035=EDGE_LOOP('',(#7015,#7016,#7017,#7018));
#1036=EDGE_LOOP('',(#7019,#7020,#7021,#7022));
#1037=EDGE_LOOP('',(#7023,#7024,#7025,#7026));
#1038=EDGE_LOOP('',(#7027,#7028,#7029,#7030,#7031,#7032,#7033,#7034,#7035,
#7036,#7037,#7038));
#1039=EDGE_LOOP('',(#7039,#7040,#7041,#7042));
#1040=EDGE_LOOP('',(#7043,#7044,#7045,#7046));
#1041=EDGE_LOOP('',(#7047,#7048,#7049,#7050));
#1042=EDGE_LOOP('',(#7051,#7052,#7053,#7054));
#1043=EDGE_LOOP('',(#7055,#7056,#7057,#7058));
#1044=EDGE_LOOP('',(#7059,#7060,#7061,#7062));
#1045=EDGE_LOOP('',(#7063,#7064,#7065,#7066));
#1046=EDGE_LOOP('',(#7067,#7068,#7069,#7070));
#1047=EDGE_LOOP('',(#7071,#7072,#7073,#7074,#7075,#7076,#7077,#7078,#7079,
#7080,#7081,#7082));
#1048=EDGE_LOOP('',(#7083,#7084,#7085,#7086));
#1049=EDGE_LOOP('',(#7087,#7088,#7089,#7090));
#1050=EDGE_LOOP('',(#7091,#7092,#7093,#7094));
#1051=EDGE_LOOP('',(#7095,#7096,#7097,#7098));
#1052=EDGE_LOOP('',(#7099,#7100,#7101,#7102));
#1053=EDGE_LOOP('',(#7103,#7104,#7105,#7106,#7107,#7108,#7109,#7110,#7111,
#7112,#7113,#7114));
#1054=EDGE_LOOP('',(#7115,#7116,#7117,#7118));
#1055=EDGE_LOOP('',(#7119,#7120,#7121,#7122));
#1056=EDGE_LOOP('',(#7123,#7124,#7125,#7126));
#1057=EDGE_LOOP('',(#7127,#7128,#7129,#7130));
#1058=EDGE_LOOP('',(#7131,#7132,#7133,#7134));
#1059=EDGE_LOOP('',(#7135,#7136,#7137,#7138));
#1060=EDGE_LOOP('',(#7139,#7140,#7141,#7142,#7143,#7144,#7145,#7146,#7147,
#7148,#7149,#7150));
#1061=EDGE_LOOP('',(#7151,#7152,#7153,#7154));
#1062=EDGE_LOOP('',(#7155,#7156,#7157,#7158));
#1063=EDGE_LOOP('',(#7159,#7160,#7161,#7162));
#1064=EDGE_LOOP('',(#7163,#7164,#7165,#7166));
#1065=EDGE_LOOP('',(#7167,#7168,#7169,#7170));
#1066=EDGE_LOOP('',(#7171,#7172,#7173,#7174));
#1067=EDGE_LOOP('',(#7175,#7176,#7177,#7178,#7179,#7180,#7181,#7182,#7183,
#7184,#7185,#7186));
#1068=EDGE_LOOP('',(#7187,#7188,#7189,#7190));
#1069=EDGE_LOOP('',(#7191,#7192,#7193,#7194));
#1070=EDGE_LOOP('',(#7195,#7196,#7197,#7198));
#1071=EDGE_LOOP('',(#7199,#7200,#7201,#7202));
#1072=EDGE_LOOP('',(#7203,#7204,#7205,#7206));
#1073=EDGE_LOOP('',(#7207,#7208,#7209,#7210));
#1074=EDGE_LOOP('',(#7211,#7212,#7213,#7214));
#1075=EDGE_LOOP('',(#7215,#7216,#7217,#7218,#7219,#7220,#7221,#7222,#7223,
#7224,#7225,#7226));
#1076=EDGE_LOOP('',(#7227,#7228,#7229,#7230));
#1077=EDGE_LOOP('',(#7231,#7232,#7233,#7234));
#1078=EDGE_LOOP('',(#7235,#7236,#7237,#7238));
#1079=EDGE_LOOP('',(#7239,#7240,#7241,#7242));
#1080=EDGE_LOOP('',(#7243,#7244,#7245,#7246));
#1081=EDGE_LOOP('',(#7247,#7248,#7249,#7250,#7251,#7252,#7253,#7254,#7255,
#7256,#7257,#7258));
#1082=EDGE_LOOP('',(#7259,#7260,#7261,#7262));
#1083=EDGE_LOOP('',(#7263,#7264,#7265,#7266));
#1084=EDGE_LOOP('',(#7267,#7268,#7269,#7270));
#1085=EDGE_LOOP('',(#7271,#7272,#7273,#7274));
#1086=EDGE_LOOP('',(#7275,#7276,#7277,#7278));
#1087=EDGE_LOOP('',(#7279,#7280,#7281,#7282));
#1088=EDGE_LOOP('',(#7283,#7284,#7285,#7286,#7287,#7288,#7289,#7290,#7291,
#7292,#7293,#7294));
#1089=EDGE_LOOP('',(#7295,#7296,#7297,#7298));
#1090=EDGE_LOOP('',(#7299,#7300,#7301,#7302));
#1091=EDGE_LOOP('',(#7303,#7304,#7305,#7306));
#1092=EDGE_LOOP('',(#7307,#7308,#7309,#7310));
#1093=EDGE_LOOP('',(#7311,#7312,#7313,#7314));
#1094=EDGE_LOOP('',(#7315,#7316,#7317,#7318));
#1095=EDGE_LOOP('',(#7319,#7320,#7321,#7322,#7323,#7324,#7325,#7326,#7327,
#7328,#7329,#7330));
#1096=EDGE_LOOP('',(#7331,#7332,#7333,#7334));
#1097=EDGE_LOOP('',(#7335,#7336,#7337,#7338));
#1098=EDGE_LOOP('',(#7339,#7340,#7341,#7342));
#1099=EDGE_LOOP('',(#7343,#7344,#7345,#7346));
#1100=EDGE_LOOP('',(#7347,#7348,#7349,#7350));
#1101=EDGE_LOOP('',(#7351,#7352,#7353,#7354));
#1102=EDGE_LOOP('',(#7355,#7356,#7357,#7358,#7359,#7360,#7361,#7362,#7363,
#7364,#7365,#7366));
#1103=EDGE_LOOP('',(#7367,#7368,#7369,#7370));
#1104=EDGE_LOOP('',(#7371,#7372,#7373,#7374));
#1105=EDGE_LOOP('',(#7375,#7376,#7377,#7378));
#1106=EDGE_LOOP('',(#7379,#7380,#7381,#7382));
#1107=EDGE_LOOP('',(#7383,#7384,#7385,#7386));
#1108=EDGE_LOOP('',(#7387,#7388,#7389,#7390));
#1109=EDGE_LOOP('',(#7391,#7392,#7393,#7394,#7395,#7396,#7397,#7398,#7399,
#7400,#7401,#7402));
#1110=EDGE_LOOP('',(#7403,#7404,#7405,#7406));
#1111=EDGE_LOOP('',(#7407,#7408,#7409,#7410));
#1112=EDGE_LOOP('',(#7411,#7412,#7413,#7414));
#1113=EDGE_LOOP('',(#7415,#7416,#7417,#7418));
#1114=EDGE_LOOP('',(#7419,#7420,#7421,#7422));
#1115=EDGE_LOOP('',(#7423,#7424,#7425,#7426));
#1116=EDGE_LOOP('',(#7427,#7428,#7429,#7430));
#1117=EDGE_LOOP('',(#7431,#7432,#7433,#7434,#7435,#7436,#7437,#7438,#7439,
#7440,#7441,#7442));
#1118=EDGE_LOOP('',(#7443,#7444,#7445,#7446));
#1119=EDGE_LOOP('',(#7447,#7448,#7449,#7450));
#1120=EDGE_LOOP('',(#7451,#7452,#7453,#7454));
#1121=EDGE_LOOP('',(#7455,#7456,#7457,#7458));
#1122=EDGE_LOOP('',(#7459,#7460,#7461,#7462));
#1123=EDGE_LOOP('',(#7463,#7464,#7465,#7466,#7467,#7468,#7469,#7470,#7471,
#7472,#7473,#7474));
#1124=EDGE_LOOP('',(#7475,#7476,#7477,#7478));
#1125=EDGE_LOOP('',(#7479,#7480,#7481,#7482));
#1126=EDGE_LOOP('',(#7483,#7484,#7485,#7486));
#1127=EDGE_LOOP('',(#7487,#7488,#7489,#7490));
#1128=EDGE_LOOP('',(#7491,#7492,#7493,#7494));
#1129=EDGE_LOOP('',(#7495,#7496,#7497,#7498));
#1130=EDGE_LOOP('',(#7499,#7500,#7501,#7502,#7503,#7504,#7505,#7506,#7507,
#7508,#7509,#7510));
#1131=EDGE_LOOP('',(#7511,#7512,#7513,#7514));
#1132=EDGE_LOOP('',(#7515,#7516,#7517,#7518));
#1133=EDGE_LOOP('',(#7519,#7520,#7521,#7522));
#1134=EDGE_LOOP('',(#7523,#7524,#7525,#7526));
#1135=EDGE_LOOP('',(#7527,#7528,#7529,#7530));
#1136=EDGE_LOOP('',(#7531,#7532,#7533,#7534));
#1137=EDGE_LOOP('',(#7535,#7536,#7537,#7538,#7539,#7540,#7541,#7542,#7543,
#7544,#7545,#7546));
#1138=EDGE_LOOP('',(#7547,#7548,#7549,#7550));
#1139=EDGE_LOOP('',(#7551,#7552,#7553,#7554));
#1140=EDGE_LOOP('',(#7555,#7556,#7557,#7558));
#1141=EDGE_LOOP('',(#7559,#7560,#7561,#7562));
#1142=EDGE_LOOP('',(#7563,#7564,#7565,#7566));
#1143=EDGE_LOOP('',(#7567,#7568,#7569,#7570));
#1144=EDGE_LOOP('',(#7571,#7572,#7573,#7574,#7575,#7576,#7577,#7578,#7579,
#7580,#7581,#7582));
#1145=EDGE_LOOP('',(#7583,#7584,#7585,#7586));
#1146=EDGE_LOOP('',(#7587,#7588,#7589,#7590));
#1147=EDGE_LOOP('',(#7591,#7592,#7593,#7594));
#1148=EDGE_LOOP('',(#7595,#7596,#7597,#7598));
#1149=EDGE_LOOP('',(#7599,#7600,#7601,#7602));
#1150=EDGE_LOOP('',(#7603,#7604,#7605,#7606));
#1151=EDGE_LOOP('',(#7607,#7608,#7609,#7610,#7611,#7612,#7613,#7614,#7615,
#7616,#7617,#7618));
#1152=EDGE_LOOP('',(#7619,#7620,#7621,#7622));
#1153=EDGE_LOOP('',(#7623,#7624,#7625,#7626));
#1154=EDGE_LOOP('',(#7627,#7628,#7629,#7630));
#1155=EDGE_LOOP('',(#7631,#7632,#7633,#7634));
#1156=EDGE_LOOP('',(#7635,#7636,#7637,#7638));
#1157=EDGE_LOOP('',(#7639,#7640,#7641,#7642));
#1158=EDGE_LOOP('',(#7643,#7644,#7645,#7646,#7647,#7648,#7649,#7650,#7651,
#7652,#7653,#7654));
#1159=EDGE_LOOP('',(#7655,#7656,#7657,#7658));
#1160=EDGE_LOOP('',(#7659,#7660,#7661,#7662));
#1161=EDGE_LOOP('',(#7663,#7664,#7665,#7666));
#1162=EDGE_LOOP('',(#7667,#7668,#7669,#7670));
#1163=EDGE_LOOP('',(#7671,#7672,#7673,#7674));
#1164=EDGE_LOOP('',(#7675,#7676,#7677,#7678));
#1165=EDGE_LOOP('',(#7679,#7680,#7681,#7682,#7683,#7684,#7685,#7686,#7687,
#7688,#7689,#7690));
#1166=EDGE_LOOP('',(#7691,#7692,#7693,#7694));
#1167=EDGE_LOOP('',(#7695,#7696,#7697,#7698));
#1168=EDGE_LOOP('',(#7699,#7700,#7701,#7702));
#1169=EDGE_LOOP('',(#7703,#7704,#7705,#7706));
#1170=EDGE_LOOP('',(#7707,#7708,#7709,#7710));
#1171=EDGE_LOOP('',(#7711,#7712,#7713,#7714));
#1172=EDGE_LOOP('',(#7715,#7716,#7717,#7718,#7719,#7720,#7721,#7722,#7723,
#7724,#7725,#7726));
#1173=EDGE_LOOP('',(#7727,#7728,#7729,#7730));
#1174=EDGE_LOOP('',(#7731,#7732,#7733,#7734));
#1175=EDGE_LOOP('',(#7735,#7736,#7737,#7738));
#1176=EDGE_LOOP('',(#7739,#7740,#7741,#7742,#7743,#7744,#7745,#7746,#7747,
#7748,#7749,#7750));
#1177=EDGE_LOOP('',(#7751,#7752,#7753,#7754));
#1178=EDGE_LOOP('',(#7755,#7756,#7757,#7758));
#1179=EDGE_LOOP('',(#7759,#7760,#7761,#7762));
#1180=EDGE_LOOP('',(#7763,#7764,#7765,#7766));
#1181=EDGE_LOOP('',(#7767,#7768,#7769,#7770));
#1182=EDGE_LOOP('',(#7771,#7772,#7773,#7774));
#1183=EDGE_LOOP('',(#7775,#7776,#7777,#7778));
#1184=EDGE_LOOP('',(#7779,#7780,#7781,#7782));
#1185=EDGE_LOOP('',(#7783,#7784,#7785,#7786,#7787,#7788,#7789,#7790,#7791,
#7792,#7793,#7794));
#1186=EDGE_LOOP('',(#7795,#7796,#7797,#7798));
#1187=EDGE_LOOP('',(#7799,#7800,#7801,#7802));
#1188=EDGE_LOOP('',(#7803,#7804,#7805,#7806));
#1189=EDGE_LOOP('',(#7807,#7808,#7809,#7810));
#1190=EDGE_LOOP('',(#7811));
#1191=EDGE_LOOP('',(#7812));
#1192=EDGE_LOOP('',(#7813,#7814,#7815,#7816));
#1193=EDGE_LOOP('',(#7817));
#1194=EDGE_LOOP('',(#7818));
#1195=EDGE_LOOP('',(#7819,#7820,#7821,#7822));
#1196=EDGE_LOOP('',(#7823));
#1197=EDGE_LOOP('',(#7824));
#1198=EDGE_LOOP('',(#7825,#7826,#7827,#7828));
#1199=EDGE_LOOP('',(#7829));
#1200=EDGE_LOOP('',(#7830));
#1201=EDGE_LOOP('',(#7831,#7832,#7833,#7834));
#1202=EDGE_LOOP('',(#7835));
#1203=EDGE_LOOP('',(#7836));
#1204=EDGE_LOOP('',(#7837,#7838,#7839,#7840));
#1205=EDGE_LOOP('',(#7841));
#1206=EDGE_LOOP('',(#7842));
#1207=EDGE_LOOP('',(#7843,#7844,#7845,#7846));
#1208=EDGE_LOOP('',(#7847));
#1209=EDGE_LOOP('',(#7848));
#1210=EDGE_LOOP('',(#7849,#7850,#7851,#7852));
#1211=EDGE_LOOP('',(#7853));
#1212=EDGE_LOOP('',(#7854));
#1213=EDGE_LOOP('',(#7855,#7856,#7857,#7858));
#1214=EDGE_LOOP('',(#7859,#7860,#7861,#7862,#7863,#7864,#7865,#7866,#7867,
#7868,#7869,#7870));
#1215=EDGE_LOOP('',(#7871,#7872,#7873,#7874));
#1216=EDGE_LOOP('',(#7875,#7876,#7877,#7878));
#1217=EDGE_LOOP('',(#7879,#7880,#7881,#7882));
#1218=EDGE_LOOP('',(#7883,#7884,#7885,#7886));
#1219=EDGE_LOOP('',(#7887,#7888,#7889,#7890));
#1220=EDGE_LOOP('',(#7891,#7892,#7893,#7894));
#1221=EDGE_LOOP('',(#7895,#7896,#7897,#7898));
#1222=EDGE_LOOP('',(#7899,#7900,#7901,#7902));
#1223=EDGE_LOOP('',(#7903,#7904,#7905,#7906,#7907,#7908,#7909,#7910,#7911,
#7912,#7913,#7914));
#1224=EDGE_LOOP('',(#7915,#7916,#7917,#7918));
#1225=EDGE_LOOP('',(#7919,#7920,#7921,#7922));
#1226=EDGE_LOOP('',(#7923,#7924,#7925,#7926));
#1227=EDGE_LOOP('',(#7927,#7928,#7929,#7930));
#1228=EDGE_LOOP('',(#7931,#7932,#7933,#7934));
#1229=EDGE_LOOP('',(#7935,#7936,#7937,#7938));
#1230=EDGE_LOOP('',(#7939,#7940,#7941,#7942));
#1231=EDGE_LOOP('',(#7943,#7944,#7945,#7946,#7947,#7948,#7949,#7950,#7951,
#7952,#7953,#7954));
#1232=EDGE_LOOP('',(#7955,#7956,#7957,#7958));
#1233=EDGE_LOOP('',(#7959,#7960,#7961,#7962));
#1234=EDGE_LOOP('',(#7963,#7964,#7965,#7966));
#1235=EDGE_LOOP('',(#7967,#7968,#7969,#7970));
#1236=EDGE_LOOP('',(#7971,#7972,#7973,#7974));
#1237=EDGE_LOOP('',(#7975,#7976,#7977,#7978));
#1238=EDGE_LOOP('',(#7979,#7980,#7981,#7982,#7983,#7984,#7985,#7986,#7987,
#7988,#7989,#7990));
#1239=EDGE_LOOP('',(#7991,#7992,#7993,#7994));
#1240=EDGE_LOOP('',(#7995,#7996,#7997,#7998));
#1241=EDGE_LOOP('',(#7999,#8000,#8001,#8002));
#1242=EDGE_LOOP('',(#8003,#8004,#8005,#8006));
#1243=EDGE_LOOP('',(#8007,#8008,#8009,#8010));
#1244=EDGE_LOOP('',(#8011,#8012,#8013,#8014));
#1245=EDGE_LOOP('',(#8015,#8016,#8017,#8018,#8019,#8020,#8021,#8022,#8023,
#8024,#8025,#8026));
#1246=EDGE_LOOP('',(#8027,#8028,#8029,#8030));
#1247=EDGE_LOOP('',(#8031,#8032,#8033,#8034));
#1248=EDGE_LOOP('',(#8035,#8036,#8037,#8038));
#1249=EDGE_LOOP('',(#8039,#8040,#8041,#8042));
#1250=EDGE_LOOP('',(#8043,#8044,#8045,#8046));
#1251=EDGE_LOOP('',(#8047,#8048,#8049,#8050));
#1252=EDGE_LOOP('',(#8051,#8052,#8053,#8054,#8055,#8056,#8057,#8058,#8059,
#8060,#8061,#8062));
#1253=EDGE_LOOP('',(#8063,#8064,#8065,#8066));
#1254=EDGE_LOOP('',(#8067,#8068,#8069,#8070));
#1255=EDGE_LOOP('',(#8071,#8072,#8073,#8074));
#1256=EDGE_LOOP('',(#8075,#8076,#8077,#8078));
#1257=EDGE_LOOP('',(#8079,#8080,#8081,#8082));
#1258=EDGE_LOOP('',(#8083,#8084,#8085,#8086));
#1259=EDGE_LOOP('',(#8087,#8088,#8089,#8090,#8091,#8092,#8093,#8094,#8095,
#8096,#8097,#8098));
#1260=EDGE_LOOP('',(#8099,#8100,#8101,#8102));
#1261=EDGE_LOOP('',(#8103,#8104,#8105,#8106));
#1262=EDGE_LOOP('',(#8107,#8108,#8109,#8110));
#1263=EDGE_LOOP('',(#8111,#8112,#8113,#8114));
#1264=EDGE_LOOP('',(#8115,#8116,#8117,#8118));
#1265=EDGE_LOOP('',(#8119,#8120,#8121,#8122));
#1266=EDGE_LOOP('',(#8123,#8124,#8125,#8126,#8127,#8128,#8129,#8130,#8131,
#8132,#8133,#8134));
#1267=EDGE_LOOP('',(#8135,#8136,#8137,#8138));
#1268=EDGE_LOOP('',(#8139,#8140,#8141,#8142));
#1269=EDGE_LOOP('',(#8143,#8144,#8145,#8146));
#1270=EDGE_LOOP('',(#8147,#8148,#8149,#8150));
#1271=EDGE_LOOP('',(#8151,#8152,#8153,#8154));
#1272=EDGE_LOOP('',(#8155,#8156,#8157,#8158));
#1273=EDGE_LOOP('',(#8159,#8160,#8161,#8162,#8163,#8164,#8165,#8166,#8167,
#8168,#8169,#8170));
#1274=EDGE_LOOP('',(#8171,#8172,#8173,#8174));
#1275=EDGE_LOOP('',(#8175,#8176,#8177,#8178));
#1276=EDGE_LOOP('',(#8179,#8180,#8181,#8182));
#1277=EDGE_LOOP('',(#8183,#8184,#8185,#8186));
#1278=EDGE_LOOP('',(#8187,#8188,#8189,#8190));
#1279=EDGE_LOOP('',(#8191,#8192,#8193,#8194));
#1280=EDGE_LOOP('',(#8195,#8196,#8197,#8198,#8199,#8200,#8201,#8202,#8203,
#8204,#8205,#8206));
#1281=EDGE_LOOP('',(#8207,#8208,#8209,#8210));
#1282=EDGE_LOOP('',(#8211,#8212,#8213,#8214));
#1283=EDGE_LOOP('',(#8215,#8216,#8217,#8218));
#1284=EDGE_LOOP('',(#8219,#8220,#8221,#8222));
#1285=EDGE_LOOP('',(#8223,#8224,#8225,#8226));
#1286=EDGE_LOOP('',(#8227,#8228,#8229,#8230));
#1287=EDGE_LOOP('',(#8231,#8232,#8233,#8234,#8235,#8236,#8237,#8238,#8239,
#8240,#8241,#8242));
#1288=EDGE_LOOP('',(#8243,#8244,#8245,#8246));
#1289=EDGE_LOOP('',(#8247,#8248,#8249,#8250));
#1290=EDGE_LOOP('',(#8251,#8252,#8253,#8254));
#1291=EDGE_LOOP('',(#8255,#8256,#8257,#8258));
#1292=EDGE_LOOP('',(#8259,#8260,#8261,#8262));
#1293=EDGE_LOOP('',(#8263,#8264,#8265,#8266));
#1294=EDGE_LOOP('',(#8267,#8268,#8269,#8270));
#1295=EDGE_LOOP('',(#8271,#8272,#8273,#8274,#8275,#8276,#8277,#8278,#8279,
#8280,#8281,#8282));
#1296=EDGE_LOOP('',(#8283,#8284,#8285,#8286));
#1297=EDGE_LOOP('',(#8287,#8288,#8289,#8290));
#1298=EDGE_LOOP('',(#8291,#8292,#8293,#8294));
#1299=EDGE_LOOP('',(#8295,#8296,#8297,#8298));
#1300=EDGE_LOOP('',(#8299,#8300,#8301,#8302));
#1301=EDGE_LOOP('',(#8303,#8304,#8305,#8306,#8307,#8308,#8309,#8310,#8311,
#8312,#8313,#8314));
#1302=EDGE_LOOP('',(#8315,#8316,#8317,#8318));
#1303=EDGE_LOOP('',(#8319,#8320,#8321,#8322));
#1304=EDGE_LOOP('',(#8323,#8324,#8325,#8326));
#1305=EDGE_LOOP('',(#8327,#8328,#8329,#8330));
#1306=EDGE_LOOP('',(#8331,#8332,#8333,#8334));
#1307=EDGE_LOOP('',(#8335,#8336,#8337,#8338));
#1308=EDGE_LOOP('',(#8339,#8340,#8341,#8342));
#1309=EDGE_LOOP('',(#8343,#8344,#8345,#8346,#8347,#8348,#8349,#8350,#8351,
#8352,#8353,#8354));
#1310=EDGE_LOOP('',(#8355,#8356,#8357,#8358));
#1311=EDGE_LOOP('',(#8359,#8360,#8361,#8362));
#1312=EDGE_LOOP('',(#8363,#8364,#8365,#8366));
#1313=EDGE_LOOP('',(#8367,#8368,#8369,#8370));
#1314=EDGE_LOOP('',(#8371,#8372,#8373,#8374));
#1315=EDGE_LOOP('',(#8375,#8376,#8377,#8378,#8379,#8380,#8381,#8382,#8383,
#8384,#8385,#8386));
#1316=EDGE_LOOP('',(#8387,#8388,#8389,#8390));
#1317=EDGE_LOOP('',(#8391,#8392,#8393,#8394));
#1318=EDGE_LOOP('',(#8395,#8396,#8397,#8398));
#1319=EDGE_LOOP('',(#8399,#8400,#8401,#8402));
#1320=EDGE_LOOP('',(#8403,#8404,#8405,#8406));
#1321=EDGE_LOOP('',(#8407,#8408,#8409,#8410));
#1322=EDGE_LOOP('',(#8411,#8412,#8413,#8414,#8415,#8416,#8417,#8418,#8419,
#8420,#8421,#8422));
#1323=EDGE_LOOP('',(#8423,#8424,#8425,#8426));
#1324=EDGE_LOOP('',(#8427,#8428,#8429,#8430));
#1325=EDGE_LOOP('',(#8431,#8432,#8433,#8434));
#1326=EDGE_LOOP('',(#8435,#8436,#8437,#8438));
#1327=EDGE_LOOP('',(#8439,#8440,#8441,#8442));
#1328=EDGE_LOOP('',(#8443,#8444,#8445,#8446));
#1329=EDGE_LOOP('',(#8447,#8448,#8449,#8450,#8451,#8452,#8453,#8454,#8455,
#8456,#8457,#8458));
#1330=EDGE_LOOP('',(#8459,#8460,#8461,#8462));
#1331=EDGE_LOOP('',(#8463,#8464,#8465,#8466));
#1332=EDGE_LOOP('',(#8467,#8468,#8469,#8470));
#1333=EDGE_LOOP('',(#8471,#8472,#8473,#8474));
#1334=EDGE_LOOP('',(#8475,#8476,#8477,#8478));
#1335=EDGE_LOOP('',(#8479,#8480,#8481,#8482));
#1336=EDGE_LOOP('',(#8483,#8484,#8485,#8486,#8487,#8488,#8489,#8490,#8491,
#8492,#8493,#8494));
#1337=EDGE_LOOP('',(#8495,#8496,#8497,#8498));
#1338=EDGE_LOOP('',(#8499,#8500,#8501,#8502));
#1339=EDGE_LOOP('',(#8503,#8504,#8505,#8506));
#1340=EDGE_LOOP('',(#8507,#8508,#8509,#8510));
#1341=EDGE_LOOP('',(#8511,#8512,#8513,#8514));
#1342=EDGE_LOOP('',(#8515,#8516,#8517,#8518,#8519,#8520,#8521,#8522,#8523,
#8524,#8525,#8526));
#1343=EDGE_LOOP('',(#8527));
#1344=EDGE_LOOP('',(#8528));
#1345=EDGE_LOOP('',(#8529,#8530,#8531,#8532));
#1346=EDGE_LOOP('',(#8533,#8534,#8535,#8536,#8537,#8538,#8539,#8540));
#1347=EDGE_LOOP('',(#8541,#8542,#8543,#8544));
#1348=EDGE_LOOP('',(#8545,#8546,#8547,#8548));
#1349=EDGE_LOOP('',(#8549,#8550,#8551,#8552));
#1350=EDGE_LOOP('',(#8553,#8554,#8555,#8556,#8557,#8558,#8559,#8560));
#1351=EDGE_LOOP('',(#8561,#8562,#8563,#8564,#8565,#8566,#8567,#8568,#8569,
#8570));
#1352=EDGE_LOOP('',(#8571));
#1353=EDGE_LOOP('',(#8572));
#1354=EDGE_LOOP('',(#8573,#8574,#8575,#8576));
#1355=EDGE_LOOP('',(#8577,#8578,#8579,#8580,#8581,#8582,#8583,#8584,#8585,
#8586));
#1356=EDGE_LOOP('',(#8587));
#1357=EDGE_LOOP('',(#8588));
#1358=EDGE_LOOP('',(#8589,#8590,#8591,#8592));
#1359=EDGE_LOOP('',(#8593,#8594,#8595,#8596));
#1360=EDGE_LOOP('',(#8597,#8598,#8599,#8600));
#1361=EDGE_LOOP('',(#8601,#8602,#8603,#8604));
#1362=EDGE_LOOP('',(#8605,#8606,#8607,#8608));
#1363=EDGE_LOOP('',(#8609,#8610,#8611,#8612));
#1364=EDGE_LOOP('',(#8613,#8614,#8615,#8616));
#1365=EDGE_LOOP('',(#8617,#8618,#8619,#8620));
#1366=EDGE_LOOP('',(#8621,#8622,#8623,#8624));
#1367=EDGE_LOOP('',(#8625,#8626,#8627,#8628));
#1368=EDGE_LOOP('',(#8629,#8630,#8631,#8632));
#1369=EDGE_LOOP('',(#8633,#8634,#8635,#8636));
#1370=EDGE_LOOP('',(#8637,#8638,#8639,#8640,#8641,#8642,#8643,#8644,#8645,
#8646,#8647,#8648));
#1371=EDGE_LOOP('',(#8649));
#1372=EDGE_LOOP('',(#8650));
#1373=EDGE_LOOP('',(#8651,#8652,#8653,#8654));
#1374=EDGE_LOOP('',(#8655,#8656,#8657,#8658));
#1375=EDGE_LOOP('',(#8659,#8660,#8661,#8662));
#1376=EDGE_LOOP('',(#8663,#8664,#8665,#8666));
#1377=EDGE_LOOP('',(#8667,#8668,#8669,#8670,#8671,#8672));
#1378=EDGE_LOOP('',(#8673));
#1379=EDGE_LOOP('',(#8674,#8675,#8676,#8677));
#1380=EDGE_LOOP('',(#8678,#8679,#8680,#8681));
#1381=EDGE_LOOP('',(#8682,#8683,#8684,#8685));
#1382=EDGE_LOOP('',(#8686,#8687,#8688,#8689));
#1383=EDGE_LOOP('',(#8690,#8691,#8692,#8693,#8694,#8695));
#1384=EDGE_LOOP('',(#8696));
#1385=EDGE_LOOP('',(#8697,#8698,#8699,#8700));
#1386=EDGE_LOOP('',(#8701,#8702,#8703,#8704));
#1387=EDGE_LOOP('',(#8705));
#1388=EDGE_LOOP('',(#8706,#8707,#8708,#8709,#8710,#8711,#8712,#8713,#8714,
#8715,#8716,#8717));
#1389=EDGE_LOOP('',(#8718,#8719,#8720,#8721));
#1390=EDGE_LOOP('',(#8722,#8723,#8724,#8725));
#1391=EDGE_LOOP('',(#8726,#8727,#8728,#8729));
#1392=EDGE_LOOP('',(#8730));
#1393=EDGE_LOOP('',(#8731,#8732,#8733,#8734));
#1394=EDGE_LOOP('',(#8735,#8736,#8737,#8738,#8739,#8740,#8741,#8742,#8743,
#8744,#8745,#8746));
#1395=EDGE_LOOP('',(#8747,#8748,#8749,#8750));
#1396=EDGE_LOOP('',(#8751,#8752,#8753,#8754));
#1397=EDGE_LOOP('',(#8755,#8756,#8757,#8758));
#1398=EDGE_LOOP('',(#8759,#8760,#8761,#8762));
#1399=EDGE_LOOP('',(#8763,#8764,#8765,#8766));
#1400=EDGE_LOOP('',(#8767,#8768,#8769,#8770));
#1401=EDGE_LOOP('',(#8771,#8772,#8773,#8774));
#1402=EDGE_LOOP('',(#8775,#8776,#8777,#8778));
#1403=EDGE_LOOP('',(#8779));
#1404=EDGE_LOOP('',(#8780,#8781,#8782,#8783,#8784,#8785,#8786,#8787));
#1405=EDGE_LOOP('',(#8788,#8789,#8790,#8791));
#1406=EDGE_LOOP('',(#8792));
#1407=EDGE_LOOP('',(#8793,#8794,#8795,#8796));
#1408=EDGE_LOOP('',(#8797,#8798,#8799,#8800));
#1409=EDGE_LOOP('',(#8801,#8802,#8803,#8804));
#1410=EDGE_LOOP('',(#8805,#8806,#8807,#8808));
#1411=EDGE_LOOP('',(#8809,#8810,#8811,#8812));
#1412=EDGE_LOOP('',(#8813));
#1413=EDGE_LOOP('',(#8814,#8815,#8816,#8817,#8818,#8819,#8820,#8821));
#1414=EDGE_LOOP('',(#8822,#8823,#8824,#8825));
#1415=EDGE_LOOP('',(#8826));
#1416=EDGE_LOOP('',(#8827,#8828,#8829,#8830,#8831,#8832,#8833,#8834,#8835,
#8836,#8837,#8838));
#1417=EDGE_LOOP('',(#8839,#8840,#8841,#8842));
#1418=EDGE_LOOP('',(#8843,#8844,#8845,#8846));
#1419=EDGE_LOOP('',(#8847,#8848,#8849,#8850,#8851,#8852,#8853,#8854));
#1420=EDGE_LOOP('',(#8855,#8856,#8857,#8858,#8859,#8860,#8861,#8862));
#1421=EDGE_LOOP('',(#8863,#8864,#8865,#8866));
#1422=EDGE_LOOP('',(#8867,#8868,#8869,#8870));
#1423=EDGE_LOOP('',(#8871,#8872,#8873,#8874));
#1424=EDGE_LOOP('',(#8875,#8876,#8877,#8878));
#1425=EDGE_LOOP('',(#8879,#8880,#8881,#8882,#8883,#8884,#8885,#8886,#8887,
#8888,#8889,#8890));
#1426=EDGE_LOOP('',(#8891,#8892,#8893,#8894));
#1427=EDGE_LOOP('',(#8895,#8896,#8897,#8898));
#1428=EDGE_LOOP('',(#8899,#8900,#8901,#8902));
#1429=EDGE_LOOP('',(#8903,#8904,#8905,#8906));
#1430=EDGE_LOOP('',(#8907,#8908,#8909,#8910));
#1431=EDGE_LOOP('',(#8911,#8912,#8913,#8914));
#1432=EDGE_LOOP('',(#8915,#8916,#8917,#8918));
#1433=EDGE_LOOP('',(#8919,#8920,#8921,#8922,#8923,#8924,#8925,#8926,#8927,
#8928,#8929,#8930));
#1434=EDGE_LOOP('',(#8931,#8932,#8933,#8934));
#1435=EDGE_LOOP('',(#8935,#8936,#8937,#8938));
#1436=EDGE_LOOP('',(#8939,#8940,#8941,#8942));
#1437=EDGE_LOOP('',(#8943,#8944,#8945,#8946));
#1438=EDGE_LOOP('',(#8947,#8948,#8949,#8950,#8951,#8952,#8953,#8954,#8955,
#8956,#8957,#8958));
#1439=EDGE_LOOP('',(#8959,#8960,#8961,#8962));
#1440=EDGE_LOOP('',(#8963,#8964,#8965,#8966));
#1441=EDGE_LOOP('',(#8967,#8968,#8969,#8970));
#1442=EDGE_LOOP('',(#8971,#8972,#8973,#8974));
#1443=EDGE_LOOP('',(#8975,#8976,#8977,#8978));
#1444=EDGE_LOOP('',(#8979,#8980,#8981,#8982));
#1445=EDGE_LOOP('',(#8983,#8984,#8985,#8986));
#1446=EDGE_LOOP('',(#8987,#8988,#8989,#8990));
#1447=EDGE_LOOP('',(#8991,#8992,#8993,#8994,#8995,#8996,#8997,#8998,#8999,
#9000,#9001,#9002));
#1448=EDGE_LOOP('',(#9003,#9004,#9005,#9006));
#1449=EDGE_LOOP('',(#9007,#9008,#9009,#9010));
#1450=EDGE_LOOP('',(#9011,#9012,#9013,#9014));
#1451=EDGE_LOOP('',(#9015,#9016,#9017,#9018));
#1452=EDGE_LOOP('',(#9019,#9020,#9021,#9022));
#1453=EDGE_LOOP('',(#9023,#9024,#9025,#9026,#9027,#9028,#9029,#9030,#9031,
#9032,#9033,#9034));
#1454=EDGE_LOOP('',(#9035,#9036,#9037,#9038));
#1455=EDGE_LOOP('',(#9039,#9040,#9041,#9042));
#1456=EDGE_LOOP('',(#9043,#9044,#9045,#9046));
#1457=EDGE_LOOP('',(#9047,#9048,#9049,#9050));
#1458=EDGE_LOOP('',(#9051,#9052,#9053,#9054));
#1459=EDGE_LOOP('',(#9055,#9056,#9057,#9058));
#1460=EDGE_LOOP('',(#9059,#9060,#9061,#9062,#9063,#9064,#9065,#9066,#9067,
#9068,#9069,#9070));
#1461=EDGE_LOOP('',(#9071,#9072,#9073,#9074));
#1462=EDGE_LOOP('',(#9075,#9076,#9077,#9078));
#1463=EDGE_LOOP('',(#9079,#9080,#9081,#9082));
#1464=EDGE_LOOP('',(#9083,#9084,#9085,#9086));
#1465=EDGE_LOOP('',(#9087,#9088,#9089,#9090));
#1466=EDGE_LOOP('',(#9091,#9092,#9093,#9094));
#1467=EDGE_LOOP('',(#9095,#9096,#9097,#9098));
#1468=EDGE_LOOP('',(#9099,#9100,#9101,#9102,#9103,#9104,#9105,#9106));
#1469=EDGE_LOOP('',(#9107));
#1470=EDGE_LOOP('',(#9108));
#1471=EDGE_LOOP('',(#9109,#9110,#9111,#9112));
#1472=EDGE_LOOP('',(#9113,#9114,#9115,#9116));
#1473=EDGE_LOOP('',(#9117,#9118,#9119,#9120));
#1474=EDGE_LOOP('',(#9121,#9122,#9123,#9124,#9125,#9126,#9127,#9128));
#1475=EDGE_LOOP('',(#9129));
#1476=EDGE_LOOP('',(#9130));
#1477=EDGE_LOOP('',(#9131,#9132,#9133,#9134));
#1478=EDGE_LOOP('',(#9135,#9136,#9137,#9138));
#1479=EDGE_LOOP('',(#9139,#9140,#9141,#9142));
#1480=EDGE_LOOP('',(#9143));
#1481=EDGE_LOOP('',(#9144));
#1482=EDGE_LOOP('',(#9145,#9146,#9147,#9148));
#1483=EDGE_LOOP('',(#9149,#9150,#9151,#9152));
#1484=EDGE_LOOP('',(#9153,#9154,#9155,#9156));
#1485=EDGE_LOOP('',(#9157));
#1486=EDGE_LOOP('',(#9158));
#1487=EDGE_LOOP('',(#9159,#9160,#9161,#9162));
#1488=EDGE_LOOP('',(#9163,#9164,#9165,#9166,#9167,#9168,#9169,#9170,#9171,
#9172,#9173,#9174));
#1489=EDGE_LOOP('',(#9175,#9176,#9177,#9178));
#1490=EDGE_LOOP('',(#9179,#9180,#9181,#9182));
#1491=EDGE_LOOP('',(#9183,#9184,#9185,#9186));
#1492=EDGE_LOOP('',(#9187,#9188,#9189,#9190));
#1493=EDGE_LOOP('',(#9191,#9192,#9193,#9194));
#1494=EDGE_LOOP('',(#9195,#9196,#9197,#9198));
#1495=EDGE_LOOP('',(#9199,#9200,#9201,#9202));
#1496=EDGE_LOOP('',(#9203,#9204,#9205,#9206));
#1497=EDGE_LOOP('',(#9207,#9208,#9209,#9210));
#1498=EDGE_LOOP('',(#9211,#9212,#9213,#9214));
#1499=EDGE_LOOP('',(#9215,#9216,#9217,#9218));
#1500=EDGE_LOOP('',(#9219,#9220,#9221,#9222));
#1501=EDGE_LOOP('',(#9223,#9224,#9225,#9226));
#1502=EDGE_LOOP('',(#9227,#9228,#9229,#9230));
#1503=EDGE_LOOP('',(#9231,#9232,#9233,#9234));
#1504=EDGE_LOOP('',(#9235,#9236,#9237,#9238));
#1505=EDGE_LOOP('',(#9239,#9240,#9241,#9242));
#1506=EDGE_LOOP('',(#9243,#9244,#9245,#9246));
#1507=EDGE_LOOP('',(#9247,#9248,#9249,#9250));
#1508=EDGE_LOOP('',(#9251,#9252,#9253,#9254));
#1509=EDGE_LOOP('',(#9255,#9256,#9257,#9258));
#1510=EDGE_LOOP('',(#9259,#9260,#9261,#9262));
#1511=EDGE_LOOP('',(#9263,#9264,#9265,#9266));
#1512=EDGE_LOOP('',(#9267,#9268,#9269,#9270));
#1513=EDGE_LOOP('',(#9271,#9272,#9273,#9274));
#1514=EDGE_LOOP('',(#9275,#9276,#9277,#9278));
#1515=EDGE_LOOP('',(#9279,#9280,#9281,#9282));
#1516=EDGE_LOOP('',(#9283,#9284,#9285,#9286));
#1517=EDGE_LOOP('',(#9287,#9288,#9289,#9290));
#1518=EDGE_LOOP('',(#9291,#9292,#9293,#9294));
#1519=LINE('',#13812,#2811);
#1520=LINE('',#13814,#2812);
#1521=LINE('',#13816,#2813);
#1522=LINE('',#13817,#2814);
#1523=LINE('',#13820,#2815);
#1524=LINE('',#13822,#2816);
#1525=LINE('',#13823,#2817);
#1526=LINE('',#13826,#2818);
#1527=LINE('',#13828,#2819);
#1528=LINE('',#13829,#2820);
#1529=LINE('',#13832,#2821);
#1530=LINE('',#13834,#2822);
#1531=LINE('',#13835,#2823);
#1532=LINE('',#13838,#2824);
#1533=LINE('',#13840,#2825);
#1534=LINE('',#13841,#2826);
#1535=LINE('',#13844,#2827);
#1536=LINE('',#13846,#2828);
#1537=LINE('',#13847,#2829);
#1538=LINE('',#13850,#2830);
#1539=LINE('',#13852,#2831);
#1540=LINE('',#13853,#2832);
#1541=LINE('',#13855,#2833);
#1542=LINE('',#13856,#2834);
#1543=LINE('',#13862,#2835);
#1544=LINE('',#13864,#2836);
#1545=LINE('',#13866,#2837);
#1546=LINE('',#13867,#2838);
#1547=LINE('',#13871,#2839);
#1548=LINE('',#13873,#2840);
#1549=LINE('',#13875,#2841);
#1550=LINE('',#13876,#2842);
#1551=LINE('',#13878,#2843);
#1552=LINE('',#13879,#2844);
#1553=LINE('',#13881,#2845);
#1554=LINE('',#13883,#2846);
#1555=LINE('',#13888,#2847);
#1556=LINE('',#13890,#2848);
#1557=LINE('',#13892,#2849);
#1558=LINE('',#13893,#2850);
#1559=LINE('',#13897,#2851);
#1560=LINE('',#13899,#2852);
#1561=LINE('',#13901,#2853);
#1562=LINE('',#13902,#2854);
#1563=LINE('',#13904,#2855);
#1564=LINE('',#13905,#2856);
#1565=LINE('',#13907,#2857);
#1566=LINE('',#13909,#2858);
#1567=LINE('',#13915,#2859);
#1568=LINE('',#13921,#2860);
#1569=LINE('',#13927,#2861);
#1570=LINE('',#13933,#2862);
#1571=LINE('',#13938,#2863);
#1572=LINE('',#13940,#2864);
#1573=LINE('',#13942,#2865);
#1574=LINE('',#13943,#2866);
#1575=LINE('',#13946,#2867);
#1576=LINE('',#13948,#2868);
#1577=LINE('',#13952,#2869);
#1578=LINE('',#13954,#2870);
#1579=LINE('',#13956,#2871);
#1580=LINE('',#13957,#2872);
#1581=LINE('',#13960,#2873);
#1582=LINE('',#13961,#2874);
#1583=LINE('',#13965,#2875);
#1584=LINE('',#13967,#2876);
#1585=LINE('',#13969,#2877);
#1586=LINE('',#13970,#2878);
#1587=LINE('',#13973,#2879);
#1588=LINE('',#13976,#2880);
#1589=LINE('',#13980,#2881);
#1590=LINE('',#13982,#2882);
#1591=LINE('',#13984,#2883);
#1592=LINE('',#13985,#2884);
#1593=LINE('',#13989,#2885);
#1594=LINE('',#13992,#2886);
#1595=LINE('',#13993,#2887);
#1596=LINE('',#13996,#2888);
#1597=LINE('',#13997,#2889);
#1598=LINE('',#14000,#2890);
#1599=LINE('',#14001,#2891);
#1600=LINE('',#14003,#2892);
#1601=LINE('',#14005,#2893);
#1602=LINE('',#14007,#2894);
#1603=LINE('',#14013,#2895);
#1604=LINE('',#14019,#2896);
#1605=LINE('',#14025,#2897);
#1606=LINE('',#14031,#2898);
#1607=LINE('',#14036,#2899);
#1608=LINE('',#14038,#2900);
#1609=LINE('',#14040,#2901);
#1610=LINE('',#14041,#2902);
#1611=LINE('',#14045,#2903);
#1612=LINE('',#14047,#2904);
#1613=LINE('',#14049,#2905);
#1614=LINE('',#14050,#2906);
#1615=LINE('',#14054,#2907);
#1616=LINE('',#14056,#2908);
#1617=LINE('',#14058,#2909);
#1618=LINE('',#14059,#2910);
#1619=LINE('',#14062,#2911);
#1620=LINE('',#14064,#2912);
#1621=LINE('',#14065,#2913);
#1622=LINE('',#14070,#2914);
#1623=LINE('',#14076,#2915);
#1624=LINE('',#14079,#2916);
#1625=LINE('',#14081,#2917);
#1626=LINE('',#14083,#2918);
#1627=LINE('',#14085,#2919);
#1628=LINE('',#14087,#2920);
#1629=LINE('',#14089,#2921);
#1630=LINE('',#14091,#2922);
#1631=LINE('',#14092,#2923);
#1632=LINE('',#14093,#2924);
#1633=LINE('',#14095,#2925);
#1634=LINE('',#14097,#2926);
#1635=LINE('',#14099,#2927);
#1636=LINE('',#14101,#2928);
#1637=LINE('',#14103,#2929);
#1638=LINE('',#14105,#2930);
#1639=LINE('',#14111,#2931);
#1640=LINE('',#14117,#2932);
#1641=LINE('',#14122,#2933);
#1642=LINE('',#14124,#2934);
#1643=LINE('',#14126,#2935);
#1644=LINE('',#14127,#2936);
#1645=LINE('',#14131,#2937);
#1646=LINE('',#14132,#2938);
#1647=LINE('',#14133,#2939);
#1648=LINE('',#14137,#2940);
#1649=LINE('',#14139,#2941);
#1650=LINE('',#14141,#2942);
#1651=LINE('',#14142,#2943);
#1652=LINE('',#14145,#2944);
#1653=LINE('',#14147,#2945);
#1654=LINE('',#14148,#2946);
#1655=LINE('',#14151,#2947);
#1656=LINE('',#14153,#2948);
#1657=LINE('',#14154,#2949);
#1658=LINE('',#14157,#2950);
#1659=LINE('',#14159,#2951);
#1660=LINE('',#14161,#2952);
#1661=LINE('',#14163,#2953);
#1662=LINE('',#14165,#2954);
#1663=LINE('',#14166,#2955);
#1664=LINE('',#14167,#2956);
#1665=LINE('',#14170,#2957);
#1666=LINE('',#14171,#2958);
#1667=LINE('',#14174,#2959);
#1668=LINE('',#14175,#2960);
#1669=LINE('',#14178,#2961);
#1670=LINE('',#14179,#2962);
#1671=LINE('',#14182,#2963);
#1672=LINE('',#14183,#2964);
#1673=LINE('',#14186,#2965);
#1674=LINE('',#14187,#2966);
#1675=LINE('',#14189,#2967);
#1676=LINE('',#14190,#2968);
#1677=LINE('',#14197,#2969);
#1678=LINE('',#14203,#2970);
#1679=LINE('',#14210,#2971);
#1680=LINE('',#14213,#2972);
#1681=LINE('',#14219,#2973);
#1682=LINE('',#14222,#2974);
#1683=LINE('',#14225,#2975);
#1684=LINE('',#14227,#2976);
#1685=LINE('',#14228,#2977);
#1686=LINE('',#14231,#2978);
#1687=LINE('',#14235,#2979);
#1688=LINE('',#14236,#2980);
#1689=LINE('',#14238,#2981);
#1690=LINE('',#14240,#2982);
#1691=LINE('',#14241,#2983);
#1692=LINE('',#14244,#2984);
#1693=LINE('',#14248,#2985);
#1694=LINE('',#14249,#2986);
#1695=LINE('',#14255,#2987);
#1696=LINE('',#14258,#2988);
#1697=LINE('',#14264,#2989);
#1698=LINE('',#14267,#2990);
#1699=LINE('',#14270,#2991);
#1700=LINE('',#14272,#2992);
#1701=LINE('',#14273,#2993);
#1702=LINE('',#14276,#2994);
#1703=LINE('',#14280,#2995);
#1704=LINE('',#14281,#2996);
#1705=LINE('',#14283,#2997);
#1706=LINE('',#14285,#2998);
#1707=LINE('',#14286,#2999);
#1708=LINE('',#14289,#3000);
#1709=LINE('',#14293,#3001);
#1710=LINE('',#14297,#3002);
#1711=LINE('',#14306,#3003);
#1712=LINE('',#14308,#3004);
#1713=LINE('',#14310,#3005);
#1714=LINE('',#14311,#3006);
#1715=LINE('',#14314,#3007);
#1716=LINE('',#14316,#3008);
#1717=LINE('',#14317,#3009);
#1718=LINE('',#14321,#3010);
#1719=LINE('',#14323,#3011);
#1720=LINE('',#14325,#3012);
#1721=LINE('',#14326,#3013);
#1722=LINE('',#14329,#3014);
#1723=LINE('',#14331,#3015);
#1724=LINE('',#14332,#3016);
#1725=LINE('',#14334,#3017);
#1726=LINE('',#14336,#3018);
#1727=LINE('',#14338,#3019);
#1728=LINE('',#14340,#3020);
#1729=LINE('',#14342,#3021);
#1730=LINE('',#14344,#3022);
#1731=LINE('',#14346,#3023);
#1732=LINE('',#14347,#3024);
#1733=LINE('',#14350,#3025);
#1734=LINE('',#14351,#3026);
#1735=LINE('',#14354,#3027);
#1736=LINE('',#14355,#3028);
#1737=LINE('',#14358,#3029);
#1738=LINE('',#14359,#3030);
#1739=LINE('',#14362,#3031);
#1740=LINE('',#14363,#3032);
#1741=LINE('',#14365,#3033);
#1742=LINE('',#14368,#3034);
#1743=LINE('',#14369,#3035);
#1744=LINE('',#14372,#3036);
#1745=LINE('',#14373,#3037);
#1746=LINE('',#14375,#3038);
#1747=LINE('',#14380,#3039);
#1748=LINE('',#14382,#3040);
#1749=LINE('',#14384,#3041);
#1750=LINE('',#14385,#3042);
#1751=LINE('',#14389,#3043);
#1752=LINE('',#14391,#3044);
#1753=LINE('',#14393,#3045);
#1754=LINE('',#14394,#3046);
#1755=LINE('',#14397,#3047);
#1756=LINE('',#14399,#3048);
#1757=LINE('',#14400,#3049);
#1758=LINE('',#14403,#3050);
#1759=LINE('',#14405,#3051);
#1760=LINE('',#14407,#3052);
#1761=LINE('',#14408,#3053);
#1762=LINE('',#14410,#3054);
#1763=LINE('',#14412,#3055);
#1764=LINE('',#14414,#3056);
#1765=LINE('',#14416,#3057);
#1766=LINE('',#14417,#3058);
#1767=LINE('',#14420,#3059);
#1768=LINE('',#14421,#3060);
#1769=LINE('',#14425,#3061);
#1770=LINE('',#14426,#3062);
#1771=LINE('',#14427,#3063);
#1772=LINE('',#14430,#3064);
#1773=LINE('',#14431,#3065);
#1774=LINE('',#14434,#3066);
#1775=LINE('',#14435,#3067);
#1776=LINE('',#14438,#3068);
#1777=LINE('',#14439,#3069);
#1778=LINE('',#14441,#3070);
#1779=LINE('',#14444,#3071);
#1780=LINE('',#14445,#3072);
#1781=LINE('',#14447,#3073);
#1782=LINE('',#14449,#3074);
#1783=LINE('',#14454,#3075);
#1784=LINE('',#14456,#3076);
#1785=LINE('',#14458,#3077);
#1786=LINE('',#14459,#3078);
#1787=LINE('',#14462,#3079);
#1788=LINE('',#14464,#3080);
#1789=LINE('',#14465,#3081);
#1790=LINE('',#14469,#3082);
#1791=LINE('',#14471,#3083);
#1792=LINE('',#14473,#3084);
#1793=LINE('',#14474,#3085);
#1794=LINE('',#14477,#3086);
#1795=LINE('',#14479,#3087);
#1796=LINE('',#14480,#3088);
#1797=LINE('',#14482,#3089);
#1798=LINE('',#14484,#3090);
#1799=LINE('',#14486,#3091);
#1800=LINE('',#14488,#3092);
#1801=LINE('',#14490,#3093);
#1802=LINE('',#14492,#3094);
#1803=LINE('',#14494,#3095);
#1804=LINE('',#14495,#3096);
#1805=LINE('',#14498,#3097);
#1806=LINE('',#14499,#3098);
#1807=LINE('',#14502,#3099);
#1808=LINE('',#14503,#3100);
#1809=LINE('',#14506,#3101);
#1810=LINE('',#14507,#3102);
#1811=LINE('',#14510,#3103);
#1812=LINE('',#14511,#3104);
#1813=LINE('',#14513,#3105);
#1814=LINE('',#14516,#3106);
#1815=LINE('',#14517,#3107);
#1816=LINE('',#14520,#3108);
#1817=LINE('',#14521,#3109);
#1818=LINE('',#14523,#3110);
#1819=LINE('',#14528,#3111);
#1820=LINE('',#14530,#3112);
#1821=LINE('',#14532,#3113);
#1822=LINE('',#14533,#3114);
#1823=LINE('',#14536,#3115);
#1824=LINE('',#14538,#3116);
#1825=LINE('',#14539,#3117);
#1826=LINE('',#14543,#3118);
#1827=LINE('',#14545,#3119);
#1828=LINE('',#14547,#3120);
#1829=LINE('',#14548,#3121);
#1830=LINE('',#14552,#3122);
#1831=LINE('',#14553,#3123);
#1832=LINE('',#14554,#3124);
#1833=LINE('',#14556,#3125);
#1834=LINE('',#14558,#3126);
#1835=LINE('',#14560,#3127);
#1836=LINE('',#14562,#3128);
#1837=LINE('',#14564,#3129);
#1838=LINE('',#14566,#3130);
#1839=LINE('',#14568,#3131);
#1840=LINE('',#14569,#3132);
#1841=LINE('',#14572,#3133);
#1842=LINE('',#14573,#3134);
#1843=LINE('',#14576,#3135);
#1844=LINE('',#14577,#3136);
#1845=LINE('',#14580,#3137);
#1846=LINE('',#14581,#3138);
#1847=LINE('',#14584,#3139);
#1848=LINE('',#14585,#3140);
#1849=LINE('',#14587,#3141);
#1850=LINE('',#14590,#3142);
#1851=LINE('',#14591,#3143);
#1852=LINE('',#14594,#3144);
#1853=LINE('',#14595,#3145);
#1854=LINE('',#14597,#3146);
#1855=LINE('',#14602,#3147);
#1856=LINE('',#14604,#3148);
#1857=LINE('',#14606,#3149);
#1858=LINE('',#14607,#3150);
#1859=LINE('',#14610,#3151);
#1860=LINE('',#14612,#3152);
#1861=LINE('',#14613,#3153);
#1862=LINE('',#14617,#3154);
#1863=LINE('',#14619,#3155);
#1864=LINE('',#14621,#3156);
#1865=LINE('',#14622,#3157);
#1866=LINE('',#14625,#3158);
#1867=LINE('',#14627,#3159);
#1868=LINE('',#14628,#3160);
#1869=LINE('',#14630,#3161);
#1870=LINE('',#14632,#3162);
#1871=LINE('',#14634,#3163);
#1872=LINE('',#14636,#3164);
#1873=LINE('',#14638,#3165);
#1874=LINE('',#14640,#3166);
#1875=LINE('',#14642,#3167);
#1876=LINE('',#14643,#3168);
#1877=LINE('',#14646,#3169);
#1878=LINE('',#14647,#3170);
#1879=LINE('',#14650,#3171);
#1880=LINE('',#14651,#3172);
#1881=LINE('',#14654,#3173);
#1882=LINE('',#14655,#3174);
#1883=LINE('',#14658,#3175);
#1884=LINE('',#14659,#3176);
#1885=LINE('',#14661,#3177);
#1886=LINE('',#14664,#3178);
#1887=LINE('',#14665,#3179);
#1888=LINE('',#14668,#3180);
#1889=LINE('',#14669,#3181);
#1890=LINE('',#14671,#3182);
#1891=LINE('',#14676,#3183);
#1892=LINE('',#14678,#3184);
#1893=LINE('',#14680,#3185);
#1894=LINE('',#14681,#3186);
#1895=LINE('',#14684,#3187);
#1896=LINE('',#14686,#3188);
#1897=LINE('',#14687,#3189);
#1898=LINE('',#14691,#3190);
#1899=LINE('',#14693,#3191);
#1900=LINE('',#14695,#3192);
#1901=LINE('',#14696,#3193);
#1902=LINE('',#14699,#3194);
#1903=LINE('',#14701,#3195);
#1904=LINE('',#14702,#3196);
#1905=LINE('',#14704,#3197);
#1906=LINE('',#14706,#3198);
#1907=LINE('',#14708,#3199);
#1908=LINE('',#14710,#3200);
#1909=LINE('',#14712,#3201);
#1910=LINE('',#14714,#3202);
#1911=LINE('',#14716,#3203);
#1912=LINE('',#14717,#3204);
#1913=LINE('',#14720,#3205);
#1914=LINE('',#14721,#3206);
#1915=LINE('',#14724,#3207);
#1916=LINE('',#14725,#3208);
#1917=LINE('',#14728,#3209);
#1918=LINE('',#14729,#3210);
#1919=LINE('',#14732,#3211);
#1920=LINE('',#14733,#3212);
#1921=LINE('',#14735,#3213);
#1922=LINE('',#14738,#3214);
#1923=LINE('',#14739,#3215);
#1924=LINE('',#14742,#3216);
#1925=LINE('',#14743,#3217);
#1926=LINE('',#14745,#3218);
#1927=LINE('',#14750,#3219);
#1928=LINE('',#14752,#3220);
#1929=LINE('',#14754,#3221);
#1930=LINE('',#14755,#3222);
#1931=LINE('',#14758,#3223);
#1932=LINE('',#14760,#3224);
#1933=LINE('',#14761,#3225);
#1934=LINE('',#14765,#3226);
#1935=LINE('',#14767,#3227);
#1936=LINE('',#14769,#3228);
#1937=LINE('',#14770,#3229);
#1938=LINE('',#14773,#3230);
#1939=LINE('',#14775,#3231);
#1940=LINE('',#14776,#3232);
#1941=LINE('',#14778,#3233);
#1942=LINE('',#14780,#3234);
#1943=LINE('',#14782,#3235);
#1944=LINE('',#14784,#3236);
#1945=LINE('',#14786,#3237);
#1946=LINE('',#14788,#3238);
#1947=LINE('',#14790,#3239);
#1948=LINE('',#14791,#3240);
#1949=LINE('',#14794,#3241);
#1950=LINE('',#14795,#3242);
#1951=LINE('',#14798,#3243);
#1952=LINE('',#14799,#3244);
#1953=LINE('',#14802,#3245);
#1954=LINE('',#14803,#3246);
#1955=LINE('',#14806,#3247);
#1956=LINE('',#14807,#3248);
#1957=LINE('',#14809,#3249);
#1958=LINE('',#14812,#3250);
#1959=LINE('',#14813,#3251);
#1960=LINE('',#14816,#3252);
#1961=LINE('',#14817,#3253);
#1962=LINE('',#14819,#3254);
#1963=LINE('',#14824,#3255);
#1964=LINE('',#14826,#3256);
#1965=LINE('',#14828,#3257);
#1966=LINE('',#14829,#3258);
#1967=LINE('',#14832,#3259);
#1968=LINE('',#14834,#3260);
#1969=LINE('',#14835,#3261);
#1970=LINE('',#14839,#3262);
#1971=LINE('',#14841,#3263);
#1972=LINE('',#14843,#3264);
#1973=LINE('',#14844,#3265);
#1974=LINE('',#14848,#3266);
#1975=LINE('',#14849,#3267);
#1976=LINE('',#14850,#3268);
#1977=LINE('',#14852,#3269);
#1978=LINE('',#14854,#3270);
#1979=LINE('',#14856,#3271);
#1980=LINE('',#14858,#3272);
#1981=LINE('',#14860,#3273);
#1982=LINE('',#14862,#3274);
#1983=LINE('',#14864,#3275);
#1984=LINE('',#14865,#3276);
#1985=LINE('',#14868,#3277);
#1986=LINE('',#14869,#3278);
#1987=LINE('',#14872,#3279);
#1988=LINE('',#14873,#3280);
#1989=LINE('',#14876,#3281);
#1990=LINE('',#14877,#3282);
#1991=LINE('',#14880,#3283);
#1992=LINE('',#14881,#3284);
#1993=LINE('',#14883,#3285);
#1994=LINE('',#14886,#3286);
#1995=LINE('',#14887,#3287);
#1996=LINE('',#14890,#3288);
#1997=LINE('',#14891,#3289);
#1998=LINE('',#14893,#3290);
#1999=LINE('',#14898,#3291);
#2000=LINE('',#14900,#3292);
#2001=LINE('',#14902,#3293);
#2002=LINE('',#14903,#3294);
#2003=LINE('',#14906,#3295);
#2004=LINE('',#14908,#3296);
#2005=LINE('',#14913,#3297);
#2006=LINE('',#14915,#3298);
#2007=LINE('',#14917,#3299);
#2008=LINE('',#14918,#3300);
#2009=LINE('',#14921,#3301);
#2010=LINE('',#14924,#3302);
#2011=LINE('',#14926,#3303);
#2012=LINE('',#14928,#3304);
#2013=LINE('',#14930,#3305);
#2014=LINE('',#14932,#3306);
#2015=LINE('',#14934,#3307);
#2016=LINE('',#14936,#3308);
#2017=LINE('',#14938,#3309);
#2018=LINE('',#14939,#3310);
#2019=LINE('',#14942,#3311);
#2020=LINE('',#14943,#3312);
#2021=LINE('',#14946,#3313);
#2022=LINE('',#14947,#3314);
#2023=LINE('',#14950,#3315);
#2024=LINE('',#14955,#3316);
#2025=LINE('',#14960,#3317);
#2026=LINE('',#14961,#3318);
#2027=LINE('',#14965,#3319);
#2028=LINE('',#14967,#3320);
#2029=LINE('',#14972,#3321);
#2030=LINE('',#14974,#3322);
#2031=LINE('',#14976,#3323);
#2032=LINE('',#14977,#3324);
#2033=LINE('',#14980,#3325);
#2034=LINE('',#14982,#3326);
#2035=LINE('',#14983,#3327);
#2036=LINE('',#14987,#3328);
#2037=LINE('',#14989,#3329);
#2038=LINE('',#14991,#3330);
#2039=LINE('',#14992,#3331);
#2040=LINE('',#14995,#3332);
#2041=LINE('',#14997,#3333);
#2042=LINE('',#14998,#3334);
#2043=LINE('',#15000,#3335);
#2044=LINE('',#15002,#3336);
#2045=LINE('',#15004,#3337);
#2046=LINE('',#15006,#3338);
#2047=LINE('',#15008,#3339);
#2048=LINE('',#15010,#3340);
#2049=LINE('',#15012,#3341);
#2050=LINE('',#15013,#3342);
#2051=LINE('',#15016,#3343);
#2052=LINE('',#15017,#3344);
#2053=LINE('',#15020,#3345);
#2054=LINE('',#15021,#3346);
#2055=LINE('',#15024,#3347);
#2056=LINE('',#15025,#3348);
#2057=LINE('',#15028,#3349);
#2058=LINE('',#15029,#3350);
#2059=LINE('',#15031,#3351);
#2060=LINE('',#15034,#3352);
#2061=LINE('',#15035,#3353);
#2062=LINE('',#15038,#3354);
#2063=LINE('',#15039,#3355);
#2064=LINE('',#15041,#3356);
#2065=LINE('',#15046,#3357);
#2066=LINE('',#15048,#3358);
#2067=LINE('',#15050,#3359);
#2068=LINE('',#15051,#3360);
#2069=LINE('',#15054,#3361);
#2070=LINE('',#15056,#3362);
#2071=LINE('',#15057,#3363);
#2072=LINE('',#15061,#3364);
#2073=LINE('',#15063,#3365);
#2074=LINE('',#15065,#3366);
#2075=LINE('',#15066,#3367);
#2076=LINE('',#15069,#3368);
#2077=LINE('',#15071,#3369);
#2078=LINE('',#15072,#3370);
#2079=LINE('',#15074,#3371);
#2080=LINE('',#15076,#3372);
#2081=LINE('',#15078,#3373);
#2082=LINE('',#15080,#3374);
#2083=LINE('',#15082,#3375);
#2084=LINE('',#15084,#3376);
#2085=LINE('',#15086,#3377);
#2086=LINE('',#15087,#3378);
#2087=LINE('',#15090,#3379);
#2088=LINE('',#15091,#3380);
#2089=LINE('',#15094,#3381);
#2090=LINE('',#15095,#3382);
#2091=LINE('',#15098,#3383);
#2092=LINE('',#15099,#3384);
#2093=LINE('',#15102,#3385);
#2094=LINE('',#15103,#3386);
#2095=LINE('',#15105,#3387);
#2096=LINE('',#15108,#3388);
#2097=LINE('',#15109,#3389);
#2098=LINE('',#15112,#3390);
#2099=LINE('',#15113,#3391);
#2100=LINE('',#15115,#3392);
#2101=LINE('',#15120,#3393);
#2102=LINE('',#15122,#3394);
#2103=LINE('',#15124,#3395);
#2104=LINE('',#15125,#3396);
#2105=LINE('',#15128,#3397);
#2106=LINE('',#15130,#3398);
#2107=LINE('',#15132,#3399);
#2108=LINE('',#15134,#3400);
#2109=LINE('',#15136,#3401);
#2110=LINE('',#15138,#3402);
#2111=LINE('',#15140,#3403);
#2112=LINE('',#15142,#3404);
#2113=LINE('',#15144,#3405);
#2114=LINE('',#15146,#3406);
#2115=LINE('',#15147,#3407);
#2116=LINE('',#15150,#3408);
#2117=LINE('',#15151,#3409);
#2118=LINE('',#15154,#3410);
#2119=LINE('',#15155,#3411);
#2120=LINE('',#15158,#3412);
#2121=LINE('',#15159,#3413);
#2122=LINE('',#15162,#3414);
#2123=LINE('',#15163,#3415);
#2124=LINE('',#15166,#3416);
#2125=LINE('',#15167,#3417);
#2126=LINE('',#15170,#3418);
#2127=LINE('',#15171,#3419);
#2128=LINE('',#15174,#3420);
#2129=LINE('',#15175,#3421);
#2130=LINE('',#15178,#3422);
#2131=LINE('',#15179,#3423);
#2132=LINE('',#15182,#3424);
#2133=LINE('',#15184,#3425);
#2134=LINE('',#15185,#3426);
#2135=LINE('',#15187,#3427);
#2136=LINE('',#15189,#3428);
#2137=LINE('',#15195,#3429);
#2138=LINE('',#15203,#3430);
#2139=LINE('',#15211,#3431);
#2140=LINE('',#15219,#3432);
#2141=LINE('',#15227,#3433);
#2142=LINE('',#15235,#3434);
#2143=LINE('',#15243,#3435);
#2144=LINE('',#15251,#3436);
#2145=LINE('',#15258,#3437);
#2146=LINE('',#15260,#3438);
#2147=LINE('',#15262,#3439);
#2148=LINE('',#15263,#3440);
#2149=LINE('',#15266,#3441);
#2150=LINE('',#15268,#3442);
#2151=LINE('',#15270,#3443);
#2152=LINE('',#15272,#3444);
#2153=LINE('',#15274,#3445);
#2154=LINE('',#15276,#3446);
#2155=LINE('',#15278,#3447);
#2156=LINE('',#15280,#3448);
#2157=LINE('',#15282,#3449);
#2158=LINE('',#15284,#3450);
#2159=LINE('',#15285,#3451);
#2160=LINE('',#15288,#3452);
#2161=LINE('',#15289,#3453);
#2162=LINE('',#15292,#3454);
#2163=LINE('',#15293,#3455);
#2164=LINE('',#15296,#3456);
#2165=LINE('',#15297,#3457);
#2166=LINE('',#15300,#3458);
#2167=LINE('',#15301,#3459);
#2168=LINE('',#15304,#3460);
#2169=LINE('',#15305,#3461);
#2170=LINE('',#15308,#3462);
#2171=LINE('',#15309,#3463);
#2172=LINE('',#15312,#3464);
#2173=LINE('',#15313,#3465);
#2174=LINE('',#15316,#3466);
#2175=LINE('',#15317,#3467);
#2176=LINE('',#15320,#3468);
#2177=LINE('',#15322,#3469);
#2178=LINE('',#15323,#3470);
#2179=LINE('',#15325,#3471);
#2180=LINE('',#15327,#3472);
#2181=LINE('',#15332,#3473);
#2182=LINE('',#15334,#3474);
#2183=LINE('',#15336,#3475);
#2184=LINE('',#15337,#3476);
#2185=LINE('',#15340,#3477);
#2186=LINE('',#15342,#3478);
#2187=LINE('',#15343,#3479);
#2188=LINE('',#15347,#3480);
#2189=LINE('',#15349,#3481);
#2190=LINE('',#15351,#3482);
#2191=LINE('',#15352,#3483);
#2192=LINE('',#15355,#3484);
#2193=LINE('',#15357,#3485);
#2194=LINE('',#15358,#3486);
#2195=LINE('',#15360,#3487);
#2196=LINE('',#15362,#3488);
#2197=LINE('',#15364,#3489);
#2198=LINE('',#15366,#3490);
#2199=LINE('',#15368,#3491);
#2200=LINE('',#15370,#3492);
#2201=LINE('',#15372,#3493);
#2202=LINE('',#15373,#3494);
#2203=LINE('',#15376,#3495);
#2204=LINE('',#15377,#3496);
#2205=LINE('',#15380,#3497);
#2206=LINE('',#15381,#3498);
#2207=LINE('',#15384,#3499);
#2208=LINE('',#15385,#3500);
#2209=LINE('',#15388,#3501);
#2210=LINE('',#15389,#3502);
#2211=LINE('',#15391,#3503);
#2212=LINE('',#15394,#3504);
#2213=LINE('',#15395,#3505);
#2214=LINE('',#15398,#3506);
#2215=LINE('',#15399,#3507);
#2216=LINE('',#15401,#3508);
#2217=LINE('',#15406,#3509);
#2218=LINE('',#15408,#3510);
#2219=LINE('',#15410,#3511);
#2220=LINE('',#15411,#3512);
#2221=LINE('',#15414,#3513);
#2222=LINE('',#15416,#3514);
#2223=LINE('',#15421,#3515);
#2224=LINE('',#15423,#3516);
#2225=LINE('',#15425,#3517);
#2226=LINE('',#15426,#3518);
#2227=LINE('',#15429,#3519);
#2228=LINE('',#15432,#3520);
#2229=LINE('',#15434,#3521);
#2230=LINE('',#15436,#3522);
#2231=LINE('',#15438,#3523);
#2232=LINE('',#15440,#3524);
#2233=LINE('',#15442,#3525);
#2234=LINE('',#15444,#3526);
#2235=LINE('',#15446,#3527);
#2236=LINE('',#15447,#3528);
#2237=LINE('',#15450,#3529);
#2238=LINE('',#15451,#3530);
#2239=LINE('',#15454,#3531);
#2240=LINE('',#15455,#3532);
#2241=LINE('',#15458,#3533);
#2242=LINE('',#15463,#3534);
#2243=LINE('',#15468,#3535);
#2244=LINE('',#15469,#3536);
#2245=LINE('',#15473,#3537);
#2246=LINE('',#15475,#3538);
#2247=LINE('',#15480,#3539);
#2248=LINE('',#15482,#3540);
#2249=LINE('',#15484,#3541);
#2250=LINE('',#15485,#3542);
#2251=LINE('',#15488,#3543);
#2252=LINE('',#15490,#3544);
#2253=LINE('',#15491,#3545);
#2254=LINE('',#15495,#3546);
#2255=LINE('',#15497,#3547);
#2256=LINE('',#15499,#3548);
#2257=LINE('',#15500,#3549);
#2258=LINE('',#15503,#3550);
#2259=LINE('',#15505,#3551);
#2260=LINE('',#15506,#3552);
#2261=LINE('',#15508,#3553);
#2262=LINE('',#15510,#3554);
#2263=LINE('',#15512,#3555);
#2264=LINE('',#15514,#3556);
#2265=LINE('',#15516,#3557);
#2266=LINE('',#15518,#3558);
#2267=LINE('',#15520,#3559);
#2268=LINE('',#15521,#3560);
#2269=LINE('',#15524,#3561);
#2270=LINE('',#15525,#3562);
#2271=LINE('',#15528,#3563);
#2272=LINE('',#15529,#3564);
#2273=LINE('',#15532,#3565);
#2274=LINE('',#15533,#3566);
#2275=LINE('',#15536,#3567);
#2276=LINE('',#15537,#3568);
#2277=LINE('',#15539,#3569);
#2278=LINE('',#15542,#3570);
#2279=LINE('',#15543,#3571);
#2280=LINE('',#15546,#3572);
#2281=LINE('',#15547,#3573);
#2282=LINE('',#15549,#3574);
#2283=LINE('',#15554,#3575);
#2284=LINE('',#15556,#3576);
#2285=LINE('',#15558,#3577);
#2286=LINE('',#15559,#3578);
#2287=LINE('',#15562,#3579);
#2288=LINE('',#15564,#3580);
#2289=LINE('',#15565,#3581);
#2290=LINE('',#15569,#3582);
#2291=LINE('',#15571,#3583);
#2292=LINE('',#15573,#3584);
#2293=LINE('',#15574,#3585);
#2294=LINE('',#15577,#3586);
#2295=LINE('',#15579,#3587);
#2296=LINE('',#15580,#3588);
#2297=LINE('',#15582,#3589);
#2298=LINE('',#15584,#3590);
#2299=LINE('',#15586,#3591);
#2300=LINE('',#15588,#3592);
#2301=LINE('',#15590,#3593);
#2302=LINE('',#15592,#3594);
#2303=LINE('',#15594,#3595);
#2304=LINE('',#15595,#3596);
#2305=LINE('',#15598,#3597);
#2306=LINE('',#15599,#3598);
#2307=LINE('',#15602,#3599);
#2308=LINE('',#15603,#3600);
#2309=LINE('',#15606,#3601);
#2310=LINE('',#15607,#3602);
#2311=LINE('',#15610,#3603);
#2312=LINE('',#15611,#3604);
#2313=LINE('',#15613,#3605);
#2314=LINE('',#15616,#3606);
#2315=LINE('',#15617,#3607);
#2316=LINE('',#15620,#3608);
#2317=LINE('',#15621,#3609);
#2318=LINE('',#15623,#3610);
#2319=LINE('',#15628,#3611);
#2320=LINE('',#15630,#3612);
#2321=LINE('',#15632,#3613);
#2322=LINE('',#15633,#3614);
#2323=LINE('',#15636,#3615);
#2324=LINE('',#15638,#3616);
#2325=LINE('',#15639,#3617);
#2326=LINE('',#15643,#3618);
#2327=LINE('',#15645,#3619);
#2328=LINE('',#15647,#3620);
#2329=LINE('',#15648,#3621);
#2330=LINE('',#15652,#3622);
#2331=LINE('',#15653,#3623);
#2332=LINE('',#15654,#3624);
#2333=LINE('',#15656,#3625);
#2334=LINE('',#15658,#3626);
#2335=LINE('',#15660,#3627);
#2336=LINE('',#15662,#3628);
#2337=LINE('',#15664,#3629);
#2338=LINE('',#15666,#3630);
#2339=LINE('',#15668,#3631);
#2340=LINE('',#15669,#3632);
#2341=LINE('',#15672,#3633);
#2342=LINE('',#15673,#3634);
#2343=LINE('',#15676,#3635);
#2344=LINE('',#15677,#3636);
#2345=LINE('',#15680,#3637);
#2346=LINE('',#15681,#3638);
#2347=LINE('',#15684,#3639);
#2348=LINE('',#15685,#3640);
#2349=LINE('',#15687,#3641);
#2350=LINE('',#15690,#3642);
#2351=LINE('',#15691,#3643);
#2352=LINE('',#15694,#3644);
#2353=LINE('',#15695,#3645);
#2354=LINE('',#15697,#3646);
#2355=LINE('',#15702,#3647);
#2356=LINE('',#15704,#3648);
#2357=LINE('',#15706,#3649);
#2358=LINE('',#15707,#3650);
#2359=LINE('',#15710,#3651);
#2360=LINE('',#15712,#3652);
#2361=LINE('',#15713,#3653);
#2362=LINE('',#15717,#3654);
#2363=LINE('',#15719,#3655);
#2364=LINE('',#15721,#3656);
#2365=LINE('',#15722,#3657);
#2366=LINE('',#15725,#3658);
#2367=LINE('',#15727,#3659);
#2368=LINE('',#15728,#3660);
#2369=LINE('',#15730,#3661);
#2370=LINE('',#15732,#3662);
#2371=LINE('',#15734,#3663);
#2372=LINE('',#15736,#3664);
#2373=LINE('',#15738,#3665);
#2374=LINE('',#15740,#3666);
#2375=LINE('',#15742,#3667);
#2376=LINE('',#15743,#3668);
#2377=LINE('',#15746,#3669);
#2378=LINE('',#15747,#3670);
#2379=LINE('',#15750,#3671);
#2380=LINE('',#15751,#3672);
#2381=LINE('',#15754,#3673);
#2382=LINE('',#15755,#3674);
#2383=LINE('',#15758,#3675);
#2384=LINE('',#15759,#3676);
#2385=LINE('',#15761,#3677);
#2386=LINE('',#15764,#3678);
#2387=LINE('',#15765,#3679);
#2388=LINE('',#15768,#3680);
#2389=LINE('',#15769,#3681);
#2390=LINE('',#15771,#3682);
#2391=LINE('',#15776,#3683);
#2392=LINE('',#15778,#3684);
#2393=LINE('',#15780,#3685);
#2394=LINE('',#15781,#3686);
#2395=LINE('',#15784,#3687);
#2396=LINE('',#15786,#3688);
#2397=LINE('',#15787,#3689);
#2398=LINE('',#15791,#3690);
#2399=LINE('',#15793,#3691);
#2400=LINE('',#15795,#3692);
#2401=LINE('',#15796,#3693);
#2402=LINE('',#15800,#3694);
#2403=LINE('',#15801,#3695);
#2404=LINE('',#15802,#3696);
#2405=LINE('',#15804,#3697);
#2406=LINE('',#15806,#3698);
#2407=LINE('',#15808,#3699);
#2408=LINE('',#15810,#3700);
#2409=LINE('',#15812,#3701);
#2410=LINE('',#15814,#3702);
#2411=LINE('',#15816,#3703);
#2412=LINE('',#15817,#3704);
#2413=LINE('',#15820,#3705);
#2414=LINE('',#15821,#3706);
#2415=LINE('',#15824,#3707);
#2416=LINE('',#15825,#3708);
#2417=LINE('',#15828,#3709);
#2418=LINE('',#15829,#3710);
#2419=LINE('',#15832,#3711);
#2420=LINE('',#15833,#3712);
#2421=LINE('',#15835,#3713);
#2422=LINE('',#15838,#3714);
#2423=LINE('',#15839,#3715);
#2424=LINE('',#15842,#3716);
#2425=LINE('',#15843,#3717);
#2426=LINE('',#15845,#3718);
#2427=LINE('',#15850,#3719);
#2428=LINE('',#15852,#3720);
#2429=LINE('',#15854,#3721);
#2430=LINE('',#15855,#3722);
#2431=LINE('',#15858,#3723);
#2432=LINE('',#15860,#3724);
#2433=LINE('',#15861,#3725);
#2434=LINE('',#15865,#3726);
#2435=LINE('',#15867,#3727);
#2436=LINE('',#15869,#3728);
#2437=LINE('',#15870,#3729);
#2438=LINE('',#15873,#3730);
#2439=LINE('',#15875,#3731);
#2440=LINE('',#15876,#3732);
#2441=LINE('',#15878,#3733);
#2442=LINE('',#15880,#3734);
#2443=LINE('',#15882,#3735);
#2444=LINE('',#15884,#3736);
#2445=LINE('',#15886,#3737);
#2446=LINE('',#15888,#3738);
#2447=LINE('',#15890,#3739);
#2448=LINE('',#15891,#3740);
#2449=LINE('',#15894,#3741);
#2450=LINE('',#15895,#3742);
#2451=LINE('',#15898,#3743);
#2452=LINE('',#15899,#3744);
#2453=LINE('',#15902,#3745);
#2454=LINE('',#15903,#3746);
#2455=LINE('',#15906,#3747);
#2456=LINE('',#15907,#3748);
#2457=LINE('',#15909,#3749);
#2458=LINE('',#15912,#3750);
#2459=LINE('',#15913,#3751);
#2460=LINE('',#15916,#3752);
#2461=LINE('',#15917,#3753);
#2462=LINE('',#15919,#3754);
#2463=LINE('',#15924,#3755);
#2464=LINE('',#15926,#3756);
#2465=LINE('',#15928,#3757);
#2466=LINE('',#15929,#3758);
#2467=LINE('',#15933,#3759);
#2468=LINE('',#15935,#3760);
#2469=LINE('',#15937,#3761);
#2470=LINE('',#15938,#3762);
#2471=LINE('',#15940,#3763);
#2472=LINE('',#15941,#3764);
#2473=LINE('',#15944,#3765);
#2474=LINE('',#15946,#3766);
#2475=LINE('',#15948,#3767);
#2476=LINE('',#15950,#3768);
#2477=LINE('',#15952,#3769);
#2478=LINE('',#15954,#3770);
#2479=LINE('',#15956,#3771);
#2480=LINE('',#15959,#3772);
#2481=LINE('',#15966,#3773);
#2482=LINE('',#15967,#3774);
#2483=LINE('',#15970,#3775);
#2484=LINE('',#15972,#3776);
#2485=LINE('',#15974,#3777);
#2486=LINE('',#15976,#3778);
#2487=LINE('',#15978,#3779);
#2488=LINE('',#15979,#3780);
#2489=LINE('',#15983,#3781);
#2490=LINE('',#15985,#3782);
#2491=LINE('',#15987,#3783);
#2492=LINE('',#15988,#3784);
#2493=LINE('',#15991,#3785);
#2494=LINE('',#15993,#3786);
#2495=LINE('',#15994,#3787);
#2496=LINE('',#15997,#3788);
#2497=LINE('',#15998,#3789);
#2498=LINE('',#16000,#3790);
#2499=LINE('',#16002,#3791);
#2500=LINE('',#16004,#3792);
#2501=LINE('',#16005,#3793);
#2502=LINE('',#16008,#3794);
#2503=LINE('',#16010,#3795);
#2504=LINE('',#16011,#3796);
#2505=LINE('',#16015,#3797);
#2506=LINE('',#16017,#3798);
#2507=LINE('',#16018,#3799);
#2508=LINE('',#16025,#3800);
#2509=LINE('',#16026,#3801);
#2510=LINE('',#16029,#3802);
#2511=LINE('',#16031,#3803);
#2512=LINE('',#16033,#3804);
#2513=LINE('',#16036,#3805);
#2514=LINE('',#16037,#3806);
#2515=LINE('',#16044,#3807);
#2516=LINE('',#16045,#3808);
#2517=LINE('',#16047,#3809);
#2518=LINE('',#16049,#3810);
#2519=LINE('',#16053,#3811);
#2520=LINE('',#16055,#3812);
#2521=LINE('',#16059,#3813);
#2522=LINE('',#16061,#3814);
#2523=LINE('',#16064,#3815);
#2524=LINE('',#16066,#3816);
#2525=LINE('',#16067,#3817);
#2526=LINE('',#16069,#3818);
#2527=LINE('',#16070,#3819);
#2528=LINE('',#16076,#3820);
#2529=LINE('',#16082,#3821);
#2530=LINE('',#16084,#3822);
#2531=LINE('',#16086,#3823);
#2532=LINE('',#16087,#3824);
#2533=LINE('',#16090,#3825);
#2534=LINE('',#16092,#3826);
#2535=LINE('',#16093,#3827);
#2536=LINE('',#16096,#3828);
#2537=LINE('',#16098,#3829);
#2538=LINE('',#16100,#3830);
#2539=LINE('',#16101,#3831);
#2540=LINE('',#16106,#3832);
#2541=LINE('',#16107,#3833);
#2542=LINE('',#16112,#3834);
#2543=LINE('',#16117,#3835);
#2544=LINE('',#16121,#3836);
#2545=LINE('',#16123,#3837);
#2546=LINE('',#16125,#3838);
#2547=LINE('',#16126,#3839);
#2548=LINE('',#16128,#3840);
#2549=LINE('',#16129,#3841);
#2550=LINE('',#16133,#3842);
#2551=LINE('',#16135,#3843);
#2552=LINE('',#16137,#3844);
#2553=LINE('',#16138,#3845);
#2554=LINE('',#16141,#3846);
#2555=LINE('',#16143,#3847);
#2556=LINE('',#16144,#3848);
#2557=LINE('',#16147,#3849);
#2558=LINE('',#16149,#3850);
#2559=LINE('',#16151,#3851);
#2560=LINE('',#16153,#3852);
#2561=LINE('',#16154,#3853);
#2562=LINE('',#16155,#3854);
#2563=LINE('',#16158,#3855);
#2564=LINE('',#16159,#3856);
#2565=LINE('',#16162,#3857);
#2566=LINE('',#16163,#3858);
#2567=LINE('',#16166,#3859);
#2568=LINE('',#16167,#3860);
#2569=LINE('',#16170,#3861);
#2570=LINE('',#16171,#3862);
#2571=LINE('',#16173,#3863);
#2572=LINE('',#16174,#3864);
#2573=LINE('',#16181,#3865);
#2574=LINE('',#16187,#3866);
#2575=LINE('',#16194,#3867);
#2576=LINE('',#16197,#3868);
#2577=LINE('',#16203,#3869);
#2578=LINE('',#16206,#3870);
#2579=LINE('',#16209,#3871);
#2580=LINE('',#16211,#3872);
#2581=LINE('',#16212,#3873);
#2582=LINE('',#16215,#3874);
#2583=LINE('',#16219,#3875);
#2584=LINE('',#16220,#3876);
#2585=LINE('',#16222,#3877);
#2586=LINE('',#16224,#3878);
#2587=LINE('',#16225,#3879);
#2588=LINE('',#16228,#3880);
#2589=LINE('',#16232,#3881);
#2590=LINE('',#16233,#3882);
#2591=LINE('',#16239,#3883);
#2592=LINE('',#16242,#3884);
#2593=LINE('',#16248,#3885);
#2594=LINE('',#16251,#3886);
#2595=LINE('',#16254,#3887);
#2596=LINE('',#16256,#3888);
#2597=LINE('',#16257,#3889);
#2598=LINE('',#16260,#3890);
#2599=LINE('',#16264,#3891);
#2600=LINE('',#16265,#3892);
#2601=LINE('',#16267,#3893);
#2602=LINE('',#16269,#3894);
#2603=LINE('',#16270,#3895);
#2604=LINE('',#16273,#3896);
#2605=LINE('',#16277,#3897);
#2606=LINE('',#16281,#3898);
#2607=LINE('',#16290,#3899);
#2608=LINE('',#16292,#3900);
#2609=LINE('',#16294,#3901);
#2610=LINE('',#16295,#3902);
#2611=LINE('',#16298,#3903);
#2612=LINE('',#16300,#3904);
#2613=LINE('',#16301,#3905);
#2614=LINE('',#16305,#3906);
#2615=LINE('',#16307,#3907);
#2616=LINE('',#16309,#3908);
#2617=LINE('',#16310,#3909);
#2618=LINE('',#16313,#3910);
#2619=LINE('',#16315,#3911);
#2620=LINE('',#16316,#3912);
#2621=LINE('',#16318,#3913);
#2622=LINE('',#16320,#3914);
#2623=LINE('',#16322,#3915);
#2624=LINE('',#16324,#3916);
#2625=LINE('',#16326,#3917);
#2626=LINE('',#16328,#3918);
#2627=LINE('',#16330,#3919);
#2628=LINE('',#16331,#3920);
#2629=LINE('',#16334,#3921);
#2630=LINE('',#16335,#3922);
#2631=LINE('',#16338,#3923);
#2632=LINE('',#16339,#3924);
#2633=LINE('',#16342,#3925);
#2634=LINE('',#16343,#3926);
#2635=LINE('',#16346,#3927);
#2636=LINE('',#16347,#3928);
#2637=LINE('',#16349,#3929);
#2638=LINE('',#16352,#3930);
#2639=LINE('',#16353,#3931);
#2640=LINE('',#16356,#3932);
#2641=LINE('',#16357,#3933);
#2642=LINE('',#16359,#3934);
#2643=LINE('',#16364,#3935);
#2644=LINE('',#16366,#3936);
#2645=LINE('',#16368,#3937);
#2646=LINE('',#16369,#3938);
#2647=LINE('',#16373,#3939);
#2648=LINE('',#16375,#3940);
#2649=LINE('',#16377,#3941);
#2650=LINE('',#16378,#3942);
#2651=LINE('',#16381,#3943);
#2652=LINE('',#16383,#3944);
#2653=LINE('',#16384,#3945);
#2654=LINE('',#16387,#3946);
#2655=LINE('',#16389,#3947);
#2656=LINE('',#16391,#3948);
#2657=LINE('',#16392,#3949);
#2658=LINE('',#16394,#3950);
#2659=LINE('',#16396,#3951);
#2660=LINE('',#16398,#3952);
#2661=LINE('',#16400,#3953);
#2662=LINE('',#16401,#3954);
#2663=LINE('',#16404,#3955);
#2664=LINE('',#16405,#3956);
#2665=LINE('',#16409,#3957);
#2666=LINE('',#16410,#3958);
#2667=LINE('',#16411,#3959);
#2668=LINE('',#16414,#3960);
#2669=LINE('',#16415,#3961);
#2670=LINE('',#16418,#3962);
#2671=LINE('',#16419,#3963);
#2672=LINE('',#16422,#3964);
#2673=LINE('',#16423,#3965);
#2674=LINE('',#16425,#3966);
#2675=LINE('',#16428,#3967);
#2676=LINE('',#16429,#3968);
#2677=LINE('',#16431,#3969);
#2678=LINE('',#16433,#3970);
#2679=LINE('',#16438,#3971);
#2680=LINE('',#16440,#3972);
#2681=LINE('',#16442,#3973);
#2682=LINE('',#16443,#3974);
#2683=LINE('',#16446,#3975);
#2684=LINE('',#16448,#3976);
#2685=LINE('',#16449,#3977);
#2686=LINE('',#16453,#3978);
#2687=LINE('',#16455,#3979);
#2688=LINE('',#16457,#3980);
#2689=LINE('',#16458,#3981);
#2690=LINE('',#16461,#3982);
#2691=LINE('',#16463,#3983);
#2692=LINE('',#16464,#3984);
#2693=LINE('',#16466,#3985);
#2694=LINE('',#16468,#3986);
#2695=LINE('',#16470,#3987);
#2696=LINE('',#16472,#3988);
#2697=LINE('',#16474,#3989);
#2698=LINE('',#16476,#3990);
#2699=LINE('',#16478,#3991);
#2700=LINE('',#16479,#3992);
#2701=LINE('',#16482,#3993);
#2702=LINE('',#16483,#3994);
#2703=LINE('',#16486,#3995);
#2704=LINE('',#16487,#3996);
#2705=LINE('',#16490,#3997);
#2706=LINE('',#16491,#3998);
#2707=LINE('',#16494,#3999);
#2708=LINE('',#16495,#4000);
#2709=LINE('',#16497,#4001);
#2710=LINE('',#16500,#4002);
#2711=LINE('',#16501,#4003);
#2712=LINE('',#16504,#4004);
#2713=LINE('',#16505,#4005);
#2714=LINE('',#16507,#4006);
#2715=LINE('',#16513,#4007);
#2716=LINE('',#16519,#4008);
#2717=LINE('',#16525,#4009);
#2718=LINE('',#16531,#4010);
#2719=LINE('',#16536,#4011);
#2720=LINE('',#16538,#4012);
#2721=LINE('',#16540,#4013);
#2722=LINE('',#16541,#4014);
#2723=LINE('',#16544,#4015);
#2724=LINE('',#16546,#4016);
#2725=LINE('',#16550,#4017);
#2726=LINE('',#16552,#4018);
#2727=LINE('',#16554,#4019);
#2728=LINE('',#16555,#4020);
#2729=LINE('',#16558,#4021);
#2730=LINE('',#16559,#4022);
#2731=LINE('',#16563,#4023);
#2732=LINE('',#16565,#4024);
#2733=LINE('',#16567,#4025);
#2734=LINE('',#16568,#4026);
#2735=LINE('',#16571,#4027);
#2736=LINE('',#16574,#4028);
#2737=LINE('',#16578,#4029);
#2738=LINE('',#16580,#4030);
#2739=LINE('',#16582,#4031);
#2740=LINE('',#16583,#4032);
#2741=LINE('',#16587,#4033);
#2742=LINE('',#16590,#4034);
#2743=LINE('',#16591,#4035);
#2744=LINE('',#16594,#4036);
#2745=LINE('',#16595,#4037);
#2746=LINE('',#16598,#4038);
#2747=LINE('',#16599,#4039);
#2748=LINE('',#16601,#4040);
#2749=LINE('',#16603,#4041);
#2750=LINE('',#16605,#4042);
#2751=LINE('',#16610,#4043);
#2752=LINE('',#16612,#4044);
#2753=LINE('',#16614,#4045);
#2754=LINE('',#16615,#4046);
#2755=LINE('',#16618,#4047);
#2756=LINE('',#16620,#4048);
#2757=LINE('',#16621,#4049);
#2758=LINE('',#16624,#4050);
#2759=LINE('',#16626,#4051);
#2760=LINE('',#16627,#4052);
#2761=LINE('',#16629,#4053);
#2762=LINE('',#16630,#4054);
#2763=LINE('',#16636,#4055);
#2764=LINE('',#16638,#4056);
#2765=LINE('',#16640,#4057);
#2766=LINE('',#16641,#4058);
#2767=LINE('',#16644,#4059);
#2768=LINE('',#16646,#4060);
#2769=LINE('',#16647,#4061);
#2770=LINE('',#16650,#4062);
#2771=LINE('',#16651,#4063);
#2772=LINE('',#16654,#4064);
#2773=LINE('',#16655,#4065);
#2774=LINE('',#16657,#4066);
#2775=LINE('',#16662,#4067);
#2776=LINE('',#16664,#4068);
#2777=LINE('',#16666,#4069);
#2778=LINE('',#16667,#4070);
#2779=LINE('',#16670,#4071);
#2780=LINE('',#16672,#4072);
#2781=LINE('',#16673,#4073);
#2782=LINE('',#16676,#4074);
#2783=LINE('',#16677,#4075);
#2784=LINE('',#16680,#4076);
#2785=LINE('',#16681,#4077);
#2786=LINE('',#16683,#4078);
#2787=LINE('',#16688,#4079);
#2788=LINE('',#16690,#4080);
#2789=LINE('',#16692,#4081);
#2790=LINE('',#16693,#4082);
#2791=LINE('',#16696,#4083);
#2792=LINE('',#16698,#4084);
#2793=LINE('',#16699,#4085);
#2794=LINE('',#16702,#4086);
#2795=LINE('',#16703,#4087);
#2796=LINE('',#16706,#4088);
#2797=LINE('',#16707,#4089);
#2798=LINE('',#16709,#4090);
#2799=LINE('',#16714,#4091);
#2800=LINE('',#16716,#4092);
#2801=LINE('',#16718,#4093);
#2802=LINE('',#16719,#4094);
#2803=LINE('',#16722,#4095);
#2804=LINE('',#16724,#4096);
#2805=LINE('',#16725,#4097);
#2806=LINE('',#16728,#4098);
#2807=LINE('',#16729,#4099);
#2808=LINE('',#16732,#4100);
#2809=LINE('',#16733,#4101);
#2810=LINE('',#16735,#4102);
#2811=VECTOR('',#11134,10.);
#2812=VECTOR('',#11135,10.);
#2813=VECTOR('',#11136,10.);
#2814=VECTOR('',#11137,10.);
#2815=VECTOR('',#11140,10.);
#2816=VECTOR('',#11141,10.);
#2817=VECTOR('',#11142,10.);
#2818=VECTOR('',#11145,10.);
#2819=VECTOR('',#11146,10.);
#2820=VECTOR('',#11147,10.);
#2821=VECTOR('',#11150,10.);
#2822=VECTOR('',#11151,10.);
#2823=VECTOR('',#11152,10.);
#2824=VECTOR('',#11155,10.);
#2825=VECTOR('',#11156,10.);
#2826=VECTOR('',#11157,10.);
#2827=VECTOR('',#11160,10.);
#2828=VECTOR('',#11161,10.);
#2829=VECTOR('',#11162,10.);
#2830=VECTOR('',#11165,10.);
#2831=VECTOR('',#11166,10.);
#2832=VECTOR('',#11167,10.);
#2833=VECTOR('',#11170,10.);
#2834=VECTOR('',#11171,10.);
#2835=VECTOR('',#11178,10.);
#2836=VECTOR('',#11179,10.);
#2837=VECTOR('',#11180,10.);
#2838=VECTOR('',#11181,10.);
#2839=VECTOR('',#11184,10.);
#2840=VECTOR('',#11185,10.);
#2841=VECTOR('',#11186,10.);
#2842=VECTOR('',#11187,10.);
#2843=VECTOR('',#11190,10.);
#2844=VECTOR('',#11191,10.);
#2845=VECTOR('',#11194,10.);
#2846=VECTOR('',#11197,10.);
#2847=VECTOR('',#11202,10.);
#2848=VECTOR('',#11203,10.);
#2849=VECTOR('',#11204,10.);
#2850=VECTOR('',#11205,10.);
#2851=VECTOR('',#11208,10.);
#2852=VECTOR('',#11209,10.);
#2853=VECTOR('',#11210,10.);
#2854=VECTOR('',#11211,10.);
#2855=VECTOR('',#11214,10.);
#2856=VECTOR('',#11215,10.);
#2857=VECTOR('',#11218,10.);
#2858=VECTOR('',#11221,10.);
#2859=VECTOR('',#11228,6.00000000000001);
#2860=VECTOR('',#11235,6.00000000000001);
#2861=VECTOR('',#11242,6.00000000000001);
#2862=VECTOR('',#11249,6.00000000000001);
#2863=VECTOR('',#11254,10.);
#2864=VECTOR('',#11255,10.);
#2865=VECTOR('',#11256,10.);
#2866=VECTOR('',#11257,10.);
#2867=VECTOR('',#11260,10.);
#2868=VECTOR('',#11261,10.);
#2869=VECTOR('',#11264,10.);
#2870=VECTOR('',#11265,10.);
#2871=VECTOR('',#11266,10.);
#2872=VECTOR('',#11267,10.);
#2873=VECTOR('',#11270,10.);
#2874=VECTOR('',#11271,10.);
#2875=VECTOR('',#11274,10.);
#2876=VECTOR('',#11275,10.);
#2877=VECTOR('',#11276,10.);
#2878=VECTOR('',#11277,10.);
#2879=VECTOR('',#11280,10.);
#2880=VECTOR('',#11283,10.);
#2881=VECTOR('',#11288,10.);
#2882=VECTOR('',#11289,10.);
#2883=VECTOR('',#11290,10.);
#2884=VECTOR('',#11291,10.);
#2885=VECTOR('',#11296,10.);
#2886=VECTOR('',#11299,10.);
#2887=VECTOR('',#11300,10.);
#2888=VECTOR('',#11303,10.);
#2889=VECTOR('',#11304,10.);
#2890=VECTOR('',#11307,10.);
#2891=VECTOR('',#11308,10.);
#2892=VECTOR('',#11311,10.);
#2893=VECTOR('',#11314,10.);
#2894=VECTOR('',#11317,10.);
#2895=VECTOR('',#11324,5.99999999999994);
#2896=VECTOR('',#11331,5.99999999999994);
#2897=VECTOR('',#11338,5.99999999999994);
#2898=VECTOR('',#11345,5.99999999999994);
#2899=VECTOR('',#11350,10.);
#2900=VECTOR('',#11351,10.);
#2901=VECTOR('',#11352,10.);
#2902=VECTOR('',#11353,10.);
#2903=VECTOR('',#11356,10.);
#2904=VECTOR('',#11357,10.);
#2905=VECTOR('',#11358,10.);
#2906=VECTOR('',#11359,10.);
#2907=VECTOR('',#11362,10.);
#2908=VECTOR('',#11363,10.);
#2909=VECTOR('',#11364,10.);
#2910=VECTOR('',#11365,10.);
#2911=VECTOR('',#11368,10.);
#2912=VECTOR('',#11369,10.);
#2913=VECTOR('',#11370,10.);
#2914=VECTOR('',#11375,10.);
#2915=VECTOR('',#11382,10.);
#2916=VECTOR('',#11387,10.);
#2917=VECTOR('',#11388,10.);
#2918=VECTOR('',#11389,10.);
#2919=VECTOR('',#11390,10.);
#2920=VECTOR('',#11391,10.);
#2921=VECTOR('',#11392,10.);
#2922=VECTOR('',#11393,10.);
#2923=VECTOR('',#11394,10.);
#2924=VECTOR('',#11395,10.);
#2925=VECTOR('',#11398,10.);
#2926=VECTOR('',#11401,10.);
#2927=VECTOR('',#11404,10.);
#2928=VECTOR('',#11407,10.);
#2929=VECTOR('',#11410,10.);
#2930=VECTOR('',#11413,10.);
#2931=VECTOR('',#11420,6.00000000000001);
#2932=VECTOR('',#11427,5.99999999999994);
#2933=VECTOR('',#11432,10.);
#2934=VECTOR('',#11433,10.);
#2935=VECTOR('',#11434,10.);
#2936=VECTOR('',#11435,10.);
#2937=VECTOR('',#11438,10.);
#2938=VECTOR('',#11439,10.);
#2939=VECTOR('',#11440,10.);
#2940=VECTOR('',#11443,10.);
#2941=VECTOR('',#11444,10.);
#2942=VECTOR('',#11445,10.);
#2943=VECTOR('',#11446,10.);
#2944=VECTOR('',#11449,10.);
#2945=VECTOR('',#11450,10.);
#2946=VECTOR('',#11451,10.);
#2947=VECTOR('',#11454,10.);
#2948=VECTOR('',#11455,10.);
#2949=VECTOR('',#11456,10.);
#2950=VECTOR('',#11459,10.);
#2951=VECTOR('',#11460,10.);
#2952=VECTOR('',#11461,10.);
#2953=VECTOR('',#11462,10.);
#2954=VECTOR('',#11463,10.);
#2955=VECTOR('',#11464,10.);
#2956=VECTOR('',#11465,10.);
#2957=VECTOR('',#11468,10.);
#2958=VECTOR('',#11469,10.);
#2959=VECTOR('',#11472,10.);
#2960=VECTOR('',#11473,10.);
#2961=VECTOR('',#11476,10.);
#2962=VECTOR('',#11477,10.);
#2963=VECTOR('',#11480,10.);
#2964=VECTOR('',#11481,10.);
#2965=VECTOR('',#11484,10.);
#2966=VECTOR('',#11485,10.);
#2967=VECTOR('',#11488,10.);
#2968=VECTOR('',#11489,10.);
#2969=VECTOR('',#11498,5.99999999999994);
#2970=VECTOR('',#11505,6.00000000000001);
#2971=VECTOR('',#11512,10.);
#2972=VECTOR('',#11515,10.);
#2973=VECTOR('',#11520,10.);
#2974=VECTOR('',#11523,10.);
#2975=VECTOR('',#11526,10.);
#2976=VECTOR('',#11527,10.);
#2977=VECTOR('',#11528,10.);
#2978=VECTOR('',#11531,10.);
#2979=VECTOR('',#11536,10.);
#2980=VECTOR('',#11537,10.);
#2981=VECTOR('',#11538,10.);
#2982=VECTOR('',#11539,10.);
#2983=VECTOR('',#11540,10.);
#2984=VECTOR('',#11543,10.);
#2985=VECTOR('',#11548,10.);
#2986=VECTOR('',#11549,10.);
#2987=VECTOR('',#11554,10.);
#2988=VECTOR('',#11557,10.);
#2989=VECTOR('',#11562,10.);
#2990=VECTOR('',#11565,10.);
#2991=VECTOR('',#11568,10.);
#2992=VECTOR('',#11569,10.);
#2993=VECTOR('',#11570,10.);
#2994=VECTOR('',#11573,10.);
#2995=VECTOR('',#11578,10.);
#2996=VECTOR('',#11579,10.);
#2997=VECTOR('',#11580,10.);
#2998=VECTOR('',#11581,10.);
#2999=VECTOR('',#11582,10.);
#3000=VECTOR('',#11585,10.);
#3001=VECTOR('',#11590,10.);
#3002=VECTOR('',#11597,10.);
#3003=VECTOR('',#11610,10.);
#3004=VECTOR('',#11611,10.);
#3005=VECTOR('',#11612,10.);
#3006=VECTOR('',#11613,10.);
#3007=VECTOR('',#11616,10.);
#3008=VECTOR('',#11617,10.);
#3009=VECTOR('',#11618,10.);
#3010=VECTOR('',#11621,10.);
#3011=VECTOR('',#11622,10.);
#3012=VECTOR('',#11623,10.);
#3013=VECTOR('',#11624,10.);
#3014=VECTOR('',#11627,10.);
#3015=VECTOR('',#11628,10.);
#3016=VECTOR('',#11629,10.);
#3017=VECTOR('',#11632,10.);
#3018=VECTOR('',#11633,10.);
#3019=VECTOR('',#11634,10.);
#3020=VECTOR('',#11635,10.);
#3021=VECTOR('',#11636,10.);
#3022=VECTOR('',#11637,10.);
#3023=VECTOR('',#11638,10.);
#3024=VECTOR('',#11639,10.);
#3025=VECTOR('',#11642,10.);
#3026=VECTOR('',#11643,10.);
#3027=VECTOR('',#11646,10.);
#3028=VECTOR('',#11647,10.);
#3029=VECTOR('',#11650,10.);
#3030=VECTOR('',#11651,10.);
#3031=VECTOR('',#11654,10.);
#3032=VECTOR('',#11655,10.);
#3033=VECTOR('',#11658,10.);
#3034=VECTOR('',#11661,10.);
#3035=VECTOR('',#11662,10.);
#3036=VECTOR('',#11665,10.);
#3037=VECTOR('',#11666,10.);
#3038=VECTOR('',#11669,10.);
#3039=VECTOR('',#11674,10.);
#3040=VECTOR('',#11675,10.);
#3041=VECTOR('',#11676,10.);
#3042=VECTOR('',#11677,10.);
#3043=VECTOR('',#11680,10.);
#3044=VECTOR('',#11681,10.);
#3045=VECTOR('',#11682,10.);
#3046=VECTOR('',#11683,10.);
#3047=VECTOR('',#11686,10.);
#3048=VECTOR('',#11687,10.);
#3049=VECTOR('',#11688,10.);
#3050=VECTOR('',#11691,10.);
#3051=VECTOR('',#11692,10.);
#3052=VECTOR('',#11693,10.);
#3053=VECTOR('',#11694,10.);
#3054=VECTOR('',#11695,10.);
#3055=VECTOR('',#11696,10.);
#3056=VECTOR('',#11697,10.);
#3057=VECTOR('',#11698,10.);
#3058=VECTOR('',#11699,10.);
#3059=VECTOR('',#11702,10.);
#3060=VECTOR('',#11703,10.);
#3061=VECTOR('',#11706,10.);
#3062=VECTOR('',#11707,10.);
#3063=VECTOR('',#11708,10.);
#3064=VECTOR('',#11711,10.);
#3065=VECTOR('',#11712,10.);
#3066=VECTOR('',#11715,10.);
#3067=VECTOR('',#11716,10.);
#3068=VECTOR('',#11719,10.);
#3069=VECTOR('',#11720,10.);
#3070=VECTOR('',#11723,10.);
#3071=VECTOR('',#11726,10.);
#3072=VECTOR('',#11727,10.);
#3073=VECTOR('',#11730,10.);
#3074=VECTOR('',#11733,10.);
#3075=VECTOR('',#11738,10.);
#3076=VECTOR('',#11739,10.);
#3077=VECTOR('',#11740,10.);
#3078=VECTOR('',#11741,10.);
#3079=VECTOR('',#11744,10.);
#3080=VECTOR('',#11745,10.);
#3081=VECTOR('',#11746,10.);
#3082=VECTOR('',#11749,10.);
#3083=VECTOR('',#11750,10.);
#3084=VECTOR('',#11751,10.);
#3085=VECTOR('',#11752,10.);
#3086=VECTOR('',#11755,10.);
#3087=VECTOR('',#11756,10.);
#3088=VECTOR('',#11757,10.);
#3089=VECTOR('',#11760,10.);
#3090=VECTOR('',#11761,10.);
#3091=VECTOR('',#11762,10.);
#3092=VECTOR('',#11763,10.);
#3093=VECTOR('',#11764,10.);
#3094=VECTOR('',#11765,10.);
#3095=VECTOR('',#11766,10.);
#3096=VECTOR('',#11767,10.);
#3097=VECTOR('',#11770,10.);
#3098=VECTOR('',#11771,10.);
#3099=VECTOR('',#11774,10.);
#3100=VECTOR('',#11775,10.);
#3101=VECTOR('',#11778,10.);
#3102=VECTOR('',#11779,10.);
#3103=VECTOR('',#11782,10.);
#3104=VECTOR('',#11783,10.);
#3105=VECTOR('',#11786,10.);
#3106=VECTOR('',#11789,10.);
#3107=VECTOR('',#11790,10.);
#3108=VECTOR('',#11793,10.);
#3109=VECTOR('',#11794,10.);
#3110=VECTOR('',#11797,10.);
#3111=VECTOR('',#11802,10.);
#3112=VECTOR('',#11803,10.);
#3113=VECTOR('',#11804,10.);
#3114=VECTOR('',#11805,10.);
#3115=VECTOR('',#11808,10.);
#3116=VECTOR('',#11809,10.);
#3117=VECTOR('',#11810,10.);
#3118=VECTOR('',#11813,10.);
#3119=VECTOR('',#11814,10.);
#3120=VECTOR('',#11815,10.);
#3121=VECTOR('',#11816,10.);
#3122=VECTOR('',#11819,10.);
#3123=VECTOR('',#11820,10.);
#3124=VECTOR('',#11821,10.);
#3125=VECTOR('',#11824,10.);
#3126=VECTOR('',#11825,10.);
#3127=VECTOR('',#11826,10.);
#3128=VECTOR('',#11827,10.);
#3129=VECTOR('',#11828,10.);
#3130=VECTOR('',#11829,10.);
#3131=VECTOR('',#11830,10.);
#3132=VECTOR('',#11831,10.);
#3133=VECTOR('',#11834,10.);
#3134=VECTOR('',#11835,10.);
#3135=VECTOR('',#11838,10.);
#3136=VECTOR('',#11839,10.);
#3137=VECTOR('',#11842,10.);
#3138=VECTOR('',#11843,10.);
#3139=VECTOR('',#11846,10.);
#3140=VECTOR('',#11847,10.);
#3141=VECTOR('',#11850,10.);
#3142=VECTOR('',#11853,10.);
#3143=VECTOR('',#11854,10.);
#3144=VECTOR('',#11857,10.);
#3145=VECTOR('',#11858,10.);
#3146=VECTOR('',#11861,10.);
#3147=VECTOR('',#11866,10.);
#3148=VECTOR('',#11867,10.);
#3149=VECTOR('',#11868,10.);
#3150=VECTOR('',#11869,10.);
#3151=VECTOR('',#11872,10.);
#3152=VECTOR('',#11873,10.);
#3153=VECTOR('',#11874,10.);
#3154=VECTOR('',#11877,10.);
#3155=VECTOR('',#11878,10.);
#3156=VECTOR('',#11879,10.);
#3157=VECTOR('',#11880,10.);
#3158=VECTOR('',#11883,10.);
#3159=VECTOR('',#11884,10.);
#3160=VECTOR('',#11885,10.);
#3161=VECTOR('',#11888,10.);
#3162=VECTOR('',#11889,10.);
#3163=VECTOR('',#11890,10.);
#3164=VECTOR('',#11891,10.);
#3165=VECTOR('',#11892,10.);
#3166=VECTOR('',#11893,10.);
#3167=VECTOR('',#11894,10.);
#3168=VECTOR('',#11895,10.);
#3169=VECTOR('',#11898,10.);
#3170=VECTOR('',#11899,10.);
#3171=VECTOR('',#11902,10.);
#3172=VECTOR('',#11903,10.);
#3173=VECTOR('',#11906,10.);
#3174=VECTOR('',#11907,10.);
#3175=VECTOR('',#11910,10.);
#3176=VECTOR('',#11911,10.);
#3177=VECTOR('',#11914,10.);
#3178=VECTOR('',#11917,10.);
#3179=VECTOR('',#11918,10.);
#3180=VECTOR('',#11921,10.);
#3181=VECTOR('',#11922,10.);
#3182=VECTOR('',#11925,10.);
#3183=VECTOR('',#11930,10.);
#3184=VECTOR('',#11931,10.);
#3185=VECTOR('',#11932,10.);
#3186=VECTOR('',#11933,10.);
#3187=VECTOR('',#11936,10.);
#3188=VECTOR('',#11937,10.);
#3189=VECTOR('',#11938,10.);
#3190=VECTOR('',#11941,10.);
#3191=VECTOR('',#11942,10.);
#3192=VECTOR('',#11943,10.);
#3193=VECTOR('',#11944,10.);
#3194=VECTOR('',#11947,10.);
#3195=VECTOR('',#11948,10.);
#3196=VECTOR('',#11949,10.);
#3197=VECTOR('',#11952,10.);
#3198=VECTOR('',#11953,10.);
#3199=VECTOR('',#11954,10.);
#3200=VECTOR('',#11955,10.);
#3201=VECTOR('',#11956,10.);
#3202=VECTOR('',#11957,10.);
#3203=VECTOR('',#11958,10.);
#3204=VECTOR('',#11959,10.);
#3205=VECTOR('',#11962,10.);
#3206=VECTOR('',#11963,10.);
#3207=VECTOR('',#11966,10.);
#3208=VECTOR('',#11967,10.);
#3209=VECTOR('',#11970,10.);
#3210=VECTOR('',#11971,10.);
#3211=VECTOR('',#11974,10.);
#3212=VECTOR('',#11975,10.);
#3213=VECTOR('',#11978,10.);
#3214=VECTOR('',#11981,10.);
#3215=VECTOR('',#11982,10.);
#3216=VECTOR('',#11985,10.);
#3217=VECTOR('',#11986,10.);
#3218=VECTOR('',#11989,10.);
#3219=VECTOR('',#11994,10.);
#3220=VECTOR('',#11995,10.);
#3221=VECTOR('',#11996,10.);
#3222=VECTOR('',#11997,10.);
#3223=VECTOR('',#12000,10.);
#3224=VECTOR('',#12001,10.);
#3225=VECTOR('',#12002,10.);
#3226=VECTOR('',#12005,10.);
#3227=VECTOR('',#12006,10.);
#3228=VECTOR('',#12007,10.);
#3229=VECTOR('',#12008,10.);
#3230=VECTOR('',#12011,10.);
#3231=VECTOR('',#12012,10.);
#3232=VECTOR('',#12013,10.);
#3233=VECTOR('',#12016,10.);
#3234=VECTOR('',#12017,10.);
#3235=VECTOR('',#12018,10.);
#3236=VECTOR('',#12019,10.);
#3237=VECTOR('',#12020,10.);
#3238=VECTOR('',#12021,10.);
#3239=VECTOR('',#12022,10.);
#3240=VECTOR('',#12023,10.);
#3241=VECTOR('',#12026,10.);
#3242=VECTOR('',#12027,10.);
#3243=VECTOR('',#12030,10.);
#3244=VECTOR('',#12031,10.);
#3245=VECTOR('',#12034,10.);
#3246=VECTOR('',#12035,10.);
#3247=VECTOR('',#12038,10.);
#3248=VECTOR('',#12039,10.);
#3249=VECTOR('',#12042,10.);
#3250=VECTOR('',#12045,10.);
#3251=VECTOR('',#12046,10.);
#3252=VECTOR('',#12049,10.);
#3253=VECTOR('',#12050,10.);
#3254=VECTOR('',#12053,10.);
#3255=VECTOR('',#12058,10.);
#3256=VECTOR('',#12059,10.);
#3257=VECTOR('',#12060,10.);
#3258=VECTOR('',#12061,10.);
#3259=VECTOR('',#12064,10.);
#3260=VECTOR('',#12065,10.);
#3261=VECTOR('',#12066,10.);
#3262=VECTOR('',#12069,10.);
#3263=VECTOR('',#12070,10.);
#3264=VECTOR('',#12071,10.);
#3265=VECTOR('',#12072,10.);
#3266=VECTOR('',#12075,10.);
#3267=VECTOR('',#12076,10.);
#3268=VECTOR('',#12077,10.);
#3269=VECTOR('',#12080,10.);
#3270=VECTOR('',#12081,10.);
#3271=VECTOR('',#12082,10.);
#3272=VECTOR('',#12083,10.);
#3273=VECTOR('',#12084,10.);
#3274=VECTOR('',#12085,10.);
#3275=VECTOR('',#12086,10.);
#3276=VECTOR('',#12087,10.);
#3277=VECTOR('',#12090,10.);
#3278=VECTOR('',#12091,10.);
#3279=VECTOR('',#12094,10.);
#3280=VECTOR('',#12095,10.);
#3281=VECTOR('',#12098,10.);
#3282=VECTOR('',#12099,10.);
#3283=VECTOR('',#12102,10.);
#3284=VECTOR('',#12103,10.);
#3285=VECTOR('',#12106,10.);
#3286=VECTOR('',#12109,10.);
#3287=VECTOR('',#12110,10.);
#3288=VECTOR('',#12113,10.);
#3289=VECTOR('',#12114,10.);
#3290=VECTOR('',#12117,10.);
#3291=VECTOR('',#12122,10.);
#3292=VECTOR('',#12123,10.);
#3293=VECTOR('',#12124,10.);
#3294=VECTOR('',#12125,10.);
#3295=VECTOR('',#12128,10.);
#3296=VECTOR('',#12129,10.);
#3297=VECTOR('',#12134,10.);
#3298=VECTOR('',#12135,10.);
#3299=VECTOR('',#12136,10.);
#3300=VECTOR('',#12137,10.);
#3301=VECTOR('',#12140,10.);
#3302=VECTOR('',#12143,10.);
#3303=VECTOR('',#12146,10.);
#3304=VECTOR('',#12147,10.);
#3305=VECTOR('',#12148,10.);
#3306=VECTOR('',#12149,10.);
#3307=VECTOR('',#12150,10.);
#3308=VECTOR('',#12151,10.);
#3309=VECTOR('',#12152,10.);
#3310=VECTOR('',#12153,10.);
#3311=VECTOR('',#12156,10.);
#3312=VECTOR('',#12157,10.);
#3313=VECTOR('',#12160,10.);
#3314=VECTOR('',#12161,10.);
#3315=VECTOR('',#12164,10.);
#3316=VECTOR('',#12171,10.);
#3317=VECTOR('',#12178,10.);
#3318=VECTOR('',#12179,10.);
#3319=VECTOR('',#12184,10.);
#3320=VECTOR('',#12187,10.);
#3321=VECTOR('',#12192,10.);
#3322=VECTOR('',#12193,10.);
#3323=VECTOR('',#12194,10.);
#3324=VECTOR('',#12195,10.);
#3325=VECTOR('',#12198,10.);
#3326=VECTOR('',#12199,10.);
#3327=VECTOR('',#12200,10.);
#3328=VECTOR('',#12203,10.);
#3329=VECTOR('',#12204,10.);
#3330=VECTOR('',#12205,10.);
#3331=VECTOR('',#12206,10.);
#3332=VECTOR('',#12209,10.);
#3333=VECTOR('',#12210,10.);
#3334=VECTOR('',#12211,10.);
#3335=VECTOR('',#12214,10.);
#3336=VECTOR('',#12215,10.);
#3337=VECTOR('',#12216,10.);
#3338=VECTOR('',#12217,10.);
#3339=VECTOR('',#12218,10.);
#3340=VECTOR('',#12219,10.);
#3341=VECTOR('',#12220,10.);
#3342=VECTOR('',#12221,10.);
#3343=VECTOR('',#12224,10.);
#3344=VECTOR('',#12225,10.);
#3345=VECTOR('',#12228,10.);
#3346=VECTOR('',#12229,10.);
#3347=VECTOR('',#12232,10.);
#3348=VECTOR('',#12233,10.);
#3349=VECTOR('',#12236,10.);
#3350=VECTOR('',#12237,10.);
#3351=VECTOR('',#12240,10.);
#3352=VECTOR('',#12243,10.);
#3353=VECTOR('',#12244,10.);
#3354=VECTOR('',#12247,10.);
#3355=VECTOR('',#12248,10.);
#3356=VECTOR('',#12251,10.);
#3357=VECTOR('',#12256,10.);
#3358=VECTOR('',#12257,10.);
#3359=VECTOR('',#12258,10.);
#3360=VECTOR('',#12259,10.);
#3361=VECTOR('',#12262,10.);
#3362=VECTOR('',#12263,10.);
#3363=VECTOR('',#12264,10.);
#3364=VECTOR('',#12267,10.);
#3365=VECTOR('',#12268,10.);
#3366=VECTOR('',#12269,10.);
#3367=VECTOR('',#12270,10.);
#3368=VECTOR('',#12273,10.);
#3369=VECTOR('',#12274,10.);
#3370=VECTOR('',#12275,10.);
#3371=VECTOR('',#12278,10.);
#3372=VECTOR('',#12279,10.);
#3373=VECTOR('',#12280,10.);
#3374=VECTOR('',#12281,10.);
#3375=VECTOR('',#12282,10.);
#3376=VECTOR('',#12283,10.);
#3377=VECTOR('',#12284,10.);
#3378=VECTOR('',#12285,10.);
#3379=VECTOR('',#12288,10.);
#3380=VECTOR('',#12289,10.);
#3381=VECTOR('',#12292,10.);
#3382=VECTOR('',#12293,10.);
#3383=VECTOR('',#12296,10.);
#3384=VECTOR('',#12297,10.);
#3385=VECTOR('',#12300,10.);
#3386=VECTOR('',#12301,10.);
#3387=VECTOR('',#12304,10.);
#3388=VECTOR('',#12307,10.);
#3389=VECTOR('',#12308,10.);
#3390=VECTOR('',#12311,10.);
#3391=VECTOR('',#12312,10.);
#3392=VECTOR('',#12315,10.);
#3393=VECTOR('',#12320,10.);
#3394=VECTOR('',#12321,10.);
#3395=VECTOR('',#12322,10.);
#3396=VECTOR('',#12323,10.);
#3397=VECTOR('',#12326,10.);
#3398=VECTOR('',#12327,10.);
#3399=VECTOR('',#12328,10.);
#3400=VECTOR('',#12329,10.);
#3401=VECTOR('',#12330,10.);
#3402=VECTOR('',#12331,10.);
#3403=VECTOR('',#12332,10.);
#3404=VECTOR('',#12333,10.);
#3405=VECTOR('',#12334,10.);
#3406=VECTOR('',#12335,10.);
#3407=VECTOR('',#12336,10.);
#3408=VECTOR('',#12339,10.);
#3409=VECTOR('',#12340,10.);
#3410=VECTOR('',#12343,10.);
#3411=VECTOR('',#12344,10.);
#3412=VECTOR('',#12347,10.);
#3413=VECTOR('',#12348,10.);
#3414=VECTOR('',#12351,10.);
#3415=VECTOR('',#12352,10.);
#3416=VECTOR('',#12355,10.);
#3417=VECTOR('',#12356,10.);
#3418=VECTOR('',#12359,10.);
#3419=VECTOR('',#12360,10.);
#3420=VECTOR('',#12363,10.);
#3421=VECTOR('',#12364,10.);
#3422=VECTOR('',#12367,10.);
#3423=VECTOR('',#12368,10.);
#3424=VECTOR('',#12371,10.);
#3425=VECTOR('',#12372,10.);
#3426=VECTOR('',#12373,10.);
#3427=VECTOR('',#12376,10.);
#3428=VECTOR('',#12379,10.);
#3429=VECTOR('',#12386,5.99999999999994);
#3430=VECTOR('',#12397,6.00000000000001);
#3431=VECTOR('',#12408,6.00000000000001);
#3432=VECTOR('',#12419,5.99999999999994);
#3433=VECTOR('',#12430,5.99999999999994);
#3434=VECTOR('',#12441,6.00000000000001);
#3435=VECTOR('',#12452,6.00000000000001);
#3436=VECTOR('',#12463,5.99999999999994);
#3437=VECTOR('',#12472,10.);
#3438=VECTOR('',#12473,10.);
#3439=VECTOR('',#12474,10.);
#3440=VECTOR('',#12475,10.);
#3441=VECTOR('',#12478,10.);
#3442=VECTOR('',#12479,10.);
#3443=VECTOR('',#12480,10.);
#3444=VECTOR('',#12481,10.);
#3445=VECTOR('',#12482,10.);
#3446=VECTOR('',#12483,10.);
#3447=VECTOR('',#12484,10.);
#3448=VECTOR('',#12485,10.);
#3449=VECTOR('',#12486,10.);
#3450=VECTOR('',#12487,10.);
#3451=VECTOR('',#12488,10.);
#3452=VECTOR('',#12491,10.);
#3453=VECTOR('',#12492,10.);
#3454=VECTOR('',#12495,10.);
#3455=VECTOR('',#12496,10.);
#3456=VECTOR('',#12499,10.);
#3457=VECTOR('',#12500,10.);
#3458=VECTOR('',#12503,10.);
#3459=VECTOR('',#12504,10.);
#3460=VECTOR('',#12507,10.);
#3461=VECTOR('',#12508,10.);
#3462=VECTOR('',#12511,10.);
#3463=VECTOR('',#12512,10.);
#3464=VECTOR('',#12515,10.);
#3465=VECTOR('',#12516,10.);
#3466=VECTOR('',#12519,10.);
#3467=VECTOR('',#12520,10.);
#3468=VECTOR('',#12523,10.);
#3469=VECTOR('',#12524,10.);
#3470=VECTOR('',#12525,10.);
#3471=VECTOR('',#12528,10.);
#3472=VECTOR('',#12531,10.);
#3473=VECTOR('',#12536,10.);
#3474=VECTOR('',#12537,10.);
#3475=VECTOR('',#12538,10.);
#3476=VECTOR('',#12539,10.);
#3477=VECTOR('',#12542,10.);
#3478=VECTOR('',#12543,10.);
#3479=VECTOR('',#12544,10.);
#3480=VECTOR('',#12547,10.);
#3481=VECTOR('',#12548,10.);
#3482=VECTOR('',#12549,10.);
#3483=VECTOR('',#12550,10.);
#3484=VECTOR('',#12553,10.);
#3485=VECTOR('',#12554,10.);
#3486=VECTOR('',#12555,10.);
#3487=VECTOR('',#12558,10.);
#3488=VECTOR('',#12559,10.);
#3489=VECTOR('',#12560,10.);
#3490=VECTOR('',#12561,10.);
#3491=VECTOR('',#12562,10.);
#3492=VECTOR('',#12563,10.);
#3493=VECTOR('',#12564,10.);
#3494=VECTOR('',#12565,10.);
#3495=VECTOR('',#12568,10.);
#3496=VECTOR('',#12569,10.);
#3497=VECTOR('',#12572,10.);
#3498=VECTOR('',#12573,10.);
#3499=VECTOR('',#12576,10.);
#3500=VECTOR('',#12577,10.);
#3501=VECTOR('',#12580,10.);
#3502=VECTOR('',#12581,10.);
#3503=VECTOR('',#12584,10.);
#3504=VECTOR('',#12587,10.);
#3505=VECTOR('',#12588,10.);
#3506=VECTOR('',#12591,10.);
#3507=VECTOR('',#12592,10.);
#3508=VECTOR('',#12595,10.);
#3509=VECTOR('',#12600,10.);
#3510=VECTOR('',#12601,10.);
#3511=VECTOR('',#12602,10.);
#3512=VECTOR('',#12603,10.);
#3513=VECTOR('',#12606,10.);
#3514=VECTOR('',#12607,10.);
#3515=VECTOR('',#12612,10.);
#3516=VECTOR('',#12613,10.);
#3517=VECTOR('',#12614,10.);
#3518=VECTOR('',#12615,10.);
#3519=VECTOR('',#12618,10.);
#3520=VECTOR('',#12621,10.);
#3521=VECTOR('',#12624,10.);
#3522=VECTOR('',#12625,10.);
#3523=VECTOR('',#12626,10.);
#3524=VECTOR('',#12627,10.);
#3525=VECTOR('',#12628,10.);
#3526=VECTOR('',#12629,10.);
#3527=VECTOR('',#12630,10.);
#3528=VECTOR('',#12631,10.);
#3529=VECTOR('',#12634,10.);
#3530=VECTOR('',#12635,10.);
#3531=VECTOR('',#12638,10.);
#3532=VECTOR('',#12639,10.);
#3533=VECTOR('',#12642,10.);
#3534=VECTOR('',#12649,10.);
#3535=VECTOR('',#12656,10.);
#3536=VECTOR('',#12657,10.);
#3537=VECTOR('',#12662,10.);
#3538=VECTOR('',#12665,10.);
#3539=VECTOR('',#12670,10.);
#3540=VECTOR('',#12671,10.);
#3541=VECTOR('',#12672,10.);
#3542=VECTOR('',#12673,10.);
#3543=VECTOR('',#12676,10.);
#3544=VECTOR('',#12677,10.);
#3545=VECTOR('',#12678,10.);
#3546=VECTOR('',#12681,10.);
#3547=VECTOR('',#12682,10.);
#3548=VECTOR('',#12683,10.);
#3549=VECTOR('',#12684,10.);
#3550=VECTOR('',#12687,10.);
#3551=VECTOR('',#12688,10.);
#3552=VECTOR('',#12689,10.);
#3553=VECTOR('',#12692,10.);
#3554=VECTOR('',#12693,10.);
#3555=VECTOR('',#12694,10.);
#3556=VECTOR('',#12695,10.);
#3557=VECTOR('',#12696,10.);
#3558=VECTOR('',#12697,10.);
#3559=VECTOR('',#12698,10.);
#3560=VECTOR('',#12699,10.);
#3561=VECTOR('',#12702,10.);
#3562=VECTOR('',#12703,10.);
#3563=VECTOR('',#12706,10.);
#3564=VECTOR('',#12707,10.);
#3565=VECTOR('',#12710,10.);
#3566=VECTOR('',#12711,10.);
#3567=VECTOR('',#12714,10.);
#3568=VECTOR('',#12715,10.);
#3569=VECTOR('',#12718,10.);
#3570=VECTOR('',#12721,10.);
#3571=VECTOR('',#12722,10.);
#3572=VECTOR('',#12725,10.);
#3573=VECTOR('',#12726,10.);
#3574=VECTOR('',#12729,10.);
#3575=VECTOR('',#12734,10.);
#3576=VECTOR('',#12735,10.);
#3577=VECTOR('',#12736,10.);
#3578=VECTOR('',#12737,10.);
#3579=VECTOR('',#12740,10.);
#3580=VECTOR('',#12741,10.);
#3581=VECTOR('',#12742,10.);
#3582=VECTOR('',#12745,10.);
#3583=VECTOR('',#12746,10.);
#3584=VECTOR('',#12747,10.);
#3585=VECTOR('',#12748,10.);
#3586=VECTOR('',#12751,10.);
#3587=VECTOR('',#12752,10.);
#3588=VECTOR('',#12753,10.);
#3589=VECTOR('',#12756,10.);
#3590=VECTOR('',#12757,10.);
#3591=VECTOR('',#12758,10.);
#3592=VECTOR('',#12759,10.);
#3593=VECTOR('',#12760,10.);
#3594=VECTOR('',#12761,10.);
#3595=VECTOR('',#12762,10.);
#3596=VECTOR('',#12763,10.);
#3597=VECTOR('',#12766,10.);
#3598=VECTOR('',#12767,10.);
#3599=VECTOR('',#12770,10.);
#3600=VECTOR('',#12771,10.);
#3601=VECTOR('',#12774,10.);
#3602=VECTOR('',#12775,10.);
#3603=VECTOR('',#12778,10.);
#3604=VECTOR('',#12779,10.);
#3605=VECTOR('',#12782,10.);
#3606=VECTOR('',#12785,10.);
#3607=VECTOR('',#12786,10.);
#3608=VECTOR('',#12789,10.);
#3609=VECTOR('',#12790,10.);
#3610=VECTOR('',#12793,10.);
#3611=VECTOR('',#12798,10.);
#3612=VECTOR('',#12799,10.);
#3613=VECTOR('',#12800,10.);
#3614=VECTOR('',#12801,10.);
#3615=VECTOR('',#12804,10.);
#3616=VECTOR('',#12805,10.);
#3617=VECTOR('',#12806,10.);
#3618=VECTOR('',#12809,10.);
#3619=VECTOR('',#12810,10.);
#3620=VECTOR('',#12811,10.);
#3621=VECTOR('',#12812,10.);
#3622=VECTOR('',#12815,10.);
#3623=VECTOR('',#12816,10.);
#3624=VECTOR('',#12817,10.);
#3625=VECTOR('',#12820,10.);
#3626=VECTOR('',#12821,10.);
#3627=VECTOR('',#12822,10.);
#3628=VECTOR('',#12823,10.);
#3629=VECTOR('',#12824,10.);
#3630=VECTOR('',#12825,10.);
#3631=VECTOR('',#12826,10.);
#3632=VECTOR('',#12827,10.);
#3633=VECTOR('',#12830,10.);
#3634=VECTOR('',#12831,10.);
#3635=VECTOR('',#12834,10.);
#3636=VECTOR('',#12835,10.);
#3637=VECTOR('',#12838,10.);
#3638=VECTOR('',#12839,10.);
#3639=VECTOR('',#12842,10.);
#3640=VECTOR('',#12843,10.);
#3641=VECTOR('',#12846,10.);
#3642=VECTOR('',#12849,10.);
#3643=VECTOR('',#12850,10.);
#3644=VECTOR('',#12853,10.);
#3645=VECTOR('',#12854,10.);
#3646=VECTOR('',#12857,10.);
#3647=VECTOR('',#12862,10.);
#3648=VECTOR('',#12863,10.);
#3649=VECTOR('',#12864,10.);
#3650=VECTOR('',#12865,10.);
#3651=VECTOR('',#12868,10.);
#3652=VECTOR('',#12869,10.);
#3653=VECTOR('',#12870,10.);
#3654=VECTOR('',#12873,10.);
#3655=VECTOR('',#12874,10.);
#3656=VECTOR('',#12875,10.);
#3657=VECTOR('',#12876,10.);
#3658=VECTOR('',#12879,10.);
#3659=VECTOR('',#12880,10.);
#3660=VECTOR('',#12881,10.);
#3661=VECTOR('',#12884,10.);
#3662=VECTOR('',#12885,10.);
#3663=VECTOR('',#12886,10.);
#3664=VECTOR('',#12887,10.);
#3665=VECTOR('',#12888,10.);
#3666=VECTOR('',#12889,10.);
#3667=VECTOR('',#12890,10.);
#3668=VECTOR('',#12891,10.);
#3669=VECTOR('',#12894,10.);
#3670=VECTOR('',#12895,10.);
#3671=VECTOR('',#12898,10.);
#3672=VECTOR('',#12899,10.);
#3673=VECTOR('',#12902,10.);
#3674=VECTOR('',#12903,10.);
#3675=VECTOR('',#12906,10.);
#3676=VECTOR('',#12907,10.);
#3677=VECTOR('',#12910,10.);
#3678=VECTOR('',#12913,10.);
#3679=VECTOR('',#12914,10.);
#3680=VECTOR('',#12917,10.);
#3681=VECTOR('',#12918,10.);
#3682=VECTOR('',#12921,10.);
#3683=VECTOR('',#12926,10.);
#3684=VECTOR('',#12927,10.);
#3685=VECTOR('',#12928,10.);
#3686=VECTOR('',#12929,10.);
#3687=VECTOR('',#12932,10.);
#3688=VECTOR('',#12933,10.);
#3689=VECTOR('',#12934,10.);
#3690=VECTOR('',#12937,10.);
#3691=VECTOR('',#12938,10.);
#3692=VECTOR('',#12939,10.);
#3693=VECTOR('',#12940,10.);
#3694=VECTOR('',#12943,10.);
#3695=VECTOR('',#12944,10.);
#3696=VECTOR('',#12945,10.);
#3697=VECTOR('',#12948,10.);
#3698=VECTOR('',#12949,10.);
#3699=VECTOR('',#12950,10.);
#3700=VECTOR('',#12951,10.);
#3701=VECTOR('',#12952,10.);
#3702=VECTOR('',#12953,10.);
#3703=VECTOR('',#12954,10.);
#3704=VECTOR('',#12955,10.);
#3705=VECTOR('',#12958,10.);
#3706=VECTOR('',#12959,10.);
#3707=VECTOR('',#12962,10.);
#3708=VECTOR('',#12963,10.);
#3709=VECTOR('',#12966,10.);
#3710=VECTOR('',#12967,10.);
#3711=VECTOR('',#12970,10.);
#3712=VECTOR('',#12971,10.);
#3713=VECTOR('',#12974,10.);
#3714=VECTOR('',#12977,10.);
#3715=VECTOR('',#12978,10.);
#3716=VECTOR('',#12981,10.);
#3717=VECTOR('',#12982,10.);
#3718=VECTOR('',#12985,10.);
#3719=VECTOR('',#12990,10.);
#3720=VECTOR('',#12991,10.);
#3721=VECTOR('',#12992,10.);
#3722=VECTOR('',#12993,10.);
#3723=VECTOR('',#12996,10.);
#3724=VECTOR('',#12997,10.);
#3725=VECTOR('',#12998,10.);
#3726=VECTOR('',#13001,10.);
#3727=VECTOR('',#13002,10.);
#3728=VECTOR('',#13003,10.);
#3729=VECTOR('',#13004,10.);
#3730=VECTOR('',#13007,10.);
#3731=VECTOR('',#13008,10.);
#3732=VECTOR('',#13009,10.);
#3733=VECTOR('',#13012,10.);
#3734=VECTOR('',#13013,10.);
#3735=VECTOR('',#13014,10.);
#3736=VECTOR('',#13015,10.);
#3737=VECTOR('',#13016,10.);
#3738=VECTOR('',#13017,10.);
#3739=VECTOR('',#13018,10.);
#3740=VECTOR('',#13019,10.);
#3741=VECTOR('',#13022,10.);
#3742=VECTOR('',#13023,10.);
#3743=VECTOR('',#13026,10.);
#3744=VECTOR('',#13027,10.);
#3745=VECTOR('',#13030,10.);
#3746=VECTOR('',#13031,10.);
#3747=VECTOR('',#13034,10.);
#3748=VECTOR('',#13035,10.);
#3749=VECTOR('',#13038,10.);
#3750=VECTOR('',#13041,10.);
#3751=VECTOR('',#13042,10.);
#3752=VECTOR('',#13045,10.);
#3753=VECTOR('',#13046,10.);
#3754=VECTOR('',#13049,10.);
#3755=VECTOR('',#13054,10.);
#3756=VECTOR('',#13055,10.);
#3757=VECTOR('',#13056,10.);
#3758=VECTOR('',#13057,10.);
#3759=VECTOR('',#13060,10.);
#3760=VECTOR('',#13061,10.);
#3761=VECTOR('',#13062,10.);
#3762=VECTOR('',#13063,10.);
#3763=VECTOR('',#13066,10.);
#3764=VECTOR('',#13067,10.);
#3765=VECTOR('',#13070,10.);
#3766=VECTOR('',#13071,10.);
#3767=VECTOR('',#13072,10.);
#3768=VECTOR('',#13073,10.);
#3769=VECTOR('',#13074,10.);
#3770=VECTOR('',#13075,10.);
#3771=VECTOR('',#13076,10.);
#3772=VECTOR('',#13079,10.);
#3773=VECTOR('',#13086,10.);
#3774=VECTOR('',#13087,10.);
#3775=VECTOR('',#13090,10.);
#3776=VECTOR('',#13091,10.);
#3777=VECTOR('',#13092,10.);
#3778=VECTOR('',#13093,10.);
#3779=VECTOR('',#13094,10.);
#3780=VECTOR('',#13095,10.);
#3781=VECTOR('',#13098,10.);
#3782=VECTOR('',#13099,10.);
#3783=VECTOR('',#13100,10.);
#3784=VECTOR('',#13101,10.);
#3785=VECTOR('',#13104,10.);
#3786=VECTOR('',#13105,10.);
#3787=VECTOR('',#13106,10.);
#3788=VECTOR('',#13109,10.);
#3789=VECTOR('',#13110,10.);
#3790=VECTOR('',#13113,10.);
#3791=VECTOR('',#13114,10.);
#3792=VECTOR('',#13115,10.);
#3793=VECTOR('',#13116,10.);
#3794=VECTOR('',#13119,10.);
#3795=VECTOR('',#13120,10.);
#3796=VECTOR('',#13121,10.);
#3797=VECTOR('',#13124,10.);
#3798=VECTOR('',#13125,10.);
#3799=VECTOR('',#13126,10.);
#3800=VECTOR('',#13133,10.);
#3801=VECTOR('',#13134,10.);
#3802=VECTOR('',#13137,10.);
#3803=VECTOR('',#13138,10.);
#3804=VECTOR('',#13139,10.);
#3805=VECTOR('',#13142,10.);
#3806=VECTOR('',#13143,10.);
#3807=VECTOR('',#13150,10.);
#3808=VECTOR('',#13151,10.);
#3809=VECTOR('',#13154,10.);
#3810=VECTOR('',#13157,5.99999999999994);
#3811=VECTOR('',#13162,5.99999999999994);
#3812=VECTOR('',#13165,5.99999999999994);
#3813=VECTOR('',#13170,5.99999999999994);
#3814=VECTOR('',#13173,10.);
#3815=VECTOR('',#13176,10.);
#3816=VECTOR('',#13177,10.);
#3817=VECTOR('',#13178,10.);
#3818=VECTOR('',#13181,10.);
#3819=VECTOR('',#13182,10.);
#3820=VECTOR('',#13193,10.);
#3821=VECTOR('',#13200,10.);
#3822=VECTOR('',#13201,10.);
#3823=VECTOR('',#13202,10.);
#3824=VECTOR('',#13203,10.);
#3825=VECTOR('',#13206,10.);
#3826=VECTOR('',#13207,10.);
#3827=VECTOR('',#13208,10.);
#3828=VECTOR('',#13211,10.);
#3829=VECTOR('',#13212,10.);
#3830=VECTOR('',#13213,10.);
#3831=VECTOR('',#13214,10.);
#3832=VECTOR('',#13219,10.);
#3833=VECTOR('',#13220,10.);
#3834=VECTOR('',#13225,6.00000000000001);
#3835=VECTOR('',#13232,5.99999999999994);
#3836=VECTOR('',#13235,10.);
#3837=VECTOR('',#13236,10.);
#3838=VECTOR('',#13237,10.);
#3839=VECTOR('',#13238,10.);
#3840=VECTOR('',#13241,10.);
#3841=VECTOR('',#13242,10.);
#3842=VECTOR('',#13245,10.);
#3843=VECTOR('',#13246,10.);
#3844=VECTOR('',#13247,10.);
#3845=VECTOR('',#13248,10.);
#3846=VECTOR('',#13251,10.);
#3847=VECTOR('',#13252,10.);
#3848=VECTOR('',#13253,10.);
#3849=VECTOR('',#13256,10.);
#3850=VECTOR('',#13257,10.);
#3851=VECTOR('',#13258,10.);
#3852=VECTOR('',#13259,10.);
#3853=VECTOR('',#13260,10.);
#3854=VECTOR('',#13261,10.);
#3855=VECTOR('',#13264,10.);
#3856=VECTOR('',#13265,10.);
#3857=VECTOR('',#13268,10.);
#3858=VECTOR('',#13269,10.);
#3859=VECTOR('',#13272,10.);
#3860=VECTOR('',#13273,10.);
#3861=VECTOR('',#13276,10.);
#3862=VECTOR('',#13277,10.);
#3863=VECTOR('',#13280,10.);
#3864=VECTOR('',#13281,10.);
#3865=VECTOR('',#13290,5.99999999999994);
#3866=VECTOR('',#13297,6.00000000000001);
#3867=VECTOR('',#13304,10.);
#3868=VECTOR('',#13307,10.);
#3869=VECTOR('',#13312,10.);
#3870=VECTOR('',#13315,10.);
#3871=VECTOR('',#13318,10.);
#3872=VECTOR('',#13319,10.);
#3873=VECTOR('',#13320,10.);
#3874=VECTOR('',#13323,10.);
#3875=VECTOR('',#13328,10.);
#3876=VECTOR('',#13329,10.);
#3877=VECTOR('',#13330,10.);
#3878=VECTOR('',#13331,10.);
#3879=VECTOR('',#13332,10.);
#3880=VECTOR('',#13335,10.);
#3881=VECTOR('',#13340,10.);
#3882=VECTOR('',#13341,10.);
#3883=VECTOR('',#13346,10.);
#3884=VECTOR('',#13349,10.);
#3885=VECTOR('',#13354,10.);
#3886=VECTOR('',#13357,10.);
#3887=VECTOR('',#13360,10.);
#3888=VECTOR('',#13361,10.);
#3889=VECTOR('',#13362,10.);
#3890=VECTOR('',#13365,10.);
#3891=VECTOR('',#13370,10.);
#3892=VECTOR('',#13371,10.);
#3893=VECTOR('',#13372,10.);
#3894=VECTOR('',#13373,10.);
#3895=VECTOR('',#13374,10.);
#3896=VECTOR('',#13377,10.);
#3897=VECTOR('',#13382,10.);
#3898=VECTOR('',#13389,10.);
#3899=VECTOR('',#13402,10.);
#3900=VECTOR('',#13403,10.);
#3901=VECTOR('',#13404,10.);
#3902=VECTOR('',#13405,10.);
#3903=VECTOR('',#13408,10.);
#3904=VECTOR('',#13409,10.);
#3905=VECTOR('',#13410,10.);
#3906=VECTOR('',#13413,10.);
#3907=VECTOR('',#13414,10.);
#3908=VECTOR('',#13415,10.);
#3909=VECTOR('',#13416,10.);
#3910=VECTOR('',#13419,10.);
#3911=VECTOR('',#13420,10.);
#3912=VECTOR('',#13421,10.);
#3913=VECTOR('',#13424,10.);
#3914=VECTOR('',#13425,10.);
#3915=VECTOR('',#13426,10.);
#3916=VECTOR('',#13427,10.);
#3917=VECTOR('',#13428,10.);
#3918=VECTOR('',#13429,10.);
#3919=VECTOR('',#13430,10.);
#3920=VECTOR('',#13431,10.);
#3921=VECTOR('',#13434,10.);
#3922=VECTOR('',#13435,10.);
#3923=VECTOR('',#13438,10.);
#3924=VECTOR('',#13439,10.);
#3925=VECTOR('',#13442,10.);
#3926=VECTOR('',#13443,10.);
#3927=VECTOR('',#13446,10.);
#3928=VECTOR('',#13447,10.);
#3929=VECTOR('',#13450,10.);
#3930=VECTOR('',#13453,10.);
#3931=VECTOR('',#13454,10.);
#3932=VECTOR('',#13457,10.);
#3933=VECTOR('',#13458,10.);
#3934=VECTOR('',#13461,10.);
#3935=VECTOR('',#13466,10.);
#3936=VECTOR('',#13467,10.);
#3937=VECTOR('',#13468,10.);
#3938=VECTOR('',#13469,10.);
#3939=VECTOR('',#13472,10.);
#3940=VECTOR('',#13473,10.);
#3941=VECTOR('',#13474,10.);
#3942=VECTOR('',#13475,10.);
#3943=VECTOR('',#13478,10.);
#3944=VECTOR('',#13479,10.);
#3945=VECTOR('',#13480,10.);
#3946=VECTOR('',#13483,10.);
#3947=VECTOR('',#13484,10.);
#3948=VECTOR('',#13485,10.);
#3949=VECTOR('',#13486,10.);
#3950=VECTOR('',#13487,10.);
#3951=VECTOR('',#13488,10.);
#3952=VECTOR('',#13489,10.);
#3953=VECTOR('',#13490,10.);
#3954=VECTOR('',#13491,10.);
#3955=VECTOR('',#13494,10.);
#3956=VECTOR('',#13495,10.);
#3957=VECTOR('',#13498,10.);
#3958=VECTOR('',#13499,10.);
#3959=VECTOR('',#13500,10.);
#3960=VECTOR('',#13503,10.);
#3961=VECTOR('',#13504,10.);
#3962=VECTOR('',#13507,10.);
#3963=VECTOR('',#13508,10.);
#3964=VECTOR('',#13511,10.);
#3965=VECTOR('',#13512,10.);
#3966=VECTOR('',#13515,10.);
#3967=VECTOR('',#13518,10.);
#3968=VECTOR('',#13519,10.);
#3969=VECTOR('',#13522,10.);
#3970=VECTOR('',#13525,10.);
#3971=VECTOR('',#13530,10.);
#3972=VECTOR('',#13531,10.);
#3973=VECTOR('',#13532,10.);
#3974=VECTOR('',#13533,10.);
#3975=VECTOR('',#13536,10.);
#3976=VECTOR('',#13537,10.);
#3977=VECTOR('',#13538,10.);
#3978=VECTOR('',#13541,10.);
#3979=VECTOR('',#13542,10.);
#3980=VECTOR('',#13543,10.);
#3981=VECTOR('',#13544,10.);
#3982=VECTOR('',#13547,10.);
#3983=VECTOR('',#13548,10.);
#3984=VECTOR('',#13549,10.);
#3985=VECTOR('',#13552,10.);
#3986=VECTOR('',#13553,10.);
#3987=VECTOR('',#13554,10.);
#3988=VECTOR('',#13555,10.);
#3989=VECTOR('',#13556,10.);
#3990=VECTOR('',#13557,10.);
#3991=VECTOR('',#13558,10.);
#3992=VECTOR('',#13559,10.);
#3993=VECTOR('',#13562,10.);
#3994=VECTOR('',#13563,10.);
#3995=VECTOR('',#13566,10.);
#3996=VECTOR('',#13567,10.);
#3997=VECTOR('',#13570,10.);
#3998=VECTOR('',#13571,10.);
#3999=VECTOR('',#13574,10.);
#4000=VECTOR('',#13575,10.);
#4001=VECTOR('',#13578,10.);
#4002=VECTOR('',#13581,10.);
#4003=VECTOR('',#13582,10.);
#4004=VECTOR('',#13585,10.);
#4005=VECTOR('',#13586,10.);
#4006=VECTOR('',#13589,10.);
#4007=VECTOR('',#13596,6.00000000000001);
#4008=VECTOR('',#13603,6.00000000000002);
#4009=VECTOR('',#13610,6.00000000000001);
#4010=VECTOR('',#13617,6.00000000000002);
#4011=VECTOR('',#13622,10.);
#4012=VECTOR('',#13623,10.);
#4013=VECTOR('',#13624,10.);
#4014=VECTOR('',#13625,10.);
#4015=VECTOR('',#13628,10.);
#4016=VECTOR('',#13629,10.);
#4017=VECTOR('',#13632,10.);
#4018=VECTOR('',#13633,10.);
#4019=VECTOR('',#13634,10.);
#4020=VECTOR('',#13635,10.);
#4021=VECTOR('',#13638,10.);
#4022=VECTOR('',#13639,10.);
#4023=VECTOR('',#13642,10.);
#4024=VECTOR('',#13643,10.);
#4025=VECTOR('',#13644,10.);
#4026=VECTOR('',#13645,10.);
#4027=VECTOR('',#13648,10.);
#4028=VECTOR('',#13651,10.);
#4029=VECTOR('',#13656,10.);
#4030=VECTOR('',#13657,10.);
#4031=VECTOR('',#13658,10.);
#4032=VECTOR('',#13659,10.);
#4033=VECTOR('',#13664,10.);
#4034=VECTOR('',#13667,10.);
#4035=VECTOR('',#13668,10.);
#4036=VECTOR('',#13671,10.);
#4037=VECTOR('',#13672,10.);
#4038=VECTOR('',#13675,10.);
#4039=VECTOR('',#13676,10.);
#4040=VECTOR('',#13679,10.);
#4041=VECTOR('',#13682,10.);
#4042=VECTOR('',#13685,10.);
#4043=VECTOR('',#13690,10.);
#4044=VECTOR('',#13691,10.);
#4045=VECTOR('',#13692,10.);
#4046=VECTOR('',#13693,10.);
#4047=VECTOR('',#13696,10.);
#4048=VECTOR('',#13697,10.);
#4049=VECTOR('',#13698,10.);
#4050=VECTOR('',#13701,10.);
#4051=VECTOR('',#13702,10.);
#4052=VECTOR('',#13703,10.);
#4053=VECTOR('',#13706,10.);
#4054=VECTOR('',#13707,10.);
#4055=VECTOR('',#13714,10.);
#4056=VECTOR('',#13715,10.);
#4057=VECTOR('',#13716,10.);
#4058=VECTOR('',#13717,10.);
#4059=VECTOR('',#13720,10.);
#4060=VECTOR('',#13721,10.);
#4061=VECTOR('',#13722,10.);
#4062=VECTOR('',#13725,10.);
#4063=VECTOR('',#13726,10.);
#4064=VECTOR('',#13729,10.);
#4065=VECTOR('',#13730,10.);
#4066=VECTOR('',#13733,10.);
#4067=VECTOR('',#13738,10.);
#4068=VECTOR('',#13739,10.);
#4069=VECTOR('',#13740,10.);
#4070=VECTOR('',#13741,10.);
#4071=VECTOR('',#13744,10.);
#4072=VECTOR('',#13745,10.);
#4073=VECTOR('',#13746,10.);
#4074=VECTOR('',#13749,10.);
#4075=VECTOR('',#13750,10.);
#4076=VECTOR('',#13753,10.);
#4077=VECTOR('',#13754,10.);
#4078=VECTOR('',#13757,10.);
#4079=VECTOR('',#13762,10.);
#4080=VECTOR('',#13763,10.);
#4081=VECTOR('',#13764,10.);
#4082=VECTOR('',#13765,10.);
#4083=VECTOR('',#13768,10.);
#4084=VECTOR('',#13769,10.);
#4085=VECTOR('',#13770,10.);
#4086=VECTOR('',#13773,10.);
#4087=VECTOR('',#13774,10.);
#4088=VECTOR('',#13777,10.);
#4089=VECTOR('',#13778,10.);
#4090=VECTOR('',#13781,10.);
#4091=VECTOR('',#13786,10.);
#4092=VECTOR('',#13787,10.);
#4093=VECTOR('',#13788,10.);
#4094=VECTOR('',#13789,10.);
#4095=VECTOR('',#13792,10.);
#4096=VECTOR('',#13793,10.);
#4097=VECTOR('',#13794,10.);
#4098=VECTOR('',#13797,10.);
#4099=VECTOR('',#13798,10.);
#4100=VECTOR('',#13801,10.);
#4101=VECTOR('',#13802,10.);
#4102=VECTOR('',#13805,10.);
#4103=VERTEX_POINT('',#13810);
#4104=VERTEX_POINT('',#13811);
#4105=VERTEX_POINT('',#13813);
#4106=VERTEX_POINT('',#13815);
#4107=VERTEX_POINT('',#13819);
#4108=VERTEX_POINT('',#13821);
#4109=VERTEX_POINT('',#13825);
#4110=VERTEX_POINT('',#13827);
#4111=VERTEX_POINT('',#13831);
#4112=VERTEX_POINT('',#13833);
#4113=VERTEX_POINT('',#13837);
#4114=VERTEX_POINT('',#13839);
#4115=VERTEX_POINT('',#13843);
#4116=VERTEX_POINT('',#13845);
#4117=VERTEX_POINT('',#13849);
#4118=VERTEX_POINT('',#13851);
#4119=VERTEX_POINT('',#13860);
#4120=VERTEX_POINT('',#13861);
#4121=VERTEX_POINT('',#13863);
#4122=VERTEX_POINT('',#13865);
#4123=VERTEX_POINT('',#13869);
#4124=VERTEX_POINT('',#13870);
#4125=VERTEX_POINT('',#13872);
#4126=VERTEX_POINT('',#13874);
#4127=VERTEX_POINT('',#13886);
#4128=VERTEX_POINT('',#13887);
#4129=VERTEX_POINT('',#13889);
#4130=VERTEX_POINT('',#13891);
#4131=VERTEX_POINT('',#13895);
#4132=VERTEX_POINT('',#13896);
#4133=VERTEX_POINT('',#13898);
#4134=VERTEX_POINT('',#13900);
#4135=VERTEX_POINT('',#13912);
#4136=VERTEX_POINT('',#13914);
#4137=VERTEX_POINT('',#13918);
#4138=VERTEX_POINT('',#13920);
#4139=VERTEX_POINT('',#13924);
#4140=VERTEX_POINT('',#13926);
#4141=VERTEX_POINT('',#13930);
#4142=VERTEX_POINT('',#13932);
#4143=VERTEX_POINT('',#13936);
#4144=VERTEX_POINT('',#13937);
#4145=VERTEX_POINT('',#13939);
#4146=VERTEX_POINT('',#13941);
#4147=VERTEX_POINT('',#13945);
#4148=VERTEX_POINT('',#13947);
#4149=VERTEX_POINT('',#13949);
#4150=VERTEX_POINT('',#13951);
#4151=VERTEX_POINT('',#13953);
#4152=VERTEX_POINT('',#13955);
#4153=VERTEX_POINT('',#13959);
#4154=VERTEX_POINT('',#13963);
#4155=VERTEX_POINT('',#13964);
#4156=VERTEX_POINT('',#13966);
#4157=VERTEX_POINT('',#13968);
#4158=VERTEX_POINT('',#13972);
#4159=VERTEX_POINT('',#13974);
#4160=VERTEX_POINT('',#13978);
#4161=VERTEX_POINT('',#13981);
#4162=VERTEX_POINT('',#13983);
#4163=VERTEX_POINT('',#13987);
#4164=VERTEX_POINT('',#13991);
#4165=VERTEX_POINT('',#13995);
#4166=VERTEX_POINT('',#13999);
#4167=VERTEX_POINT('',#14010);
#4168=VERTEX_POINT('',#14012);
#4169=VERTEX_POINT('',#14016);
#4170=VERTEX_POINT('',#14018);
#4171=VERTEX_POINT('',#14022);
#4172=VERTEX_POINT('',#14024);
#4173=VERTEX_POINT('',#14028);
#4174=VERTEX_POINT('',#14030);
#4175=VERTEX_POINT('',#14034);
#4176=VERTEX_POINT('',#14035);
#4177=VERTEX_POINT('',#14037);
#4178=VERTEX_POINT('',#14039);
#4179=VERTEX_POINT('',#14043);
#4180=VERTEX_POINT('',#14044);
#4181=VERTEX_POINT('',#14046);
#4182=VERTEX_POINT('',#14048);
#4183=VERTEX_POINT('',#14052);
#4184=VERTEX_POINT('',#14053);
#4185=VERTEX_POINT('',#14055);
#4186=VERTEX_POINT('',#14057);
#4187=VERTEX_POINT('',#14061);
#4188=VERTEX_POINT('',#14063);
#4189=VERTEX_POINT('',#14067);
#4190=VERTEX_POINT('',#14069);
#4191=VERTEX_POINT('',#14073);
#4192=VERTEX_POINT('',#14075);
#4193=VERTEX_POINT('',#14080);
#4194=VERTEX_POINT('',#14082);
#4195=VERTEX_POINT('',#14084);
#4196=VERTEX_POINT('',#14086);
#4197=VERTEX_POINT('',#14088);
#4198=VERTEX_POINT('',#14090);
#4199=VERTEX_POINT('',#14108);
#4200=VERTEX_POINT('',#14110);
#4201=VERTEX_POINT('',#14114);
#4202=VERTEX_POINT('',#14116);
#4203=VERTEX_POINT('',#14120);
#4204=VERTEX_POINT('',#14121);
#4205=VERTEX_POINT('',#14123);
#4206=VERTEX_POINT('',#14125);
#4207=VERTEX_POINT('',#14129);
#4208=VERTEX_POINT('',#14130);
#4209=VERTEX_POINT('',#14135);
#4210=VERTEX_POINT('',#14136);
#4211=VERTEX_POINT('',#14138);
#4212=VERTEX_POINT('',#14140);
#4213=VERTEX_POINT('',#14144);
#4214=VERTEX_POINT('',#14146);
#4215=VERTEX_POINT('',#14150);
#4216=VERTEX_POINT('',#14152);
#4217=VERTEX_POINT('',#14156);
#4218=VERTEX_POINT('',#14158);
#4219=VERTEX_POINT('',#14160);
#4220=VERTEX_POINT('',#14162);
#4221=VERTEX_POINT('',#14164);
#4222=VERTEX_POINT('',#14169);
#4223=VERTEX_POINT('',#14173);
#4224=VERTEX_POINT('',#14177);
#4225=VERTEX_POINT('',#14181);
#4226=VERTEX_POINT('',#14185);
#4227=VERTEX_POINT('',#14194);
#4228=VERTEX_POINT('',#14196);
#4229=VERTEX_POINT('',#14200);
#4230=VERTEX_POINT('',#14202);
#4231=VERTEX_POINT('',#14206);
#4232=VERTEX_POINT('',#14207);
#4233=VERTEX_POINT('',#14209);
#4234=VERTEX_POINT('',#14211);
#4235=VERTEX_POINT('',#14215);
#4236=VERTEX_POINT('',#14216);
#4237=VERTEX_POINT('',#14218);
#4238=VERTEX_POINT('',#14220);
#4239=VERTEX_POINT('',#14224);
#4240=VERTEX_POINT('',#14226);
#4241=VERTEX_POINT('',#14230);
#4242=VERTEX_POINT('',#14234);
#4243=VERTEX_POINT('',#14237);
#4244=VERTEX_POINT('',#14239);
#4245=VERTEX_POINT('',#14243);
#4246=VERTEX_POINT('',#14247);
#4247=VERTEX_POINT('',#14251);
#4248=VERTEX_POINT('',#14252);
#4249=VERTEX_POINT('',#14254);
#4250=VERTEX_POINT('',#14256);
#4251=VERTEX_POINT('',#14260);
#4252=VERTEX_POINT('',#14261);
#4253=VERTEX_POINT('',#14263);
#4254=VERTEX_POINT('',#14265);
#4255=VERTEX_POINT('',#14269);
#4256=VERTEX_POINT('',#14271);
#4257=VERTEX_POINT('',#14275);
#4258=VERTEX_POINT('',#14279);
#4259=VERTEX_POINT('',#14282);
#4260=VERTEX_POINT('',#14284);
#4261=VERTEX_POINT('',#14288);
#4262=VERTEX_POINT('',#14292);
#4263=VERTEX_POINT('',#14304);
#4264=VERTEX_POINT('',#14305);
#4265=VERTEX_POINT('',#14307);
#4266=VERTEX_POINT('',#14309);
#4267=VERTEX_POINT('',#14313);
#4268=VERTEX_POINT('',#14315);
#4269=VERTEX_POINT('',#14319);
#4270=VERTEX_POINT('',#14320);
#4271=VERTEX_POINT('',#14322);
#4272=VERTEX_POINT('',#14324);
#4273=VERTEX_POINT('',#14328);
#4274=VERTEX_POINT('',#14330);
#4275=VERTEX_POINT('',#14335);
#4276=VERTEX_POINT('',#14337);
#4277=VERTEX_POINT('',#14339);
#4278=VERTEX_POINT('',#14341);
#4279=VERTEX_POINT('',#14343);
#4280=VERTEX_POINT('',#14345);
#4281=VERTEX_POINT('',#14349);
#4282=VERTEX_POINT('',#14353);
#4283=VERTEX_POINT('',#14357);
#4284=VERTEX_POINT('',#14361);
#4285=VERTEX_POINT('',#14367);
#4286=VERTEX_POINT('',#14371);
#4287=VERTEX_POINT('',#14378);
#4288=VERTEX_POINT('',#14379);
#4289=VERTEX_POINT('',#14381);
#4290=VERTEX_POINT('',#14383);
#4291=VERTEX_POINT('',#14387);
#4292=VERTEX_POINT('',#14388);
#4293=VERTEX_POINT('',#14390);
#4294=VERTEX_POINT('',#14392);
#4295=VERTEX_POINT('',#14396);
#4296=VERTEX_POINT('',#14398);
#4297=VERTEX_POINT('',#14402);
#4298=VERTEX_POINT('',#14404);
#4299=VERTEX_POINT('',#14406);
#4300=VERTEX_POINT('',#14409);
#4301=VERTEX_POINT('',#14411);
#4302=VERTEX_POINT('',#14413);
#4303=VERTEX_POINT('',#14415);
#4304=VERTEX_POINT('',#14419);
#4305=VERTEX_POINT('',#14423);
#4306=VERTEX_POINT('',#14424);
#4307=VERTEX_POINT('',#14429);
#4308=VERTEX_POINT('',#14433);
#4309=VERTEX_POINT('',#14437);
#4310=VERTEX_POINT('',#14443);
#4311=VERTEX_POINT('',#14452);
#4312=VERTEX_POINT('',#14453);
#4313=VERTEX_POINT('',#14455);
#4314=VERTEX_POINT('',#14457);
#4315=VERTEX_POINT('',#14461);
#4316=VERTEX_POINT('',#14463);
#4317=VERTEX_POINT('',#14467);
#4318=VERTEX_POINT('',#14468);
#4319=VERTEX_POINT('',#14470);
#4320=VERTEX_POINT('',#14472);
#4321=VERTEX_POINT('',#14476);
#4322=VERTEX_POINT('',#14478);
#4323=VERTEX_POINT('',#14483);
#4324=VERTEX_POINT('',#14485);
#4325=VERTEX_POINT('',#14487);
#4326=VERTEX_POINT('',#14489);
#4327=VERTEX_POINT('',#14491);
#4328=VERTEX_POINT('',#14493);
#4329=VERTEX_POINT('',#14497);
#4330=VERTEX_POINT('',#14501);
#4331=VERTEX_POINT('',#14505);
#4332=VERTEX_POINT('',#14509);
#4333=VERTEX_POINT('',#14515);
#4334=VERTEX_POINT('',#14519);
#4335=VERTEX_POINT('',#14526);
#4336=VERTEX_POINT('',#14527);
#4337=VERTEX_POINT('',#14529);
#4338=VERTEX_POINT('',#14531);
#4339=VERTEX_POINT('',#14535);
#4340=VERTEX_POINT('',#14537);
#4341=VERTEX_POINT('',#14541);
#4342=VERTEX_POINT('',#14542);
#4343=VERTEX_POINT('',#14544);
#4344=VERTEX_POINT('',#14546);
#4345=VERTEX_POINT('',#14550);
#4346=VERTEX_POINT('',#14551);
#4347=VERTEX_POINT('',#14557);
#4348=VERTEX_POINT('',#14559);
#4349=VERTEX_POINT('',#14561);
#4350=VERTEX_POINT('',#14563);
#4351=VERTEX_POINT('',#14565);
#4352=VERTEX_POINT('',#14567);
#4353=VERTEX_POINT('',#14571);
#4354=VERTEX_POINT('',#14575);
#4355=VERTEX_POINT('',#14579);
#4356=VERTEX_POINT('',#14583);
#4357=VERTEX_POINT('',#14589);
#4358=VERTEX_POINT('',#14593);
#4359=VERTEX_POINT('',#14600);
#4360=VERTEX_POINT('',#14601);
#4361=VERTEX_POINT('',#14603);
#4362=VERTEX_POINT('',#14605);
#4363=VERTEX_POINT('',#14609);
#4364=VERTEX_POINT('',#14611);
#4365=VERTEX_POINT('',#14615);
#4366=VERTEX_POINT('',#14616);
#4367=VERTEX_POINT('',#14618);
#4368=VERTEX_POINT('',#14620);
#4369=VERTEX_POINT('',#14624);
#4370=VERTEX_POINT('',#14626);
#4371=VERTEX_POINT('',#14631);
#4372=VERTEX_POINT('',#14633);
#4373=VERTEX_POINT('',#14635);
#4374=VERTEX_POINT('',#14637);
#4375=VERTEX_POINT('',#14639);
#4376=VERTEX_POINT('',#14641);
#4377=VERTEX_POINT('',#14645);
#4378=VERTEX_POINT('',#14649);
#4379=VERTEX_POINT('',#14653);
#4380=VERTEX_POINT('',#14657);
#4381=VERTEX_POINT('',#14663);
#4382=VERTEX_POINT('',#14667);
#4383=VERTEX_POINT('',#14674);
#4384=VERTEX_POINT('',#14675);
#4385=VERTEX_POINT('',#14677);
#4386=VERTEX_POINT('',#14679);
#4387=VERTEX_POINT('',#14683);
#4388=VERTEX_POINT('',#14685);
#4389=VERTEX_POINT('',#14689);
#4390=VERTEX_POINT('',#14690);
#4391=VERTEX_POINT('',#14692);
#4392=VERTEX_POINT('',#14694);
#4393=VERTEX_POINT('',#14698);
#4394=VERTEX_POINT('',#14700);
#4395=VERTEX_POINT('',#14705);
#4396=VERTEX_POINT('',#14707);
#4397=VERTEX_POINT('',#14709);
#4398=VERTEX_POINT('',#14711);
#4399=VERTEX_POINT('',#14713);
#4400=VERTEX_POINT('',#14715);
#4401=VERTEX_POINT('',#14719);
#4402=VERTEX_POINT('',#14723);
#4403=VERTEX_POINT('',#14727);
#4404=VERTEX_POINT('',#14731);
#4405=VERTEX_POINT('',#14737);
#4406=VERTEX_POINT('',#14741);
#4407=VERTEX_POINT('',#14748);
#4408=VERTEX_POINT('',#14749);
#4409=VERTEX_POINT('',#14751);
#4410=VERTEX_POINT('',#14753);
#4411=VERTEX_POINT('',#14757);
#4412=VERTEX_POINT('',#14759);
#4413=VERTEX_POINT('',#14763);
#4414=VERTEX_POINT('',#14764);
#4415=VERTEX_POINT('',#14766);
#4416=VERTEX_POINT('',#14768);
#4417=VERTEX_POINT('',#14772);
#4418=VERTEX_POINT('',#14774);
#4419=VERTEX_POINT('',#14779);
#4420=VERTEX_POINT('',#14781);
#4421=VERTEX_POINT('',#14783);
#4422=VERTEX_POINT('',#14785);
#4423=VERTEX_POINT('',#14787);
#4424=VERTEX_POINT('',#14789);
#4425=VERTEX_POINT('',#14793);
#4426=VERTEX_POINT('',#14797);
#4427=VERTEX_POINT('',#14801);
#4428=VERTEX_POINT('',#14805);
#4429=VERTEX_POINT('',#14811);
#4430=VERTEX_POINT('',#14815);
#4431=VERTEX_POINT('',#14822);
#4432=VERTEX_POINT('',#14823);
#4433=VERTEX_POINT('',#14825);
#4434=VERTEX_POINT('',#14827);
#4435=VERTEX_POINT('',#14831);
#4436=VERTEX_POINT('',#14833);
#4437=VERTEX_POINT('',#14837);
#4438=VERTEX_POINT('',#14838);
#4439=VERTEX_POINT('',#14840);
#4440=VERTEX_POINT('',#14842);
#4441=VERTEX_POINT('',#14846);
#4442=VERTEX_POINT('',#14847);
#4443=VERTEX_POINT('',#14853);
#4444=VERTEX_POINT('',#14855);
#4445=VERTEX_POINT('',#14857);
#4446=VERTEX_POINT('',#14859);
#4447=VERTEX_POINT('',#14861);
#4448=VERTEX_POINT('',#14863);
#4449=VERTEX_POINT('',#14867);
#4450=VERTEX_POINT('',#14871);
#4451=VERTEX_POINT('',#14875);
#4452=VERTEX_POINT('',#14879);
#4453=VERTEX_POINT('',#14885);
#4454=VERTEX_POINT('',#14889);
#4455=VERTEX_POINT('',#14896);
#4456=VERTEX_POINT('',#14897);
#4457=VERTEX_POINT('',#14899);
#4458=VERTEX_POINT('',#14901);
#4459=VERTEX_POINT('',#14905);
#4460=VERTEX_POINT('',#14907);
#4461=VERTEX_POINT('',#14911);
#4462=VERTEX_POINT('',#14912);
#4463=VERTEX_POINT('',#14914);
#4464=VERTEX_POINT('',#14916);
#4465=VERTEX_POINT('',#14920);
#4466=VERTEX_POINT('',#14922);
#4467=VERTEX_POINT('',#14927);
#4468=VERTEX_POINT('',#14929);
#4469=VERTEX_POINT('',#14931);
#4470=VERTEX_POINT('',#14933);
#4471=VERTEX_POINT('',#14935);
#4472=VERTEX_POINT('',#14937);
#4473=VERTEX_POINT('',#14941);
#4474=VERTEX_POINT('',#14945);
#4475=VERTEX_POINT('',#14949);
#4476=VERTEX_POINT('',#14953);
#4477=VERTEX_POINT('',#14959);
#4478=VERTEX_POINT('',#14963);
#4479=VERTEX_POINT('',#14970);
#4480=VERTEX_POINT('',#14971);
#4481=VERTEX_POINT('',#14973);
#4482=VERTEX_POINT('',#14975);
#4483=VERTEX_POINT('',#14979);
#4484=VERTEX_POINT('',#14981);
#4485=VERTEX_POINT('',#14985);
#4486=VERTEX_POINT('',#14986);
#4487=VERTEX_POINT('',#14988);
#4488=VERTEX_POINT('',#14990);
#4489=VERTEX_POINT('',#14994);
#4490=VERTEX_POINT('',#14996);
#4491=VERTEX_POINT('',#15001);
#4492=VERTEX_POINT('',#15003);
#4493=VERTEX_POINT('',#15005);
#4494=VERTEX_POINT('',#15007);
#4495=VERTEX_POINT('',#15009);
#4496=VERTEX_POINT('',#15011);
#4497=VERTEX_POINT('',#15015);
#4498=VERTEX_POINT('',#15019);
#4499=VERTEX_POINT('',#15023);
#4500=VERTEX_POINT('',#15027);
#4501=VERTEX_POINT('',#15033);
#4502=VERTEX_POINT('',#15037);
#4503=VERTEX_POINT('',#15044);
#4504=VERTEX_POINT('',#15045);
#4505=VERTEX_POINT('',#15047);
#4506=VERTEX_POINT('',#15049);
#4507=VERTEX_POINT('',#15053);
#4508=VERTEX_POINT('',#15055);
#4509=VERTEX_POINT('',#15059);
#4510=VERTEX_POINT('',#15060);
#4511=VERTEX_POINT('',#15062);
#4512=VERTEX_POINT('',#15064);
#4513=VERTEX_POINT('',#15068);
#4514=VERTEX_POINT('',#15070);
#4515=VERTEX_POINT('',#15075);
#4516=VERTEX_POINT('',#15077);
#4517=VERTEX_POINT('',#15079);
#4518=VERTEX_POINT('',#15081);
#4519=VERTEX_POINT('',#15083);
#4520=VERTEX_POINT('',#15085);
#4521=VERTEX_POINT('',#15089);
#4522=VERTEX_POINT('',#15093);
#4523=VERTEX_POINT('',#15097);
#4524=VERTEX_POINT('',#15101);
#4525=VERTEX_POINT('',#15107);
#4526=VERTEX_POINT('',#15111);
#4527=VERTEX_POINT('',#15118);
#4528=VERTEX_POINT('',#15119);
#4529=VERTEX_POINT('',#15121);
#4530=VERTEX_POINT('',#15123);
#4531=VERTEX_POINT('',#15127);
#4532=VERTEX_POINT('',#15129);
#4533=VERTEX_POINT('',#15131);
#4534=VERTEX_POINT('',#15133);
#4535=VERTEX_POINT('',#15135);
#4536=VERTEX_POINT('',#15137);
#4537=VERTEX_POINT('',#15139);
#4538=VERTEX_POINT('',#15141);
#4539=VERTEX_POINT('',#15143);
#4540=VERTEX_POINT('',#15145);
#4541=VERTEX_POINT('',#15149);
#4542=VERTEX_POINT('',#15153);
#4543=VERTEX_POINT('',#15157);
#4544=VERTEX_POINT('',#15161);
#4545=VERTEX_POINT('',#15165);
#4546=VERTEX_POINT('',#15169);
#4547=VERTEX_POINT('',#15173);
#4548=VERTEX_POINT('',#15177);
#4549=VERTEX_POINT('',#15181);
#4550=VERTEX_POINT('',#15183);
#4551=VERTEX_POINT('',#15192);
#4552=VERTEX_POINT('',#15194);
#4553=VERTEX_POINT('',#15200);
#4554=VERTEX_POINT('',#15202);
#4555=VERTEX_POINT('',#15208);
#4556=VERTEX_POINT('',#15210);
#4557=VERTEX_POINT('',#15216);
#4558=VERTEX_POINT('',#15218);
#4559=VERTEX_POINT('',#15224);
#4560=VERTEX_POINT('',#15226);
#4561=VERTEX_POINT('',#15232);
#4562=VERTEX_POINT('',#15234);
#4563=VERTEX_POINT('',#15240);
#4564=VERTEX_POINT('',#15242);
#4565=VERTEX_POINT('',#15248);
#4566=VERTEX_POINT('',#15250);
#4567=VERTEX_POINT('',#15256);
#4568=VERTEX_POINT('',#15257);
#4569=VERTEX_POINT('',#15259);
#4570=VERTEX_POINT('',#15261);
#4571=VERTEX_POINT('',#15265);
#4572=VERTEX_POINT('',#15267);
#4573=VERTEX_POINT('',#15269);
#4574=VERTEX_POINT('',#15271);
#4575=VERTEX_POINT('',#15273);
#4576=VERTEX_POINT('',#15275);
#4577=VERTEX_POINT('',#15277);
#4578=VERTEX_POINT('',#15279);
#4579=VERTEX_POINT('',#15281);
#4580=VERTEX_POINT('',#15283);
#4581=VERTEX_POINT('',#15287);
#4582=VERTEX_POINT('',#15291);
#4583=VERTEX_POINT('',#15295);
#4584=VERTEX_POINT('',#15299);
#4585=VERTEX_POINT('',#15303);
#4586=VERTEX_POINT('',#15307);
#4587=VERTEX_POINT('',#15311);
#4588=VERTEX_POINT('',#15315);
#4589=VERTEX_POINT('',#15319);
#4590=VERTEX_POINT('',#15321);
#4591=VERTEX_POINT('',#15330);
#4592=VERTEX_POINT('',#15331);
#4593=VERTEX_POINT('',#15333);
#4594=VERTEX_POINT('',#15335);
#4595=VERTEX_POINT('',#15339);
#4596=VERTEX_POINT('',#15341);
#4597=VERTEX_POINT('',#15345);
#4598=VERTEX_POINT('',#15346);
#4599=VERTEX_POINT('',#15348);
#4600=VERTEX_POINT('',#15350);
#4601=VERTEX_POINT('',#15354);
#4602=VERTEX_POINT('',#15356);
#4603=VERTEX_POINT('',#15361);
#4604=VERTEX_POINT('',#15363);
#4605=VERTEX_POINT('',#15365);
#4606=VERTEX_POINT('',#15367);
#4607=VERTEX_POINT('',#15369);
#4608=VERTEX_POINT('',#15371);
#4609=VERTEX_POINT('',#15375);
#4610=VERTEX_POINT('',#15379);
#4611=VERTEX_POINT('',#15383);
#4612=VERTEX_POINT('',#15387);
#4613=VERTEX_POINT('',#15393);
#4614=VERTEX_POINT('',#15397);
#4615=VERTEX_POINT('',#15404);
#4616=VERTEX_POINT('',#15405);
#4617=VERTEX_POINT('',#15407);
#4618=VERTEX_POINT('',#15409);
#4619=VERTEX_POINT('',#15413);
#4620=VERTEX_POINT('',#15415);
#4621=VERTEX_POINT('',#15419);
#4622=VERTEX_POINT('',#15420);
#4623=VERTEX_POINT('',#15422);
#4624=VERTEX_POINT('',#15424);
#4625=VERTEX_POINT('',#15428);
#4626=VERTEX_POINT('',#15430);
#4627=VERTEX_POINT('',#15435);
#4628=VERTEX_POINT('',#15437);
#4629=VERTEX_POINT('',#15439);
#4630=VERTEX_POINT('',#15441);
#4631=VERTEX_POINT('',#15443);
#4632=VERTEX_POINT('',#15445);
#4633=VERTEX_POINT('',#15449);
#4634=VERTEX_POINT('',#15453);
#4635=VERTEX_POINT('',#15457);
#4636=VERTEX_POINT('',#15461);
#4637=VERTEX_POINT('',#15467);
#4638=VERTEX_POINT('',#15471);
#4639=VERTEX_POINT('',#15478);
#4640=VERTEX_POINT('',#15479);
#4641=VERTEX_POINT('',#15481);
#4642=VERTEX_POINT('',#15483);
#4643=VERTEX_POINT('',#15487);
#4644=VERTEX_POINT('',#15489);
#4645=VERTEX_POINT('',#15493);
#4646=VERTEX_POINT('',#15494);
#4647=VERTEX_POINT('',#15496);
#4648=VERTEX_POINT('',#15498);
#4649=VERTEX_POINT('',#15502);
#4650=VERTEX_POINT('',#15504);
#4651=VERTEX_POINT('',#15509);
#4652=VERTEX_POINT('',#15511);
#4653=VERTEX_POINT('',#15513);
#4654=VERTEX_POINT('',#15515);
#4655=VERTEX_POINT('',#15517);
#4656=VERTEX_POINT('',#15519);
#4657=VERTEX_POINT('',#15523);
#4658=VERTEX_POINT('',#15527);
#4659=VERTEX_POINT('',#15531);
#4660=VERTEX_POINT('',#15535);
#4661=VERTEX_POINT('',#15541);
#4662=VERTEX_POINT('',#15545);
#4663=VERTEX_POINT('',#15552);
#4664=VERTEX_POINT('',#15553);
#4665=VERTEX_POINT('',#15555);
#4666=VERTEX_POINT('',#15557);
#4667=VERTEX_POINT('',#15561);
#4668=VERTEX_POINT('',#15563);
#4669=VERTEX_POINT('',#15567);
#4670=VERTEX_POINT('',#15568);
#4671=VERTEX_POINT('',#15570);
#4672=VERTEX_POINT('',#15572);
#4673=VERTEX_POINT('',#15576);
#4674=VERTEX_POINT('',#15578);
#4675=VERTEX_POINT('',#15583);
#4676=VERTEX_POINT('',#15585);
#4677=VERTEX_POINT('',#15587);
#4678=VERTEX_POINT('',#15589);
#4679=VERTEX_POINT('',#15591);
#4680=VERTEX_POINT('',#15593);
#4681=VERTEX_POINT('',#15597);
#4682=VERTEX_POINT('',#15601);
#4683=VERTEX_POINT('',#15605);
#4684=VERTEX_POINT('',#15609);
#4685=VERTEX_POINT('',#15615);
#4686=VERTEX_POINT('',#15619);
#4687=VERTEX_POINT('',#15626);
#4688=VERTEX_POINT('',#15627);
#4689=VERTEX_POINT('',#15629);
#4690=VERTEX_POINT('',#15631);
#4691=VERTEX_POINT('',#15635);
#4692=VERTEX_POINT('',#15637);
#4693=VERTEX_POINT('',#15641);
#4694=VERTEX_POINT('',#15642);
#4695=VERTEX_POINT('',#15644);
#4696=VERTEX_POINT('',#15646);
#4697=VERTEX_POINT('',#15650);
#4698=VERTEX_POINT('',#15651);
#4699=VERTEX_POINT('',#15657);
#4700=VERTEX_POINT('',#15659);
#4701=VERTEX_POINT('',#15661);
#4702=VERTEX_POINT('',#15663);
#4703=VERTEX_POINT('',#15665);
#4704=VERTEX_POINT('',#15667);
#4705=VERTEX_POINT('',#15671);
#4706=VERTEX_POINT('',#15675);
#4707=VERTEX_POINT('',#15679);
#4708=VERTEX_POINT('',#15683);
#4709=VERTEX_POINT('',#15689);
#4710=VERTEX_POINT('',#15693);
#4711=VERTEX_POINT('',#15700);
#4712=VERTEX_POINT('',#15701);
#4713=VERTEX_POINT('',#15703);
#4714=VERTEX_POINT('',#15705);
#4715=VERTEX_POINT('',#15709);
#4716=VERTEX_POINT('',#15711);
#4717=VERTEX_POINT('',#15715);
#4718=VERTEX_POINT('',#15716);
#4719=VERTEX_POINT('',#15718);
#4720=VERTEX_POINT('',#15720);
#4721=VERTEX_POINT('',#15724);
#4722=VERTEX_POINT('',#15726);
#4723=VERTEX_POINT('',#15731);
#4724=VERTEX_POINT('',#15733);
#4725=VERTEX_POINT('',#15735);
#4726=VERTEX_POINT('',#15737);
#4727=VERTEX_POINT('',#15739);
#4728=VERTEX_POINT('',#15741);
#4729=VERTEX_POINT('',#15745);
#4730=VERTEX_POINT('',#15749);
#4731=VERTEX_POINT('',#15753);
#4732=VERTEX_POINT('',#15757);
#4733=VERTEX_POINT('',#15763);
#4734=VERTEX_POINT('',#15767);
#4735=VERTEX_POINT('',#15774);
#4736=VERTEX_POINT('',#15775);
#4737=VERTEX_POINT('',#15777);
#4738=VERTEX_POINT('',#15779);
#4739=VERTEX_POINT('',#15783);
#4740=VERTEX_POINT('',#15785);
#4741=VERTEX_POINT('',#15789);
#4742=VERTEX_POINT('',#15790);
#4743=VERTEX_POINT('',#15792);
#4744=VERTEX_POINT('',#15794);
#4745=VERTEX_POINT('',#15798);
#4746=VERTEX_POINT('',#15799);
#4747=VERTEX_POINT('',#15805);
#4748=VERTEX_POINT('',#15807);
#4749=VERTEX_POINT('',#15809);
#4750=VERTEX_POINT('',#15811);
#4751=VERTEX_POINT('',#15813);
#4752=VERTEX_POINT('',#15815);
#4753=VERTEX_POINT('',#15819);
#4754=VERTEX_POINT('',#15823);
#4755=VERTEX_POINT('',#15827);
#4756=VERTEX_POINT('',#15831);
#4757=VERTEX_POINT('',#15837);
#4758=VERTEX_POINT('',#15841);
#4759=VERTEX_POINT('',#15848);
#4760=VERTEX_POINT('',#15849);
#4761=VERTEX_POINT('',#15851);
#4762=VERTEX_POINT('',#15853);
#4763=VERTEX_POINT('',#15857);
#4764=VERTEX_POINT('',#15859);
#4765=VERTEX_POINT('',#15863);
#4766=VERTEX_POINT('',#15864);
#4767=VERTEX_POINT('',#15866);
#4768=VERTEX_POINT('',#15868);
#4769=VERTEX_POINT('',#15872);
#4770=VERTEX_POINT('',#15874);
#4771=VERTEX_POINT('',#15879);
#4772=VERTEX_POINT('',#15881);
#4773=VERTEX_POINT('',#15883);
#4774=VERTEX_POINT('',#15885);
#4775=VERTEX_POINT('',#15887);
#4776=VERTEX_POINT('',#15889);
#4777=VERTEX_POINT('',#15893);
#4778=VERTEX_POINT('',#15897);
#4779=VERTEX_POINT('',#15901);
#4780=VERTEX_POINT('',#15905);
#4781=VERTEX_POINT('',#15911);
#4782=VERTEX_POINT('',#15915);
#4783=VERTEX_POINT('',#15922);
#4784=VERTEX_POINT('',#15923);
#4785=VERTEX_POINT('',#15925);
#4786=VERTEX_POINT('',#15927);
#4787=VERTEX_POINT('',#15931);
#4788=VERTEX_POINT('',#15932);
#4789=VERTEX_POINT('',#15934);
#4790=VERTEX_POINT('',#15936);
#4791=VERTEX_POINT('',#15943);
#4792=VERTEX_POINT('',#15945);
#4793=VERTEX_POINT('',#15947);
#4794=VERTEX_POINT('',#15949);
#4795=VERTEX_POINT('',#15951);
#4796=VERTEX_POINT('',#15953);
#4797=VERTEX_POINT('',#15955);
#4798=VERTEX_POINT('',#15957);
#4799=VERTEX_POINT('',#15960);
#4800=VERTEX_POINT('',#15962);
#4801=VERTEX_POINT('',#15965);
#4802=VERTEX_POINT('',#15969);
#4803=VERTEX_POINT('',#15971);
#4804=VERTEX_POINT('',#15973);
#4805=VERTEX_POINT('',#15975);
#4806=VERTEX_POINT('',#15977);
#4807=VERTEX_POINT('',#15981);
#4808=VERTEX_POINT('',#15982);
#4809=VERTEX_POINT('',#15984);
#4810=VERTEX_POINT('',#15986);
#4811=VERTEX_POINT('',#15990);
#4812=VERTEX_POINT('',#15992);
#4813=VERTEX_POINT('',#15996);
#4814=VERTEX_POINT('',#16001);
#4815=VERTEX_POINT('',#16003);
#4816=VERTEX_POINT('',#16007);
#4817=VERTEX_POINT('',#16009);
#4818=VERTEX_POINT('',#16012);
#4819=VERTEX_POINT('',#16014);
#4820=VERTEX_POINT('',#16016);
#4821=VERTEX_POINT('',#16019);
#4822=VERTEX_POINT('',#16021);
#4823=VERTEX_POINT('',#16024);
#4824=VERTEX_POINT('',#16028);
#4825=VERTEX_POINT('',#16030);
#4826=VERTEX_POINT('',#16032);
#4827=VERTEX_POINT('',#16035);
#4828=VERTEX_POINT('',#16038);
#4829=VERTEX_POINT('',#16040);
#4830=VERTEX_POINT('',#16043);
#4831=VERTEX_POINT('',#16051);
#4832=VERTEX_POINT('',#16057);
#4833=VERTEX_POINT('',#16063);
#4834=VERTEX_POINT('',#16065);
#4835=VERTEX_POINT('',#16080);
#4836=VERTEX_POINT('',#16081);
#4837=VERTEX_POINT('',#16083);
#4838=VERTEX_POINT('',#16085);
#4839=VERTEX_POINT('',#16089);
#4840=VERTEX_POINT('',#16091);
#4841=VERTEX_POINT('',#16095);
#4842=VERTEX_POINT('',#16097);
#4843=VERTEX_POINT('',#16099);
#4844=VERTEX_POINT('',#16102);
#4845=VERTEX_POINT('',#16105);
#4846=VERTEX_POINT('',#16109);
#4847=VERTEX_POINT('',#16111);
#4848=VERTEX_POINT('',#16115);
#4849=VERTEX_POINT('',#16119);
#4850=VERTEX_POINT('',#16120);
#4851=VERTEX_POINT('',#16122);
#4852=VERTEX_POINT('',#16124);
#4853=VERTEX_POINT('',#16131);
#4854=VERTEX_POINT('',#16132);
#4855=VERTEX_POINT('',#16134);
#4856=VERTEX_POINT('',#16136);
#4857=VERTEX_POINT('',#16140);
#4858=VERTEX_POINT('',#16142);
#4859=VERTEX_POINT('',#16146);
#4860=VERTEX_POINT('',#16148);
#4861=VERTEX_POINT('',#16150);
#4862=VERTEX_POINT('',#16152);
#4863=VERTEX_POINT('',#16157);
#4864=VERTEX_POINT('',#16161);
#4865=VERTEX_POINT('',#16165);
#4866=VERTEX_POINT('',#16169);
#4867=VERTEX_POINT('',#16178);
#4868=VERTEX_POINT('',#16180);
#4869=VERTEX_POINT('',#16184);
#4870=VERTEX_POINT('',#16186);
#4871=VERTEX_POINT('',#16190);
#4872=VERTEX_POINT('',#16191);
#4873=VERTEX_POINT('',#16193);
#4874=VERTEX_POINT('',#16195);
#4875=VERTEX_POINT('',#16199);
#4876=VERTEX_POINT('',#16200);
#4877=VERTEX_POINT('',#16202);
#4878=VERTEX_POINT('',#16204);
#4879=VERTEX_POINT('',#16208);
#4880=VERTEX_POINT('',#16210);
#4881=VERTEX_POINT('',#16214);
#4882=VERTEX_POINT('',#16218);
#4883=VERTEX_POINT('',#16221);
#4884=VERTEX_POINT('',#16223);
#4885=VERTEX_POINT('',#16227);
#4886=VERTEX_POINT('',#16231);
#4887=VERTEX_POINT('',#16235);
#4888=VERTEX_POINT('',#16236);
#4889=VERTEX_POINT('',#16238);
#4890=VERTEX_POINT('',#16240);
#4891=VERTEX_POINT('',#16244);
#4892=VERTEX_POINT('',#16245);
#4893=VERTEX_POINT('',#16247);
#4894=VERTEX_POINT('',#16249);
#4895=VERTEX_POINT('',#16253);
#4896=VERTEX_POINT('',#16255);
#4897=VERTEX_POINT('',#16259);
#4898=VERTEX_POINT('',#16263);
#4899=VERTEX_POINT('',#16266);
#4900=VERTEX_POINT('',#16268);
#4901=VERTEX_POINT('',#16272);
#4902=VERTEX_POINT('',#16276);
#4903=VERTEX_POINT('',#16288);
#4904=VERTEX_POINT('',#16289);
#4905=VERTEX_POINT('',#16291);
#4906=VERTEX_POINT('',#16293);
#4907=VERTEX_POINT('',#16297);
#4908=VERTEX_POINT('',#16299);
#4909=VERTEX_POINT('',#16303);
#4910=VERTEX_POINT('',#16304);
#4911=VERTEX_POINT('',#16306);
#4912=VERTEX_POINT('',#16308);
#4913=VERTEX_POINT('',#16312);
#4914=VERTEX_POINT('',#16314);
#4915=VERTEX_POINT('',#16319);
#4916=VERTEX_POINT('',#16321);
#4917=VERTEX_POINT('',#16323);
#4918=VERTEX_POINT('',#16325);
#4919=VERTEX_POINT('',#16327);
#4920=VERTEX_POINT('',#16329);
#4921=VERTEX_POINT('',#16333);
#4922=VERTEX_POINT('',#16337);
#4923=VERTEX_POINT('',#16341);
#4924=VERTEX_POINT('',#16345);
#4925=VERTEX_POINT('',#16351);
#4926=VERTEX_POINT('',#16355);
#4927=VERTEX_POINT('',#16362);
#4928=VERTEX_POINT('',#16363);
#4929=VERTEX_POINT('',#16365);
#4930=VERTEX_POINT('',#16367);
#4931=VERTEX_POINT('',#16371);
#4932=VERTEX_POINT('',#16372);
#4933=VERTEX_POINT('',#16374);
#4934=VERTEX_POINT('',#16376);
#4935=VERTEX_POINT('',#16380);
#4936=VERTEX_POINT('',#16382);
#4937=VERTEX_POINT('',#16386);
#4938=VERTEX_POINT('',#16388);
#4939=VERTEX_POINT('',#16390);
#4940=VERTEX_POINT('',#16393);
#4941=VERTEX_POINT('',#16395);
#4942=VERTEX_POINT('',#16397);
#4943=VERTEX_POINT('',#16399);
#4944=VERTEX_POINT('',#16403);
#4945=VERTEX_POINT('',#16407);
#4946=VERTEX_POINT('',#16408);
#4947=VERTEX_POINT('',#16413);
#4948=VERTEX_POINT('',#16417);
#4949=VERTEX_POINT('',#16421);
#4950=VERTEX_POINT('',#16427);
#4951=VERTEX_POINT('',#16436);
#4952=VERTEX_POINT('',#16437);
#4953=VERTEX_POINT('',#16439);
#4954=VERTEX_POINT('',#16441);
#4955=VERTEX_POINT('',#16445);
#4956=VERTEX_POINT('',#16447);
#4957=VERTEX_POINT('',#16451);
#4958=VERTEX_POINT('',#16452);
#4959=VERTEX_POINT('',#16454);
#4960=VERTEX_POINT('',#16456);
#4961=VERTEX_POINT('',#16460);
#4962=VERTEX_POINT('',#16462);
#4963=VERTEX_POINT('',#16467);
#4964=VERTEX_POINT('',#16469);
#4965=VERTEX_POINT('',#16471);
#4966=VERTEX_POINT('',#16473);
#4967=VERTEX_POINT('',#16475);
#4968=VERTEX_POINT('',#16477);
#4969=VERTEX_POINT('',#16481);
#4970=VERTEX_POINT('',#16485);
#4971=VERTEX_POINT('',#16489);
#4972=VERTEX_POINT('',#16493);
#4973=VERTEX_POINT('',#16499);
#4974=VERTEX_POINT('',#16503);
#4975=VERTEX_POINT('',#16510);
#4976=VERTEX_POINT('',#16512);
#4977=VERTEX_POINT('',#16516);
#4978=VERTEX_POINT('',#16518);
#4979=VERTEX_POINT('',#16522);
#4980=VERTEX_POINT('',#16524);
#4981=VERTEX_POINT('',#16528);
#4982=VERTEX_POINT('',#16530);
#4983=VERTEX_POINT('',#16534);
#4984=VERTEX_POINT('',#16535);
#4985=VERTEX_POINT('',#16537);
#4986=VERTEX_POINT('',#16539);
#4987=VERTEX_POINT('',#16543);
#4988=VERTEX_POINT('',#16545);
#4989=VERTEX_POINT('',#16547);
#4990=VERTEX_POINT('',#16549);
#4991=VERTEX_POINT('',#16551);
#4992=VERTEX_POINT('',#16553);
#4993=VERTEX_POINT('',#16557);
#4994=VERTEX_POINT('',#16561);
#4995=VERTEX_POINT('',#16562);
#4996=VERTEX_POINT('',#16564);
#4997=VERTEX_POINT('',#16566);
#4998=VERTEX_POINT('',#16570);
#4999=VERTEX_POINT('',#16572);
#5000=VERTEX_POINT('',#16576);
#5001=VERTEX_POINT('',#16579);
#5002=VERTEX_POINT('',#16581);
#5003=VERTEX_POINT('',#16585);
#5004=VERTEX_POINT('',#16589);
#5005=VERTEX_POINT('',#16593);
#5006=VERTEX_POINT('',#16597);
#5007=VERTEX_POINT('',#16608);
#5008=VERTEX_POINT('',#16609);
#5009=VERTEX_POINT('',#16611);
#5010=VERTEX_POINT('',#16613);
#5011=VERTEX_POINT('',#16617);
#5012=VERTEX_POINT('',#16619);
#5013=VERTEX_POINT('',#16623);
#5014=VERTEX_POINT('',#16625);
#5015=VERTEX_POINT('',#16634);
#5016=VERTEX_POINT('',#16635);
#5017=VERTEX_POINT('',#16637);
#5018=VERTEX_POINT('',#16639);
#5019=VERTEX_POINT('',#16643);
#5020=VERTEX_POINT('',#16645);
#5021=VERTEX_POINT('',#16649);
#5022=VERTEX_POINT('',#16653);
#5023=VERTEX_POINT('',#16660);
#5024=VERTEX_POINT('',#16661);
#5025=VERTEX_POINT('',#16663);
#5026=VERTEX_POINT('',#16665);
#5027=VERTEX_POINT('',#16669);
#5028=VERTEX_POINT('',#16671);
#5029=VERTEX_POINT('',#16675);
#5030=VERTEX_POINT('',#16679);
#5031=VERTEX_POINT('',#16686);
#5032=VERTEX_POINT('',#16687);
#5033=VERTEX_POINT('',#16689);
#5034=VERTEX_POINT('',#16691);
#5035=VERTEX_POINT('',#16695);
#5036=VERTEX_POINT('',#16697);
#5037=VERTEX_POINT('',#16701);
#5038=VERTEX_POINT('',#16705);
#5039=VERTEX_POINT('',#16712);
#5040=VERTEX_POINT('',#16713);
#5041=VERTEX_POINT('',#16715);
#5042=VERTEX_POINT('',#16717);
#5043=VERTEX_POINT('',#16721);
#5044=VERTEX_POINT('',#16723);
#5045=VERTEX_POINT('',#16727);
#5046=VERTEX_POINT('',#16731);
#5047=EDGE_CURVE('',#4103,#4104,#1519,.T.);
#5048=EDGE_CURVE('',#4103,#4105,#1520,.T.);
#5049=EDGE_CURVE('',#4106,#4105,#1521,.T.);
#5050=EDGE_CURVE('',#4104,#4106,#1522,.T.);
#5051=EDGE_CURVE('',#4107,#4104,#1523,.T.);
#5052=EDGE_CURVE('',#4108,#4106,#1524,.T.);
#5053=EDGE_CURVE('',#4107,#4108,#1525,.T.);
#5054=EDGE_CURVE('',#4107,#4109,#1526,.T.);
#5055=EDGE_CURVE('',#4110,#4108,#1527,.T.);
#5056=EDGE_CURVE('',#4109,#4110,#1528,.T.);
#5057=EDGE_CURVE('',#4109,#4111,#1529,.T.);
#5058=EDGE_CURVE('',#4112,#4110,#1530,.T.);
#5059=EDGE_CURVE('',#4111,#4112,#1531,.T.);
#5060=EDGE_CURVE('',#4113,#4111,#1532,.T.);
#5061=EDGE_CURVE('',#4114,#4112,#1533,.T.);
#5062=EDGE_CURVE('',#4113,#4114,#1534,.T.);
#5063=EDGE_CURVE('',#4115,#4113,#1535,.T.);
#5064=EDGE_CURVE('',#4116,#4114,#1536,.T.);
#5065=EDGE_CURVE('',#4115,#4116,#1537,.T.);
#5066=EDGE_CURVE('',#4117,#4115,#1538,.T.);
#5067=EDGE_CURVE('',#4118,#4116,#1539,.T.);
#5068=EDGE_CURVE('',#4117,#4118,#1540,.T.);
#5069=EDGE_CURVE('',#4103,#4117,#1541,.T.);
#5070=EDGE_CURVE('',#4105,#4118,#1542,.T.);
#5071=EDGE_CURVE('',#4119,#4120,#1543,.T.);
#5072=EDGE_CURVE('',#4119,#4121,#1544,.T.);
#5073=EDGE_CURVE('',#4121,#4122,#1545,.T.);
#5074=EDGE_CURVE('',#4122,#4120,#1546,.T.);
#5075=EDGE_CURVE('',#4123,#4124,#1547,.T.);
#5076=EDGE_CURVE('',#4125,#4123,#1548,.T.);
#5077=EDGE_CURVE('',#4125,#4126,#1549,.T.);
#5078=EDGE_CURVE('',#4126,#4124,#1550,.T.);
#5079=EDGE_CURVE('',#4124,#4119,#1551,.T.);
#5080=EDGE_CURVE('',#4120,#4123,#1552,.T.);
#5081=EDGE_CURVE('',#4122,#4125,#1553,.T.);
#5082=EDGE_CURVE('',#4121,#4126,#1554,.T.);
#5083=EDGE_CURVE('',#4127,#4128,#1555,.T.);
#5084=EDGE_CURVE('',#4129,#4127,#1556,.T.);
#5085=EDGE_CURVE('',#4130,#4129,#1557,.T.);
#5086=EDGE_CURVE('',#4130,#4128,#1558,.T.);
#5087=EDGE_CURVE('',#4131,#4132,#1559,.T.);
#5088=EDGE_CURVE('',#4133,#4131,#1560,.T.);
#5089=EDGE_CURVE('',#4133,#4134,#1561,.T.);
#5090=EDGE_CURVE('',#4134,#4132,#1562,.T.);
#5091=EDGE_CURVE('',#4128,#4131,#1563,.T.);
#5092=EDGE_CURVE('',#4132,#4127,#1564,.T.);
#5093=EDGE_CURVE('',#4129,#4134,#1565,.T.);
#5094=EDGE_CURVE('',#4130,#4133,#1566,.T.);
#5095=EDGE_CURVE('',#4135,#4135,#61,.T.);
#5096=EDGE_CURVE('',#4135,#4136,#1567,.T.);
#5097=EDGE_CURVE('',#4136,#4136,#62,.T.);
#5098=EDGE_CURVE('',#4137,#4137,#63,.T.);
#5099=EDGE_CURVE('',#4137,#4138,#1568,.T.);
#5100=EDGE_CURVE('',#4138,#4138,#64,.T.);
#5101=EDGE_CURVE('',#4139,#4139,#65,.T.);
#5102=EDGE_CURVE('',#4139,#4140,#1569,.T.);
#5103=EDGE_CURVE('',#4140,#4140,#66,.T.);
#5104=EDGE_CURVE('',#4141,#4141,#67,.T.);
#5105=EDGE_CURVE('',#4141,#4142,#1570,.T.);
#5106=EDGE_CURVE('',#4142,#4142,#68,.T.);
#5107=EDGE_CURVE('',#4143,#4144,#1571,.T.);
#5108=EDGE_CURVE('',#4145,#4144,#1572,.T.);
#5109=EDGE_CURVE('',#4145,#4146,#1573,.T.);
#5110=EDGE_CURVE('',#4143,#4146,#1574,.T.);
#5111=EDGE_CURVE('',#4147,#4143,#1575,.T.);
#5112=EDGE_CURVE('',#4147,#4148,#1576,.T.);
#5113=EDGE_CURVE('',#4148,#4149,#69,.T.);
#5114=EDGE_CURVE('',#4149,#4150,#1577,.T.);
#5115=EDGE_CURVE('',#4150,#4151,#1578,.T.);
#5116=EDGE_CURVE('',#4151,#4152,#1579,.T.);
#5117=EDGE_CURVE('',#4144,#4152,#1580,.T.);
#5118=EDGE_CURVE('',#4146,#4153,#1581,.T.);
#5119=EDGE_CURVE('',#4147,#4153,#1582,.T.);
#5120=EDGE_CURVE('',#4154,#4155,#1583,.T.);
#5121=EDGE_CURVE('',#4155,#4156,#1584,.T.);
#5122=EDGE_CURVE('',#4157,#4156,#1585,.T.);
#5123=EDGE_CURVE('',#4157,#4154,#1586,.T.);
#5124=EDGE_CURVE('',#4158,#4148,#1587,.T.);
#5125=EDGE_CURVE('',#4158,#4159,#70,.T.);
#5126=EDGE_CURVE('',#4159,#4149,#1588,.T.);
#5127=EDGE_CURVE('',#4160,#4154,#71,.T.);
#5128=EDGE_CURVE('',#4153,#4160,#1589,.T.);
#5129=EDGE_CURVE('',#4161,#4145,#1590,.T.);
#5130=EDGE_CURVE('',#4162,#4161,#1591,.T.);
#5131=EDGE_CURVE('',#4155,#4162,#1592,.T.);
#5132=EDGE_CURVE('',#4163,#4157,#72,.T.);
#5133=EDGE_CURVE('',#4160,#4163,#1593,.T.);
#5134=EDGE_CURVE('',#4164,#4159,#1594,.T.);
#5135=EDGE_CURVE('',#4164,#4150,#1595,.T.);
#5136=EDGE_CURVE('',#4156,#4165,#1596,.T.);
#5137=EDGE_CURVE('',#4165,#4163,#1597,.T.);
#5138=EDGE_CURVE('',#4166,#4164,#1598,.T.);
#5139=EDGE_CURVE('',#4166,#4151,#1599,.T.);
#5140=EDGE_CURVE('',#4161,#4152,#1600,.T.);
#5141=EDGE_CURVE('',#4158,#4166,#1601,.T.);
#5142=EDGE_CURVE('',#4162,#4165,#1602,.T.);
#5143=EDGE_CURVE('',#4167,#4167,#73,.T.);
#5144=EDGE_CURVE('',#4167,#4168,#1603,.T.);
#5145=EDGE_CURVE('',#4168,#4168,#74,.T.);
#5146=EDGE_CURVE('',#4169,#4169,#75,.T.);
#5147=EDGE_CURVE('',#4169,#4170,#1604,.T.);
#5148=EDGE_CURVE('',#4170,#4170,#76,.T.);
#5149=EDGE_CURVE('',#4171,#4171,#77,.T.);
#5150=EDGE_CURVE('',#4171,#4172,#1605,.T.);
#5151=EDGE_CURVE('',#4172,#4172,#78,.T.);
#5152=EDGE_CURVE('',#4173,#4173,#79,.T.);
#5153=EDGE_CURVE('',#4173,#4174,#1606,.T.);
#5154=EDGE_CURVE('',#4174,#4174,#80,.T.);
#5155=EDGE_CURVE('',#4175,#4176,#1607,.T.);
#5156=EDGE_CURVE('',#4177,#4176,#1608,.T.);
#5157=EDGE_CURVE('',#4177,#4178,#1609,.T.);
#5158=EDGE_CURVE('',#4175,#4178,#1610,.T.);
#5159=EDGE_CURVE('',#4179,#4180,#1611,.T.);
#5160=EDGE_CURVE('',#4181,#4179,#1612,.T.);
#5161=EDGE_CURVE('',#4181,#4182,#1613,.T.);
#5162=EDGE_CURVE('',#4182,#4180,#1614,.T.);
#5163=EDGE_CURVE('',#4183,#4184,#1615,.T.);
#5164=EDGE_CURVE('',#4184,#4185,#1616,.T.);
#5165=EDGE_CURVE('',#4186,#4185,#1617,.T.);
#5166=EDGE_CURVE('',#4183,#4186,#1618,.T.);
#5167=EDGE_CURVE('',#4176,#4187,#1619,.T.);
#5168=EDGE_CURVE('',#4188,#4187,#1620,.T.);
#5169=EDGE_CURVE('',#4188,#4177,#1621,.T.);
#5170=EDGE_CURVE('',#4182,#4189,#81,.T.);
#5171=EDGE_CURVE('',#4189,#4190,#1622,.T.);
#5172=EDGE_CURVE('',#4180,#4190,#82,.T.);
#5173=EDGE_CURVE('',#4184,#4191,#83,.T.);
#5174=EDGE_CURVE('',#4192,#4191,#1623,.T.);
#5175=EDGE_CURVE('',#4185,#4192,#84,.T.);
#5176=EDGE_CURVE('',#4190,#4187,#1624,.T.);
#5177=EDGE_CURVE('',#4193,#4189,#1625,.T.);
#5178=EDGE_CURVE('',#4193,#4194,#1626,.T.);
#5179=EDGE_CURVE('',#4195,#4194,#1627,.T.);
#5180=EDGE_CURVE('',#4195,#4196,#1628,.T.);
#5181=EDGE_CURVE('',#4196,#4197,#1629,.T.);
#5182=EDGE_CURVE('',#4197,#4198,#1630,.T.);
#5183=EDGE_CURVE('',#4192,#4198,#1631,.T.);
#5184=EDGE_CURVE('',#4191,#4188,#1632,.T.);
#5185=EDGE_CURVE('',#4181,#4193,#1633,.T.);
#5186=EDGE_CURVE('',#4194,#4179,#1634,.T.);
#5187=EDGE_CURVE('',#4195,#4175,#1635,.T.);
#5188=EDGE_CURVE('',#4178,#4196,#1636,.T.);
#5189=EDGE_CURVE('',#4197,#4183,#1637,.T.);
#5190=EDGE_CURVE('',#4198,#4186,#1638,.T.);
#5191=EDGE_CURVE('',#4199,#4199,#85,.T.);
#5192=EDGE_CURVE('',#4199,#4200,#1639,.T.);
#5193=EDGE_CURVE('',#4200,#4200,#86,.T.);
#5194=EDGE_CURVE('',#4201,#4201,#87,.T.);
#5195=EDGE_CURVE('',#4201,#4202,#1640,.T.);
#5196=EDGE_CURVE('',#4202,#4202,#88,.T.);
#5197=EDGE_CURVE('',#4203,#4204,#1641,.T.);
#5198=EDGE_CURVE('',#4205,#4203,#1642,.T.);
#5199=EDGE_CURVE('',#4205,#4206,#1643,.T.);
#5200=EDGE_CURVE('',#4204,#4206,#1644,.T.);
#5201=EDGE_CURVE('',#4207,#4208,#1645,.T.);
#5202=EDGE_CURVE('',#4206,#4207,#1646,.T.);
#5203=EDGE_CURVE('',#4208,#4205,#1647,.T.);
#5204=EDGE_CURVE('',#4209,#4210,#1648,.T.);
#5205=EDGE_CURVE('',#4211,#4209,#1649,.T.);
#5206=EDGE_CURVE('',#4211,#4212,#1650,.T.);
#5207=EDGE_CURVE('',#4210,#4212,#1651,.T.);
#5208=EDGE_CURVE('',#4212,#4213,#1652,.T.);
#5209=EDGE_CURVE('',#4214,#4211,#1653,.T.);
#5210=EDGE_CURVE('',#4213,#4214,#1654,.T.);
#5211=EDGE_CURVE('',#4208,#4215,#1655,.T.);
#5212=EDGE_CURVE('',#4216,#4215,#1656,.T.);
#5213=EDGE_CURVE('',#4207,#4216,#1657,.T.);
#5214=EDGE_CURVE('',#4217,#4216,#1658,.T.);
#5215=EDGE_CURVE('',#4217,#4218,#1659,.T.);
#5216=EDGE_CURVE('',#4219,#4218,#1660,.T.);
#5217=EDGE_CURVE('',#4220,#4219,#1661,.T.);
#5218=EDGE_CURVE('',#4221,#4220,#1662,.T.);
#5219=EDGE_CURVE('',#4214,#4221,#1663,.T.);
#5220=EDGE_CURVE('',#4204,#4209,#1664,.T.);
#5221=EDGE_CURVE('',#4215,#4222,#1665,.T.);
#5222=EDGE_CURVE('',#4217,#4222,#1666,.T.);
#5223=EDGE_CURVE('',#4222,#4223,#1667,.T.);
#5224=EDGE_CURVE('',#4218,#4223,#1668,.T.);
#5225=EDGE_CURVE('',#4224,#4221,#1669,.T.);
#5226=EDGE_CURVE('',#4213,#4224,#1670,.T.);
#5227=EDGE_CURVE('',#4225,#4224,#1671,.T.);
#5228=EDGE_CURVE('',#4225,#4220,#1672,.T.);
#5229=EDGE_CURVE('',#4226,#4219,#1673,.T.);
#5230=EDGE_CURVE('',#4225,#4226,#1674,.T.);
#5231=EDGE_CURVE('',#4203,#4210,#1675,.T.);
#5232=EDGE_CURVE('',#4223,#4226,#1676,.T.);
#5233=EDGE_CURVE('',#4227,#4227,#89,.T.);
#5234=EDGE_CURVE('',#4227,#4228,#1677,.T.);
#5235=EDGE_CURVE('',#4228,#4228,#90,.T.);
#5236=EDGE_CURVE('',#4229,#4229,#91,.T.);
#5237=EDGE_CURVE('',#4229,#4230,#1678,.T.);
#5238=EDGE_CURVE('',#4230,#4230,#92,.T.);
#5239=EDGE_CURVE('',#4231,#4232,#93,.T.);
#5240=EDGE_CURVE('',#4233,#4231,#1679,.T.);
#5241=EDGE_CURVE('',#4234,#4233,#94,.T.);
#5242=EDGE_CURVE('',#4232,#4234,#1680,.T.);
#5243=EDGE_CURVE('',#4235,#4236,#95,.T.);
#5244=EDGE_CURVE('',#4237,#4235,#1681,.T.);
#5245=EDGE_CURVE('',#4238,#4237,#96,.T.);
#5246=EDGE_CURVE('',#4236,#4238,#1682,.T.);
#5247=EDGE_CURVE('',#4235,#4239,#1683,.T.);
#5248=EDGE_CURVE('',#4239,#4240,#1684,.T.);
#5249=EDGE_CURVE('',#4237,#4240,#1685,.T.);
#5250=EDGE_CURVE('',#4236,#4241,#1686,.T.);
#5251=EDGE_CURVE('',#4241,#4239,#97,.T.);
#5252=EDGE_CURVE('',#4231,#4242,#1687,.T.);
#5253=EDGE_CURVE('',#4242,#4241,#1688,.T.);
#5254=EDGE_CURVE('',#4243,#4238,#1689,.T.);
#5255=EDGE_CURVE('',#4244,#4243,#1690,.T.);
#5256=EDGE_CURVE('',#4244,#4233,#1691,.T.);
#5257=EDGE_CURVE('',#4245,#4232,#1692,.T.);
#5258=EDGE_CURVE('',#4242,#4245,#98,.T.);
#5259=EDGE_CURVE('',#4246,#4234,#1693,.T.);
#5260=EDGE_CURVE('',#4245,#4246,#1694,.T.);
#5261=EDGE_CURVE('',#4247,#4248,#99,.T.);
#5262=EDGE_CURVE('',#4247,#4249,#1695,.T.);
#5263=EDGE_CURVE('',#4250,#4249,#100,.T.);
#5264=EDGE_CURVE('',#4248,#4250,#1696,.T.);
#5265=EDGE_CURVE('',#4251,#4252,#101,.T.);
#5266=EDGE_CURVE('',#4253,#4251,#1697,.T.);
#5267=EDGE_CURVE('',#4254,#4253,#102,.T.);
#5268=EDGE_CURVE('',#4254,#4252,#1698,.T.);
#5269=EDGE_CURVE('',#4251,#4255,#1699,.T.);
#5270=EDGE_CURVE('',#4256,#4255,#1700,.T.);
#5271=EDGE_CURVE('',#4253,#4256,#1701,.T.);
#5272=EDGE_CURVE('',#4257,#4252,#1702,.T.);
#5273=EDGE_CURVE('',#4255,#4257,#103,.T.);
#5274=EDGE_CURVE('',#4258,#4247,#1703,.T.);
#5275=EDGE_CURVE('',#4257,#4258,#1704,.T.);
#5276=EDGE_CURVE('',#4259,#4254,#1705,.T.);
#5277=EDGE_CURVE('',#4259,#4260,#1706,.T.);
#5278=EDGE_CURVE('',#4249,#4260,#1707,.T.);
#5279=EDGE_CURVE('',#4261,#4248,#1708,.T.);
#5280=EDGE_CURVE('',#4261,#4258,#104,.T.);
#5281=EDGE_CURVE('',#4261,#4262,#1709,.T.);
#5282=EDGE_CURVE('',#4240,#4262,#105,.T.);
#5283=EDGE_CURVE('',#4256,#4246,#106,.T.);
#5284=EDGE_CURVE('',#4262,#4250,#1710,.T.);
#5285=EDGE_CURVE('',#4260,#4243,#107,.T.);
#5286=EDGE_CURVE('',#4259,#4244,#108,.T.);
#5287=EDGE_CURVE('',#4263,#4264,#1711,.T.);
#5288=EDGE_CURVE('',#4265,#4264,#1712,.T.);
#5289=EDGE_CURVE('',#4265,#4266,#1713,.T.);
#5290=EDGE_CURVE('',#4263,#4266,#1714,.T.);
#5291=EDGE_CURVE('',#4267,#4265,#1715,.T.);
#5292=EDGE_CURVE('',#4268,#4267,#1716,.T.);
#5293=EDGE_CURVE('',#4266,#4268,#1717,.T.);
#5294=EDGE_CURVE('',#4269,#4270,#1718,.T.);
#5295=EDGE_CURVE('',#4271,#4270,#1719,.T.);
#5296=EDGE_CURVE('',#4271,#4272,#1720,.T.);
#5297=EDGE_CURVE('',#4269,#4272,#1721,.T.);
#5298=EDGE_CURVE('',#4273,#4271,#1722,.T.);
#5299=EDGE_CURVE('',#4274,#4273,#1723,.T.);
#5300=EDGE_CURVE('',#4272,#4274,#1724,.T.);
#5301=EDGE_CURVE('',#4264,#4269,#1725,.T.);
#5302=EDGE_CURVE('',#4274,#4275,#1726,.T.);
#5303=EDGE_CURVE('',#4276,#4275,#1727,.T.);
#5304=EDGE_CURVE('',#4276,#4277,#1728,.T.);
#5305=EDGE_CURVE('',#4278,#4277,#1729,.T.);
#5306=EDGE_CURVE('',#4279,#4278,#1730,.T.);
#5307=EDGE_CURVE('',#4280,#4279,#1731,.T.);
#5308=EDGE_CURVE('',#4267,#4280,#1732,.T.);
#5309=EDGE_CURVE('',#4281,#4280,#1733,.T.);
#5310=EDGE_CURVE('',#4268,#4281,#1734,.T.);
#5311=EDGE_CURVE('',#4282,#4279,#1735,.T.);
#5312=EDGE_CURVE('',#4282,#4281,#1736,.T.);
#5313=EDGE_CURVE('',#4273,#4283,#1737,.T.);
#5314=EDGE_CURVE('',#4275,#4283,#1738,.T.);
#5315=EDGE_CURVE('',#4276,#4284,#1739,.T.);
#5316=EDGE_CURVE('',#4283,#4284,#1740,.T.);
#5317=EDGE_CURVE('',#4270,#4263,#1741,.T.);
#5318=EDGE_CURVE('',#4284,#4285,#1742,.T.);
#5319=EDGE_CURVE('',#4277,#4285,#1743,.T.);
#5320=EDGE_CURVE('',#4286,#4278,#1744,.T.);
#5321=EDGE_CURVE('',#4282,#4286,#1745,.T.);
#5322=EDGE_CURVE('',#4285,#4286,#1746,.T.);
#5323=EDGE_CURVE('',#4287,#4288,#1747,.T.);
#5324=EDGE_CURVE('',#4288,#4289,#1748,.T.);
#5325=EDGE_CURVE('',#4289,#4290,#1749,.T.);
#5326=EDGE_CURVE('',#4290,#4287,#1750,.T.);
#5327=EDGE_CURVE('',#4291,#4292,#1751,.T.);
#5328=EDGE_CURVE('',#4293,#4292,#1752,.T.);
#5329=EDGE_CURVE('',#4294,#4293,#1753,.T.);
#5330=EDGE_CURVE('',#4294,#4291,#1754,.T.);
#5331=EDGE_CURVE('',#4288,#4295,#1755,.T.);
#5332=EDGE_CURVE('',#4296,#4295,#1756,.T.);
#5333=EDGE_CURVE('',#4289,#4296,#1757,.T.);
#5334=EDGE_CURVE('',#4296,#4297,#1758,.T.);
#5335=EDGE_CURVE('',#4297,#4298,#1759,.T.);
#5336=EDGE_CURVE('',#4298,#4299,#1760,.T.);
#5337=EDGE_CURVE('',#4294,#4299,#1761,.T.);
#5338=EDGE_CURVE('',#4300,#4293,#1762,.T.);
#5339=EDGE_CURVE('',#4301,#4300,#1763,.T.);
#5340=EDGE_CURVE('',#4302,#4301,#1764,.T.);
#5341=EDGE_CURVE('',#4303,#4302,#1765,.T.);
#5342=EDGE_CURVE('',#4303,#4290,#1766,.T.);
#5343=EDGE_CURVE('',#4295,#4304,#1767,.T.);
#5344=EDGE_CURVE('',#4304,#4297,#1768,.T.);
#5345=EDGE_CURVE('',#4305,#4306,#1769,.T.);
#5346=EDGE_CURVE('',#4306,#4301,#1770,.T.);
#5347=EDGE_CURVE('',#4305,#4300,#1771,.T.);
#5348=EDGE_CURVE('',#4307,#4303,#1772,.T.);
#5349=EDGE_CURVE('',#4287,#4307,#1773,.T.);
#5350=EDGE_CURVE('',#4308,#4304,#1774,.T.);
#5351=EDGE_CURVE('',#4298,#4308,#1775,.T.);
#5352=EDGE_CURVE('',#4309,#4302,#1776,.T.);
#5353=EDGE_CURVE('',#4307,#4309,#1777,.T.);
#5354=EDGE_CURVE('',#4306,#4309,#1778,.T.);
#5355=EDGE_CURVE('',#4308,#4310,#1779,.T.);
#5356=EDGE_CURVE('',#4299,#4310,#1780,.T.);
#5357=EDGE_CURVE('',#4310,#4291,#1781,.T.);
#5358=EDGE_CURVE('',#4292,#4305,#1782,.T.);
#5359=EDGE_CURVE('',#4311,#4312,#1783,.T.);
#5360=EDGE_CURVE('',#4313,#4312,#1784,.T.);
#5361=EDGE_CURVE('',#4313,#4314,#1785,.T.);
#5362=EDGE_CURVE('',#4311,#4314,#1786,.T.);
#5363=EDGE_CURVE('',#4315,#4313,#1787,.T.);
#5364=EDGE_CURVE('',#4316,#4315,#1788,.T.);
#5365=EDGE_CURVE('',#4314,#4316,#1789,.T.);
#5366=EDGE_CURVE('',#4317,#4318,#1790,.T.);
#5367=EDGE_CURVE('',#4319,#4318,#1791,.T.);
#5368=EDGE_CURVE('',#4319,#4320,#1792,.T.);
#5369=EDGE_CURVE('',#4317,#4320,#1793,.T.);
#5370=EDGE_CURVE('',#4321,#4319,#1794,.T.);
#5371=EDGE_CURVE('',#4322,#4321,#1795,.T.);
#5372=EDGE_CURVE('',#4320,#4322,#1796,.T.);
#5373=EDGE_CURVE('',#4312,#4317,#1797,.T.);
#5374=EDGE_CURVE('',#4322,#4323,#1798,.T.);
#5375=EDGE_CURVE('',#4324,#4323,#1799,.T.);
#5376=EDGE_CURVE('',#4324,#4325,#1800,.T.);
#5377=EDGE_CURVE('',#4326,#4325,#1801,.T.);
#5378=EDGE_CURVE('',#4327,#4326,#1802,.T.);
#5379=EDGE_CURVE('',#4328,#4327,#1803,.T.);
#5380=EDGE_CURVE('',#4315,#4328,#1804,.T.);
#5381=EDGE_CURVE('',#4329,#4328,#1805,.T.);
#5382=EDGE_CURVE('',#4316,#4329,#1806,.T.);
#5383=EDGE_CURVE('',#4330,#4327,#1807,.T.);
#5384=EDGE_CURVE('',#4330,#4329,#1808,.T.);
#5385=EDGE_CURVE('',#4321,#4331,#1809,.T.);
#5386=EDGE_CURVE('',#4323,#4331,#1810,.T.);
#5387=EDGE_CURVE('',#4324,#4332,#1811,.T.);
#5388=EDGE_CURVE('',#4331,#4332,#1812,.T.);
#5389=EDGE_CURVE('',#4318,#4311,#1813,.T.);
#5390=EDGE_CURVE('',#4333,#4326,#1814,.T.);
#5391=EDGE_CURVE('',#4330,#4333,#1815,.T.);
#5392=EDGE_CURVE('',#4334,#4333,#1816,.T.);
#5393=EDGE_CURVE('',#4332,#4334,#1817,.T.);
#5394=EDGE_CURVE('',#4325,#4334,#1818,.T.);
#5395=EDGE_CURVE('',#4335,#4336,#1819,.T.);
#5396=EDGE_CURVE('',#4337,#4336,#1820,.T.);
#5397=EDGE_CURVE('',#4337,#4338,#1821,.T.);
#5398=EDGE_CURVE('',#4335,#4338,#1822,.T.);
#5399=EDGE_CURVE('',#4339,#4337,#1823,.T.);
#5400=EDGE_CURVE('',#4340,#4339,#1824,.T.);
#5401=EDGE_CURVE('',#4338,#4340,#1825,.T.);
#5402=EDGE_CURVE('',#4341,#4342,#1826,.T.);
#5403=EDGE_CURVE('',#4343,#4342,#1827,.T.);
#5404=EDGE_CURVE('',#4343,#4344,#1828,.T.);
#5405=EDGE_CURVE('',#4341,#4344,#1829,.T.);
#5406=EDGE_CURVE('',#4345,#4346,#1830,.T.);
#5407=EDGE_CURVE('',#4344,#4345,#1831,.T.);
#5408=EDGE_CURVE('',#4346,#4343,#1832,.T.);
#5409=EDGE_CURVE('',#4336,#4341,#1833,.T.);
#5410=EDGE_CURVE('',#4345,#4347,#1834,.T.);
#5411=EDGE_CURVE('',#4348,#4347,#1835,.T.);
#5412=EDGE_CURVE('',#4348,#4349,#1836,.T.);
#5413=EDGE_CURVE('',#4350,#4349,#1837,.T.);
#5414=EDGE_CURVE('',#4351,#4350,#1838,.T.);
#5415=EDGE_CURVE('',#4352,#4351,#1839,.T.);
#5416=EDGE_CURVE('',#4339,#4352,#1840,.T.);
#5417=EDGE_CURVE('',#4346,#4353,#1841,.T.);
#5418=EDGE_CURVE('',#4347,#4353,#1842,.T.);
#5419=EDGE_CURVE('',#4354,#4352,#1843,.T.);
#5420=EDGE_CURVE('',#4340,#4354,#1844,.T.);
#5421=EDGE_CURVE('',#4355,#4351,#1845,.T.);
#5422=EDGE_CURVE('',#4355,#4354,#1846,.T.);
#5423=EDGE_CURVE('',#4353,#4356,#1847,.T.);
#5424=EDGE_CURVE('',#4348,#4356,#1848,.T.);
#5425=EDGE_CURVE('',#4342,#4335,#1849,.T.);
#5426=EDGE_CURVE('',#4356,#4357,#1850,.T.);
#5427=EDGE_CURVE('',#4349,#4357,#1851,.T.);
#5428=EDGE_CURVE('',#4358,#4350,#1852,.T.);
#5429=EDGE_CURVE('',#4355,#4358,#1853,.T.);
#5430=EDGE_CURVE('',#4357,#4358,#1854,.T.);
#5431=EDGE_CURVE('',#4359,#4360,#1855,.T.);
#5432=EDGE_CURVE('',#4361,#4360,#1856,.T.);
#5433=EDGE_CURVE('',#4361,#4362,#1857,.T.);
#5434=EDGE_CURVE('',#4359,#4362,#1858,.T.);
#5435=EDGE_CURVE('',#4363,#4361,#1859,.T.);
#5436=EDGE_CURVE('',#4364,#4363,#1860,.T.);
#5437=EDGE_CURVE('',#4362,#4364,#1861,.T.);
#5438=EDGE_CURVE('',#4365,#4366,#1862,.T.);
#5439=EDGE_CURVE('',#4367,#4366,#1863,.T.);
#5440=EDGE_CURVE('',#4367,#4368,#1864,.T.);
#5441=EDGE_CURVE('',#4365,#4368,#1865,.T.);
#5442=EDGE_CURVE('',#4369,#4367,#1866,.T.);
#5443=EDGE_CURVE('',#4370,#4369,#1867,.T.);
#5444=EDGE_CURVE('',#4368,#4370,#1868,.T.);
#5445=EDGE_CURVE('',#4360,#4365,#1869,.T.);
#5446=EDGE_CURVE('',#4370,#4371,#1870,.T.);
#5447=EDGE_CURVE('',#4372,#4371,#1871,.T.);
#5448=EDGE_CURVE('',#4372,#4373,#1872,.T.);
#5449=EDGE_CURVE('',#4374,#4373,#1873,.T.);
#5450=EDGE_CURVE('',#4375,#4374,#1874,.T.);
#5451=EDGE_CURVE('',#4376,#4375,#1875,.T.);
#5452=EDGE_CURVE('',#4363,#4376,#1876,.T.);
#5453=EDGE_CURVE('',#4369,#4377,#1877,.T.);
#5454=EDGE_CURVE('',#4371,#4377,#1878,.T.);
#5455=EDGE_CURVE('',#4372,#4378,#1879,.T.);
#5456=EDGE_CURVE('',#4377,#4378,#1880,.T.);
#5457=EDGE_CURVE('',#4379,#4376,#1881,.T.);
#5458=EDGE_CURVE('',#4364,#4379,#1882,.T.);
#5459=EDGE_CURVE('',#4380,#4375,#1883,.T.);
#5460=EDGE_CURVE('',#4380,#4379,#1884,.T.);
#5461=EDGE_CURVE('',#4366,#4359,#1885,.T.);
#5462=EDGE_CURVE('',#4378,#4381,#1886,.T.);
#5463=EDGE_CURVE('',#4373,#4381,#1887,.T.);
#5464=EDGE_CURVE('',#4380,#4382,#1888,.T.);
#5465=EDGE_CURVE('',#4381,#4382,#1889,.T.);
#5466=EDGE_CURVE('',#4382,#4374,#1890,.T.);
#5467=EDGE_CURVE('',#4383,#4384,#1891,.T.);
#5468=EDGE_CURVE('',#4385,#4384,#1892,.T.);
#5469=EDGE_CURVE('',#4385,#4386,#1893,.T.);
#5470=EDGE_CURVE('',#4383,#4386,#1894,.T.);
#5471=EDGE_CURVE('',#4387,#4385,#1895,.T.);
#5472=EDGE_CURVE('',#4388,#4387,#1896,.T.);
#5473=EDGE_CURVE('',#4386,#4388,#1897,.T.);
#5474=EDGE_CURVE('',#4389,#4390,#1898,.T.);
#5475=EDGE_CURVE('',#4391,#4390,#1899,.T.);
#5476=EDGE_CURVE('',#4391,#4392,#1900,.T.);
#5477=EDGE_CURVE('',#4389,#4392,#1901,.T.);
#5478=EDGE_CURVE('',#4393,#4391,#1902,.T.);
#5479=EDGE_CURVE('',#4394,#4393,#1903,.T.);
#5480=EDGE_CURVE('',#4392,#4394,#1904,.T.);
#5481=EDGE_CURVE('',#4384,#4389,#1905,.T.);
#5482=EDGE_CURVE('',#4394,#4395,#1906,.T.);
#5483=EDGE_CURVE('',#4396,#4395,#1907,.T.);
#5484=EDGE_CURVE('',#4396,#4397,#1908,.T.);
#5485=EDGE_CURVE('',#4398,#4397,#1909,.T.);
#5486=EDGE_CURVE('',#4399,#4398,#1910,.T.);
#5487=EDGE_CURVE('',#4400,#4399,#1911,.T.);
#5488=EDGE_CURVE('',#4387,#4400,#1912,.T.);
#5489=EDGE_CURVE('',#4401,#4400,#1913,.T.);
#5490=EDGE_CURVE('',#4388,#4401,#1914,.T.);
#5491=EDGE_CURVE('',#4402,#4399,#1915,.T.);
#5492=EDGE_CURVE('',#4402,#4401,#1916,.T.);
#5493=EDGE_CURVE('',#4393,#4403,#1917,.T.);
#5494=EDGE_CURVE('',#4395,#4403,#1918,.T.);
#5495=EDGE_CURVE('',#4396,#4404,#1919,.T.);
#5496=EDGE_CURVE('',#4403,#4404,#1920,.T.);
#5497=EDGE_CURVE('',#4390,#4383,#1921,.T.);
#5498=EDGE_CURVE('',#4405,#4398,#1922,.T.);
#5499=EDGE_CURVE('',#4402,#4405,#1923,.T.);
#5500=EDGE_CURVE('',#4406,#4405,#1924,.T.);
#5501=EDGE_CURVE('',#4404,#4406,#1925,.T.);
#5502=EDGE_CURVE('',#4397,#4406,#1926,.T.);
#5503=EDGE_CURVE('',#4407,#4408,#1927,.T.);
#5504=EDGE_CURVE('',#4409,#4408,#1928,.T.);
#5505=EDGE_CURVE('',#4409,#4410,#1929,.T.);
#5506=EDGE_CURVE('',#4407,#4410,#1930,.T.);
#5507=EDGE_CURVE('',#4411,#4409,#1931,.T.);
#5508=EDGE_CURVE('',#4412,#4411,#1932,.T.);
#5509=EDGE_CURVE('',#4410,#4412,#1933,.T.);
#5510=EDGE_CURVE('',#4413,#4414,#1934,.T.);
#5511=EDGE_CURVE('',#4415,#4414,#1935,.T.);
#5512=EDGE_CURVE('',#4415,#4416,#1936,.T.);
#5513=EDGE_CURVE('',#4413,#4416,#1937,.T.);
#5514=EDGE_CURVE('',#4417,#4415,#1938,.T.);
#5515=EDGE_CURVE('',#4418,#4417,#1939,.T.);
#5516=EDGE_CURVE('',#4416,#4418,#1940,.T.);
#5517=EDGE_CURVE('',#4408,#4413,#1941,.T.);
#5518=EDGE_CURVE('',#4418,#4419,#1942,.T.);
#5519=EDGE_CURVE('',#4420,#4419,#1943,.T.);
#5520=EDGE_CURVE('',#4420,#4421,#1944,.T.);
#5521=EDGE_CURVE('',#4422,#4421,#1945,.T.);
#5522=EDGE_CURVE('',#4423,#4422,#1946,.T.);
#5523=EDGE_CURVE('',#4424,#4423,#1947,.T.);
#5524=EDGE_CURVE('',#4411,#4424,#1948,.T.);
#5525=EDGE_CURVE('',#4425,#4424,#1949,.T.);
#5526=EDGE_CURVE('',#4412,#4425,#1950,.T.);
#5527=EDGE_CURVE('',#4426,#4423,#1951,.T.);
#5528=EDGE_CURVE('',#4426,#4425,#1952,.T.);
#5529=EDGE_CURVE('',#4417,#4427,#1953,.T.);
#5530=EDGE_CURVE('',#4419,#4427,#1954,.T.);
#5531=EDGE_CURVE('',#4420,#4428,#1955,.T.);
#5532=EDGE_CURVE('',#4427,#4428,#1956,.T.);
#5533=EDGE_CURVE('',#4414,#4407,#1957,.T.);
#5534=EDGE_CURVE('',#4428,#4429,#1958,.T.);
#5535=EDGE_CURVE('',#4421,#4429,#1959,.T.);
#5536=EDGE_CURVE('',#4430,#4422,#1960,.T.);
#5537=EDGE_CURVE('',#4426,#4430,#1961,.T.);
#5538=EDGE_CURVE('',#4429,#4430,#1962,.T.);
#5539=EDGE_CURVE('',#4431,#4432,#1963,.T.);
#5540=EDGE_CURVE('',#4433,#4432,#1964,.T.);
#5541=EDGE_CURVE('',#4433,#4434,#1965,.T.);
#5542=EDGE_CURVE('',#4431,#4434,#1966,.T.);
#5543=EDGE_CURVE('',#4435,#4433,#1967,.T.);
#5544=EDGE_CURVE('',#4436,#4435,#1968,.T.);
#5545=EDGE_CURVE('',#4434,#4436,#1969,.T.);
#5546=EDGE_CURVE('',#4437,#4438,#1970,.T.);
#5547=EDGE_CURVE('',#4439,#4438,#1971,.T.);
#5548=EDGE_CURVE('',#4439,#4440,#1972,.T.);
#5549=EDGE_CURVE('',#4437,#4440,#1973,.T.);
#5550=EDGE_CURVE('',#4441,#4442,#1974,.T.);
#5551=EDGE_CURVE('',#4440,#4441,#1975,.T.);
#5552=EDGE_CURVE('',#4442,#4439,#1976,.T.);
#5553=EDGE_CURVE('',#4432,#4437,#1977,.T.);
#5554=EDGE_CURVE('',#4441,#4443,#1978,.T.);
#5555=EDGE_CURVE('',#4444,#4443,#1979,.T.);
#5556=EDGE_CURVE('',#4444,#4445,#1980,.T.);
#5557=EDGE_CURVE('',#4446,#4445,#1981,.T.);
#5558=EDGE_CURVE('',#4447,#4446,#1982,.T.);
#5559=EDGE_CURVE('',#4448,#4447,#1983,.T.);
#5560=EDGE_CURVE('',#4435,#4448,#1984,.T.);
#5561=EDGE_CURVE('',#4442,#4449,#1985,.T.);
#5562=EDGE_CURVE('',#4443,#4449,#1986,.T.);
#5563=EDGE_CURVE('',#4450,#4448,#1987,.T.);
#5564=EDGE_CURVE('',#4436,#4450,#1988,.T.);
#5565=EDGE_CURVE('',#4451,#4447,#1989,.T.);
#5566=EDGE_CURVE('',#4451,#4450,#1990,.T.);
#5567=EDGE_CURVE('',#4449,#4452,#1991,.T.);
#5568=EDGE_CURVE('',#4444,#4452,#1992,.T.);
#5569=EDGE_CURVE('',#4438,#4431,#1993,.T.);
#5570=EDGE_CURVE('',#4453,#4446,#1994,.T.);
#5571=EDGE_CURVE('',#4451,#4453,#1995,.T.);
#5572=EDGE_CURVE('',#4454,#4453,#1996,.T.);
#5573=EDGE_CURVE('',#4452,#4454,#1997,.T.);
#5574=EDGE_CURVE('',#4445,#4454,#1998,.T.);
#5575=EDGE_CURVE('',#4455,#4456,#1999,.T.);
#5576=EDGE_CURVE('',#4457,#4456,#2000,.T.);
#5577=EDGE_CURVE('',#4457,#4458,#2001,.T.);
#5578=EDGE_CURVE('',#4455,#4458,#2002,.T.);
#5579=EDGE_CURVE('',#4459,#4457,#2003,.T.);
#5580=EDGE_CURVE('',#4460,#4459,#2004,.T.);
#5581=EDGE_CURVE('',#4458,#4460,#109,.T.);
#5582=EDGE_CURVE('',#4461,#4462,#2005,.T.);
#5583=EDGE_CURVE('',#4463,#4462,#2006,.T.);
#5584=EDGE_CURVE('',#4463,#4464,#2007,.T.);
#5585=EDGE_CURVE('',#4461,#4464,#2008,.T.);
#5586=EDGE_CURVE('',#4464,#4465,#2009,.T.);
#5587=EDGE_CURVE('',#4466,#4463,#110,.T.);
#5588=EDGE_CURVE('',#4465,#4466,#2010,.T.);
#5589=EDGE_CURVE('',#4456,#4461,#2011,.T.);
#5590=EDGE_CURVE('',#4465,#4467,#2012,.T.);
#5591=EDGE_CURVE('',#4468,#4467,#2013,.T.);
#5592=EDGE_CURVE('',#4468,#4469,#2014,.T.);
#5593=EDGE_CURVE('',#4470,#4469,#2015,.T.);
#5594=EDGE_CURVE('',#4471,#4470,#2016,.T.);
#5595=EDGE_CURVE('',#4472,#4471,#2017,.T.);
#5596=EDGE_CURVE('',#4459,#4472,#2018,.T.);
#5597=EDGE_CURVE('',#4466,#4473,#2019,.T.);
#5598=EDGE_CURVE('',#4467,#4473,#2020,.T.);
#5599=EDGE_CURVE('',#4474,#4472,#2021,.T.);
#5600=EDGE_CURVE('',#4460,#4474,#2022,.T.);
#5601=EDGE_CURVE('',#4475,#4471,#2023,.T.);
#5602=EDGE_CURVE('',#4475,#4474,#111,.T.);
#5603=EDGE_CURVE('',#4473,#4476,#112,.T.);
#5604=EDGE_CURVE('',#4468,#4476,#2024,.T.);
#5605=EDGE_CURVE('',#4462,#4455,#113,.T.);
#5606=EDGE_CURVE('',#4477,#4470,#2025,.T.);
#5607=EDGE_CURVE('',#4475,#4477,#2026,.T.);
#5608=EDGE_CURVE('',#4478,#4477,#114,.T.);
#5609=EDGE_CURVE('',#4476,#4478,#2027,.T.);
#5610=EDGE_CURVE('',#4469,#4478,#2028,.T.);
#5611=EDGE_CURVE('',#4479,#4480,#2029,.T.);
#5612=EDGE_CURVE('',#4481,#4480,#2030,.T.);
#5613=EDGE_CURVE('',#4481,#4482,#2031,.T.);
#5614=EDGE_CURVE('',#4479,#4482,#2032,.T.);
#5615=EDGE_CURVE('',#4483,#4481,#2033,.T.);
#5616=EDGE_CURVE('',#4484,#4483,#2034,.T.);
#5617=EDGE_CURVE('',#4482,#4484,#2035,.T.);
#5618=EDGE_CURVE('',#4485,#4486,#2036,.T.);
#5619=EDGE_CURVE('',#4487,#4486,#2037,.T.);
#5620=EDGE_CURVE('',#4487,#4488,#2038,.T.);
#5621=EDGE_CURVE('',#4485,#4488,#2039,.T.);
#5622=EDGE_CURVE('',#4488,#4489,#2040,.T.);
#5623=EDGE_CURVE('',#4490,#4487,#2041,.T.);
#5624=EDGE_CURVE('',#4489,#4490,#2042,.T.);
#5625=EDGE_CURVE('',#4480,#4485,#2043,.T.);
#5626=EDGE_CURVE('',#4489,#4491,#2044,.T.);
#5627=EDGE_CURVE('',#4492,#4491,#2045,.T.);
#5628=EDGE_CURVE('',#4492,#4493,#2046,.T.);
#5629=EDGE_CURVE('',#4494,#4493,#2047,.T.);
#5630=EDGE_CURVE('',#4495,#4494,#2048,.T.);
#5631=EDGE_CURVE('',#4496,#4495,#2049,.T.);
#5632=EDGE_CURVE('',#4483,#4496,#2050,.T.);
#5633=EDGE_CURVE('',#4490,#4497,#2051,.T.);
#5634=EDGE_CURVE('',#4491,#4497,#2052,.T.);
#5635=EDGE_CURVE('',#4498,#4496,#2053,.T.);
#5636=EDGE_CURVE('',#4484,#4498,#2054,.T.);
#5637=EDGE_CURVE('',#4499,#4495,#2055,.T.);
#5638=EDGE_CURVE('',#4499,#4498,#2056,.T.);
#5639=EDGE_CURVE('',#4497,#4500,#2057,.T.);
#5640=EDGE_CURVE('',#4492,#4500,#2058,.T.);
#5641=EDGE_CURVE('',#4486,#4479,#2059,.T.);
#5642=EDGE_CURVE('',#4501,#4494,#2060,.T.);
#5643=EDGE_CURVE('',#4499,#4501,#2061,.T.);
#5644=EDGE_CURVE('',#4502,#4501,#2062,.T.);
#5645=EDGE_CURVE('',#4500,#4502,#2063,.T.);
#5646=EDGE_CURVE('',#4493,#4502,#2064,.T.);
#5647=EDGE_CURVE('',#4503,#4504,#2065,.T.);
#5648=EDGE_CURVE('',#4505,#4504,#2066,.T.);
#5649=EDGE_CURVE('',#4505,#4506,#2067,.T.);
#5650=EDGE_CURVE('',#4503,#4506,#2068,.T.);
#5651=EDGE_CURVE('',#4507,#4505,#2069,.T.);
#5652=EDGE_CURVE('',#4508,#4507,#2070,.T.);
#5653=EDGE_CURVE('',#4506,#4508,#2071,.T.);
#5654=EDGE_CURVE('',#4509,#4510,#2072,.T.);
#5655=EDGE_CURVE('',#4511,#4510,#2073,.T.);
#5656=EDGE_CURVE('',#4511,#4512,#2074,.T.);
#5657=EDGE_CURVE('',#4509,#4512,#2075,.T.);
#5658=EDGE_CURVE('',#4512,#4513,#2076,.T.);
#5659=EDGE_CURVE('',#4514,#4511,#2077,.T.);
#5660=EDGE_CURVE('',#4513,#4514,#2078,.T.);
#5661=EDGE_CURVE('',#4504,#4509,#2079,.T.);
#5662=EDGE_CURVE('',#4513,#4515,#2080,.T.);
#5663=EDGE_CURVE('',#4516,#4515,#2081,.T.);
#5664=EDGE_CURVE('',#4516,#4517,#2082,.T.);
#5665=EDGE_CURVE('',#4518,#4517,#2083,.T.);
#5666=EDGE_CURVE('',#4519,#4518,#2084,.T.);
#5667=EDGE_CURVE('',#4520,#4519,#2085,.T.);
#5668=EDGE_CURVE('',#4507,#4520,#2086,.T.);
#5669=EDGE_CURVE('',#4514,#4521,#2087,.T.);
#5670=EDGE_CURVE('',#4515,#4521,#2088,.T.);
#5671=EDGE_CURVE('',#4522,#4520,#2089,.T.);
#5672=EDGE_CURVE('',#4508,#4522,#2090,.T.);
#5673=EDGE_CURVE('',#4523,#4519,#2091,.T.);
#5674=EDGE_CURVE('',#4523,#4522,#2092,.T.);
#5675=EDGE_CURVE('',#4521,#4524,#2093,.T.);
#5676=EDGE_CURVE('',#4516,#4524,#2094,.T.);
#5677=EDGE_CURVE('',#4510,#4503,#2095,.T.);
#5678=EDGE_CURVE('',#4525,#4518,#2096,.T.);
#5679=EDGE_CURVE('',#4523,#4525,#2097,.T.);
#5680=EDGE_CURVE('',#4526,#4525,#2098,.T.);
#5681=EDGE_CURVE('',#4524,#4526,#2099,.T.);
#5682=EDGE_CURVE('',#4517,#4526,#2100,.T.);
#5683=EDGE_CURVE('',#4527,#4528,#2101,.T.);
#5684=EDGE_CURVE('',#4529,#4527,#2102,.T.);
#5685=EDGE_CURVE('',#4530,#4529,#2103,.T.);
#5686=EDGE_CURVE('',#4528,#4530,#2104,.T.);
#5687=EDGE_CURVE('',#4527,#4531,#2105,.T.);
#5688=EDGE_CURVE('',#4531,#4532,#2106,.T.);
#5689=EDGE_CURVE('',#4532,#4533,#2107,.T.);
#5690=EDGE_CURVE('',#4534,#4533,#2108,.T.);
#5691=EDGE_CURVE('',#4534,#4535,#2109,.T.);
#5692=EDGE_CURVE('',#4536,#4535,#2110,.T.);
#5693=EDGE_CURVE('',#4537,#4536,#2111,.T.);
#5694=EDGE_CURVE('',#4538,#4537,#2112,.T.);
#5695=EDGE_CURVE('',#4539,#4538,#2113,.T.);
#5696=EDGE_CURVE('',#4539,#4540,#2114,.T.);
#5697=EDGE_CURVE('',#4540,#4529,#2115,.T.);
#5698=EDGE_CURVE('',#4541,#4528,#2116,.T.);
#5699=EDGE_CURVE('',#4541,#4531,#2117,.T.);
#5700=EDGE_CURVE('',#4542,#4541,#2118,.T.);
#5701=EDGE_CURVE('',#4532,#4542,#2119,.T.);
#5702=EDGE_CURVE('',#4540,#4543,#2120,.T.);
#5703=EDGE_CURVE('',#4530,#4543,#2121,.T.);
#5704=EDGE_CURVE('',#4544,#4539,#2122,.T.);
#5705=EDGE_CURVE('',#4543,#4544,#2123,.T.);
#5706=EDGE_CURVE('',#4542,#4545,#2124,.T.);
#5707=EDGE_CURVE('',#4533,#4545,#2125,.T.);
#5708=EDGE_CURVE('',#4534,#4546,#2126,.T.);
#5709=EDGE_CURVE('',#4545,#4546,#2127,.T.);
#5710=EDGE_CURVE('',#4547,#4538,#2128,.T.);
#5711=EDGE_CURVE('',#4544,#4547,#2129,.T.);
#5712=EDGE_CURVE('',#4548,#4537,#2130,.T.);
#5713=EDGE_CURVE('',#4548,#4547,#2131,.T.);
#5714=EDGE_CURVE('',#4548,#4549,#2132,.T.);
#5715=EDGE_CURVE('',#4550,#4549,#2133,.T.);
#5716=EDGE_CURVE('',#4546,#4550,#2134,.T.);
#5717=EDGE_CURVE('',#4535,#4550,#2135,.T.);
#5718=EDGE_CURVE('',#4549,#4536,#2136,.T.);
#5719=EDGE_CURVE('',#4551,#4551,#115,.T.);
#5720=EDGE_CURVE('',#4551,#4552,#2137,.T.);
#5721=EDGE_CURVE('',#4552,#4552,#116,.T.);
#5722=EDGE_CURVE('',#4553,#4553,#117,.T.);
#5723=EDGE_CURVE('',#4553,#4554,#2138,.T.);
#5724=EDGE_CURVE('',#4554,#4554,#118,.T.);
#5725=EDGE_CURVE('',#4555,#4555,#119,.T.);
#5726=EDGE_CURVE('',#4555,#4556,#2139,.T.);
#5727=EDGE_CURVE('',#4556,#4556,#120,.T.);
#5728=EDGE_CURVE('',#4557,#4557,#121,.T.);
#5729=EDGE_CURVE('',#4557,#4558,#2140,.T.);
#5730=EDGE_CURVE('',#4558,#4558,#122,.T.);
#5731=EDGE_CURVE('',#4559,#4559,#123,.T.);
#5732=EDGE_CURVE('',#4559,#4560,#2141,.T.);
#5733=EDGE_CURVE('',#4560,#4560,#124,.T.);
#5734=EDGE_CURVE('',#4561,#4561,#125,.T.);
#5735=EDGE_CURVE('',#4561,#4562,#2142,.T.);
#5736=EDGE_CURVE('',#4562,#4562,#126,.T.);
#5737=EDGE_CURVE('',#4563,#4563,#127,.T.);
#5738=EDGE_CURVE('',#4563,#4564,#2143,.T.);
#5739=EDGE_CURVE('',#4564,#4564,#128,.T.);
#5740=EDGE_CURVE('',#4565,#4565,#129,.T.);
#5741=EDGE_CURVE('',#4565,#4566,#2144,.T.);
#5742=EDGE_CURVE('',#4566,#4566,#130,.T.);
#5743=EDGE_CURVE('',#4567,#4568,#2145,.T.);
#5744=EDGE_CURVE('',#4569,#4567,#2146,.T.);
#5745=EDGE_CURVE('',#4570,#4569,#2147,.T.);
#5746=EDGE_CURVE('',#4568,#4570,#2148,.T.);
#5747=EDGE_CURVE('',#4567,#4571,#2149,.T.);
#5748=EDGE_CURVE('',#4571,#4572,#2150,.T.);
#5749=EDGE_CURVE('',#4572,#4573,#2151,.T.);
#5750=EDGE_CURVE('',#4574,#4573,#2152,.T.);
#5751=EDGE_CURVE('',#4574,#4575,#2153,.T.);
#5752=EDGE_CURVE('',#4576,#4575,#2154,.T.);
#5753=EDGE_CURVE('',#4577,#4576,#2155,.T.);
#5754=EDGE_CURVE('',#4578,#4577,#2156,.T.);
#5755=EDGE_CURVE('',#4579,#4578,#2157,.T.);
#5756=EDGE_CURVE('',#4579,#4580,#2158,.T.);
#5757=EDGE_CURVE('',#4580,#4569,#2159,.T.);
#5758=EDGE_CURVE('',#4581,#4568,#2160,.T.);
#5759=EDGE_CURVE('',#4581,#4571,#2161,.T.);
#5760=EDGE_CURVE('',#4582,#4581,#2162,.T.);
#5761=EDGE_CURVE('',#4572,#4582,#2163,.T.);
#5762=EDGE_CURVE('',#4580,#4583,#2164,.T.);
#5763=EDGE_CURVE('',#4570,#4583,#2165,.T.);
#5764=EDGE_CURVE('',#4584,#4579,#2166,.T.);
#5765=EDGE_CURVE('',#4583,#4584,#2167,.T.);
#5766=EDGE_CURVE('',#4582,#4585,#2168,.T.);
#5767=EDGE_CURVE('',#4573,#4585,#2169,.T.);
#5768=EDGE_CURVE('',#4574,#4586,#2170,.T.);
#5769=EDGE_CURVE('',#4585,#4586,#2171,.T.);
#5770=EDGE_CURVE('',#4587,#4578,#2172,.T.);
#5771=EDGE_CURVE('',#4584,#4587,#2173,.T.);
#5772=EDGE_CURVE('',#4588,#4577,#2174,.T.);
#5773=EDGE_CURVE('',#4588,#4587,#2175,.T.);
#5774=EDGE_CURVE('',#4588,#4589,#2176,.T.);
#5775=EDGE_CURVE('',#4590,#4589,#2177,.T.);
#5776=EDGE_CURVE('',#4586,#4590,#2178,.T.);
#5777=EDGE_CURVE('',#4575,#4590,#2179,.T.);
#5778=EDGE_CURVE('',#4589,#4576,#2180,.T.);
#5779=EDGE_CURVE('',#4591,#4592,#2181,.T.);
#5780=EDGE_CURVE('',#4593,#4592,#2182,.T.);
#5781=EDGE_CURVE('',#4593,#4594,#2183,.T.);
#5782=EDGE_CURVE('',#4591,#4594,#2184,.T.);
#5783=EDGE_CURVE('',#4595,#4593,#2185,.T.);
#5784=EDGE_CURVE('',#4596,#4595,#2186,.T.);
#5785=EDGE_CURVE('',#4594,#4596,#2187,.T.);
#5786=EDGE_CURVE('',#4597,#4598,#2188,.T.);
#5787=EDGE_CURVE('',#4599,#4598,#2189,.T.);
#5788=EDGE_CURVE('',#4599,#4600,#2190,.T.);
#5789=EDGE_CURVE('',#4597,#4600,#2191,.T.);
#5790=EDGE_CURVE('',#4600,#4601,#2192,.T.);
#5791=EDGE_CURVE('',#4602,#4599,#2193,.T.);
#5792=EDGE_CURVE('',#4601,#4602,#2194,.T.);
#5793=EDGE_CURVE('',#4592,#4597,#2195,.T.);
#5794=EDGE_CURVE('',#4601,#4603,#2196,.T.);
#5795=EDGE_CURVE('',#4604,#4603,#2197,.T.);
#5796=EDGE_CURVE('',#4604,#4605,#2198,.T.);
#5797=EDGE_CURVE('',#4606,#4605,#2199,.T.);
#5798=EDGE_CURVE('',#4607,#4606,#2200,.T.);
#5799=EDGE_CURVE('',#4608,#4607,#2201,.T.);
#5800=EDGE_CURVE('',#4595,#4608,#2202,.T.);
#5801=EDGE_CURVE('',#4602,#4609,#2203,.T.);
#5802=EDGE_CURVE('',#4603,#4609,#2204,.T.);
#5803=EDGE_CURVE('',#4610,#4608,#2205,.T.);
#5804=EDGE_CURVE('',#4596,#4610,#2206,.T.);
#5805=EDGE_CURVE('',#4611,#4607,#2207,.T.);
#5806=EDGE_CURVE('',#4611,#4610,#2208,.T.);
#5807=EDGE_CURVE('',#4609,#4612,#2209,.T.);
#5808=EDGE_CURVE('',#4604,#4612,#2210,.T.);
#5809=EDGE_CURVE('',#4598,#4591,#2211,.T.);
#5810=EDGE_CURVE('',#4613,#4606,#2212,.T.);
#5811=EDGE_CURVE('',#4611,#4613,#2213,.T.);
#5812=EDGE_CURVE('',#4614,#4613,#2214,.T.);
#5813=EDGE_CURVE('',#4612,#4614,#2215,.T.);
#5814=EDGE_CURVE('',#4605,#4614,#2216,.T.);
#5815=EDGE_CURVE('',#4615,#4616,#2217,.T.);
#5816=EDGE_CURVE('',#4617,#4616,#2218,.T.);
#5817=EDGE_CURVE('',#4617,#4618,#2219,.T.);
#5818=EDGE_CURVE('',#4615,#4618,#2220,.T.);
#5819=EDGE_CURVE('',#4619,#4617,#2221,.T.);
#5820=EDGE_CURVE('',#4620,#4619,#2222,.T.);
#5821=EDGE_CURVE('',#4618,#4620,#131,.T.);
#5822=EDGE_CURVE('',#4621,#4622,#2223,.T.);
#5823=EDGE_CURVE('',#4623,#4622,#2224,.T.);
#5824=EDGE_CURVE('',#4623,#4624,#2225,.T.);
#5825=EDGE_CURVE('',#4621,#4624,#2226,.T.);
#5826=EDGE_CURVE('',#4624,#4625,#2227,.T.);
#5827=EDGE_CURVE('',#4626,#4623,#132,.T.);
#5828=EDGE_CURVE('',#4625,#4626,#2228,.T.);
#5829=EDGE_CURVE('',#4616,#4621,#2229,.T.);
#5830=EDGE_CURVE('',#4625,#4627,#2230,.T.);
#5831=EDGE_CURVE('',#4628,#4627,#2231,.T.);
#5832=EDGE_CURVE('',#4628,#4629,#2232,.T.);
#5833=EDGE_CURVE('',#4630,#4629,#2233,.T.);
#5834=EDGE_CURVE('',#4631,#4630,#2234,.T.);
#5835=EDGE_CURVE('',#4632,#4631,#2235,.T.);
#5836=EDGE_CURVE('',#4619,#4632,#2236,.T.);
#5837=EDGE_CURVE('',#4626,#4633,#2237,.T.);
#5838=EDGE_CURVE('',#4627,#4633,#2238,.T.);
#5839=EDGE_CURVE('',#4634,#4632,#2239,.T.);
#5840=EDGE_CURVE('',#4620,#4634,#2240,.T.);
#5841=EDGE_CURVE('',#4635,#4631,#2241,.T.);
#5842=EDGE_CURVE('',#4635,#4634,#133,.T.);
#5843=EDGE_CURVE('',#4633,#4636,#134,.T.);
#5844=EDGE_CURVE('',#4628,#4636,#2242,.T.);
#5845=EDGE_CURVE('',#4622,#4615,#135,.T.);
#5846=EDGE_CURVE('',#4637,#4630,#2243,.T.);
#5847=EDGE_CURVE('',#4635,#4637,#2244,.T.);
#5848=EDGE_CURVE('',#4638,#4637,#136,.T.);
#5849=EDGE_CURVE('',#4636,#4638,#2245,.T.);
#5850=EDGE_CURVE('',#4629,#4638,#2246,.T.);
#5851=EDGE_CURVE('',#4639,#4640,#2247,.T.);
#5852=EDGE_CURVE('',#4641,#4640,#2248,.T.);
#5853=EDGE_CURVE('',#4641,#4642,#2249,.T.);
#5854=EDGE_CURVE('',#4639,#4642,#2250,.T.);
#5855=EDGE_CURVE('',#4643,#4641,#2251,.T.);
#5856=EDGE_CURVE('',#4644,#4643,#2252,.T.);
#5857=EDGE_CURVE('',#4642,#4644,#2253,.T.);
#5858=EDGE_CURVE('',#4645,#4646,#2254,.T.);
#5859=EDGE_CURVE('',#4647,#4646,#2255,.T.);
#5860=EDGE_CURVE('',#4647,#4648,#2256,.T.);
#5861=EDGE_CURVE('',#4645,#4648,#2257,.T.);
#5862=EDGE_CURVE('',#4649,#4647,#2258,.T.);
#5863=EDGE_CURVE('',#4650,#4649,#2259,.T.);
#5864=EDGE_CURVE('',#4648,#4650,#2260,.T.);
#5865=EDGE_CURVE('',#4640,#4645,#2261,.T.);
#5866=EDGE_CURVE('',#4650,#4651,#2262,.T.);
#5867=EDGE_CURVE('',#4652,#4651,#2263,.T.);
#5868=EDGE_CURVE('',#4652,#4653,#2264,.T.);
#5869=EDGE_CURVE('',#4654,#4653,#2265,.T.);
#5870=EDGE_CURVE('',#4655,#4654,#2266,.T.);
#5871=EDGE_CURVE('',#4656,#4655,#2267,.T.);
#5872=EDGE_CURVE('',#4643,#4656,#2268,.T.);
#5873=EDGE_CURVE('',#4657,#4656,#2269,.T.);
#5874=EDGE_CURVE('',#4644,#4657,#2270,.T.);
#5875=EDGE_CURVE('',#4658,#4655,#2271,.T.);
#5876=EDGE_CURVE('',#4658,#4657,#2272,.T.);
#5877=EDGE_CURVE('',#4649,#4659,#2273,.T.);
#5878=EDGE_CURVE('',#4651,#4659,#2274,.T.);
#5879=EDGE_CURVE('',#4652,#4660,#2275,.T.);
#5880=EDGE_CURVE('',#4659,#4660,#2276,.T.);
#5881=EDGE_CURVE('',#4646,#4639,#2277,.T.);
#5882=EDGE_CURVE('',#4661,#4654,#2278,.T.);
#5883=EDGE_CURVE('',#4658,#4661,#2279,.T.);
#5884=EDGE_CURVE('',#4662,#4661,#2280,.T.);
#5885=EDGE_CURVE('',#4660,#4662,#2281,.T.);
#5886=EDGE_CURVE('',#4653,#4662,#2282,.T.);
#5887=EDGE_CURVE('',#4663,#4664,#2283,.T.);
#5888=EDGE_CURVE('',#4665,#4664,#2284,.T.);
#5889=EDGE_CURVE('',#4665,#4666,#2285,.T.);
#5890=EDGE_CURVE('',#4663,#4666,#2286,.T.);
#5891=EDGE_CURVE('',#4667,#4665,#2287,.T.);
#5892=EDGE_CURVE('',#4668,#4667,#2288,.T.);
#5893=EDGE_CURVE('',#4666,#4668,#2289,.T.);
#5894=EDGE_CURVE('',#4669,#4670,#2290,.T.);
#5895=EDGE_CURVE('',#4671,#4670,#2291,.T.);
#5896=EDGE_CURVE('',#4671,#4672,#2292,.T.);
#5897=EDGE_CURVE('',#4669,#4672,#2293,.T.);
#5898=EDGE_CURVE('',#4673,#4671,#2294,.T.);
#5899=EDGE_CURVE('',#4674,#4673,#2295,.T.);
#5900=EDGE_CURVE('',#4672,#4674,#2296,.T.);
#5901=EDGE_CURVE('',#4664,#4669,#2297,.T.);
#5902=EDGE_CURVE('',#4674,#4675,#2298,.T.);
#5903=EDGE_CURVE('',#4676,#4675,#2299,.T.);
#5904=EDGE_CURVE('',#4676,#4677,#2300,.T.);
#5905=EDGE_CURVE('',#4678,#4677,#2301,.T.);
#5906=EDGE_CURVE('',#4679,#4678,#2302,.T.);
#5907=EDGE_CURVE('',#4680,#4679,#2303,.T.);
#5908=EDGE_CURVE('',#4667,#4680,#2304,.T.);
#5909=EDGE_CURVE('',#4673,#4681,#2305,.T.);
#5910=EDGE_CURVE('',#4675,#4681,#2306,.T.);
#5911=EDGE_CURVE('',#4676,#4682,#2307,.T.);
#5912=EDGE_CURVE('',#4681,#4682,#2308,.T.);
#5913=EDGE_CURVE('',#4683,#4680,#2309,.T.);
#5914=EDGE_CURVE('',#4668,#4683,#2310,.T.);
#5915=EDGE_CURVE('',#4684,#4679,#2311,.T.);
#5916=EDGE_CURVE('',#4684,#4683,#2312,.T.);
#5917=EDGE_CURVE('',#4670,#4663,#2313,.T.);
#5918=EDGE_CURVE('',#4682,#4685,#2314,.T.);
#5919=EDGE_CURVE('',#4677,#4685,#2315,.T.);
#5920=EDGE_CURVE('',#4684,#4686,#2316,.T.);
#5921=EDGE_CURVE('',#4685,#4686,#2317,.T.);
#5922=EDGE_CURVE('',#4686,#4678,#2318,.T.);
#5923=EDGE_CURVE('',#4687,#4688,#2319,.T.);
#5924=EDGE_CURVE('',#4689,#4688,#2320,.T.);
#5925=EDGE_CURVE('',#4689,#4690,#2321,.T.);
#5926=EDGE_CURVE('',#4687,#4690,#2322,.T.);
#5927=EDGE_CURVE('',#4691,#4689,#2323,.T.);
#5928=EDGE_CURVE('',#4692,#4691,#2324,.T.);
#5929=EDGE_CURVE('',#4690,#4692,#2325,.T.);
#5930=EDGE_CURVE('',#4693,#4694,#2326,.T.);
#5931=EDGE_CURVE('',#4695,#4694,#2327,.T.);
#5932=EDGE_CURVE('',#4695,#4696,#2328,.T.);
#5933=EDGE_CURVE('',#4693,#4696,#2329,.T.);
#5934=EDGE_CURVE('',#4697,#4698,#2330,.T.);
#5935=EDGE_CURVE('',#4696,#4697,#2331,.T.);
#5936=EDGE_CURVE('',#4698,#4695,#2332,.T.);
#5937=EDGE_CURVE('',#4688,#4693,#2333,.T.);
#5938=EDGE_CURVE('',#4697,#4699,#2334,.T.);
#5939=EDGE_CURVE('',#4700,#4699,#2335,.T.);
#5940=EDGE_CURVE('',#4700,#4701,#2336,.T.);
#5941=EDGE_CURVE('',#4702,#4701,#2337,.T.);
#5942=EDGE_CURVE('',#4703,#4702,#2338,.T.);
#5943=EDGE_CURVE('',#4704,#4703,#2339,.T.);
#5944=EDGE_CURVE('',#4691,#4704,#2340,.T.);
#5945=EDGE_CURVE('',#4698,#4705,#2341,.T.);
#5946=EDGE_CURVE('',#4699,#4705,#2342,.T.);
#5947=EDGE_CURVE('',#4706,#4704,#2343,.T.);
#5948=EDGE_CURVE('',#4692,#4706,#2344,.T.);
#5949=EDGE_CURVE('',#4707,#4703,#2345,.T.);
#5950=EDGE_CURVE('',#4707,#4706,#2346,.T.);
#5951=EDGE_CURVE('',#4705,#4708,#2347,.T.);
#5952=EDGE_CURVE('',#4700,#4708,#2348,.T.);
#5953=EDGE_CURVE('',#4694,#4687,#2349,.T.);
#5954=EDGE_CURVE('',#4708,#4709,#2350,.T.);
#5955=EDGE_CURVE('',#4701,#4709,#2351,.T.);
#5956=EDGE_CURVE('',#4710,#4702,#2352,.T.);
#5957=EDGE_CURVE('',#4707,#4710,#2353,.T.);
#5958=EDGE_CURVE('',#4709,#4710,#2354,.T.);
#5959=EDGE_CURVE('',#4711,#4712,#2355,.T.);
#5960=EDGE_CURVE('',#4713,#4712,#2356,.T.);
#5961=EDGE_CURVE('',#4713,#4714,#2357,.T.);
#5962=EDGE_CURVE('',#4711,#4714,#2358,.T.);
#5963=EDGE_CURVE('',#4715,#4713,#2359,.T.);
#5964=EDGE_CURVE('',#4716,#4715,#2360,.T.);
#5965=EDGE_CURVE('',#4714,#4716,#2361,.T.);
#5966=EDGE_CURVE('',#4717,#4718,#2362,.T.);
#5967=EDGE_CURVE('',#4719,#4718,#2363,.T.);
#5968=EDGE_CURVE('',#4719,#4720,#2364,.T.);
#5969=EDGE_CURVE('',#4717,#4720,#2365,.T.);
#5970=EDGE_CURVE('',#4721,#4719,#2366,.T.);
#5971=EDGE_CURVE('',#4722,#4721,#2367,.T.);
#5972=EDGE_CURVE('',#4720,#4722,#2368,.T.);
#5973=EDGE_CURVE('',#4712,#4717,#2369,.T.);
#5974=EDGE_CURVE('',#4722,#4723,#2370,.T.);
#5975=EDGE_CURVE('',#4724,#4723,#2371,.T.);
#5976=EDGE_CURVE('',#4724,#4725,#2372,.T.);
#5977=EDGE_CURVE('',#4726,#4725,#2373,.T.);
#5978=EDGE_CURVE('',#4727,#4726,#2374,.T.);
#5979=EDGE_CURVE('',#4728,#4727,#2375,.T.);
#5980=EDGE_CURVE('',#4715,#4728,#2376,.T.);
#5981=EDGE_CURVE('',#4729,#4728,#2377,.T.);
#5982=EDGE_CURVE('',#4716,#4729,#2378,.T.);
#5983=EDGE_CURVE('',#4730,#4727,#2379,.T.);
#5984=EDGE_CURVE('',#4730,#4729,#2380,.T.);
#5985=EDGE_CURVE('',#4721,#4731,#2381,.T.);
#5986=EDGE_CURVE('',#4723,#4731,#2382,.T.);
#5987=EDGE_CURVE('',#4724,#4732,#2383,.T.);
#5988=EDGE_CURVE('',#4731,#4732,#2384,.T.);
#5989=EDGE_CURVE('',#4718,#4711,#2385,.T.);
#5990=EDGE_CURVE('',#4732,#4733,#2386,.T.);
#5991=EDGE_CURVE('',#4725,#4733,#2387,.T.);
#5992=EDGE_CURVE('',#4734,#4726,#2388,.T.);
#5993=EDGE_CURVE('',#4730,#4734,#2389,.T.);
#5994=EDGE_CURVE('',#4733,#4734,#2390,.T.);
#5995=EDGE_CURVE('',#4735,#4736,#2391,.T.);
#5996=EDGE_CURVE('',#4737,#4736,#2392,.T.);
#5997=EDGE_CURVE('',#4737,#4738,#2393,.T.);
#5998=EDGE_CURVE('',#4735,#4738,#2394,.T.);
#5999=EDGE_CURVE('',#4739,#4737,#2395,.T.);
#6000=EDGE_CURVE('',#4740,#4739,#2396,.T.);
#6001=EDGE_CURVE('',#4738,#4740,#2397,.T.);
#6002=EDGE_CURVE('',#4741,#4742,#2398,.T.);
#6003=EDGE_CURVE('',#4743,#4742,#2399,.T.);
#6004=EDGE_CURVE('',#4743,#4744,#2400,.T.);
#6005=EDGE_CURVE('',#4741,#4744,#2401,.T.);
#6006=EDGE_CURVE('',#4745,#4746,#2402,.T.);
#6007=EDGE_CURVE('',#4744,#4745,#2403,.T.);
#6008=EDGE_CURVE('',#4746,#4743,#2404,.T.);
#6009=EDGE_CURVE('',#4736,#4741,#2405,.T.);
#6010=EDGE_CURVE('',#4745,#4747,#2406,.T.);
#6011=EDGE_CURVE('',#4748,#4747,#2407,.T.);
#6012=EDGE_CURVE('',#4748,#4749,#2408,.T.);
#6013=EDGE_CURVE('',#4750,#4749,#2409,.T.);
#6014=EDGE_CURVE('',#4751,#4750,#2410,.T.);
#6015=EDGE_CURVE('',#4752,#4751,#2411,.T.);
#6016=EDGE_CURVE('',#4739,#4752,#2412,.T.);
#6017=EDGE_CURVE('',#4746,#4753,#2413,.T.);
#6018=EDGE_CURVE('',#4747,#4753,#2414,.T.);
#6019=EDGE_CURVE('',#4754,#4752,#2415,.T.);
#6020=EDGE_CURVE('',#4740,#4754,#2416,.T.);
#6021=EDGE_CURVE('',#4755,#4751,#2417,.T.);
#6022=EDGE_CURVE('',#4755,#4754,#2418,.T.);
#6023=EDGE_CURVE('',#4753,#4756,#2419,.T.);
#6024=EDGE_CURVE('',#4748,#4756,#2420,.T.);
#6025=EDGE_CURVE('',#4742,#4735,#2421,.T.);
#6026=EDGE_CURVE('',#4757,#4750,#2422,.T.);
#6027=EDGE_CURVE('',#4755,#4757,#2423,.T.);
#6028=EDGE_CURVE('',#4758,#4757,#2424,.T.);
#6029=EDGE_CURVE('',#4756,#4758,#2425,.T.);
#6030=EDGE_CURVE('',#4749,#4758,#2426,.T.);
#6031=EDGE_CURVE('',#4759,#4760,#2427,.T.);
#6032=EDGE_CURVE('',#4761,#4760,#2428,.T.);
#6033=EDGE_CURVE('',#4761,#4762,#2429,.T.);
#6034=EDGE_CURVE('',#4759,#4762,#2430,.T.);
#6035=EDGE_CURVE('',#4763,#4761,#2431,.T.);
#6036=EDGE_CURVE('',#4764,#4763,#2432,.T.);
#6037=EDGE_CURVE('',#4762,#4764,#2433,.T.);
#6038=EDGE_CURVE('',#4765,#4766,#2434,.T.);
#6039=EDGE_CURVE('',#4767,#4766,#2435,.T.);
#6040=EDGE_CURVE('',#4767,#4768,#2436,.T.);
#6041=EDGE_CURVE('',#4765,#4768,#2437,.T.);
#6042=EDGE_CURVE('',#4768,#4769,#2438,.T.);
#6043=EDGE_CURVE('',#4770,#4767,#2439,.T.);
#6044=EDGE_CURVE('',#4769,#4770,#2440,.T.);
#6045=EDGE_CURVE('',#4760,#4765,#2441,.T.);
#6046=EDGE_CURVE('',#4769,#4771,#2442,.T.);
#6047=EDGE_CURVE('',#4772,#4771,#2443,.T.);
#6048=EDGE_CURVE('',#4772,#4773,#2444,.T.);
#6049=EDGE_CURVE('',#4774,#4773,#2445,.T.);
#6050=EDGE_CURVE('',#4775,#4774,#2446,.T.);
#6051=EDGE_CURVE('',#4776,#4775,#2447,.T.);
#6052=EDGE_CURVE('',#4763,#4776,#2448,.T.);
#6053=EDGE_CURVE('',#4770,#4777,#2449,.T.);
#6054=EDGE_CURVE('',#4771,#4777,#2450,.T.);
#6055=EDGE_CURVE('',#4778,#4776,#2451,.T.);
#6056=EDGE_CURVE('',#4764,#4778,#2452,.T.);
#6057=EDGE_CURVE('',#4779,#4775,#2453,.T.);
#6058=EDGE_CURVE('',#4779,#4778,#2454,.T.);
#6059=EDGE_CURVE('',#4777,#4780,#2455,.T.);
#6060=EDGE_CURVE('',#4772,#4780,#2456,.T.);
#6061=EDGE_CURVE('',#4766,#4759,#2457,.T.);
#6062=EDGE_CURVE('',#4781,#4774,#2458,.T.);
#6063=EDGE_CURVE('',#4779,#4781,#2459,.T.);
#6064=EDGE_CURVE('',#4782,#4781,#2460,.T.);
#6065=EDGE_CURVE('',#4780,#4782,#2461,.T.);
#6066=EDGE_CURVE('',#4773,#4782,#2462,.T.);
#6067=EDGE_CURVE('',#4783,#4784,#2463,.T.);
#6068=EDGE_CURVE('',#4785,#4783,#2464,.T.);
#6069=EDGE_CURVE('',#4786,#4785,#2465,.T.);
#6070=EDGE_CURVE('',#4784,#4786,#2466,.T.);
#6071=EDGE_CURVE('',#4787,#4788,#2467,.T.);
#6072=EDGE_CURVE('',#4789,#4787,#2468,.T.);
#6073=EDGE_CURVE('',#4790,#4789,#2469,.T.);
#6074=EDGE_CURVE('',#4790,#4788,#2470,.T.);
#6075=EDGE_CURVE('',#4788,#4783,#2471,.T.);
#6076=EDGE_CURVE('',#4785,#4790,#2472,.T.);
#6077=EDGE_CURVE('',#4789,#4791,#2473,.T.);
#6078=EDGE_CURVE('',#4791,#4792,#2474,.T.);
#6079=EDGE_CURVE('',#4792,#4793,#2475,.T.);
#6080=EDGE_CURVE('',#4793,#4794,#2476,.T.);
#6081=EDGE_CURVE('',#4794,#4795,#2477,.T.);
#6082=EDGE_CURVE('',#4795,#4796,#2478,.T.);
#6083=EDGE_CURVE('',#4796,#4797,#2479,.T.);
#6084=EDGE_CURVE('',#4797,#4798,#137,.T.);
#6085=EDGE_CURVE('',#4798,#4786,#2480,.T.);
#6086=EDGE_CURVE('',#4799,#4799,#138,.T.);
#6087=EDGE_CURVE('',#4800,#4800,#139,.T.);
#6088=EDGE_CURVE('',#4801,#4787,#2481,.T.);
#6089=EDGE_CURVE('',#4801,#4791,#2482,.T.);
#6090=EDGE_CURVE('',#4798,#4802,#2483,.T.);
#6091=EDGE_CURVE('',#4802,#4803,#2484,.T.);
#6092=EDGE_CURVE('',#4803,#4804,#2485,.T.);
#6093=EDGE_CURVE('',#4805,#4804,#2486,.T.);
#6094=EDGE_CURVE('',#4806,#4805,#2487,.T.);
#6095=EDGE_CURVE('',#4784,#4806,#2488,.T.);
#6096=EDGE_CURVE('',#4807,#4808,#2489,.T.);
#6097=EDGE_CURVE('',#4809,#4807,#2490,.T.);
#6098=EDGE_CURVE('',#4810,#4809,#2491,.T.);
#6099=EDGE_CURVE('',#4810,#4808,#2492,.T.);
#6100=EDGE_CURVE('',#4793,#4811,#2493,.T.);
#6101=EDGE_CURVE('',#4812,#4811,#2494,.T.);
#6102=EDGE_CURVE('',#4794,#4812,#2495,.T.);
#6103=EDGE_CURVE('',#4813,#4801,#2496,.T.);
#6104=EDGE_CURVE('',#4792,#4813,#2497,.T.);
#6105=EDGE_CURVE('',#4808,#4813,#2498,.T.);
#6106=EDGE_CURVE('',#4814,#4810,#2499,.T.);
#6107=EDGE_CURVE('',#4815,#4814,#2500,.T.);
#6108=EDGE_CURVE('',#4811,#4815,#2501,.T.);
#6109=EDGE_CURVE('',#4816,#4815,#2502,.T.);
#6110=EDGE_CURVE('',#4817,#4816,#2503,.T.);
#6111=EDGE_CURVE('',#4803,#4817,#2504,.T.);
#6112=EDGE_CURVE('',#4818,#4802,#140,.T.);
#6113=EDGE_CURVE('',#4819,#4818,#2505,.T.);
#6114=EDGE_CURVE('',#4820,#4819,#2506,.T.);
#6115=EDGE_CURVE('',#4812,#4820,#2507,.T.);
#6116=EDGE_CURVE('',#4821,#4821,#141,.T.);
#6117=EDGE_CURVE('',#4822,#4822,#142,.T.);
#6118=EDGE_CURVE('',#4814,#4823,#2508,.T.);
#6119=EDGE_CURVE('',#4823,#4816,#2509,.T.);
#6120=EDGE_CURVE('',#4809,#4824,#2510,.T.);
#6121=EDGE_CURVE('',#4824,#4825,#2511,.T.);
#6122=EDGE_CURVE('',#4825,#4826,#2512,.T.);
#6123=EDGE_CURVE('',#4826,#4805,#143,.T.);
#6124=EDGE_CURVE('',#4827,#4804,#2513,.T.);
#6125=EDGE_CURVE('',#4823,#4827,#2514,.T.);
#6126=EDGE_CURVE('',#4828,#4828,#144,.T.);
#6127=EDGE_CURVE('',#4829,#4829,#145,.T.);
#6128=EDGE_CURVE('',#4830,#4807,#2515,.T.);
#6129=EDGE_CURVE('',#4830,#4824,#2516,.T.);
#6130=EDGE_CURVE('',#4820,#4795,#2517,.T.);
#6131=EDGE_CURVE('',#4822,#4800,#2518,.T.);
#6132=EDGE_CURVE('',#4831,#4831,#146,.T.);
#6133=EDGE_CURVE('',#4831,#4829,#2519,.T.);
#6134=EDGE_CURVE('',#4821,#4799,#2520,.T.);
#6135=EDGE_CURVE('',#4832,#4832,#147,.T.);
#6136=EDGE_CURVE('',#4832,#4828,#2521,.T.);
#6137=EDGE_CURVE('',#4817,#4827,#2522,.T.);
#6138=EDGE_CURVE('',#4833,#4825,#2523,.T.);
#6139=EDGE_CURVE('',#4833,#4834,#2524,.T.);
#6140=EDGE_CURVE('',#4834,#4826,#2525,.T.);
#6141=EDGE_CURVE('',#4818,#4797,#2526,.T.);
#6142=EDGE_CURVE('',#4819,#4796,#2527,.T.);
#6143=EDGE_CURVE('',#4834,#4806,#148,.T.);
#6144=EDGE_CURVE('',#4833,#4830,#2528,.T.);
#6145=EDGE_CURVE('',#4835,#4836,#2529,.T.);
#6146=EDGE_CURVE('',#4835,#4837,#2530,.T.);
#6147=EDGE_CURVE('',#4838,#4837,#2531,.T.);
#6148=EDGE_CURVE('',#4836,#4838,#2532,.T.);
#6149=EDGE_CURVE('',#4839,#4835,#2533,.T.);
#6150=EDGE_CURVE('',#4840,#4839,#2534,.T.);
#6151=EDGE_CURVE('',#4837,#4840,#2535,.T.);
#6152=EDGE_CURVE('',#4836,#4841,#2536,.T.);
#6153=EDGE_CURVE('',#4841,#4842,#2537,.T.);
#6154=EDGE_CURVE('',#4843,#4842,#2538,.T.);
#6155=EDGE_CURVE('',#4843,#4839,#2539,.T.);
#6156=EDGE_CURVE('',#4844,#4844,#149,.T.);
#6157=EDGE_CURVE('',#4838,#4845,#2540,.T.);
#6158=EDGE_CURVE('',#4845,#4841,#2541,.T.);
#6159=EDGE_CURVE('',#4846,#4846,#150,.T.);
#6160=EDGE_CURVE('',#4846,#4847,#2542,.T.);
#6161=EDGE_CURVE('',#4847,#4847,#151,.T.);
#6162=EDGE_CURVE('',#4848,#4848,#152,.T.);
#6163=EDGE_CURVE('',#4848,#4844,#2543,.T.);
#6164=EDGE_CURVE('',#4849,#4850,#2544,.T.);
#6165=EDGE_CURVE('',#4851,#4849,#2545,.T.);
#6166=EDGE_CURVE('',#4851,#4852,#2546,.T.);
#6167=EDGE_CURVE('',#4850,#4852,#2547,.T.);
#6168=EDGE_CURVE('',#4852,#4840,#2548,.T.);
#6169=EDGE_CURVE('',#4845,#4851,#2549,.T.);
#6170=EDGE_CURVE('',#4853,#4854,#2550,.T.);
#6171=EDGE_CURVE('',#4855,#4853,#2551,.T.);
#6172=EDGE_CURVE('',#4855,#4856,#2552,.T.);
#6173=EDGE_CURVE('',#4854,#4856,#2553,.T.);
#6174=EDGE_CURVE('',#4856,#4857,#2554,.T.);
#6175=EDGE_CURVE('',#4858,#4855,#2555,.T.);
#6176=EDGE_CURVE('',#4857,#4858,#2556,.T.);
#6177=EDGE_CURVE('',#4843,#4859,#2557,.T.);
#6178=EDGE_CURVE('',#4860,#4859,#2558,.T.);
#6179=EDGE_CURVE('',#4861,#4860,#2559,.T.);
#6180=EDGE_CURVE('',#4862,#4861,#2560,.T.);
#6181=EDGE_CURVE('',#4858,#4862,#2561,.T.);
#6182=EDGE_CURVE('',#4850,#4853,#2562,.T.);
#6183=EDGE_CURVE('',#4842,#4863,#2563,.T.);
#6184=EDGE_CURVE('',#4859,#4863,#2564,.T.);
#6185=EDGE_CURVE('',#4864,#4862,#2565,.T.);
#6186=EDGE_CURVE('',#4857,#4864,#2566,.T.);
#6187=EDGE_CURVE('',#4865,#4864,#2567,.T.);
#6188=EDGE_CURVE('',#4865,#4861,#2568,.T.);
#6189=EDGE_CURVE('',#4866,#4860,#2569,.T.);
#6190=EDGE_CURVE('',#4865,#4866,#2570,.T.);
#6191=EDGE_CURVE('',#4849,#4854,#2571,.T.);
#6192=EDGE_CURVE('',#4863,#4866,#2572,.T.);
#6193=EDGE_CURVE('',#4867,#4867,#153,.T.);
#6194=EDGE_CURVE('',#4867,#4868,#2573,.T.);
#6195=EDGE_CURVE('',#4868,#4868,#154,.T.);
#6196=EDGE_CURVE('',#4869,#4869,#155,.T.);
#6197=EDGE_CURVE('',#4869,#4870,#2574,.T.);
#6198=EDGE_CURVE('',#4870,#4870,#156,.T.);
#6199=EDGE_CURVE('',#4871,#4872,#157,.T.);
#6200=EDGE_CURVE('',#4873,#4871,#2575,.T.);
#6201=EDGE_CURVE('',#4874,#4873,#158,.T.);
#6202=EDGE_CURVE('',#4872,#4874,#2576,.T.);
#6203=EDGE_CURVE('',#4875,#4876,#159,.T.);
#6204=EDGE_CURVE('',#4877,#4875,#2577,.T.);
#6205=EDGE_CURVE('',#4878,#4877,#160,.T.);
#6206=EDGE_CURVE('',#4876,#4878,#2578,.T.);
#6207=EDGE_CURVE('',#4875,#4879,#2579,.T.);
#6208=EDGE_CURVE('',#4879,#4880,#2580,.T.);
#6209=EDGE_CURVE('',#4877,#4880,#2581,.T.);
#6210=EDGE_CURVE('',#4876,#4881,#2582,.T.);
#6211=EDGE_CURVE('',#4881,#4879,#161,.T.);
#6212=EDGE_CURVE('',#4871,#4882,#2583,.T.);
#6213=EDGE_CURVE('',#4882,#4881,#2584,.T.);
#6214=EDGE_CURVE('',#4883,#4878,#2585,.T.);
#6215=EDGE_CURVE('',#4884,#4883,#2586,.T.);
#6216=EDGE_CURVE('',#4884,#4873,#2587,.T.);
#6217=EDGE_CURVE('',#4885,#4872,#2588,.T.);
#6218=EDGE_CURVE('',#4882,#4885,#162,.T.);
#6219=EDGE_CURVE('',#4886,#4874,#2589,.T.);
#6220=EDGE_CURVE('',#4885,#4886,#2590,.T.);
#6221=EDGE_CURVE('',#4887,#4888,#163,.T.);
#6222=EDGE_CURVE('',#4887,#4889,#2591,.T.);
#6223=EDGE_CURVE('',#4890,#4889,#164,.T.);
#6224=EDGE_CURVE('',#4888,#4890,#2592,.T.);
#6225=EDGE_CURVE('',#4891,#4892,#165,.T.);
#6226=EDGE_CURVE('',#4893,#4891,#2593,.T.);
#6227=EDGE_CURVE('',#4894,#4893,#166,.T.);
#6228=EDGE_CURVE('',#4894,#4892,#2594,.T.);
#6229=EDGE_CURVE('',#4891,#4895,#2595,.T.);
#6230=EDGE_CURVE('',#4896,#4895,#2596,.T.);
#6231=EDGE_CURVE('',#4893,#4896,#2597,.T.);
#6232=EDGE_CURVE('',#4897,#4892,#2598,.T.);
#6233=EDGE_CURVE('',#4895,#4897,#167,.T.);
#6234=EDGE_CURVE('',#4898,#4887,#2599,.T.);
#6235=EDGE_CURVE('',#4897,#4898,#2600,.T.);
#6236=EDGE_CURVE('',#4899,#4894,#2601,.T.);
#6237=EDGE_CURVE('',#4899,#4900,#2602,.T.);
#6238=EDGE_CURVE('',#4889,#4900,#2603,.T.);
#6239=EDGE_CURVE('',#4901,#4888,#2604,.T.);
#6240=EDGE_CURVE('',#4901,#4898,#168,.T.);
#6241=EDGE_CURVE('',#4901,#4902,#2605,.T.);
#6242=EDGE_CURVE('',#4880,#4902,#169,.T.);
#6243=EDGE_CURVE('',#4896,#4886,#170,.T.);
#6244=EDGE_CURVE('',#4902,#4890,#2606,.T.);
#6245=EDGE_CURVE('',#4900,#4883,#171,.T.);
#6246=EDGE_CURVE('',#4899,#4884,#172,.T.);
#6247=EDGE_CURVE('',#4903,#4904,#2607,.T.);
#6248=EDGE_CURVE('',#4905,#4904,#2608,.T.);
#6249=EDGE_CURVE('',#4905,#4906,#2609,.T.);
#6250=EDGE_CURVE('',#4903,#4906,#2610,.T.);
#6251=EDGE_CURVE('',#4907,#4905,#2611,.T.);
#6252=EDGE_CURVE('',#4908,#4907,#2612,.T.);
#6253=EDGE_CURVE('',#4906,#4908,#2613,.T.);
#6254=EDGE_CURVE('',#4909,#4910,#2614,.T.);
#6255=EDGE_CURVE('',#4911,#4910,#2615,.T.);
#6256=EDGE_CURVE('',#4911,#4912,#2616,.T.);
#6257=EDGE_CURVE('',#4909,#4912,#2617,.T.);
#6258=EDGE_CURVE('',#4913,#4911,#2618,.T.);
#6259=EDGE_CURVE('',#4914,#4913,#2619,.T.);
#6260=EDGE_CURVE('',#4912,#4914,#2620,.T.);
#6261=EDGE_CURVE('',#4904,#4909,#2621,.T.);
#6262=EDGE_CURVE('',#4914,#4915,#2622,.T.);
#6263=EDGE_CURVE('',#4916,#4915,#2623,.T.);
#6264=EDGE_CURVE('',#4916,#4917,#2624,.T.);
#6265=EDGE_CURVE('',#4918,#4917,#2625,.T.);
#6266=EDGE_CURVE('',#4919,#4918,#2626,.T.);
#6267=EDGE_CURVE('',#4920,#4919,#2627,.T.);
#6268=EDGE_CURVE('',#4907,#4920,#2628,.T.);
#6269=EDGE_CURVE('',#4921,#4920,#2629,.T.);
#6270=EDGE_CURVE('',#4908,#4921,#2630,.T.);
#6271=EDGE_CURVE('',#4922,#4919,#2631,.T.);
#6272=EDGE_CURVE('',#4922,#4921,#2632,.T.);
#6273=EDGE_CURVE('',#4913,#4923,#2633,.T.);
#6274=EDGE_CURVE('',#4915,#4923,#2634,.T.);
#6275=EDGE_CURVE('',#4916,#4924,#2635,.T.);
#6276=EDGE_CURVE('',#4923,#4924,#2636,.T.);
#6277=EDGE_CURVE('',#4910,#4903,#2637,.T.);
#6278=EDGE_CURVE('',#4924,#4925,#2638,.T.);
#6279=EDGE_CURVE('',#4917,#4925,#2639,.T.);
#6280=EDGE_CURVE('',#4926,#4918,#2640,.T.);
#6281=EDGE_CURVE('',#4922,#4926,#2641,.T.);
#6282=EDGE_CURVE('',#4925,#4926,#2642,.T.);
#6283=EDGE_CURVE('',#4927,#4928,#2643,.T.);
#6284=EDGE_CURVE('',#4928,#4929,#2644,.T.);
#6285=EDGE_CURVE('',#4929,#4930,#2645,.T.);
#6286=EDGE_CURVE('',#4930,#4927,#2646,.T.);
#6287=EDGE_CURVE('',#4931,#4932,#2647,.T.);
#6288=EDGE_CURVE('',#4933,#4932,#2648,.T.);
#6289=EDGE_CURVE('',#4934,#4933,#2649,.T.);
#6290=EDGE_CURVE('',#4934,#4931,#2650,.T.);
#6291=EDGE_CURVE('',#4928,#4935,#2651,.T.);
#6292=EDGE_CURVE('',#4936,#4935,#2652,.T.);
#6293=EDGE_CURVE('',#4929,#4936,#2653,.T.);
#6294=EDGE_CURVE('',#4936,#4937,#2654,.T.);
#6295=EDGE_CURVE('',#4937,#4938,#2655,.T.);
#6296=EDGE_CURVE('',#4938,#4939,#2656,.T.);
#6297=EDGE_CURVE('',#4934,#4939,#2657,.T.);
#6298=EDGE_CURVE('',#4940,#4933,#2658,.T.);
#6299=EDGE_CURVE('',#4941,#4940,#2659,.T.);
#6300=EDGE_CURVE('',#4942,#4941,#2660,.T.);
#6301=EDGE_CURVE('',#4943,#4942,#2661,.T.);
#6302=EDGE_CURVE('',#4943,#4930,#2662,.T.);
#6303=EDGE_CURVE('',#4935,#4944,#2663,.T.);
#6304=EDGE_CURVE('',#4944,#4937,#2664,.T.);
#6305=EDGE_CURVE('',#4945,#4946,#2665,.T.);
#6306=EDGE_CURVE('',#4946,#4941,#2666,.T.);
#6307=EDGE_CURVE('',#4945,#4940,#2667,.T.);
#6308=EDGE_CURVE('',#4947,#4943,#2668,.T.);
#6309=EDGE_CURVE('',#4927,#4947,#2669,.T.);
#6310=EDGE_CURVE('',#4948,#4944,#2670,.T.);
#6311=EDGE_CURVE('',#4938,#4948,#2671,.T.);
#6312=EDGE_CURVE('',#4949,#4942,#2672,.T.);
#6313=EDGE_CURVE('',#4947,#4949,#2673,.T.);
#6314=EDGE_CURVE('',#4946,#4949,#2674,.T.);
#6315=EDGE_CURVE('',#4948,#4950,#2675,.T.);
#6316=EDGE_CURVE('',#4939,#4950,#2676,.T.);
#6317=EDGE_CURVE('',#4950,#4931,#2677,.T.);
#6318=EDGE_CURVE('',#4932,#4945,#2678,.T.);
#6319=EDGE_CURVE('',#4951,#4952,#2679,.T.);
#6320=EDGE_CURVE('',#4953,#4952,#2680,.T.);
#6321=EDGE_CURVE('',#4953,#4954,#2681,.T.);
#6322=EDGE_CURVE('',#4951,#4954,#2682,.T.);
#6323=EDGE_CURVE('',#4955,#4953,#2683,.T.);
#6324=EDGE_CURVE('',#4956,#4955,#2684,.T.);
#6325=EDGE_CURVE('',#4954,#4956,#2685,.T.);
#6326=EDGE_CURVE('',#4957,#4958,#2686,.T.);
#6327=EDGE_CURVE('',#4959,#4958,#2687,.T.);
#6328=EDGE_CURVE('',#4959,#4960,#2688,.T.);
#6329=EDGE_CURVE('',#4957,#4960,#2689,.T.);
#6330=EDGE_CURVE('',#4961,#4959,#2690,.T.);
#6331=EDGE_CURVE('',#4962,#4961,#2691,.T.);
#6332=EDGE_CURVE('',#4960,#4962,#2692,.T.);
#6333=EDGE_CURVE('',#4952,#4957,#2693,.T.);
#6334=EDGE_CURVE('',#4962,#4963,#2694,.T.);
#6335=EDGE_CURVE('',#4964,#4963,#2695,.T.);
#6336=EDGE_CURVE('',#4964,#4965,#2696,.T.);
#6337=EDGE_CURVE('',#4966,#4965,#2697,.T.);
#6338=EDGE_CURVE('',#4967,#4966,#2698,.T.);
#6339=EDGE_CURVE('',#4968,#4967,#2699,.T.);
#6340=EDGE_CURVE('',#4955,#4968,#2700,.T.);
#6341=EDGE_CURVE('',#4969,#4968,#2701,.T.);
#6342=EDGE_CURVE('',#4956,#4969,#2702,.T.);
#6343=EDGE_CURVE('',#4970,#4967,#2703,.T.);
#6344=EDGE_CURVE('',#4970,#4969,#2704,.T.);
#6345=EDGE_CURVE('',#4961,#4971,#2705,.T.);
#6346=EDGE_CURVE('',#4963,#4971,#2706,.T.);
#6347=EDGE_CURVE('',#4964,#4972,#2707,.T.);
#6348=EDGE_CURVE('',#4971,#4972,#2708,.T.);
#6349=EDGE_CURVE('',#4958,#4951,#2709,.T.);
#6350=EDGE_CURVE('',#4973,#4966,#2710,.T.);
#6351=EDGE_CURVE('',#4970,#4973,#2711,.T.);
#6352=EDGE_CURVE('',#4974,#4973,#2712,.T.);
#6353=EDGE_CURVE('',#4972,#4974,#2713,.T.);
#6354=EDGE_CURVE('',#4965,#4974,#2714,.T.);
#6355=EDGE_CURVE('',#4975,#4975,#173,.T.);
#6356=EDGE_CURVE('',#4975,#4976,#2715,.T.);
#6357=EDGE_CURVE('',#4976,#4976,#174,.T.);
#6358=EDGE_CURVE('',#4977,#4977,#175,.T.);
#6359=EDGE_CURVE('',#4977,#4978,#2716,.T.);
#6360=EDGE_CURVE('',#4978,#4978,#176,.T.);
#6361=EDGE_CURVE('',#4979,#4979,#177,.T.);
#6362=EDGE_CURVE('',#4979,#4980,#2717,.T.);
#6363=EDGE_CURVE('',#4980,#4980,#178,.T.);
#6364=EDGE_CURVE('',#4981,#4981,#179,.T.);
#6365=EDGE_CURVE('',#4981,#4982,#2718,.T.);
#6366=EDGE_CURVE('',#4982,#4982,#180,.T.);
#6367=EDGE_CURVE('',#4983,#4984,#2719,.T.);
#6368=EDGE_CURVE('',#4985,#4984,#2720,.T.);
#6369=EDGE_CURVE('',#4985,#4986,#2721,.T.);
#6370=EDGE_CURVE('',#4983,#4986,#2722,.T.);
#6371=EDGE_CURVE('',#4987,#4983,#2723,.T.);
#6372=EDGE_CURVE('',#4987,#4988,#2724,.T.);
#6373=EDGE_CURVE('',#4988,#4989,#181,.T.);
#6374=EDGE_CURVE('',#4989,#4990,#2725,.T.);
#6375=EDGE_CURVE('',#4990,#4991,#2726,.T.);
#6376=EDGE_CURVE('',#4991,#4992,#2727,.T.);
#6377=EDGE_CURVE('',#4984,#4992,#2728,.T.);
#6378=EDGE_CURVE('',#4986,#4993,#2729,.T.);
#6379=EDGE_CURVE('',#4987,#4993,#2730,.T.);
#6380=EDGE_CURVE('',#4994,#4995,#2731,.T.);
#6381=EDGE_CURVE('',#4995,#4996,#2732,.T.);
#6382=EDGE_CURVE('',#4997,#4996,#2733,.T.);
#6383=EDGE_CURVE('',#4997,#4994,#2734,.T.);
#6384=EDGE_CURVE('',#4998,#4988,#2735,.T.);
#6385=EDGE_CURVE('',#4998,#4999,#182,.T.);
#6386=EDGE_CURVE('',#4999,#4989,#2736,.T.);
#6387=EDGE_CURVE('',#5000,#4994,#183,.T.);
#6388=EDGE_CURVE('',#4993,#5000,#2737,.T.);
#6389=EDGE_CURVE('',#5001,#4985,#2738,.T.);
#6390=EDGE_CURVE('',#5002,#5001,#2739,.T.);
#6391=EDGE_CURVE('',#4995,#5002,#2740,.T.);
#6392=EDGE_CURVE('',#5003,#4997,#184,.T.);
#6393=EDGE_CURVE('',#5000,#5003,#2741,.T.);
#6394=EDGE_CURVE('',#5004,#4999,#2742,.T.);
#6395=EDGE_CURVE('',#5004,#4990,#2743,.T.);
#6396=EDGE_CURVE('',#4996,#5005,#2744,.T.);
#6397=EDGE_CURVE('',#5005,#5003,#2745,.T.);
#6398=EDGE_CURVE('',#5006,#5004,#2746,.T.);
#6399=EDGE_CURVE('',#5006,#4991,#2747,.T.);
#6400=EDGE_CURVE('',#5001,#4992,#2748,.T.);
#6401=EDGE_CURVE('',#4998,#5006,#2749,.T.);
#6402=EDGE_CURVE('',#5002,#5005,#2750,.T.);
#6403=EDGE_CURVE('',#5007,#5008,#2751,.T.);
#6404=EDGE_CURVE('',#5007,#5009,#2752,.T.);
#6405=EDGE_CURVE('',#5010,#5009,#2753,.T.);
#6406=EDGE_CURVE('',#5008,#5010,#2754,.T.);
#6407=EDGE_CURVE('',#5011,#5008,#2755,.T.);
#6408=EDGE_CURVE('',#5012,#5010,#2756,.T.);
#6409=EDGE_CURVE('',#5011,#5012,#2757,.T.);
#6410=EDGE_CURVE('',#5013,#5011,#2758,.T.);
#6411=EDGE_CURVE('',#5014,#5012,#2759,.T.);
#6412=EDGE_CURVE('',#5013,#5014,#2760,.T.);
#6413=EDGE_CURVE('',#5007,#5013,#2761,.T.);
#6414=EDGE_CURVE('',#5009,#5014,#2762,.T.);
#6415=EDGE_CURVE('',#5015,#5016,#2763,.T.);
#6416=EDGE_CURVE('',#5017,#5015,#2764,.T.);
#6417=EDGE_CURVE('',#5018,#5017,#2765,.T.);
#6418=EDGE_CURVE('',#5016,#5018,#2766,.T.);
#6419=EDGE_CURVE('',#5015,#5019,#2767,.T.);
#6420=EDGE_CURVE('',#5020,#5019,#2768,.T.);
#6421=EDGE_CURVE('',#5017,#5020,#2769,.T.);
#6422=EDGE_CURVE('',#5016,#5021,#2770,.T.);
#6423=EDGE_CURVE('',#5019,#5021,#2771,.T.);
#6424=EDGE_CURVE('',#5022,#5020,#2772,.T.);
#6425=EDGE_CURVE('',#5018,#5022,#2773,.T.);
#6426=EDGE_CURVE('',#5021,#5022,#2774,.T.);
#6427=EDGE_CURVE('',#5023,#5024,#2775,.T.);
#6428=EDGE_CURVE('',#5025,#5023,#2776,.T.);
#6429=EDGE_CURVE('',#5026,#5025,#2777,.T.);
#6430=EDGE_CURVE('',#5024,#5026,#2778,.T.);
#6431=EDGE_CURVE('',#5023,#5027,#2779,.T.);
#6432=EDGE_CURVE('',#5028,#5027,#2780,.T.);
#6433=EDGE_CURVE('',#5025,#5028,#2781,.T.);
#6434=EDGE_CURVE('',#5024,#5029,#2782,.T.);
#6435=EDGE_CURVE('',#5027,#5029,#2783,.T.);
#6436=EDGE_CURVE('',#5030,#5028,#2784,.T.);
#6437=EDGE_CURVE('',#5026,#5030,#2785,.T.);
#6438=EDGE_CURVE('',#5029,#5030,#2786,.T.);
#6439=EDGE_CURVE('',#5031,#5032,#2787,.T.);
#6440=EDGE_CURVE('',#5033,#5031,#2788,.T.);
#6441=EDGE_CURVE('',#5034,#5033,#2789,.T.);
#6442=EDGE_CURVE('',#5032,#5034,#2790,.T.);
#6443=EDGE_CURVE('',#5031,#5035,#2791,.T.);
#6444=EDGE_CURVE('',#5036,#5035,#2792,.T.);
#6445=EDGE_CURVE('',#5033,#5036,#2793,.T.);
#6446=EDGE_CURVE('',#5032,#5037,#2794,.T.);
#6447=EDGE_CURVE('',#5035,#5037,#2795,.T.);
#6448=EDGE_CURVE('',#5038,#5036,#2796,.T.);
#6449=EDGE_CURVE('',#5034,#5038,#2797,.T.);
#6450=EDGE_CURVE('',#5037,#5038,#2798,.T.);
#6451=EDGE_CURVE('',#5039,#5040,#2799,.T.);
#6452=EDGE_CURVE('',#5041,#5039,#2800,.T.);
#6453=EDGE_CURVE('',#5042,#5041,#2801,.T.);
#6454=EDGE_CURVE('',#5040,#5042,#2802,.T.);
#6455=EDGE_CURVE('',#5039,#5043,#2803,.T.);
#6456=EDGE_CURVE('',#5044,#5043,#2804,.T.);
#6457=EDGE_CURVE('',#5041,#5044,#2805,.T.);
#6458=EDGE_CURVE('',#5040,#5045,#2806,.T.);
#6459=EDGE_CURVE('',#5043,#5045,#2807,.T.);
#6460=EDGE_CURVE('',#5046,#5044,#2808,.T.);
#6461=EDGE_CURVE('',#5042,#5046,#2809,.T.);
#6462=EDGE_CURVE('',#5045,#5046,#2810,.T.);
#6463=ORIENTED_EDGE('',*,*,#5047,.F.);
#6464=ORIENTED_EDGE('',*,*,#5048,.T.);
#6465=ORIENTED_EDGE('',*,*,#5049,.F.);
#6466=ORIENTED_EDGE('',*,*,#5050,.F.);
#6467=ORIENTED_EDGE('',*,*,#5051,.T.);
#6468=ORIENTED_EDGE('',*,*,#5050,.T.);
#6469=ORIENTED_EDGE('',*,*,#5052,.F.);
#6470=ORIENTED_EDGE('',*,*,#5053,.F.);
#6471=ORIENTED_EDGE('',*,*,#5054,.F.);
#6472=ORIENTED_EDGE('',*,*,#5053,.T.);
#6473=ORIENTED_EDGE('',*,*,#5055,.F.);
#6474=ORIENTED_EDGE('',*,*,#5056,.F.);
#6475=ORIENTED_EDGE('',*,*,#5057,.F.);
#6476=ORIENTED_EDGE('',*,*,#5056,.T.);
#6477=ORIENTED_EDGE('',*,*,#5058,.F.);
#6478=ORIENTED_EDGE('',*,*,#5059,.F.);
#6479=ORIENTED_EDGE('',*,*,#5060,.T.);
#6480=ORIENTED_EDGE('',*,*,#5059,.T.);
#6481=ORIENTED_EDGE('',*,*,#5061,.F.);
#6482=ORIENTED_EDGE('',*,*,#5062,.F.);
#6483=ORIENTED_EDGE('',*,*,#5063,.T.);
#6484=ORIENTED_EDGE('',*,*,#5062,.T.);
#6485=ORIENTED_EDGE('',*,*,#5064,.F.);
#6486=ORIENTED_EDGE('',*,*,#5065,.F.);
#6487=ORIENTED_EDGE('',*,*,#5066,.T.);
#6488=ORIENTED_EDGE('',*,*,#5065,.T.);
#6489=ORIENTED_EDGE('',*,*,#5067,.F.);
#6490=ORIENTED_EDGE('',*,*,#5068,.F.);
#6491=ORIENTED_EDGE('',*,*,#5069,.T.);
#6492=ORIENTED_EDGE('',*,*,#5068,.T.);
#6493=ORIENTED_EDGE('',*,*,#5070,.F.);
#6494=ORIENTED_EDGE('',*,*,#5048,.F.);
#6495=ORIENTED_EDGE('',*,*,#5070,.T.);
#6496=ORIENTED_EDGE('',*,*,#5067,.T.);
#6497=ORIENTED_EDGE('',*,*,#5064,.T.);
#6498=ORIENTED_EDGE('',*,*,#5061,.T.);
#6499=ORIENTED_EDGE('',*,*,#5058,.T.);
#6500=ORIENTED_EDGE('',*,*,#5055,.T.);
#6501=ORIENTED_EDGE('',*,*,#5052,.T.);
#6502=ORIENTED_EDGE('',*,*,#5049,.T.);
#6503=ORIENTED_EDGE('',*,*,#5069,.F.);
#6504=ORIENTED_EDGE('',*,*,#5047,.T.);
#6505=ORIENTED_EDGE('',*,*,#5051,.F.);
#6506=ORIENTED_EDGE('',*,*,#5054,.T.);
#6507=ORIENTED_EDGE('',*,*,#5057,.T.);
#6508=ORIENTED_EDGE('',*,*,#5060,.F.);
#6509=ORIENTED_EDGE('',*,*,#5063,.F.);
#6510=ORIENTED_EDGE('',*,*,#5066,.F.);
#6511=ORIENTED_EDGE('',*,*,#5071,.F.);
#6512=ORIENTED_EDGE('',*,*,#5072,.T.);
#6513=ORIENTED_EDGE('',*,*,#5073,.T.);
#6514=ORIENTED_EDGE('',*,*,#5074,.T.);
#6515=ORIENTED_EDGE('',*,*,#5075,.F.);
#6516=ORIENTED_EDGE('',*,*,#5076,.F.);
#6517=ORIENTED_EDGE('',*,*,#5077,.T.);
#6518=ORIENTED_EDGE('',*,*,#5078,.T.);
#6519=ORIENTED_EDGE('',*,*,#5075,.T.);
#6520=ORIENTED_EDGE('',*,*,#5079,.T.);
#6521=ORIENTED_EDGE('',*,*,#5071,.T.);
#6522=ORIENTED_EDGE('',*,*,#5080,.T.);
#6523=ORIENTED_EDGE('',*,*,#5074,.F.);
#6524=ORIENTED_EDGE('',*,*,#5081,.T.);
#6525=ORIENTED_EDGE('',*,*,#5076,.T.);
#6526=ORIENTED_EDGE('',*,*,#5080,.F.);
#6527=ORIENTED_EDGE('',*,*,#5072,.F.);
#6528=ORIENTED_EDGE('',*,*,#5079,.F.);
#6529=ORIENTED_EDGE('',*,*,#5078,.F.);
#6530=ORIENTED_EDGE('',*,*,#5082,.F.);
#6531=ORIENTED_EDGE('',*,*,#5073,.F.);
#6532=ORIENTED_EDGE('',*,*,#5082,.T.);
#6533=ORIENTED_EDGE('',*,*,#5077,.F.);
#6534=ORIENTED_EDGE('',*,*,#5081,.F.);
#6535=ORIENTED_EDGE('',*,*,#5083,.F.);
#6536=ORIENTED_EDGE('',*,*,#5084,.F.);
#6537=ORIENTED_EDGE('',*,*,#5085,.F.);
#6538=ORIENTED_EDGE('',*,*,#5086,.T.);
#6539=ORIENTED_EDGE('',*,*,#5087,.F.);
#6540=ORIENTED_EDGE('',*,*,#5088,.F.);
#6541=ORIENTED_EDGE('',*,*,#5089,.T.);
#6542=ORIENTED_EDGE('',*,*,#5090,.T.);
#6543=ORIENTED_EDGE('',*,*,#5083,.T.);
#6544=ORIENTED_EDGE('',*,*,#5091,.T.);
#6545=ORIENTED_EDGE('',*,*,#5087,.T.);
#6546=ORIENTED_EDGE('',*,*,#5092,.T.);
#6547=ORIENTED_EDGE('',*,*,#5084,.T.);
#6548=ORIENTED_EDGE('',*,*,#5092,.F.);
#6549=ORIENTED_EDGE('',*,*,#5090,.F.);
#6550=ORIENTED_EDGE('',*,*,#5093,.F.);
#6551=ORIENTED_EDGE('',*,*,#5085,.T.);
#6552=ORIENTED_EDGE('',*,*,#5093,.T.);
#6553=ORIENTED_EDGE('',*,*,#5089,.F.);
#6554=ORIENTED_EDGE('',*,*,#5094,.F.);
#6555=ORIENTED_EDGE('',*,*,#5086,.F.);
#6556=ORIENTED_EDGE('',*,*,#5094,.T.);
#6557=ORIENTED_EDGE('',*,*,#5088,.T.);
#6558=ORIENTED_EDGE('',*,*,#5091,.F.);
#6559=ORIENTED_EDGE('',*,*,#5095,.F.);
#6560=ORIENTED_EDGE('',*,*,#5096,.T.);
#6561=ORIENTED_EDGE('',*,*,#5097,.F.);
#6562=ORIENTED_EDGE('',*,*,#5096,.F.);
#6563=ORIENTED_EDGE('',*,*,#5098,.F.);
#6564=ORIENTED_EDGE('',*,*,#5099,.T.);
#6565=ORIENTED_EDGE('',*,*,#5100,.F.);
#6566=ORIENTED_EDGE('',*,*,#5099,.F.);
#6567=ORIENTED_EDGE('',*,*,#5101,.F.);
#6568=ORIENTED_EDGE('',*,*,#5102,.T.);
#6569=ORIENTED_EDGE('',*,*,#5103,.F.);
#6570=ORIENTED_EDGE('',*,*,#5102,.F.);
#6571=ORIENTED_EDGE('',*,*,#5104,.F.);
#6572=ORIENTED_EDGE('',*,*,#5105,.T.);
#6573=ORIENTED_EDGE('',*,*,#5106,.F.);
#6574=ORIENTED_EDGE('',*,*,#5105,.F.);
#6575=ORIENTED_EDGE('',*,*,#5107,.T.);
#6576=ORIENTED_EDGE('',*,*,#5108,.F.);
#6577=ORIENTED_EDGE('',*,*,#5109,.T.);
#6578=ORIENTED_EDGE('',*,*,#5110,.F.);
#6579=ORIENTED_EDGE('',*,*,#5111,.F.);
#6580=ORIENTED_EDGE('',*,*,#5112,.T.);
#6581=ORIENTED_EDGE('',*,*,#5113,.T.);
#6582=ORIENTED_EDGE('',*,*,#5114,.T.);
#6583=ORIENTED_EDGE('',*,*,#5115,.T.);
#6584=ORIENTED_EDGE('',*,*,#5116,.T.);
#6585=ORIENTED_EDGE('',*,*,#5117,.F.);
#6586=ORIENTED_EDGE('',*,*,#5107,.F.);
#6587=ORIENTED_EDGE('',*,*,#5100,.T.);
#6588=ORIENTED_EDGE('',*,*,#5106,.T.);
#6589=ORIENTED_EDGE('',*,*,#5110,.T.);
#6590=ORIENTED_EDGE('',*,*,#5118,.T.);
#6591=ORIENTED_EDGE('',*,*,#5119,.F.);
#6592=ORIENTED_EDGE('',*,*,#5111,.T.);
#6593=ORIENTED_EDGE('',*,*,#5120,.T.);
#6594=ORIENTED_EDGE('',*,*,#5121,.T.);
#6595=ORIENTED_EDGE('',*,*,#5122,.F.);
#6596=ORIENTED_EDGE('',*,*,#5123,.T.);
#6597=ORIENTED_EDGE('',*,*,#5113,.F.);
#6598=ORIENTED_EDGE('',*,*,#5124,.F.);
#6599=ORIENTED_EDGE('',*,*,#5125,.T.);
#6600=ORIENTED_EDGE('',*,*,#5126,.T.);
#6601=ORIENTED_EDGE('',*,*,#5127,.F.);
#6602=ORIENTED_EDGE('',*,*,#5128,.F.);
#6603=ORIENTED_EDGE('',*,*,#5118,.F.);
#6604=ORIENTED_EDGE('',*,*,#5109,.F.);
#6605=ORIENTED_EDGE('',*,*,#5129,.F.);
#6606=ORIENTED_EDGE('',*,*,#5130,.F.);
#6607=ORIENTED_EDGE('',*,*,#5131,.F.);
#6608=ORIENTED_EDGE('',*,*,#5120,.F.);
#6609=ORIENTED_EDGE('',*,*,#5095,.T.);
#6610=ORIENTED_EDGE('',*,*,#5101,.T.);
#6611=ORIENTED_EDGE('',*,*,#5127,.T.);
#6612=ORIENTED_EDGE('',*,*,#5123,.F.);
#6613=ORIENTED_EDGE('',*,*,#5132,.F.);
#6614=ORIENTED_EDGE('',*,*,#5133,.F.);
#6615=ORIENTED_EDGE('',*,*,#5134,.F.);
#6616=ORIENTED_EDGE('',*,*,#5135,.T.);
#6617=ORIENTED_EDGE('',*,*,#5114,.F.);
#6618=ORIENTED_EDGE('',*,*,#5126,.F.);
#6619=ORIENTED_EDGE('',*,*,#5132,.T.);
#6620=ORIENTED_EDGE('',*,*,#5122,.T.);
#6621=ORIENTED_EDGE('',*,*,#5136,.T.);
#6622=ORIENTED_EDGE('',*,*,#5137,.T.);
#6623=ORIENTED_EDGE('',*,*,#5097,.T.);
#6624=ORIENTED_EDGE('',*,*,#5103,.T.);
#6625=ORIENTED_EDGE('',*,*,#5138,.F.);
#6626=ORIENTED_EDGE('',*,*,#5139,.T.);
#6627=ORIENTED_EDGE('',*,*,#5115,.F.);
#6628=ORIENTED_EDGE('',*,*,#5135,.F.);
#6629=ORIENTED_EDGE('',*,*,#5108,.T.);
#6630=ORIENTED_EDGE('',*,*,#5117,.T.);
#6631=ORIENTED_EDGE('',*,*,#5140,.F.);
#6632=ORIENTED_EDGE('',*,*,#5129,.T.);
#6633=ORIENTED_EDGE('',*,*,#5125,.F.);
#6634=ORIENTED_EDGE('',*,*,#5141,.T.);
#6635=ORIENTED_EDGE('',*,*,#5138,.T.);
#6636=ORIENTED_EDGE('',*,*,#5134,.T.);
#6637=ORIENTED_EDGE('',*,*,#5098,.T.);
#6638=ORIENTED_EDGE('',*,*,#5104,.T.);
#6639=ORIENTED_EDGE('',*,*,#5131,.T.);
#6640=ORIENTED_EDGE('',*,*,#5142,.T.);
#6641=ORIENTED_EDGE('',*,*,#5136,.F.);
#6642=ORIENTED_EDGE('',*,*,#5121,.F.);
#6643=ORIENTED_EDGE('',*,*,#5128,.T.);
#6644=ORIENTED_EDGE('',*,*,#5133,.T.);
#6645=ORIENTED_EDGE('',*,*,#5137,.F.);
#6646=ORIENTED_EDGE('',*,*,#5142,.F.);
#6647=ORIENTED_EDGE('',*,*,#5130,.T.);
#6648=ORIENTED_EDGE('',*,*,#5140,.T.);
#6649=ORIENTED_EDGE('',*,*,#5116,.F.);
#6650=ORIENTED_EDGE('',*,*,#5139,.F.);
#6651=ORIENTED_EDGE('',*,*,#5141,.F.);
#6652=ORIENTED_EDGE('',*,*,#5124,.T.);
#6653=ORIENTED_EDGE('',*,*,#5112,.F.);
#6654=ORIENTED_EDGE('',*,*,#5119,.T.);
#6655=ORIENTED_EDGE('',*,*,#5143,.F.);
#6656=ORIENTED_EDGE('',*,*,#5144,.T.);
#6657=ORIENTED_EDGE('',*,*,#5145,.F.);
#6658=ORIENTED_EDGE('',*,*,#5144,.F.);
#6659=ORIENTED_EDGE('',*,*,#5146,.F.);
#6660=ORIENTED_EDGE('',*,*,#5147,.T.);
#6661=ORIENTED_EDGE('',*,*,#5148,.F.);
#6662=ORIENTED_EDGE('',*,*,#5147,.F.);
#6663=ORIENTED_EDGE('',*,*,#5149,.F.);
#6664=ORIENTED_EDGE('',*,*,#5150,.T.);
#6665=ORIENTED_EDGE('',*,*,#5151,.F.);
#6666=ORIENTED_EDGE('',*,*,#5150,.F.);
#6667=ORIENTED_EDGE('',*,*,#5152,.F.);
#6668=ORIENTED_EDGE('',*,*,#5153,.T.);
#6669=ORIENTED_EDGE('',*,*,#5154,.F.);
#6670=ORIENTED_EDGE('',*,*,#5153,.F.);
#6671=ORIENTED_EDGE('',*,*,#5155,.T.);
#6672=ORIENTED_EDGE('',*,*,#5156,.F.);
#6673=ORIENTED_EDGE('',*,*,#5157,.T.);
#6674=ORIENTED_EDGE('',*,*,#5158,.F.);
#6675=ORIENTED_EDGE('',*,*,#5159,.F.);
#6676=ORIENTED_EDGE('',*,*,#5160,.F.);
#6677=ORIENTED_EDGE('',*,*,#5161,.T.);
#6678=ORIENTED_EDGE('',*,*,#5162,.T.);
#6679=ORIENTED_EDGE('',*,*,#5163,.T.);
#6680=ORIENTED_EDGE('',*,*,#5164,.T.);
#6681=ORIENTED_EDGE('',*,*,#5165,.F.);
#6682=ORIENTED_EDGE('',*,*,#5166,.F.);
#6683=ORIENTED_EDGE('',*,*,#5156,.T.);
#6684=ORIENTED_EDGE('',*,*,#5167,.T.);
#6685=ORIENTED_EDGE('',*,*,#5168,.F.);
#6686=ORIENTED_EDGE('',*,*,#5169,.T.);
#6687=ORIENTED_EDGE('',*,*,#5170,.T.);
#6688=ORIENTED_EDGE('',*,*,#5171,.T.);
#6689=ORIENTED_EDGE('',*,*,#5172,.F.);
#6690=ORIENTED_EDGE('',*,*,#5162,.F.);
#6691=ORIENTED_EDGE('',*,*,#5173,.T.);
#6692=ORIENTED_EDGE('',*,*,#5174,.F.);
#6693=ORIENTED_EDGE('',*,*,#5175,.F.);
#6694=ORIENTED_EDGE('',*,*,#5164,.F.);
#6695=ORIENTED_EDGE('',*,*,#5168,.T.);
#6696=ORIENTED_EDGE('',*,*,#5176,.F.);
#6697=ORIENTED_EDGE('',*,*,#5171,.F.);
#6698=ORIENTED_EDGE('',*,*,#5177,.F.);
#6699=ORIENTED_EDGE('',*,*,#5178,.T.);
#6700=ORIENTED_EDGE('',*,*,#5179,.F.);
#6701=ORIENTED_EDGE('',*,*,#5180,.T.);
#6702=ORIENTED_EDGE('',*,*,#5181,.T.);
#6703=ORIENTED_EDGE('',*,*,#5182,.T.);
#6704=ORIENTED_EDGE('',*,*,#5183,.F.);
#6705=ORIENTED_EDGE('',*,*,#5174,.T.);
#6706=ORIENTED_EDGE('',*,*,#5184,.T.);
#6707=ORIENTED_EDGE('',*,*,#5161,.F.);
#6708=ORIENTED_EDGE('',*,*,#5185,.T.);
#6709=ORIENTED_EDGE('',*,*,#5177,.T.);
#6710=ORIENTED_EDGE('',*,*,#5170,.F.);
#6711=ORIENTED_EDGE('',*,*,#5146,.T.);
#6712=ORIENTED_EDGE('',*,*,#5152,.T.);
#6713=ORIENTED_EDGE('',*,*,#5185,.F.);
#6714=ORIENTED_EDGE('',*,*,#5160,.T.);
#6715=ORIENTED_EDGE('',*,*,#5186,.F.);
#6716=ORIENTED_EDGE('',*,*,#5178,.F.);
#6717=ORIENTED_EDGE('',*,*,#5186,.T.);
#6718=ORIENTED_EDGE('',*,*,#5159,.T.);
#6719=ORIENTED_EDGE('',*,*,#5172,.T.);
#6720=ORIENTED_EDGE('',*,*,#5176,.T.);
#6721=ORIENTED_EDGE('',*,*,#5167,.F.);
#6722=ORIENTED_EDGE('',*,*,#5155,.F.);
#6723=ORIENTED_EDGE('',*,*,#5187,.F.);
#6724=ORIENTED_EDGE('',*,*,#5179,.T.);
#6725=ORIENTED_EDGE('',*,*,#5148,.T.);
#6726=ORIENTED_EDGE('',*,*,#5154,.T.);
#6727=ORIENTED_EDGE('',*,*,#5158,.T.);
#6728=ORIENTED_EDGE('',*,*,#5188,.T.);
#6729=ORIENTED_EDGE('',*,*,#5180,.F.);
#6730=ORIENTED_EDGE('',*,*,#5187,.T.);
#6731=ORIENTED_EDGE('',*,*,#5189,.F.);
#6732=ORIENTED_EDGE('',*,*,#5181,.F.);
#6733=ORIENTED_EDGE('',*,*,#5188,.F.);
#6734=ORIENTED_EDGE('',*,*,#5157,.F.);
#6735=ORIENTED_EDGE('',*,*,#5169,.F.);
#6736=ORIENTED_EDGE('',*,*,#5184,.F.);
#6737=ORIENTED_EDGE('',*,*,#5173,.F.);
#6738=ORIENTED_EDGE('',*,*,#5163,.F.);
#6739=ORIENTED_EDGE('',*,*,#5143,.T.);
#6740=ORIENTED_EDGE('',*,*,#5149,.T.);
#6741=ORIENTED_EDGE('',*,*,#5189,.T.);
#6742=ORIENTED_EDGE('',*,*,#5166,.T.);
#6743=ORIENTED_EDGE('',*,*,#5190,.F.);
#6744=ORIENTED_EDGE('',*,*,#5182,.F.);
#6745=ORIENTED_EDGE('',*,*,#5175,.T.);
#6746=ORIENTED_EDGE('',*,*,#5183,.T.);
#6747=ORIENTED_EDGE('',*,*,#5190,.T.);
#6748=ORIENTED_EDGE('',*,*,#5165,.T.);
#6749=ORIENTED_EDGE('',*,*,#5145,.T.);
#6750=ORIENTED_EDGE('',*,*,#5151,.T.);
#6751=ORIENTED_EDGE('',*,*,#5191,.F.);
#6752=ORIENTED_EDGE('',*,*,#5192,.T.);
#6753=ORIENTED_EDGE('',*,*,#5193,.F.);
#6754=ORIENTED_EDGE('',*,*,#5192,.F.);
#6755=ORIENTED_EDGE('',*,*,#5194,.F.);
#6756=ORIENTED_EDGE('',*,*,#5195,.T.);
#6757=ORIENTED_EDGE('',*,*,#5196,.F.);
#6758=ORIENTED_EDGE('',*,*,#5195,.F.);
#6759=ORIENTED_EDGE('',*,*,#5197,.F.);
#6760=ORIENTED_EDGE('',*,*,#5198,.F.);
#6761=ORIENTED_EDGE('',*,*,#5199,.T.);
#6762=ORIENTED_EDGE('',*,*,#5200,.F.);
#6763=ORIENTED_EDGE('',*,*,#5201,.F.);
#6764=ORIENTED_EDGE('',*,*,#5202,.F.);
#6765=ORIENTED_EDGE('',*,*,#5199,.F.);
#6766=ORIENTED_EDGE('',*,*,#5203,.F.);
#6767=ORIENTED_EDGE('',*,*,#5194,.T.);
#6768=ORIENTED_EDGE('',*,*,#5204,.F.);
#6769=ORIENTED_EDGE('',*,*,#5205,.F.);
#6770=ORIENTED_EDGE('',*,*,#5206,.T.);
#6771=ORIENTED_EDGE('',*,*,#5207,.F.);
#6772=ORIENTED_EDGE('',*,*,#5208,.F.);
#6773=ORIENTED_EDGE('',*,*,#5206,.F.);
#6774=ORIENTED_EDGE('',*,*,#5209,.F.);
#6775=ORIENTED_EDGE('',*,*,#5210,.F.);
#6776=ORIENTED_EDGE('',*,*,#5191,.T.);
#6777=ORIENTED_EDGE('',*,*,#5201,.T.);
#6778=ORIENTED_EDGE('',*,*,#5211,.T.);
#6779=ORIENTED_EDGE('',*,*,#5212,.F.);
#6780=ORIENTED_EDGE('',*,*,#5213,.F.);
#6781=ORIENTED_EDGE('',*,*,#5200,.T.);
#6782=ORIENTED_EDGE('',*,*,#5202,.T.);
#6783=ORIENTED_EDGE('',*,*,#5213,.T.);
#6784=ORIENTED_EDGE('',*,*,#5214,.F.);
#6785=ORIENTED_EDGE('',*,*,#5215,.T.);
#6786=ORIENTED_EDGE('',*,*,#5216,.F.);
#6787=ORIENTED_EDGE('',*,*,#5217,.F.);
#6788=ORIENTED_EDGE('',*,*,#5218,.F.);
#6789=ORIENTED_EDGE('',*,*,#5219,.F.);
#6790=ORIENTED_EDGE('',*,*,#5209,.T.);
#6791=ORIENTED_EDGE('',*,*,#5205,.T.);
#6792=ORIENTED_EDGE('',*,*,#5220,.F.);
#6793=ORIENTED_EDGE('',*,*,#5212,.T.);
#6794=ORIENTED_EDGE('',*,*,#5221,.T.);
#6795=ORIENTED_EDGE('',*,*,#5222,.F.);
#6796=ORIENTED_EDGE('',*,*,#5214,.T.);
#6797=ORIENTED_EDGE('',*,*,#5196,.T.);
#6798=ORIENTED_EDGE('',*,*,#5222,.T.);
#6799=ORIENTED_EDGE('',*,*,#5223,.T.);
#6800=ORIENTED_EDGE('',*,*,#5224,.F.);
#6801=ORIENTED_EDGE('',*,*,#5215,.F.);
#6802=ORIENTED_EDGE('',*,*,#5210,.T.);
#6803=ORIENTED_EDGE('',*,*,#5219,.T.);
#6804=ORIENTED_EDGE('',*,*,#5225,.F.);
#6805=ORIENTED_EDGE('',*,*,#5226,.F.);
#6806=ORIENTED_EDGE('',*,*,#5227,.T.);
#6807=ORIENTED_EDGE('',*,*,#5225,.T.);
#6808=ORIENTED_EDGE('',*,*,#5218,.T.);
#6809=ORIENTED_EDGE('',*,*,#5228,.F.);
#6810=ORIENTED_EDGE('',*,*,#5193,.T.);
#6811=ORIENTED_EDGE('',*,*,#5228,.T.);
#6812=ORIENTED_EDGE('',*,*,#5217,.T.);
#6813=ORIENTED_EDGE('',*,*,#5229,.F.);
#6814=ORIENTED_EDGE('',*,*,#5230,.F.);
#6815=ORIENTED_EDGE('',*,*,#5198,.T.);
#6816=ORIENTED_EDGE('',*,*,#5231,.T.);
#6817=ORIENTED_EDGE('',*,*,#5207,.T.);
#6818=ORIENTED_EDGE('',*,*,#5208,.T.);
#6819=ORIENTED_EDGE('',*,*,#5226,.T.);
#6820=ORIENTED_EDGE('',*,*,#5227,.F.);
#6821=ORIENTED_EDGE('',*,*,#5230,.T.);
#6822=ORIENTED_EDGE('',*,*,#5232,.F.);
#6823=ORIENTED_EDGE('',*,*,#5223,.F.);
#6824=ORIENTED_EDGE('',*,*,#5221,.F.);
#6825=ORIENTED_EDGE('',*,*,#5211,.F.);
#6826=ORIENTED_EDGE('',*,*,#5203,.T.);
#6827=ORIENTED_EDGE('',*,*,#5197,.T.);
#6828=ORIENTED_EDGE('',*,*,#5220,.T.);
#6829=ORIENTED_EDGE('',*,*,#5204,.T.);
#6830=ORIENTED_EDGE('',*,*,#5231,.F.);
#6831=ORIENTED_EDGE('',*,*,#5224,.T.);
#6832=ORIENTED_EDGE('',*,*,#5232,.T.);
#6833=ORIENTED_EDGE('',*,*,#5229,.T.);
#6834=ORIENTED_EDGE('',*,*,#5216,.T.);
#6835=ORIENTED_EDGE('',*,*,#5233,.F.);
#6836=ORIENTED_EDGE('',*,*,#5234,.T.);
#6837=ORIENTED_EDGE('',*,*,#5235,.F.);
#6838=ORIENTED_EDGE('',*,*,#5234,.F.);
#6839=ORIENTED_EDGE('',*,*,#5236,.F.);
#6840=ORIENTED_EDGE('',*,*,#5237,.T.);
#6841=ORIENTED_EDGE('',*,*,#5238,.F.);
#6842=ORIENTED_EDGE('',*,*,#5237,.F.);
#6843=ORIENTED_EDGE('',*,*,#5239,.F.);
#6844=ORIENTED_EDGE('',*,*,#5240,.F.);
#6845=ORIENTED_EDGE('',*,*,#5241,.F.);
#6846=ORIENTED_EDGE('',*,*,#5242,.F.);
#6847=ORIENTED_EDGE('',*,*,#5243,.F.);
#6848=ORIENTED_EDGE('',*,*,#5244,.F.);
#6849=ORIENTED_EDGE('',*,*,#5245,.F.);
#6850=ORIENTED_EDGE('',*,*,#5246,.F.);
#6851=ORIENTED_EDGE('',*,*,#5244,.T.);
#6852=ORIENTED_EDGE('',*,*,#5247,.T.);
#6853=ORIENTED_EDGE('',*,*,#5248,.T.);
#6854=ORIENTED_EDGE('',*,*,#5249,.F.);
#6855=ORIENTED_EDGE('',*,*,#5243,.T.);
#6856=ORIENTED_EDGE('',*,*,#5250,.T.);
#6857=ORIENTED_EDGE('',*,*,#5251,.T.);
#6858=ORIENTED_EDGE('',*,*,#5247,.F.);
#6859=ORIENTED_EDGE('',*,*,#5235,.T.);
#6860=ORIENTED_EDGE('',*,*,#5252,.T.);
#6861=ORIENTED_EDGE('',*,*,#5253,.T.);
#6862=ORIENTED_EDGE('',*,*,#5250,.F.);
#6863=ORIENTED_EDGE('',*,*,#5246,.T.);
#6864=ORIENTED_EDGE('',*,*,#5254,.F.);
#6865=ORIENTED_EDGE('',*,*,#5255,.F.);
#6866=ORIENTED_EDGE('',*,*,#5256,.T.);
#6867=ORIENTED_EDGE('',*,*,#5240,.T.);
#6868=ORIENTED_EDGE('',*,*,#5239,.T.);
#6869=ORIENTED_EDGE('',*,*,#5257,.F.);
#6870=ORIENTED_EDGE('',*,*,#5258,.F.);
#6871=ORIENTED_EDGE('',*,*,#5252,.F.);
#6872=ORIENTED_EDGE('',*,*,#5233,.T.);
#6873=ORIENTED_EDGE('',*,*,#5242,.T.);
#6874=ORIENTED_EDGE('',*,*,#5259,.F.);
#6875=ORIENTED_EDGE('',*,*,#5260,.F.);
#6876=ORIENTED_EDGE('',*,*,#5257,.T.);
#6877=ORIENTED_EDGE('',*,*,#5261,.F.);
#6878=ORIENTED_EDGE('',*,*,#5262,.T.);
#6879=ORIENTED_EDGE('',*,*,#5263,.F.);
#6880=ORIENTED_EDGE('',*,*,#5264,.F.);
#6881=ORIENTED_EDGE('',*,*,#5265,.F.);
#6882=ORIENTED_EDGE('',*,*,#5266,.F.);
#6883=ORIENTED_EDGE('',*,*,#5267,.F.);
#6884=ORIENTED_EDGE('',*,*,#5268,.T.);
#6885=ORIENTED_EDGE('',*,*,#5266,.T.);
#6886=ORIENTED_EDGE('',*,*,#5269,.T.);
#6887=ORIENTED_EDGE('',*,*,#5270,.F.);
#6888=ORIENTED_EDGE('',*,*,#5271,.F.);
#6889=ORIENTED_EDGE('',*,*,#5265,.T.);
#6890=ORIENTED_EDGE('',*,*,#5272,.F.);
#6891=ORIENTED_EDGE('',*,*,#5273,.F.);
#6892=ORIENTED_EDGE('',*,*,#5269,.F.);
#6893=ORIENTED_EDGE('',*,*,#5236,.T.);
#6894=ORIENTED_EDGE('',*,*,#5274,.F.);
#6895=ORIENTED_EDGE('',*,*,#5275,.F.);
#6896=ORIENTED_EDGE('',*,*,#5272,.T.);
#6897=ORIENTED_EDGE('',*,*,#5268,.F.);
#6898=ORIENTED_EDGE('',*,*,#5276,.F.);
#6899=ORIENTED_EDGE('',*,*,#5277,.T.);
#6900=ORIENTED_EDGE('',*,*,#5278,.F.);
#6901=ORIENTED_EDGE('',*,*,#5262,.F.);
#6902=ORIENTED_EDGE('',*,*,#5261,.T.);
#6903=ORIENTED_EDGE('',*,*,#5279,.F.);
#6904=ORIENTED_EDGE('',*,*,#5280,.T.);
#6905=ORIENTED_EDGE('',*,*,#5274,.T.);
#6906=ORIENTED_EDGE('',*,*,#5238,.T.);
#6907=ORIENTED_EDGE('',*,*,#5270,.T.);
#6908=ORIENTED_EDGE('',*,*,#5273,.T.);
#6909=ORIENTED_EDGE('',*,*,#5275,.T.);
#6910=ORIENTED_EDGE('',*,*,#5280,.F.);
#6911=ORIENTED_EDGE('',*,*,#5281,.T.);
#6912=ORIENTED_EDGE('',*,*,#5282,.F.);
#6913=ORIENTED_EDGE('',*,*,#5248,.F.);
#6914=ORIENTED_EDGE('',*,*,#5251,.F.);
#6915=ORIENTED_EDGE('',*,*,#5253,.F.);
#6916=ORIENTED_EDGE('',*,*,#5258,.T.);
#6917=ORIENTED_EDGE('',*,*,#5260,.T.);
#6918=ORIENTED_EDGE('',*,*,#5283,.F.);
#6919=ORIENTED_EDGE('',*,*,#5264,.T.);
#6920=ORIENTED_EDGE('',*,*,#5284,.F.);
#6921=ORIENTED_EDGE('',*,*,#5281,.F.);
#6922=ORIENTED_EDGE('',*,*,#5279,.T.);
#6923=ORIENTED_EDGE('',*,*,#5285,.F.);
#6924=ORIENTED_EDGE('',*,*,#5277,.F.);
#6925=ORIENTED_EDGE('',*,*,#5286,.T.);
#6926=ORIENTED_EDGE('',*,*,#5255,.T.);
#6927=ORIENTED_EDGE('',*,*,#5271,.T.);
#6928=ORIENTED_EDGE('',*,*,#5283,.T.);
#6929=ORIENTED_EDGE('',*,*,#5259,.T.);
#6930=ORIENTED_EDGE('',*,*,#5241,.T.);
#6931=ORIENTED_EDGE('',*,*,#5256,.F.);
#6932=ORIENTED_EDGE('',*,*,#5286,.F.);
#6933=ORIENTED_EDGE('',*,*,#5276,.T.);
#6934=ORIENTED_EDGE('',*,*,#5267,.T.);
#6935=ORIENTED_EDGE('',*,*,#5282,.T.);
#6936=ORIENTED_EDGE('',*,*,#5284,.T.);
#6937=ORIENTED_EDGE('',*,*,#5263,.T.);
#6938=ORIENTED_EDGE('',*,*,#5278,.T.);
#6939=ORIENTED_EDGE('',*,*,#5285,.T.);
#6940=ORIENTED_EDGE('',*,*,#5254,.T.);
#6941=ORIENTED_EDGE('',*,*,#5245,.T.);
#6942=ORIENTED_EDGE('',*,*,#5249,.T.);
#6943=ORIENTED_EDGE('',*,*,#5287,.T.);
#6944=ORIENTED_EDGE('',*,*,#5288,.F.);
#6945=ORIENTED_EDGE('',*,*,#5289,.T.);
#6946=ORIENTED_EDGE('',*,*,#5290,.F.);
#6947=ORIENTED_EDGE('',*,*,#5291,.F.);
#6948=ORIENTED_EDGE('',*,*,#5292,.F.);
#6949=ORIENTED_EDGE('',*,*,#5293,.F.);
#6950=ORIENTED_EDGE('',*,*,#5289,.F.);
#6951=ORIENTED_EDGE('',*,*,#5294,.T.);
#6952=ORIENTED_EDGE('',*,*,#5295,.F.);
#6953=ORIENTED_EDGE('',*,*,#5296,.T.);
#6954=ORIENTED_EDGE('',*,*,#5297,.F.);
#6955=ORIENTED_EDGE('',*,*,#5296,.F.);
#6956=ORIENTED_EDGE('',*,*,#5298,.F.);
#6957=ORIENTED_EDGE('',*,*,#5299,.F.);
#6958=ORIENTED_EDGE('',*,*,#5300,.F.);
#6959=ORIENTED_EDGE('',*,*,#5291,.T.);
#6960=ORIENTED_EDGE('',*,*,#5288,.T.);
#6961=ORIENTED_EDGE('',*,*,#5301,.T.);
#6962=ORIENTED_EDGE('',*,*,#5297,.T.);
#6963=ORIENTED_EDGE('',*,*,#5300,.T.);
#6964=ORIENTED_EDGE('',*,*,#5302,.T.);
#6965=ORIENTED_EDGE('',*,*,#5303,.F.);
#6966=ORIENTED_EDGE('',*,*,#5304,.T.);
#6967=ORIENTED_EDGE('',*,*,#5305,.F.);
#6968=ORIENTED_EDGE('',*,*,#5306,.F.);
#6969=ORIENTED_EDGE('',*,*,#5307,.F.);
#6970=ORIENTED_EDGE('',*,*,#5308,.F.);
#6971=ORIENTED_EDGE('',*,*,#5292,.T.);
#6972=ORIENTED_EDGE('',*,*,#5308,.T.);
#6973=ORIENTED_EDGE('',*,*,#5309,.F.);
#6974=ORIENTED_EDGE('',*,*,#5310,.F.);
#6975=ORIENTED_EDGE('',*,*,#5307,.T.);
#6976=ORIENTED_EDGE('',*,*,#5311,.F.);
#6977=ORIENTED_EDGE('',*,*,#5312,.T.);
#6978=ORIENTED_EDGE('',*,*,#5309,.T.);
#6979=ORIENTED_EDGE('',*,*,#5299,.T.);
#6980=ORIENTED_EDGE('',*,*,#5313,.T.);
#6981=ORIENTED_EDGE('',*,*,#5314,.F.);
#6982=ORIENTED_EDGE('',*,*,#5302,.F.);
#6983=ORIENTED_EDGE('',*,*,#5315,.F.);
#6984=ORIENTED_EDGE('',*,*,#5303,.T.);
#6985=ORIENTED_EDGE('',*,*,#5314,.T.);
#6986=ORIENTED_EDGE('',*,*,#5316,.T.);
#6987=ORIENTED_EDGE('',*,*,#5294,.F.);
#6988=ORIENTED_EDGE('',*,*,#5301,.F.);
#6989=ORIENTED_EDGE('',*,*,#5287,.F.);
#6990=ORIENTED_EDGE('',*,*,#5317,.F.);
#6991=ORIENTED_EDGE('',*,*,#5315,.T.);
#6992=ORIENTED_EDGE('',*,*,#5318,.T.);
#6993=ORIENTED_EDGE('',*,*,#5319,.F.);
#6994=ORIENTED_EDGE('',*,*,#5304,.F.);
#6995=ORIENTED_EDGE('',*,*,#5311,.T.);
#6996=ORIENTED_EDGE('',*,*,#5306,.T.);
#6997=ORIENTED_EDGE('',*,*,#5320,.F.);
#6998=ORIENTED_EDGE('',*,*,#5321,.F.);
#6999=ORIENTED_EDGE('',*,*,#5293,.T.);
#7000=ORIENTED_EDGE('',*,*,#5310,.T.);
#7001=ORIENTED_EDGE('',*,*,#5312,.F.);
#7002=ORIENTED_EDGE('',*,*,#5321,.T.);
#7003=ORIENTED_EDGE('',*,*,#5322,.F.);
#7004=ORIENTED_EDGE('',*,*,#5318,.F.);
#7005=ORIENTED_EDGE('',*,*,#5316,.F.);
#7006=ORIENTED_EDGE('',*,*,#5313,.F.);
#7007=ORIENTED_EDGE('',*,*,#5298,.T.);
#7008=ORIENTED_EDGE('',*,*,#5295,.T.);
#7009=ORIENTED_EDGE('',*,*,#5317,.T.);
#7010=ORIENTED_EDGE('',*,*,#5290,.T.);
#7011=ORIENTED_EDGE('',*,*,#5319,.T.);
#7012=ORIENTED_EDGE('',*,*,#5322,.T.);
#7013=ORIENTED_EDGE('',*,*,#5320,.T.);
#7014=ORIENTED_EDGE('',*,*,#5305,.T.);
#7015=ORIENTED_EDGE('',*,*,#5323,.T.);
#7016=ORIENTED_EDGE('',*,*,#5324,.T.);
#7017=ORIENTED_EDGE('',*,*,#5325,.T.);
#7018=ORIENTED_EDGE('',*,*,#5326,.T.);
#7019=ORIENTED_EDGE('',*,*,#5327,.T.);
#7020=ORIENTED_EDGE('',*,*,#5328,.F.);
#7021=ORIENTED_EDGE('',*,*,#5329,.F.);
#7022=ORIENTED_EDGE('',*,*,#5330,.T.);
#7023=ORIENTED_EDGE('',*,*,#5331,.T.);
#7024=ORIENTED_EDGE('',*,*,#5332,.F.);
#7025=ORIENTED_EDGE('',*,*,#5333,.F.);
#7026=ORIENTED_EDGE('',*,*,#5324,.F.);
#7027=ORIENTED_EDGE('',*,*,#5333,.T.);
#7028=ORIENTED_EDGE('',*,*,#5334,.T.);
#7029=ORIENTED_EDGE('',*,*,#5335,.T.);
#7030=ORIENTED_EDGE('',*,*,#5336,.T.);
#7031=ORIENTED_EDGE('',*,*,#5337,.F.);
#7032=ORIENTED_EDGE('',*,*,#5329,.T.);
#7033=ORIENTED_EDGE('',*,*,#5338,.F.);
#7034=ORIENTED_EDGE('',*,*,#5339,.F.);
#7035=ORIENTED_EDGE('',*,*,#5340,.F.);
#7036=ORIENTED_EDGE('',*,*,#5341,.F.);
#7037=ORIENTED_EDGE('',*,*,#5342,.T.);
#7038=ORIENTED_EDGE('',*,*,#5325,.F.);
#7039=ORIENTED_EDGE('',*,*,#5343,.T.);
#7040=ORIENTED_EDGE('',*,*,#5344,.T.);
#7041=ORIENTED_EDGE('',*,*,#5334,.F.);
#7042=ORIENTED_EDGE('',*,*,#5332,.T.);
#7043=ORIENTED_EDGE('',*,*,#5345,.T.);
#7044=ORIENTED_EDGE('',*,*,#5346,.T.);
#7045=ORIENTED_EDGE('',*,*,#5339,.T.);
#7046=ORIENTED_EDGE('',*,*,#5347,.F.);
#7047=ORIENTED_EDGE('',*,*,#5326,.F.);
#7048=ORIENTED_EDGE('',*,*,#5342,.F.);
#7049=ORIENTED_EDGE('',*,*,#5348,.F.);
#7050=ORIENTED_EDGE('',*,*,#5349,.F.);
#7051=ORIENTED_EDGE('',*,*,#5344,.F.);
#7052=ORIENTED_EDGE('',*,*,#5350,.F.);
#7053=ORIENTED_EDGE('',*,*,#5351,.F.);
#7054=ORIENTED_EDGE('',*,*,#5335,.F.);
#7055=ORIENTED_EDGE('',*,*,#5348,.T.);
#7056=ORIENTED_EDGE('',*,*,#5341,.T.);
#7057=ORIENTED_EDGE('',*,*,#5352,.F.);
#7058=ORIENTED_EDGE('',*,*,#5353,.F.);
#7059=ORIENTED_EDGE('',*,*,#5346,.F.);
#7060=ORIENTED_EDGE('',*,*,#5354,.T.);
#7061=ORIENTED_EDGE('',*,*,#5352,.T.);
#7062=ORIENTED_EDGE('',*,*,#5340,.T.);
#7063=ORIENTED_EDGE('',*,*,#5351,.T.);
#7064=ORIENTED_EDGE('',*,*,#5355,.T.);
#7065=ORIENTED_EDGE('',*,*,#5356,.F.);
#7066=ORIENTED_EDGE('',*,*,#5336,.F.);
#7067=ORIENTED_EDGE('',*,*,#5330,.F.);
#7068=ORIENTED_EDGE('',*,*,#5337,.T.);
#7069=ORIENTED_EDGE('',*,*,#5356,.T.);
#7070=ORIENTED_EDGE('',*,*,#5357,.T.);
#7071=ORIENTED_EDGE('',*,*,#5349,.T.);
#7072=ORIENTED_EDGE('',*,*,#5353,.T.);
#7073=ORIENTED_EDGE('',*,*,#5354,.F.);
#7074=ORIENTED_EDGE('',*,*,#5345,.F.);
#7075=ORIENTED_EDGE('',*,*,#5358,.F.);
#7076=ORIENTED_EDGE('',*,*,#5327,.F.);
#7077=ORIENTED_EDGE('',*,*,#5357,.F.);
#7078=ORIENTED_EDGE('',*,*,#5355,.F.);
#7079=ORIENTED_EDGE('',*,*,#5350,.T.);
#7080=ORIENTED_EDGE('',*,*,#5343,.F.);
#7081=ORIENTED_EDGE('',*,*,#5331,.F.);
#7082=ORIENTED_EDGE('',*,*,#5323,.F.);
#7083=ORIENTED_EDGE('',*,*,#5358,.T.);
#7084=ORIENTED_EDGE('',*,*,#5347,.T.);
#7085=ORIENTED_EDGE('',*,*,#5338,.T.);
#7086=ORIENTED_EDGE('',*,*,#5328,.T.);
#7087=ORIENTED_EDGE('',*,*,#5359,.T.);
#7088=ORIENTED_EDGE('',*,*,#5360,.F.);
#7089=ORIENTED_EDGE('',*,*,#5361,.T.);
#7090=ORIENTED_EDGE('',*,*,#5362,.F.);
#7091=ORIENTED_EDGE('',*,*,#5361,.F.);
#7092=ORIENTED_EDGE('',*,*,#5363,.F.);
#7093=ORIENTED_EDGE('',*,*,#5364,.F.);
#7094=ORIENTED_EDGE('',*,*,#5365,.F.);
#7095=ORIENTED_EDGE('',*,*,#5366,.T.);
#7096=ORIENTED_EDGE('',*,*,#5367,.F.);
#7097=ORIENTED_EDGE('',*,*,#5368,.T.);
#7098=ORIENTED_EDGE('',*,*,#5369,.F.);
#7099=ORIENTED_EDGE('',*,*,#5368,.F.);
#7100=ORIENTED_EDGE('',*,*,#5370,.F.);
#7101=ORIENTED_EDGE('',*,*,#5371,.F.);
#7102=ORIENTED_EDGE('',*,*,#5372,.F.);
#7103=ORIENTED_EDGE('',*,*,#5363,.T.);
#7104=ORIENTED_EDGE('',*,*,#5360,.T.);
#7105=ORIENTED_EDGE('',*,*,#5373,.T.);
#7106=ORIENTED_EDGE('',*,*,#5369,.T.);
#7107=ORIENTED_EDGE('',*,*,#5372,.T.);
#7108=ORIENTED_EDGE('',*,*,#5374,.T.);
#7109=ORIENTED_EDGE('',*,*,#5375,.F.);
#7110=ORIENTED_EDGE('',*,*,#5376,.T.);
#7111=ORIENTED_EDGE('',*,*,#5377,.F.);
#7112=ORIENTED_EDGE('',*,*,#5378,.F.);
#7113=ORIENTED_EDGE('',*,*,#5379,.F.);
#7114=ORIENTED_EDGE('',*,*,#5380,.F.);
#7115=ORIENTED_EDGE('',*,*,#5364,.T.);
#7116=ORIENTED_EDGE('',*,*,#5380,.T.);
#7117=ORIENTED_EDGE('',*,*,#5381,.F.);
#7118=ORIENTED_EDGE('',*,*,#5382,.F.);
#7119=ORIENTED_EDGE('',*,*,#5383,.F.);
#7120=ORIENTED_EDGE('',*,*,#5384,.T.);
#7121=ORIENTED_EDGE('',*,*,#5381,.T.);
#7122=ORIENTED_EDGE('',*,*,#5379,.T.);
#7123=ORIENTED_EDGE('',*,*,#5371,.T.);
#7124=ORIENTED_EDGE('',*,*,#5385,.T.);
#7125=ORIENTED_EDGE('',*,*,#5386,.F.);
#7126=ORIENTED_EDGE('',*,*,#5374,.F.);
#7127=ORIENTED_EDGE('',*,*,#5387,.F.);
#7128=ORIENTED_EDGE('',*,*,#5375,.T.);
#7129=ORIENTED_EDGE('',*,*,#5386,.T.);
#7130=ORIENTED_EDGE('',*,*,#5388,.T.);
#7131=ORIENTED_EDGE('',*,*,#5389,.F.);
#7132=ORIENTED_EDGE('',*,*,#5366,.F.);
#7133=ORIENTED_EDGE('',*,*,#5373,.F.);
#7134=ORIENTED_EDGE('',*,*,#5359,.F.);
#7135=ORIENTED_EDGE('',*,*,#5383,.T.);
#7136=ORIENTED_EDGE('',*,*,#5378,.T.);
#7137=ORIENTED_EDGE('',*,*,#5390,.F.);
#7138=ORIENTED_EDGE('',*,*,#5391,.F.);
#7139=ORIENTED_EDGE('',*,*,#5365,.T.);
#7140=ORIENTED_EDGE('',*,*,#5382,.T.);
#7141=ORIENTED_EDGE('',*,*,#5384,.F.);
#7142=ORIENTED_EDGE('',*,*,#5391,.T.);
#7143=ORIENTED_EDGE('',*,*,#5392,.F.);
#7144=ORIENTED_EDGE('',*,*,#5393,.F.);
#7145=ORIENTED_EDGE('',*,*,#5388,.F.);
#7146=ORIENTED_EDGE('',*,*,#5385,.F.);
#7147=ORIENTED_EDGE('',*,*,#5370,.T.);
#7148=ORIENTED_EDGE('',*,*,#5367,.T.);
#7149=ORIENTED_EDGE('',*,*,#5389,.T.);
#7150=ORIENTED_EDGE('',*,*,#5362,.T.);
#7151=ORIENTED_EDGE('',*,*,#5387,.T.);
#7152=ORIENTED_EDGE('',*,*,#5393,.T.);
#7153=ORIENTED_EDGE('',*,*,#5394,.F.);
#7154=ORIENTED_EDGE('',*,*,#5376,.F.);
#7155=ORIENTED_EDGE('',*,*,#5390,.T.);
#7156=ORIENTED_EDGE('',*,*,#5377,.T.);
#7157=ORIENTED_EDGE('',*,*,#5394,.T.);
#7158=ORIENTED_EDGE('',*,*,#5392,.T.);
#7159=ORIENTED_EDGE('',*,*,#5395,.T.);
#7160=ORIENTED_EDGE('',*,*,#5396,.F.);
#7161=ORIENTED_EDGE('',*,*,#5397,.T.);
#7162=ORIENTED_EDGE('',*,*,#5398,.F.);
#7163=ORIENTED_EDGE('',*,*,#5397,.F.);
#7164=ORIENTED_EDGE('',*,*,#5399,.F.);
#7165=ORIENTED_EDGE('',*,*,#5400,.F.);
#7166=ORIENTED_EDGE('',*,*,#5401,.F.);
#7167=ORIENTED_EDGE('',*,*,#5402,.T.);
#7168=ORIENTED_EDGE('',*,*,#5403,.F.);
#7169=ORIENTED_EDGE('',*,*,#5404,.T.);
#7170=ORIENTED_EDGE('',*,*,#5405,.F.);
#7171=ORIENTED_EDGE('',*,*,#5406,.F.);
#7172=ORIENTED_EDGE('',*,*,#5407,.F.);
#7173=ORIENTED_EDGE('',*,*,#5404,.F.);
#7174=ORIENTED_EDGE('',*,*,#5408,.F.);
#7175=ORIENTED_EDGE('',*,*,#5399,.T.);
#7176=ORIENTED_EDGE('',*,*,#5396,.T.);
#7177=ORIENTED_EDGE('',*,*,#5409,.T.);
#7178=ORIENTED_EDGE('',*,*,#5405,.T.);
#7179=ORIENTED_EDGE('',*,*,#5407,.T.);
#7180=ORIENTED_EDGE('',*,*,#5410,.T.);
#7181=ORIENTED_EDGE('',*,*,#5411,.F.);
#7182=ORIENTED_EDGE('',*,*,#5412,.T.);
#7183=ORIENTED_EDGE('',*,*,#5413,.F.);
#7184=ORIENTED_EDGE('',*,*,#5414,.F.);
#7185=ORIENTED_EDGE('',*,*,#5415,.F.);
#7186=ORIENTED_EDGE('',*,*,#5416,.F.);
#7187=ORIENTED_EDGE('',*,*,#5406,.T.);
#7188=ORIENTED_EDGE('',*,*,#5417,.T.);
#7189=ORIENTED_EDGE('',*,*,#5418,.F.);
#7190=ORIENTED_EDGE('',*,*,#5410,.F.);
#7191=ORIENTED_EDGE('',*,*,#5400,.T.);
#7192=ORIENTED_EDGE('',*,*,#5416,.T.);
#7193=ORIENTED_EDGE('',*,*,#5419,.F.);
#7194=ORIENTED_EDGE('',*,*,#5420,.F.);
#7195=ORIENTED_EDGE('',*,*,#5421,.F.);
#7196=ORIENTED_EDGE('',*,*,#5422,.T.);
#7197=ORIENTED_EDGE('',*,*,#5419,.T.);
#7198=ORIENTED_EDGE('',*,*,#5415,.T.);
#7199=ORIENTED_EDGE('',*,*,#5418,.T.);
#7200=ORIENTED_EDGE('',*,*,#5423,.T.);
#7201=ORIENTED_EDGE('',*,*,#5424,.F.);
#7202=ORIENTED_EDGE('',*,*,#5411,.T.);
#7203=ORIENTED_EDGE('',*,*,#5409,.F.);
#7204=ORIENTED_EDGE('',*,*,#5395,.F.);
#7205=ORIENTED_EDGE('',*,*,#5425,.F.);
#7206=ORIENTED_EDGE('',*,*,#5402,.F.);
#7207=ORIENTED_EDGE('',*,*,#5424,.T.);
#7208=ORIENTED_EDGE('',*,*,#5426,.T.);
#7209=ORIENTED_EDGE('',*,*,#5427,.F.);
#7210=ORIENTED_EDGE('',*,*,#5412,.F.);
#7211=ORIENTED_EDGE('',*,*,#5421,.T.);
#7212=ORIENTED_EDGE('',*,*,#5414,.T.);
#7213=ORIENTED_EDGE('',*,*,#5428,.F.);
#7214=ORIENTED_EDGE('',*,*,#5429,.F.);
#7215=ORIENTED_EDGE('',*,*,#5401,.T.);
#7216=ORIENTED_EDGE('',*,*,#5420,.T.);
#7217=ORIENTED_EDGE('',*,*,#5422,.F.);
#7218=ORIENTED_EDGE('',*,*,#5429,.T.);
#7219=ORIENTED_EDGE('',*,*,#5430,.F.);
#7220=ORIENTED_EDGE('',*,*,#5426,.F.);
#7221=ORIENTED_EDGE('',*,*,#5423,.F.);
#7222=ORIENTED_EDGE('',*,*,#5417,.F.);
#7223=ORIENTED_EDGE('',*,*,#5408,.T.);
#7224=ORIENTED_EDGE('',*,*,#5403,.T.);
#7225=ORIENTED_EDGE('',*,*,#5425,.T.);
#7226=ORIENTED_EDGE('',*,*,#5398,.T.);
#7227=ORIENTED_EDGE('',*,*,#5427,.T.);
#7228=ORIENTED_EDGE('',*,*,#5430,.T.);
#7229=ORIENTED_EDGE('',*,*,#5428,.T.);
#7230=ORIENTED_EDGE('',*,*,#5413,.T.);
#7231=ORIENTED_EDGE('',*,*,#5431,.T.);
#7232=ORIENTED_EDGE('',*,*,#5432,.F.);
#7233=ORIENTED_EDGE('',*,*,#5433,.T.);
#7234=ORIENTED_EDGE('',*,*,#5434,.F.);
#7235=ORIENTED_EDGE('',*,*,#5435,.F.);
#7236=ORIENTED_EDGE('',*,*,#5436,.F.);
#7237=ORIENTED_EDGE('',*,*,#5437,.F.);
#7238=ORIENTED_EDGE('',*,*,#5433,.F.);
#7239=ORIENTED_EDGE('',*,*,#5438,.T.);
#7240=ORIENTED_EDGE('',*,*,#5439,.F.);
#7241=ORIENTED_EDGE('',*,*,#5440,.T.);
#7242=ORIENTED_EDGE('',*,*,#5441,.F.);
#7243=ORIENTED_EDGE('',*,*,#5440,.F.);
#7244=ORIENTED_EDGE('',*,*,#5442,.F.);
#7245=ORIENTED_EDGE('',*,*,#5443,.F.);
#7246=ORIENTED_EDGE('',*,*,#5444,.F.);
#7247=ORIENTED_EDGE('',*,*,#5435,.T.);
#7248=ORIENTED_EDGE('',*,*,#5432,.T.);
#7249=ORIENTED_EDGE('',*,*,#5445,.T.);
#7250=ORIENTED_EDGE('',*,*,#5441,.T.);
#7251=ORIENTED_EDGE('',*,*,#5444,.T.);
#7252=ORIENTED_EDGE('',*,*,#5446,.T.);
#7253=ORIENTED_EDGE('',*,*,#5447,.F.);
#7254=ORIENTED_EDGE('',*,*,#5448,.T.);
#7255=ORIENTED_EDGE('',*,*,#5449,.F.);
#7256=ORIENTED_EDGE('',*,*,#5450,.F.);
#7257=ORIENTED_EDGE('',*,*,#5451,.F.);
#7258=ORIENTED_EDGE('',*,*,#5452,.F.);
#7259=ORIENTED_EDGE('',*,*,#5443,.T.);
#7260=ORIENTED_EDGE('',*,*,#5453,.T.);
#7261=ORIENTED_EDGE('',*,*,#5454,.F.);
#7262=ORIENTED_EDGE('',*,*,#5446,.F.);
#7263=ORIENTED_EDGE('',*,*,#5455,.F.);
#7264=ORIENTED_EDGE('',*,*,#5447,.T.);
#7265=ORIENTED_EDGE('',*,*,#5454,.T.);
#7266=ORIENTED_EDGE('',*,*,#5456,.T.);
#7267=ORIENTED_EDGE('',*,*,#5436,.T.);
#7268=ORIENTED_EDGE('',*,*,#5452,.T.);
#7269=ORIENTED_EDGE('',*,*,#5457,.F.);
#7270=ORIENTED_EDGE('',*,*,#5458,.F.);
#7271=ORIENTED_EDGE('',*,*,#5451,.T.);
#7272=ORIENTED_EDGE('',*,*,#5459,.F.);
#7273=ORIENTED_EDGE('',*,*,#5460,.T.);
#7274=ORIENTED_EDGE('',*,*,#5457,.T.);
#7275=ORIENTED_EDGE('',*,*,#5445,.F.);
#7276=ORIENTED_EDGE('',*,*,#5431,.F.);
#7277=ORIENTED_EDGE('',*,*,#5461,.F.);
#7278=ORIENTED_EDGE('',*,*,#5438,.F.);
#7279=ORIENTED_EDGE('',*,*,#5455,.T.);
#7280=ORIENTED_EDGE('',*,*,#5462,.T.);
#7281=ORIENTED_EDGE('',*,*,#5463,.F.);
#7282=ORIENTED_EDGE('',*,*,#5448,.F.);
#7283=ORIENTED_EDGE('',*,*,#5437,.T.);
#7284=ORIENTED_EDGE('',*,*,#5458,.T.);
#7285=ORIENTED_EDGE('',*,*,#5460,.F.);
#7286=ORIENTED_EDGE('',*,*,#5464,.T.);
#7287=ORIENTED_EDGE('',*,*,#5465,.F.);
#7288=ORIENTED_EDGE('',*,*,#5462,.F.);
#7289=ORIENTED_EDGE('',*,*,#5456,.F.);
#7290=ORIENTED_EDGE('',*,*,#5453,.F.);
#7291=ORIENTED_EDGE('',*,*,#5442,.T.);
#7292=ORIENTED_EDGE('',*,*,#5439,.T.);
#7293=ORIENTED_EDGE('',*,*,#5461,.T.);
#7294=ORIENTED_EDGE('',*,*,#5434,.T.);
#7295=ORIENTED_EDGE('',*,*,#5459,.T.);
#7296=ORIENTED_EDGE('',*,*,#5450,.T.);
#7297=ORIENTED_EDGE('',*,*,#5466,.F.);
#7298=ORIENTED_EDGE('',*,*,#5464,.F.);
#7299=ORIENTED_EDGE('',*,*,#5465,.T.);
#7300=ORIENTED_EDGE('',*,*,#5466,.T.);
#7301=ORIENTED_EDGE('',*,*,#5449,.T.);
#7302=ORIENTED_EDGE('',*,*,#5463,.T.);
#7303=ORIENTED_EDGE('',*,*,#5467,.T.);
#7304=ORIENTED_EDGE('',*,*,#5468,.F.);
#7305=ORIENTED_EDGE('',*,*,#5469,.T.);
#7306=ORIENTED_EDGE('',*,*,#5470,.F.);
#7307=ORIENTED_EDGE('',*,*,#5469,.F.);
#7308=ORIENTED_EDGE('',*,*,#5471,.F.);
#7309=ORIENTED_EDGE('',*,*,#5472,.F.);
#7310=ORIENTED_EDGE('',*,*,#5473,.F.);
#7311=ORIENTED_EDGE('',*,*,#5474,.T.);
#7312=ORIENTED_EDGE('',*,*,#5475,.F.);
#7313=ORIENTED_EDGE('',*,*,#5476,.T.);
#7314=ORIENTED_EDGE('',*,*,#5477,.F.);
#7315=ORIENTED_EDGE('',*,*,#5476,.F.);
#7316=ORIENTED_EDGE('',*,*,#5478,.F.);
#7317=ORIENTED_EDGE('',*,*,#5479,.F.);
#7318=ORIENTED_EDGE('',*,*,#5480,.F.);
#7319=ORIENTED_EDGE('',*,*,#5471,.T.);
#7320=ORIENTED_EDGE('',*,*,#5468,.T.);
#7321=ORIENTED_EDGE('',*,*,#5481,.T.);
#7322=ORIENTED_EDGE('',*,*,#5477,.T.);
#7323=ORIENTED_EDGE('',*,*,#5480,.T.);
#7324=ORIENTED_EDGE('',*,*,#5482,.T.);
#7325=ORIENTED_EDGE('',*,*,#5483,.F.);
#7326=ORIENTED_EDGE('',*,*,#5484,.T.);
#7327=ORIENTED_EDGE('',*,*,#5485,.F.);
#7328=ORIENTED_EDGE('',*,*,#5486,.F.);
#7329=ORIENTED_EDGE('',*,*,#5487,.F.);
#7330=ORIENTED_EDGE('',*,*,#5488,.F.);
#7331=ORIENTED_EDGE('',*,*,#5472,.T.);
#7332=ORIENTED_EDGE('',*,*,#5488,.T.);
#7333=ORIENTED_EDGE('',*,*,#5489,.F.);
#7334=ORIENTED_EDGE('',*,*,#5490,.F.);
#7335=ORIENTED_EDGE('',*,*,#5491,.F.);
#7336=ORIENTED_EDGE('',*,*,#5492,.T.);
#7337=ORIENTED_EDGE('',*,*,#5489,.T.);
#7338=ORIENTED_EDGE('',*,*,#5487,.T.);
#7339=ORIENTED_EDGE('',*,*,#5479,.T.);
#7340=ORIENTED_EDGE('',*,*,#5493,.T.);
#7341=ORIENTED_EDGE('',*,*,#5494,.F.);
#7342=ORIENTED_EDGE('',*,*,#5482,.F.);
#7343=ORIENTED_EDGE('',*,*,#5495,.F.);
#7344=ORIENTED_EDGE('',*,*,#5483,.T.);
#7345=ORIENTED_EDGE('',*,*,#5494,.T.);
#7346=ORIENTED_EDGE('',*,*,#5496,.T.);
#7347=ORIENTED_EDGE('',*,*,#5481,.F.);
#7348=ORIENTED_EDGE('',*,*,#5467,.F.);
#7349=ORIENTED_EDGE('',*,*,#5497,.F.);
#7350=ORIENTED_EDGE('',*,*,#5474,.F.);
#7351=ORIENTED_EDGE('',*,*,#5491,.T.);
#7352=ORIENTED_EDGE('',*,*,#5486,.T.);
#7353=ORIENTED_EDGE('',*,*,#5498,.F.);
#7354=ORIENTED_EDGE('',*,*,#5499,.F.);
#7355=ORIENTED_EDGE('',*,*,#5473,.T.);
#7356=ORIENTED_EDGE('',*,*,#5490,.T.);
#7357=ORIENTED_EDGE('',*,*,#5492,.F.);
#7358=ORIENTED_EDGE('',*,*,#5499,.T.);
#7359=ORIENTED_EDGE('',*,*,#5500,.F.);
#7360=ORIENTED_EDGE('',*,*,#5501,.F.);
#7361=ORIENTED_EDGE('',*,*,#5496,.F.);
#7362=ORIENTED_EDGE('',*,*,#5493,.F.);
#7363=ORIENTED_EDGE('',*,*,#5478,.T.);
#7364=ORIENTED_EDGE('',*,*,#5475,.T.);
#7365=ORIENTED_EDGE('',*,*,#5497,.T.);
#7366=ORIENTED_EDGE('',*,*,#5470,.T.);
#7367=ORIENTED_EDGE('',*,*,#5495,.T.);
#7368=ORIENTED_EDGE('',*,*,#5501,.T.);
#7369=ORIENTED_EDGE('',*,*,#5502,.F.);
#7370=ORIENTED_EDGE('',*,*,#5484,.F.);
#7371=ORIENTED_EDGE('',*,*,#5498,.T.);
#7372=ORIENTED_EDGE('',*,*,#5485,.T.);
#7373=ORIENTED_EDGE('',*,*,#5502,.T.);
#7374=ORIENTED_EDGE('',*,*,#5500,.T.);
#7375=ORIENTED_EDGE('',*,*,#5503,.T.);
#7376=ORIENTED_EDGE('',*,*,#5504,.F.);
#7377=ORIENTED_EDGE('',*,*,#5505,.T.);
#7378=ORIENTED_EDGE('',*,*,#5506,.F.);
#7379=ORIENTED_EDGE('',*,*,#5505,.F.);
#7380=ORIENTED_EDGE('',*,*,#5507,.F.);
#7381=ORIENTED_EDGE('',*,*,#5508,.F.);
#7382=ORIENTED_EDGE('',*,*,#5509,.F.);
#7383=ORIENTED_EDGE('',*,*,#5510,.T.);
#7384=ORIENTED_EDGE('',*,*,#5511,.F.);
#7385=ORIENTED_EDGE('',*,*,#5512,.T.);
#7386=ORIENTED_EDGE('',*,*,#5513,.F.);
#7387=ORIENTED_EDGE('',*,*,#5512,.F.);
#7388=ORIENTED_EDGE('',*,*,#5514,.F.);
#7389=ORIENTED_EDGE('',*,*,#5515,.F.);
#7390=ORIENTED_EDGE('',*,*,#5516,.F.);
#7391=ORIENTED_EDGE('',*,*,#5507,.T.);
#7392=ORIENTED_EDGE('',*,*,#5504,.T.);
#7393=ORIENTED_EDGE('',*,*,#5517,.T.);
#7394=ORIENTED_EDGE('',*,*,#5513,.T.);
#7395=ORIENTED_EDGE('',*,*,#5516,.T.);
#7396=ORIENTED_EDGE('',*,*,#5518,.T.);
#7397=ORIENTED_EDGE('',*,*,#5519,.F.);
#7398=ORIENTED_EDGE('',*,*,#5520,.T.);
#7399=ORIENTED_EDGE('',*,*,#5521,.F.);
#7400=ORIENTED_EDGE('',*,*,#5522,.F.);
#7401=ORIENTED_EDGE('',*,*,#5523,.F.);
#7402=ORIENTED_EDGE('',*,*,#5524,.F.);
#7403=ORIENTED_EDGE('',*,*,#5508,.T.);
#7404=ORIENTED_EDGE('',*,*,#5524,.T.);
#7405=ORIENTED_EDGE('',*,*,#5525,.F.);
#7406=ORIENTED_EDGE('',*,*,#5526,.F.);
#7407=ORIENTED_EDGE('',*,*,#5527,.F.);
#7408=ORIENTED_EDGE('',*,*,#5528,.T.);
#7409=ORIENTED_EDGE('',*,*,#5525,.T.);
#7410=ORIENTED_EDGE('',*,*,#5523,.T.);
#7411=ORIENTED_EDGE('',*,*,#5515,.T.);
#7412=ORIENTED_EDGE('',*,*,#5529,.T.);
#7413=ORIENTED_EDGE('',*,*,#5530,.F.);
#7414=ORIENTED_EDGE('',*,*,#5518,.F.);
#7415=ORIENTED_EDGE('',*,*,#5531,.F.);
#7416=ORIENTED_EDGE('',*,*,#5519,.T.);
#7417=ORIENTED_EDGE('',*,*,#5530,.T.);
#7418=ORIENTED_EDGE('',*,*,#5532,.T.);
#7419=ORIENTED_EDGE('',*,*,#5517,.F.);
#7420=ORIENTED_EDGE('',*,*,#5503,.F.);
#7421=ORIENTED_EDGE('',*,*,#5533,.F.);
#7422=ORIENTED_EDGE('',*,*,#5510,.F.);
#7423=ORIENTED_EDGE('',*,*,#5531,.T.);
#7424=ORIENTED_EDGE('',*,*,#5534,.T.);
#7425=ORIENTED_EDGE('',*,*,#5535,.F.);
#7426=ORIENTED_EDGE('',*,*,#5520,.F.);
#7427=ORIENTED_EDGE('',*,*,#5527,.T.);
#7428=ORIENTED_EDGE('',*,*,#5522,.T.);
#7429=ORIENTED_EDGE('',*,*,#5536,.F.);
#7430=ORIENTED_EDGE('',*,*,#5537,.F.);
#7431=ORIENTED_EDGE('',*,*,#5509,.T.);
#7432=ORIENTED_EDGE('',*,*,#5526,.T.);
#7433=ORIENTED_EDGE('',*,*,#5528,.F.);
#7434=ORIENTED_EDGE('',*,*,#5537,.T.);
#7435=ORIENTED_EDGE('',*,*,#5538,.F.);
#7436=ORIENTED_EDGE('',*,*,#5534,.F.);
#7437=ORIENTED_EDGE('',*,*,#5532,.F.);
#7438=ORIENTED_EDGE('',*,*,#5529,.F.);
#7439=ORIENTED_EDGE('',*,*,#5514,.T.);
#7440=ORIENTED_EDGE('',*,*,#5511,.T.);
#7441=ORIENTED_EDGE('',*,*,#5533,.T.);
#7442=ORIENTED_EDGE('',*,*,#5506,.T.);
#7443=ORIENTED_EDGE('',*,*,#5535,.T.);
#7444=ORIENTED_EDGE('',*,*,#5538,.T.);
#7445=ORIENTED_EDGE('',*,*,#5536,.T.);
#7446=ORIENTED_EDGE('',*,*,#5521,.T.);
#7447=ORIENTED_EDGE('',*,*,#5539,.T.);
#7448=ORIENTED_EDGE('',*,*,#5540,.F.);
#7449=ORIENTED_EDGE('',*,*,#5541,.T.);
#7450=ORIENTED_EDGE('',*,*,#5542,.F.);
#7451=ORIENTED_EDGE('',*,*,#5541,.F.);
#7452=ORIENTED_EDGE('',*,*,#5543,.F.);
#7453=ORIENTED_EDGE('',*,*,#5544,.F.);
#7454=ORIENTED_EDGE('',*,*,#5545,.F.);
#7455=ORIENTED_EDGE('',*,*,#5546,.T.);
#7456=ORIENTED_EDGE('',*,*,#5547,.F.);
#7457=ORIENTED_EDGE('',*,*,#5548,.T.);
#7458=ORIENTED_EDGE('',*,*,#5549,.F.);
#7459=ORIENTED_EDGE('',*,*,#5550,.F.);
#7460=ORIENTED_EDGE('',*,*,#5551,.F.);
#7461=ORIENTED_EDGE('',*,*,#5548,.F.);
#7462=ORIENTED_EDGE('',*,*,#5552,.F.);
#7463=ORIENTED_EDGE('',*,*,#5543,.T.);
#7464=ORIENTED_EDGE('',*,*,#5540,.T.);
#7465=ORIENTED_EDGE('',*,*,#5553,.T.);
#7466=ORIENTED_EDGE('',*,*,#5549,.T.);
#7467=ORIENTED_EDGE('',*,*,#5551,.T.);
#7468=ORIENTED_EDGE('',*,*,#5554,.T.);
#7469=ORIENTED_EDGE('',*,*,#5555,.F.);
#7470=ORIENTED_EDGE('',*,*,#5556,.T.);
#7471=ORIENTED_EDGE('',*,*,#5557,.F.);
#7472=ORIENTED_EDGE('',*,*,#5558,.F.);
#7473=ORIENTED_EDGE('',*,*,#5559,.F.);
#7474=ORIENTED_EDGE('',*,*,#5560,.F.);
#7475=ORIENTED_EDGE('',*,*,#5550,.T.);
#7476=ORIENTED_EDGE('',*,*,#5561,.T.);
#7477=ORIENTED_EDGE('',*,*,#5562,.F.);
#7478=ORIENTED_EDGE('',*,*,#5554,.F.);
#7479=ORIENTED_EDGE('',*,*,#5544,.T.);
#7480=ORIENTED_EDGE('',*,*,#5560,.T.);
#7481=ORIENTED_EDGE('',*,*,#5563,.F.);
#7482=ORIENTED_EDGE('',*,*,#5564,.F.);
#7483=ORIENTED_EDGE('',*,*,#5565,.F.);
#7484=ORIENTED_EDGE('',*,*,#5566,.T.);
#7485=ORIENTED_EDGE('',*,*,#5563,.T.);
#7486=ORIENTED_EDGE('',*,*,#5559,.T.);
#7487=ORIENTED_EDGE('',*,*,#5562,.T.);
#7488=ORIENTED_EDGE('',*,*,#5567,.T.);
#7489=ORIENTED_EDGE('',*,*,#5568,.F.);
#7490=ORIENTED_EDGE('',*,*,#5555,.T.);
#7491=ORIENTED_EDGE('',*,*,#5569,.F.);
#7492=ORIENTED_EDGE('',*,*,#5546,.F.);
#7493=ORIENTED_EDGE('',*,*,#5553,.F.);
#7494=ORIENTED_EDGE('',*,*,#5539,.F.);
#7495=ORIENTED_EDGE('',*,*,#5565,.T.);
#7496=ORIENTED_EDGE('',*,*,#5558,.T.);
#7497=ORIENTED_EDGE('',*,*,#5570,.F.);
#7498=ORIENTED_EDGE('',*,*,#5571,.F.);
#7499=ORIENTED_EDGE('',*,*,#5545,.T.);
#7500=ORIENTED_EDGE('',*,*,#5564,.T.);
#7501=ORIENTED_EDGE('',*,*,#5566,.F.);
#7502=ORIENTED_EDGE('',*,*,#5571,.T.);
#7503=ORIENTED_EDGE('',*,*,#5572,.F.);
#7504=ORIENTED_EDGE('',*,*,#5573,.F.);
#7505=ORIENTED_EDGE('',*,*,#5567,.F.);
#7506=ORIENTED_EDGE('',*,*,#5561,.F.);
#7507=ORIENTED_EDGE('',*,*,#5552,.T.);
#7508=ORIENTED_EDGE('',*,*,#5547,.T.);
#7509=ORIENTED_EDGE('',*,*,#5569,.T.);
#7510=ORIENTED_EDGE('',*,*,#5542,.T.);
#7511=ORIENTED_EDGE('',*,*,#5568,.T.);
#7512=ORIENTED_EDGE('',*,*,#5573,.T.);
#7513=ORIENTED_EDGE('',*,*,#5574,.F.);
#7514=ORIENTED_EDGE('',*,*,#5556,.F.);
#7515=ORIENTED_EDGE('',*,*,#5570,.T.);
#7516=ORIENTED_EDGE('',*,*,#5557,.T.);
#7517=ORIENTED_EDGE('',*,*,#5574,.T.);
#7518=ORIENTED_EDGE('',*,*,#5572,.T.);
#7519=ORIENTED_EDGE('',*,*,#5575,.T.);
#7520=ORIENTED_EDGE('',*,*,#5576,.F.);
#7521=ORIENTED_EDGE('',*,*,#5577,.T.);
#7522=ORIENTED_EDGE('',*,*,#5578,.F.);
#7523=ORIENTED_EDGE('',*,*,#5577,.F.);
#7524=ORIENTED_EDGE('',*,*,#5579,.F.);
#7525=ORIENTED_EDGE('',*,*,#5580,.F.);
#7526=ORIENTED_EDGE('',*,*,#5581,.F.);
#7527=ORIENTED_EDGE('',*,*,#5582,.T.);
#7528=ORIENTED_EDGE('',*,*,#5583,.F.);
#7529=ORIENTED_EDGE('',*,*,#5584,.T.);
#7530=ORIENTED_EDGE('',*,*,#5585,.F.);
#7531=ORIENTED_EDGE('',*,*,#5586,.F.);
#7532=ORIENTED_EDGE('',*,*,#5584,.F.);
#7533=ORIENTED_EDGE('',*,*,#5587,.F.);
#7534=ORIENTED_EDGE('',*,*,#5588,.F.);
#7535=ORIENTED_EDGE('',*,*,#5579,.T.);
#7536=ORIENTED_EDGE('',*,*,#5576,.T.);
#7537=ORIENTED_EDGE('',*,*,#5589,.T.);
#7538=ORIENTED_EDGE('',*,*,#5585,.T.);
#7539=ORIENTED_EDGE('',*,*,#5586,.T.);
#7540=ORIENTED_EDGE('',*,*,#5590,.T.);
#7541=ORIENTED_EDGE('',*,*,#5591,.F.);
#7542=ORIENTED_EDGE('',*,*,#5592,.T.);
#7543=ORIENTED_EDGE('',*,*,#5593,.F.);
#7544=ORIENTED_EDGE('',*,*,#5594,.F.);
#7545=ORIENTED_EDGE('',*,*,#5595,.F.);
#7546=ORIENTED_EDGE('',*,*,#5596,.F.);
#7547=ORIENTED_EDGE('',*,*,#5588,.T.);
#7548=ORIENTED_EDGE('',*,*,#5597,.T.);
#7549=ORIENTED_EDGE('',*,*,#5598,.F.);
#7550=ORIENTED_EDGE('',*,*,#5590,.F.);
#7551=ORIENTED_EDGE('',*,*,#5580,.T.);
#7552=ORIENTED_EDGE('',*,*,#5596,.T.);
#7553=ORIENTED_EDGE('',*,*,#5599,.F.);
#7554=ORIENTED_EDGE('',*,*,#5600,.F.);
#7555=ORIENTED_EDGE('',*,*,#5601,.F.);
#7556=ORIENTED_EDGE('',*,*,#5602,.T.);
#7557=ORIENTED_EDGE('',*,*,#5599,.T.);
#7558=ORIENTED_EDGE('',*,*,#5595,.T.);
#7559=ORIENTED_EDGE('',*,*,#5591,.T.);
#7560=ORIENTED_EDGE('',*,*,#5598,.T.);
#7561=ORIENTED_EDGE('',*,*,#5603,.T.);
#7562=ORIENTED_EDGE('',*,*,#5604,.F.);
#7563=ORIENTED_EDGE('',*,*,#5589,.F.);
#7564=ORIENTED_EDGE('',*,*,#5575,.F.);
#7565=ORIENTED_EDGE('',*,*,#5605,.F.);
#7566=ORIENTED_EDGE('',*,*,#5582,.F.);
#7567=ORIENTED_EDGE('',*,*,#5601,.T.);
#7568=ORIENTED_EDGE('',*,*,#5594,.T.);
#7569=ORIENTED_EDGE('',*,*,#5606,.F.);
#7570=ORIENTED_EDGE('',*,*,#5607,.F.);
#7571=ORIENTED_EDGE('',*,*,#5581,.T.);
#7572=ORIENTED_EDGE('',*,*,#5600,.T.);
#7573=ORIENTED_EDGE('',*,*,#5602,.F.);
#7574=ORIENTED_EDGE('',*,*,#5607,.T.);
#7575=ORIENTED_EDGE('',*,*,#5608,.F.);
#7576=ORIENTED_EDGE('',*,*,#5609,.F.);
#7577=ORIENTED_EDGE('',*,*,#5603,.F.);
#7578=ORIENTED_EDGE('',*,*,#5597,.F.);
#7579=ORIENTED_EDGE('',*,*,#5587,.T.);
#7580=ORIENTED_EDGE('',*,*,#5583,.T.);
#7581=ORIENTED_EDGE('',*,*,#5605,.T.);
#7582=ORIENTED_EDGE('',*,*,#5578,.T.);
#7583=ORIENTED_EDGE('',*,*,#5604,.T.);
#7584=ORIENTED_EDGE('',*,*,#5609,.T.);
#7585=ORIENTED_EDGE('',*,*,#5610,.F.);
#7586=ORIENTED_EDGE('',*,*,#5592,.F.);
#7587=ORIENTED_EDGE('',*,*,#5593,.T.);
#7588=ORIENTED_EDGE('',*,*,#5610,.T.);
#7589=ORIENTED_EDGE('',*,*,#5608,.T.);
#7590=ORIENTED_EDGE('',*,*,#5606,.T.);
#7591=ORIENTED_EDGE('',*,*,#5611,.T.);
#7592=ORIENTED_EDGE('',*,*,#5612,.F.);
#7593=ORIENTED_EDGE('',*,*,#5613,.T.);
#7594=ORIENTED_EDGE('',*,*,#5614,.F.);
#7595=ORIENTED_EDGE('',*,*,#5615,.F.);
#7596=ORIENTED_EDGE('',*,*,#5616,.F.);
#7597=ORIENTED_EDGE('',*,*,#5617,.F.);
#7598=ORIENTED_EDGE('',*,*,#5613,.F.);
#7599=ORIENTED_EDGE('',*,*,#5618,.T.);
#7600=ORIENTED_EDGE('',*,*,#5619,.F.);
#7601=ORIENTED_EDGE('',*,*,#5620,.T.);
#7602=ORIENTED_EDGE('',*,*,#5621,.F.);
#7603=ORIENTED_EDGE('',*,*,#5622,.F.);
#7604=ORIENTED_EDGE('',*,*,#5620,.F.);
#7605=ORIENTED_EDGE('',*,*,#5623,.F.);
#7606=ORIENTED_EDGE('',*,*,#5624,.F.);
#7607=ORIENTED_EDGE('',*,*,#5615,.T.);
#7608=ORIENTED_EDGE('',*,*,#5612,.T.);
#7609=ORIENTED_EDGE('',*,*,#5625,.T.);
#7610=ORIENTED_EDGE('',*,*,#5621,.T.);
#7611=ORIENTED_EDGE('',*,*,#5622,.T.);
#7612=ORIENTED_EDGE('',*,*,#5626,.T.);
#7613=ORIENTED_EDGE('',*,*,#5627,.F.);
#7614=ORIENTED_EDGE('',*,*,#5628,.T.);
#7615=ORIENTED_EDGE('',*,*,#5629,.F.);
#7616=ORIENTED_EDGE('',*,*,#5630,.F.);
#7617=ORIENTED_EDGE('',*,*,#5631,.F.);
#7618=ORIENTED_EDGE('',*,*,#5632,.F.);
#7619=ORIENTED_EDGE('',*,*,#5624,.T.);
#7620=ORIENTED_EDGE('',*,*,#5633,.T.);
#7621=ORIENTED_EDGE('',*,*,#5634,.F.);
#7622=ORIENTED_EDGE('',*,*,#5626,.F.);
#7623=ORIENTED_EDGE('',*,*,#5616,.T.);
#7624=ORIENTED_EDGE('',*,*,#5632,.T.);
#7625=ORIENTED_EDGE('',*,*,#5635,.F.);
#7626=ORIENTED_EDGE('',*,*,#5636,.F.);
#7627=ORIENTED_EDGE('',*,*,#5631,.T.);
#7628=ORIENTED_EDGE('',*,*,#5637,.F.);
#7629=ORIENTED_EDGE('',*,*,#5638,.T.);
#7630=ORIENTED_EDGE('',*,*,#5635,.T.);
#7631=ORIENTED_EDGE('',*,*,#5627,.T.);
#7632=ORIENTED_EDGE('',*,*,#5634,.T.);
#7633=ORIENTED_EDGE('',*,*,#5639,.T.);
#7634=ORIENTED_EDGE('',*,*,#5640,.F.);
#7635=ORIENTED_EDGE('',*,*,#5641,.F.);
#7636=ORIENTED_EDGE('',*,*,#5618,.F.);
#7637=ORIENTED_EDGE('',*,*,#5625,.F.);
#7638=ORIENTED_EDGE('',*,*,#5611,.F.);
#7639=ORIENTED_EDGE('',*,*,#5637,.T.);
#7640=ORIENTED_EDGE('',*,*,#5630,.T.);
#7641=ORIENTED_EDGE('',*,*,#5642,.F.);
#7642=ORIENTED_EDGE('',*,*,#5643,.F.);
#7643=ORIENTED_EDGE('',*,*,#5617,.T.);
#7644=ORIENTED_EDGE('',*,*,#5636,.T.);
#7645=ORIENTED_EDGE('',*,*,#5638,.F.);
#7646=ORIENTED_EDGE('',*,*,#5643,.T.);
#7647=ORIENTED_EDGE('',*,*,#5644,.F.);
#7648=ORIENTED_EDGE('',*,*,#5645,.F.);
#7649=ORIENTED_EDGE('',*,*,#5639,.F.);
#7650=ORIENTED_EDGE('',*,*,#5633,.F.);
#7651=ORIENTED_EDGE('',*,*,#5623,.T.);
#7652=ORIENTED_EDGE('',*,*,#5619,.T.);
#7653=ORIENTED_EDGE('',*,*,#5641,.T.);
#7654=ORIENTED_EDGE('',*,*,#5614,.T.);
#7655=ORIENTED_EDGE('',*,*,#5640,.T.);
#7656=ORIENTED_EDGE('',*,*,#5645,.T.);
#7657=ORIENTED_EDGE('',*,*,#5646,.F.);
#7658=ORIENTED_EDGE('',*,*,#5628,.F.);
#7659=ORIENTED_EDGE('',*,*,#5642,.T.);
#7660=ORIENTED_EDGE('',*,*,#5629,.T.);
#7661=ORIENTED_EDGE('',*,*,#5646,.T.);
#7662=ORIENTED_EDGE('',*,*,#5644,.T.);
#7663=ORIENTED_EDGE('',*,*,#5647,.T.);
#7664=ORIENTED_EDGE('',*,*,#5648,.F.);
#7665=ORIENTED_EDGE('',*,*,#5649,.T.);
#7666=ORIENTED_EDGE('',*,*,#5650,.F.);
#7667=ORIENTED_EDGE('',*,*,#5649,.F.);
#7668=ORIENTED_EDGE('',*,*,#5651,.F.);
#7669=ORIENTED_EDGE('',*,*,#5652,.F.);
#7670=ORIENTED_EDGE('',*,*,#5653,.F.);
#7671=ORIENTED_EDGE('',*,*,#5654,.T.);
#7672=ORIENTED_EDGE('',*,*,#5655,.F.);
#7673=ORIENTED_EDGE('',*,*,#5656,.T.);
#7674=ORIENTED_EDGE('',*,*,#5657,.F.);
#7675=ORIENTED_EDGE('',*,*,#5658,.F.);
#7676=ORIENTED_EDGE('',*,*,#5656,.F.);
#7677=ORIENTED_EDGE('',*,*,#5659,.F.);
#7678=ORIENTED_EDGE('',*,*,#5660,.F.);
#7679=ORIENTED_EDGE('',*,*,#5651,.T.);
#7680=ORIENTED_EDGE('',*,*,#5648,.T.);
#7681=ORIENTED_EDGE('',*,*,#5661,.T.);
#7682=ORIENTED_EDGE('',*,*,#5657,.T.);
#7683=ORIENTED_EDGE('',*,*,#5658,.T.);
#7684=ORIENTED_EDGE('',*,*,#5662,.T.);
#7685=ORIENTED_EDGE('',*,*,#5663,.F.);
#7686=ORIENTED_EDGE('',*,*,#5664,.T.);
#7687=ORIENTED_EDGE('',*,*,#5665,.F.);
#7688=ORIENTED_EDGE('',*,*,#5666,.F.);
#7689=ORIENTED_EDGE('',*,*,#5667,.F.);
#7690=ORIENTED_EDGE('',*,*,#5668,.F.);
#7691=ORIENTED_EDGE('',*,*,#5660,.T.);
#7692=ORIENTED_EDGE('',*,*,#5669,.T.);
#7693=ORIENTED_EDGE('',*,*,#5670,.F.);
#7694=ORIENTED_EDGE('',*,*,#5662,.F.);
#7695=ORIENTED_EDGE('',*,*,#5652,.T.);
#7696=ORIENTED_EDGE('',*,*,#5668,.T.);
#7697=ORIENTED_EDGE('',*,*,#5671,.F.);
#7698=ORIENTED_EDGE('',*,*,#5672,.F.);
#7699=ORIENTED_EDGE('',*,*,#5673,.F.);
#7700=ORIENTED_EDGE('',*,*,#5674,.T.);
#7701=ORIENTED_EDGE('',*,*,#5671,.T.);
#7702=ORIENTED_EDGE('',*,*,#5667,.T.);
#7703=ORIENTED_EDGE('',*,*,#5663,.T.);
#7704=ORIENTED_EDGE('',*,*,#5670,.T.);
#7705=ORIENTED_EDGE('',*,*,#5675,.T.);
#7706=ORIENTED_EDGE('',*,*,#5676,.F.);
#7707=ORIENTED_EDGE('',*,*,#5677,.F.);
#7708=ORIENTED_EDGE('',*,*,#5654,.F.);
#7709=ORIENTED_EDGE('',*,*,#5661,.F.);
#7710=ORIENTED_EDGE('',*,*,#5647,.F.);
#7711=ORIENTED_EDGE('',*,*,#5673,.T.);
#7712=ORIENTED_EDGE('',*,*,#5666,.T.);
#7713=ORIENTED_EDGE('',*,*,#5678,.F.);
#7714=ORIENTED_EDGE('',*,*,#5679,.F.);
#7715=ORIENTED_EDGE('',*,*,#5653,.T.);
#7716=ORIENTED_EDGE('',*,*,#5672,.T.);
#7717=ORIENTED_EDGE('',*,*,#5674,.F.);
#7718=ORIENTED_EDGE('',*,*,#5679,.T.);
#7719=ORIENTED_EDGE('',*,*,#5680,.F.);
#7720=ORIENTED_EDGE('',*,*,#5681,.F.);
#7721=ORIENTED_EDGE('',*,*,#5675,.F.);
#7722=ORIENTED_EDGE('',*,*,#5669,.F.);
#7723=ORIENTED_EDGE('',*,*,#5659,.T.);
#7724=ORIENTED_EDGE('',*,*,#5655,.T.);
#7725=ORIENTED_EDGE('',*,*,#5677,.T.);
#7726=ORIENTED_EDGE('',*,*,#5650,.T.);
#7727=ORIENTED_EDGE('',*,*,#5676,.T.);
#7728=ORIENTED_EDGE('',*,*,#5681,.T.);
#7729=ORIENTED_EDGE('',*,*,#5682,.F.);
#7730=ORIENTED_EDGE('',*,*,#5664,.F.);
#7731=ORIENTED_EDGE('',*,*,#5665,.T.);
#7732=ORIENTED_EDGE('',*,*,#5682,.T.);
#7733=ORIENTED_EDGE('',*,*,#5680,.T.);
#7734=ORIENTED_EDGE('',*,*,#5678,.T.);
#7735=ORIENTED_EDGE('',*,*,#5683,.F.);
#7736=ORIENTED_EDGE('',*,*,#5684,.F.);
#7737=ORIENTED_EDGE('',*,*,#5685,.F.);
#7738=ORIENTED_EDGE('',*,*,#5686,.F.);
#7739=ORIENTED_EDGE('',*,*,#5684,.T.);
#7740=ORIENTED_EDGE('',*,*,#5687,.T.);
#7741=ORIENTED_EDGE('',*,*,#5688,.T.);
#7742=ORIENTED_EDGE('',*,*,#5689,.T.);
#7743=ORIENTED_EDGE('',*,*,#5690,.F.);
#7744=ORIENTED_EDGE('',*,*,#5691,.T.);
#7745=ORIENTED_EDGE('',*,*,#5692,.F.);
#7746=ORIENTED_EDGE('',*,*,#5693,.F.);
#7747=ORIENTED_EDGE('',*,*,#5694,.F.);
#7748=ORIENTED_EDGE('',*,*,#5695,.F.);
#7749=ORIENTED_EDGE('',*,*,#5696,.T.);
#7750=ORIENTED_EDGE('',*,*,#5697,.T.);
#7751=ORIENTED_EDGE('',*,*,#5683,.T.);
#7752=ORIENTED_EDGE('',*,*,#5698,.F.);
#7753=ORIENTED_EDGE('',*,*,#5699,.T.);
#7754=ORIENTED_EDGE('',*,*,#5687,.F.);
#7755=ORIENTED_EDGE('',*,*,#5699,.F.);
#7756=ORIENTED_EDGE('',*,*,#5700,.F.);
#7757=ORIENTED_EDGE('',*,*,#5701,.F.);
#7758=ORIENTED_EDGE('',*,*,#5688,.F.);
#7759=ORIENTED_EDGE('',*,*,#5685,.T.);
#7760=ORIENTED_EDGE('',*,*,#5697,.F.);
#7761=ORIENTED_EDGE('',*,*,#5702,.T.);
#7762=ORIENTED_EDGE('',*,*,#5703,.F.);
#7763=ORIENTED_EDGE('',*,*,#5702,.F.);
#7764=ORIENTED_EDGE('',*,*,#5696,.F.);
#7765=ORIENTED_EDGE('',*,*,#5704,.F.);
#7766=ORIENTED_EDGE('',*,*,#5705,.F.);
#7767=ORIENTED_EDGE('',*,*,#5701,.T.);
#7768=ORIENTED_EDGE('',*,*,#5706,.T.);
#7769=ORIENTED_EDGE('',*,*,#5707,.F.);
#7770=ORIENTED_EDGE('',*,*,#5689,.F.);
#7771=ORIENTED_EDGE('',*,*,#5708,.F.);
#7772=ORIENTED_EDGE('',*,*,#5690,.T.);
#7773=ORIENTED_EDGE('',*,*,#5707,.T.);
#7774=ORIENTED_EDGE('',*,*,#5709,.T.);
#7775=ORIENTED_EDGE('',*,*,#5704,.T.);
#7776=ORIENTED_EDGE('',*,*,#5695,.T.);
#7777=ORIENTED_EDGE('',*,*,#5710,.F.);
#7778=ORIENTED_EDGE('',*,*,#5711,.F.);
#7779=ORIENTED_EDGE('',*,*,#5712,.F.);
#7780=ORIENTED_EDGE('',*,*,#5713,.T.);
#7781=ORIENTED_EDGE('',*,*,#5710,.T.);
#7782=ORIENTED_EDGE('',*,*,#5694,.T.);
#7783=ORIENTED_EDGE('',*,*,#5686,.T.);
#7784=ORIENTED_EDGE('',*,*,#5703,.T.);
#7785=ORIENTED_EDGE('',*,*,#5705,.T.);
#7786=ORIENTED_EDGE('',*,*,#5711,.T.);
#7787=ORIENTED_EDGE('',*,*,#5713,.F.);
#7788=ORIENTED_EDGE('',*,*,#5714,.T.);
#7789=ORIENTED_EDGE('',*,*,#5715,.F.);
#7790=ORIENTED_EDGE('',*,*,#5716,.F.);
#7791=ORIENTED_EDGE('',*,*,#5709,.F.);
#7792=ORIENTED_EDGE('',*,*,#5706,.F.);
#7793=ORIENTED_EDGE('',*,*,#5700,.T.);
#7794=ORIENTED_EDGE('',*,*,#5698,.T.);
#7795=ORIENTED_EDGE('',*,*,#5708,.T.);
#7796=ORIENTED_EDGE('',*,*,#5716,.T.);
#7797=ORIENTED_EDGE('',*,*,#5717,.F.);
#7798=ORIENTED_EDGE('',*,*,#5691,.F.);
#7799=ORIENTED_EDGE('',*,*,#5712,.T.);
#7800=ORIENTED_EDGE('',*,*,#5693,.T.);
#7801=ORIENTED_EDGE('',*,*,#5718,.F.);
#7802=ORIENTED_EDGE('',*,*,#5714,.F.);
#7803=ORIENTED_EDGE('',*,*,#5718,.T.);
#7804=ORIENTED_EDGE('',*,*,#5692,.T.);
#7805=ORIENTED_EDGE('',*,*,#5717,.T.);
#7806=ORIENTED_EDGE('',*,*,#5715,.T.);
#7807=ORIENTED_EDGE('',*,*,#5719,.F.);
#7808=ORIENTED_EDGE('',*,*,#5720,.T.);
#7809=ORIENTED_EDGE('',*,*,#5721,.F.);
#7810=ORIENTED_EDGE('',*,*,#5720,.F.);
#7811=ORIENTED_EDGE('',*,*,#5721,.T.);
#7812=ORIENTED_EDGE('',*,*,#5719,.T.);
#7813=ORIENTED_EDGE('',*,*,#5722,.F.);
#7814=ORIENTED_EDGE('',*,*,#5723,.T.);
#7815=ORIENTED_EDGE('',*,*,#5724,.F.);
#7816=ORIENTED_EDGE('',*,*,#5723,.F.);
#7817=ORIENTED_EDGE('',*,*,#5724,.T.);
#7818=ORIENTED_EDGE('',*,*,#5722,.T.);
#7819=ORIENTED_EDGE('',*,*,#5725,.F.);
#7820=ORIENTED_EDGE('',*,*,#5726,.T.);
#7821=ORIENTED_EDGE('',*,*,#5727,.F.);
#7822=ORIENTED_EDGE('',*,*,#5726,.F.);
#7823=ORIENTED_EDGE('',*,*,#5727,.T.);
#7824=ORIENTED_EDGE('',*,*,#5725,.T.);
#7825=ORIENTED_EDGE('',*,*,#5728,.F.);
#7826=ORIENTED_EDGE('',*,*,#5729,.T.);
#7827=ORIENTED_EDGE('',*,*,#5730,.F.);
#7828=ORIENTED_EDGE('',*,*,#5729,.F.);
#7829=ORIENTED_EDGE('',*,*,#5730,.T.);
#7830=ORIENTED_EDGE('',*,*,#5728,.T.);
#7831=ORIENTED_EDGE('',*,*,#5731,.F.);
#7832=ORIENTED_EDGE('',*,*,#5732,.T.);
#7833=ORIENTED_EDGE('',*,*,#5733,.F.);
#7834=ORIENTED_EDGE('',*,*,#5732,.F.);
#7835=ORIENTED_EDGE('',*,*,#5733,.T.);
#7836=ORIENTED_EDGE('',*,*,#5731,.T.);
#7837=ORIENTED_EDGE('',*,*,#5734,.F.);
#7838=ORIENTED_EDGE('',*,*,#5735,.T.);
#7839=ORIENTED_EDGE('',*,*,#5736,.F.);
#7840=ORIENTED_EDGE('',*,*,#5735,.F.);
#7841=ORIENTED_EDGE('',*,*,#5736,.T.);
#7842=ORIENTED_EDGE('',*,*,#5734,.T.);
#7843=ORIENTED_EDGE('',*,*,#5737,.F.);
#7844=ORIENTED_EDGE('',*,*,#5738,.T.);
#7845=ORIENTED_EDGE('',*,*,#5739,.F.);
#7846=ORIENTED_EDGE('',*,*,#5738,.F.);
#7847=ORIENTED_EDGE('',*,*,#5739,.T.);
#7848=ORIENTED_EDGE('',*,*,#5737,.T.);
#7849=ORIENTED_EDGE('',*,*,#5740,.F.);
#7850=ORIENTED_EDGE('',*,*,#5741,.T.);
#7851=ORIENTED_EDGE('',*,*,#5742,.F.);
#7852=ORIENTED_EDGE('',*,*,#5741,.F.);
#7853=ORIENTED_EDGE('',*,*,#5742,.T.);
#7854=ORIENTED_EDGE('',*,*,#5740,.T.);
#7855=ORIENTED_EDGE('',*,*,#5743,.F.);
#7856=ORIENTED_EDGE('',*,*,#5744,.F.);
#7857=ORIENTED_EDGE('',*,*,#5745,.F.);
#7858=ORIENTED_EDGE('',*,*,#5746,.F.);
#7859=ORIENTED_EDGE('',*,*,#5744,.T.);
#7860=ORIENTED_EDGE('',*,*,#5747,.T.);
#7861=ORIENTED_EDGE('',*,*,#5748,.T.);
#7862=ORIENTED_EDGE('',*,*,#5749,.T.);
#7863=ORIENTED_EDGE('',*,*,#5750,.F.);
#7864=ORIENTED_EDGE('',*,*,#5751,.T.);
#7865=ORIENTED_EDGE('',*,*,#5752,.F.);
#7866=ORIENTED_EDGE('',*,*,#5753,.F.);
#7867=ORIENTED_EDGE('',*,*,#5754,.F.);
#7868=ORIENTED_EDGE('',*,*,#5755,.F.);
#7869=ORIENTED_EDGE('',*,*,#5756,.T.);
#7870=ORIENTED_EDGE('',*,*,#5757,.T.);
#7871=ORIENTED_EDGE('',*,*,#5743,.T.);
#7872=ORIENTED_EDGE('',*,*,#5758,.F.);
#7873=ORIENTED_EDGE('',*,*,#5759,.T.);
#7874=ORIENTED_EDGE('',*,*,#5747,.F.);
#7875=ORIENTED_EDGE('',*,*,#5759,.F.);
#7876=ORIENTED_EDGE('',*,*,#5760,.F.);
#7877=ORIENTED_EDGE('',*,*,#5761,.F.);
#7878=ORIENTED_EDGE('',*,*,#5748,.F.);
#7879=ORIENTED_EDGE('',*,*,#5745,.T.);
#7880=ORIENTED_EDGE('',*,*,#5757,.F.);
#7881=ORIENTED_EDGE('',*,*,#5762,.T.);
#7882=ORIENTED_EDGE('',*,*,#5763,.F.);
#7883=ORIENTED_EDGE('',*,*,#5762,.F.);
#7884=ORIENTED_EDGE('',*,*,#5756,.F.);
#7885=ORIENTED_EDGE('',*,*,#5764,.F.);
#7886=ORIENTED_EDGE('',*,*,#5765,.F.);
#7887=ORIENTED_EDGE('',*,*,#5761,.T.);
#7888=ORIENTED_EDGE('',*,*,#5766,.T.);
#7889=ORIENTED_EDGE('',*,*,#5767,.F.);
#7890=ORIENTED_EDGE('',*,*,#5749,.F.);
#7891=ORIENTED_EDGE('',*,*,#5768,.F.);
#7892=ORIENTED_EDGE('',*,*,#5750,.T.);
#7893=ORIENTED_EDGE('',*,*,#5767,.T.);
#7894=ORIENTED_EDGE('',*,*,#5769,.T.);
#7895=ORIENTED_EDGE('',*,*,#5764,.T.);
#7896=ORIENTED_EDGE('',*,*,#5755,.T.);
#7897=ORIENTED_EDGE('',*,*,#5770,.F.);
#7898=ORIENTED_EDGE('',*,*,#5771,.F.);
#7899=ORIENTED_EDGE('',*,*,#5772,.F.);
#7900=ORIENTED_EDGE('',*,*,#5773,.T.);
#7901=ORIENTED_EDGE('',*,*,#5770,.T.);
#7902=ORIENTED_EDGE('',*,*,#5754,.T.);
#7903=ORIENTED_EDGE('',*,*,#5746,.T.);
#7904=ORIENTED_EDGE('',*,*,#5763,.T.);
#7905=ORIENTED_EDGE('',*,*,#5765,.T.);
#7906=ORIENTED_EDGE('',*,*,#5771,.T.);
#7907=ORIENTED_EDGE('',*,*,#5773,.F.);
#7908=ORIENTED_EDGE('',*,*,#5774,.T.);
#7909=ORIENTED_EDGE('',*,*,#5775,.F.);
#7910=ORIENTED_EDGE('',*,*,#5776,.F.);
#7911=ORIENTED_EDGE('',*,*,#5769,.F.);
#7912=ORIENTED_EDGE('',*,*,#5766,.F.);
#7913=ORIENTED_EDGE('',*,*,#5760,.T.);
#7914=ORIENTED_EDGE('',*,*,#5758,.T.);
#7915=ORIENTED_EDGE('',*,*,#5768,.T.);
#7916=ORIENTED_EDGE('',*,*,#5776,.T.);
#7917=ORIENTED_EDGE('',*,*,#5777,.F.);
#7918=ORIENTED_EDGE('',*,*,#5751,.F.);
#7919=ORIENTED_EDGE('',*,*,#5772,.T.);
#7920=ORIENTED_EDGE('',*,*,#5753,.T.);
#7921=ORIENTED_EDGE('',*,*,#5778,.F.);
#7922=ORIENTED_EDGE('',*,*,#5774,.F.);
#7923=ORIENTED_EDGE('',*,*,#5778,.T.);
#7924=ORIENTED_EDGE('',*,*,#5752,.T.);
#7925=ORIENTED_EDGE('',*,*,#5777,.T.);
#7926=ORIENTED_EDGE('',*,*,#5775,.T.);
#7927=ORIENTED_EDGE('',*,*,#5779,.T.);
#7928=ORIENTED_EDGE('',*,*,#5780,.F.);
#7929=ORIENTED_EDGE('',*,*,#5781,.T.);
#7930=ORIENTED_EDGE('',*,*,#5782,.F.);
#7931=ORIENTED_EDGE('',*,*,#5781,.F.);
#7932=ORIENTED_EDGE('',*,*,#5783,.F.);
#7933=ORIENTED_EDGE('',*,*,#5784,.F.);
#7934=ORIENTED_EDGE('',*,*,#5785,.F.);
#7935=ORIENTED_EDGE('',*,*,#5786,.T.);
#7936=ORIENTED_EDGE('',*,*,#5787,.F.);
#7937=ORIENTED_EDGE('',*,*,#5788,.T.);
#7938=ORIENTED_EDGE('',*,*,#5789,.F.);
#7939=ORIENTED_EDGE('',*,*,#5790,.F.);
#7940=ORIENTED_EDGE('',*,*,#5788,.F.);
#7941=ORIENTED_EDGE('',*,*,#5791,.F.);
#7942=ORIENTED_EDGE('',*,*,#5792,.F.);
#7943=ORIENTED_EDGE('',*,*,#5783,.T.);
#7944=ORIENTED_EDGE('',*,*,#5780,.T.);
#7945=ORIENTED_EDGE('',*,*,#5793,.T.);
#7946=ORIENTED_EDGE('',*,*,#5789,.T.);
#7947=ORIENTED_EDGE('',*,*,#5790,.T.);
#7948=ORIENTED_EDGE('',*,*,#5794,.T.);
#7949=ORIENTED_EDGE('',*,*,#5795,.F.);
#7950=ORIENTED_EDGE('',*,*,#5796,.T.);
#7951=ORIENTED_EDGE('',*,*,#5797,.F.);
#7952=ORIENTED_EDGE('',*,*,#5798,.F.);
#7953=ORIENTED_EDGE('',*,*,#5799,.F.);
#7954=ORIENTED_EDGE('',*,*,#5800,.F.);
#7955=ORIENTED_EDGE('',*,*,#5792,.T.);
#7956=ORIENTED_EDGE('',*,*,#5801,.T.);
#7957=ORIENTED_EDGE('',*,*,#5802,.F.);
#7958=ORIENTED_EDGE('',*,*,#5794,.F.);
#7959=ORIENTED_EDGE('',*,*,#5784,.T.);
#7960=ORIENTED_EDGE('',*,*,#5800,.T.);
#7961=ORIENTED_EDGE('',*,*,#5803,.F.);
#7962=ORIENTED_EDGE('',*,*,#5804,.F.);
#7963=ORIENTED_EDGE('',*,*,#5805,.F.);
#7964=ORIENTED_EDGE('',*,*,#5806,.T.);
#7965=ORIENTED_EDGE('',*,*,#5803,.T.);
#7966=ORIENTED_EDGE('',*,*,#5799,.T.);
#7967=ORIENTED_EDGE('',*,*,#5795,.T.);
#7968=ORIENTED_EDGE('',*,*,#5802,.T.);
#7969=ORIENTED_EDGE('',*,*,#5807,.T.);
#7970=ORIENTED_EDGE('',*,*,#5808,.F.);
#7971=ORIENTED_EDGE('',*,*,#5809,.F.);
#7972=ORIENTED_EDGE('',*,*,#5786,.F.);
#7973=ORIENTED_EDGE('',*,*,#5793,.F.);
#7974=ORIENTED_EDGE('',*,*,#5779,.F.);
#7975=ORIENTED_EDGE('',*,*,#5805,.T.);
#7976=ORIENTED_EDGE('',*,*,#5798,.T.);
#7977=ORIENTED_EDGE('',*,*,#5810,.F.);
#7978=ORIENTED_EDGE('',*,*,#5811,.F.);
#7979=ORIENTED_EDGE('',*,*,#5785,.T.);
#7980=ORIENTED_EDGE('',*,*,#5804,.T.);
#7981=ORIENTED_EDGE('',*,*,#5806,.F.);
#7982=ORIENTED_EDGE('',*,*,#5811,.T.);
#7983=ORIENTED_EDGE('',*,*,#5812,.F.);
#7984=ORIENTED_EDGE('',*,*,#5813,.F.);
#7985=ORIENTED_EDGE('',*,*,#5807,.F.);
#7986=ORIENTED_EDGE('',*,*,#5801,.F.);
#7987=ORIENTED_EDGE('',*,*,#5791,.T.);
#7988=ORIENTED_EDGE('',*,*,#5787,.T.);
#7989=ORIENTED_EDGE('',*,*,#5809,.T.);
#7990=ORIENTED_EDGE('',*,*,#5782,.T.);
#7991=ORIENTED_EDGE('',*,*,#5808,.T.);
#7992=ORIENTED_EDGE('',*,*,#5813,.T.);
#7993=ORIENTED_EDGE('',*,*,#5814,.F.);
#7994=ORIENTED_EDGE('',*,*,#5796,.F.);
#7995=ORIENTED_EDGE('',*,*,#5797,.T.);
#7996=ORIENTED_EDGE('',*,*,#5814,.T.);
#7997=ORIENTED_EDGE('',*,*,#5812,.T.);
#7998=ORIENTED_EDGE('',*,*,#5810,.T.);
#7999=ORIENTED_EDGE('',*,*,#5815,.T.);
#8000=ORIENTED_EDGE('',*,*,#5816,.F.);
#8001=ORIENTED_EDGE('',*,*,#5817,.T.);
#8002=ORIENTED_EDGE('',*,*,#5818,.F.);
#8003=ORIENTED_EDGE('',*,*,#5817,.F.);
#8004=ORIENTED_EDGE('',*,*,#5819,.F.);
#8005=ORIENTED_EDGE('',*,*,#5820,.F.);
#8006=ORIENTED_EDGE('',*,*,#5821,.F.);
#8007=ORIENTED_EDGE('',*,*,#5822,.T.);
#8008=ORIENTED_EDGE('',*,*,#5823,.F.);
#8009=ORIENTED_EDGE('',*,*,#5824,.T.);
#8010=ORIENTED_EDGE('',*,*,#5825,.F.);
#8011=ORIENTED_EDGE('',*,*,#5826,.F.);
#8012=ORIENTED_EDGE('',*,*,#5824,.F.);
#8013=ORIENTED_EDGE('',*,*,#5827,.F.);
#8014=ORIENTED_EDGE('',*,*,#5828,.F.);
#8015=ORIENTED_EDGE('',*,*,#5819,.T.);
#8016=ORIENTED_EDGE('',*,*,#5816,.T.);
#8017=ORIENTED_EDGE('',*,*,#5829,.T.);
#8018=ORIENTED_EDGE('',*,*,#5825,.T.);
#8019=ORIENTED_EDGE('',*,*,#5826,.T.);
#8020=ORIENTED_EDGE('',*,*,#5830,.T.);
#8021=ORIENTED_EDGE('',*,*,#5831,.F.);
#8022=ORIENTED_EDGE('',*,*,#5832,.T.);
#8023=ORIENTED_EDGE('',*,*,#5833,.F.);
#8024=ORIENTED_EDGE('',*,*,#5834,.F.);
#8025=ORIENTED_EDGE('',*,*,#5835,.F.);
#8026=ORIENTED_EDGE('',*,*,#5836,.F.);
#8027=ORIENTED_EDGE('',*,*,#5828,.T.);
#8028=ORIENTED_EDGE('',*,*,#5837,.T.);
#8029=ORIENTED_EDGE('',*,*,#5838,.F.);
#8030=ORIENTED_EDGE('',*,*,#5830,.F.);
#8031=ORIENTED_EDGE('',*,*,#5820,.T.);
#8032=ORIENTED_EDGE('',*,*,#5836,.T.);
#8033=ORIENTED_EDGE('',*,*,#5839,.F.);
#8034=ORIENTED_EDGE('',*,*,#5840,.F.);
#8035=ORIENTED_EDGE('',*,*,#5841,.F.);
#8036=ORIENTED_EDGE('',*,*,#5842,.T.);
#8037=ORIENTED_EDGE('',*,*,#5839,.T.);
#8038=ORIENTED_EDGE('',*,*,#5835,.T.);
#8039=ORIENTED_EDGE('',*,*,#5831,.T.);
#8040=ORIENTED_EDGE('',*,*,#5838,.T.);
#8041=ORIENTED_EDGE('',*,*,#5843,.T.);
#8042=ORIENTED_EDGE('',*,*,#5844,.F.);
#8043=ORIENTED_EDGE('',*,*,#5829,.F.);
#8044=ORIENTED_EDGE('',*,*,#5815,.F.);
#8045=ORIENTED_EDGE('',*,*,#5845,.F.);
#8046=ORIENTED_EDGE('',*,*,#5822,.F.);
#8047=ORIENTED_EDGE('',*,*,#5841,.T.);
#8048=ORIENTED_EDGE('',*,*,#5834,.T.);
#8049=ORIENTED_EDGE('',*,*,#5846,.F.);
#8050=ORIENTED_EDGE('',*,*,#5847,.F.);
#8051=ORIENTED_EDGE('',*,*,#5821,.T.);
#8052=ORIENTED_EDGE('',*,*,#5840,.T.);
#8053=ORIENTED_EDGE('',*,*,#5842,.F.);
#8054=ORIENTED_EDGE('',*,*,#5847,.T.);
#8055=ORIENTED_EDGE('',*,*,#5848,.F.);
#8056=ORIENTED_EDGE('',*,*,#5849,.F.);
#8057=ORIENTED_EDGE('',*,*,#5843,.F.);
#8058=ORIENTED_EDGE('',*,*,#5837,.F.);
#8059=ORIENTED_EDGE('',*,*,#5827,.T.);
#8060=ORIENTED_EDGE('',*,*,#5823,.T.);
#8061=ORIENTED_EDGE('',*,*,#5845,.T.);
#8062=ORIENTED_EDGE('',*,*,#5818,.T.);
#8063=ORIENTED_EDGE('',*,*,#5844,.T.);
#8064=ORIENTED_EDGE('',*,*,#5849,.T.);
#8065=ORIENTED_EDGE('',*,*,#5850,.F.);
#8066=ORIENTED_EDGE('',*,*,#5832,.F.);
#8067=ORIENTED_EDGE('',*,*,#5833,.T.);
#8068=ORIENTED_EDGE('',*,*,#5850,.T.);
#8069=ORIENTED_EDGE('',*,*,#5848,.T.);
#8070=ORIENTED_EDGE('',*,*,#5846,.T.);
#8071=ORIENTED_EDGE('',*,*,#5851,.T.);
#8072=ORIENTED_EDGE('',*,*,#5852,.F.);
#8073=ORIENTED_EDGE('',*,*,#5853,.T.);
#8074=ORIENTED_EDGE('',*,*,#5854,.F.);
#8075=ORIENTED_EDGE('',*,*,#5853,.F.);
#8076=ORIENTED_EDGE('',*,*,#5855,.F.);
#8077=ORIENTED_EDGE('',*,*,#5856,.F.);
#8078=ORIENTED_EDGE('',*,*,#5857,.F.);
#8079=ORIENTED_EDGE('',*,*,#5858,.T.);
#8080=ORIENTED_EDGE('',*,*,#5859,.F.);
#8081=ORIENTED_EDGE('',*,*,#5860,.T.);
#8082=ORIENTED_EDGE('',*,*,#5861,.F.);
#8083=ORIENTED_EDGE('',*,*,#5860,.F.);
#8084=ORIENTED_EDGE('',*,*,#5862,.F.);
#8085=ORIENTED_EDGE('',*,*,#5863,.F.);
#8086=ORIENTED_EDGE('',*,*,#5864,.F.);
#8087=ORIENTED_EDGE('',*,*,#5855,.T.);
#8088=ORIENTED_EDGE('',*,*,#5852,.T.);
#8089=ORIENTED_EDGE('',*,*,#5865,.T.);
#8090=ORIENTED_EDGE('',*,*,#5861,.T.);
#8091=ORIENTED_EDGE('',*,*,#5864,.T.);
#8092=ORIENTED_EDGE('',*,*,#5866,.T.);
#8093=ORIENTED_EDGE('',*,*,#5867,.F.);
#8094=ORIENTED_EDGE('',*,*,#5868,.T.);
#8095=ORIENTED_EDGE('',*,*,#5869,.F.);
#8096=ORIENTED_EDGE('',*,*,#5870,.F.);
#8097=ORIENTED_EDGE('',*,*,#5871,.F.);
#8098=ORIENTED_EDGE('',*,*,#5872,.F.);
#8099=ORIENTED_EDGE('',*,*,#5856,.T.);
#8100=ORIENTED_EDGE('',*,*,#5872,.T.);
#8101=ORIENTED_EDGE('',*,*,#5873,.F.);
#8102=ORIENTED_EDGE('',*,*,#5874,.F.);
#8103=ORIENTED_EDGE('',*,*,#5875,.F.);
#8104=ORIENTED_EDGE('',*,*,#5876,.T.);
#8105=ORIENTED_EDGE('',*,*,#5873,.T.);
#8106=ORIENTED_EDGE('',*,*,#5871,.T.);
#8107=ORIENTED_EDGE('',*,*,#5863,.T.);
#8108=ORIENTED_EDGE('',*,*,#5877,.T.);
#8109=ORIENTED_EDGE('',*,*,#5878,.F.);
#8110=ORIENTED_EDGE('',*,*,#5866,.F.);
#8111=ORIENTED_EDGE('',*,*,#5879,.F.);
#8112=ORIENTED_EDGE('',*,*,#5867,.T.);
#8113=ORIENTED_EDGE('',*,*,#5878,.T.);
#8114=ORIENTED_EDGE('',*,*,#5880,.T.);
#8115=ORIENTED_EDGE('',*,*,#5865,.F.);
#8116=ORIENTED_EDGE('',*,*,#5851,.F.);
#8117=ORIENTED_EDGE('',*,*,#5881,.F.);
#8118=ORIENTED_EDGE('',*,*,#5858,.F.);
#8119=ORIENTED_EDGE('',*,*,#5875,.T.);
#8120=ORIENTED_EDGE('',*,*,#5870,.T.);
#8121=ORIENTED_EDGE('',*,*,#5882,.F.);
#8122=ORIENTED_EDGE('',*,*,#5883,.F.);
#8123=ORIENTED_EDGE('',*,*,#5857,.T.);
#8124=ORIENTED_EDGE('',*,*,#5874,.T.);
#8125=ORIENTED_EDGE('',*,*,#5876,.F.);
#8126=ORIENTED_EDGE('',*,*,#5883,.T.);
#8127=ORIENTED_EDGE('',*,*,#5884,.F.);
#8128=ORIENTED_EDGE('',*,*,#5885,.F.);
#8129=ORIENTED_EDGE('',*,*,#5880,.F.);
#8130=ORIENTED_EDGE('',*,*,#5877,.F.);
#8131=ORIENTED_EDGE('',*,*,#5862,.T.);
#8132=ORIENTED_EDGE('',*,*,#5859,.T.);
#8133=ORIENTED_EDGE('',*,*,#5881,.T.);
#8134=ORIENTED_EDGE('',*,*,#5854,.T.);
#8135=ORIENTED_EDGE('',*,*,#5879,.T.);
#8136=ORIENTED_EDGE('',*,*,#5885,.T.);
#8137=ORIENTED_EDGE('',*,*,#5886,.F.);
#8138=ORIENTED_EDGE('',*,*,#5868,.F.);
#8139=ORIENTED_EDGE('',*,*,#5882,.T.);
#8140=ORIENTED_EDGE('',*,*,#5869,.T.);
#8141=ORIENTED_EDGE('',*,*,#5886,.T.);
#8142=ORIENTED_EDGE('',*,*,#5884,.T.);
#8143=ORIENTED_EDGE('',*,*,#5887,.T.);
#8144=ORIENTED_EDGE('',*,*,#5888,.F.);
#8145=ORIENTED_EDGE('',*,*,#5889,.T.);
#8146=ORIENTED_EDGE('',*,*,#5890,.F.);
#8147=ORIENTED_EDGE('',*,*,#5891,.F.);
#8148=ORIENTED_EDGE('',*,*,#5892,.F.);
#8149=ORIENTED_EDGE('',*,*,#5893,.F.);
#8150=ORIENTED_EDGE('',*,*,#5889,.F.);
#8151=ORIENTED_EDGE('',*,*,#5894,.T.);
#8152=ORIENTED_EDGE('',*,*,#5895,.F.);
#8153=ORIENTED_EDGE('',*,*,#5896,.T.);
#8154=ORIENTED_EDGE('',*,*,#5897,.F.);
#8155=ORIENTED_EDGE('',*,*,#5896,.F.);
#8156=ORIENTED_EDGE('',*,*,#5898,.F.);
#8157=ORIENTED_EDGE('',*,*,#5899,.F.);
#8158=ORIENTED_EDGE('',*,*,#5900,.F.);
#8159=ORIENTED_EDGE('',*,*,#5891,.T.);
#8160=ORIENTED_EDGE('',*,*,#5888,.T.);
#8161=ORIENTED_EDGE('',*,*,#5901,.T.);
#8162=ORIENTED_EDGE('',*,*,#5897,.T.);
#8163=ORIENTED_EDGE('',*,*,#5900,.T.);
#8164=ORIENTED_EDGE('',*,*,#5902,.T.);
#8165=ORIENTED_EDGE('',*,*,#5903,.F.);
#8166=ORIENTED_EDGE('',*,*,#5904,.T.);
#8167=ORIENTED_EDGE('',*,*,#5905,.F.);
#8168=ORIENTED_EDGE('',*,*,#5906,.F.);
#8169=ORIENTED_EDGE('',*,*,#5907,.F.);
#8170=ORIENTED_EDGE('',*,*,#5908,.F.);
#8171=ORIENTED_EDGE('',*,*,#5899,.T.);
#8172=ORIENTED_EDGE('',*,*,#5909,.T.);
#8173=ORIENTED_EDGE('',*,*,#5910,.F.);
#8174=ORIENTED_EDGE('',*,*,#5902,.F.);
#8175=ORIENTED_EDGE('',*,*,#5911,.F.);
#8176=ORIENTED_EDGE('',*,*,#5903,.T.);
#8177=ORIENTED_EDGE('',*,*,#5910,.T.);
#8178=ORIENTED_EDGE('',*,*,#5912,.T.);
#8179=ORIENTED_EDGE('',*,*,#5892,.T.);
#8180=ORIENTED_EDGE('',*,*,#5908,.T.);
#8181=ORIENTED_EDGE('',*,*,#5913,.F.);
#8182=ORIENTED_EDGE('',*,*,#5914,.F.);
#8183=ORIENTED_EDGE('',*,*,#5907,.T.);
#8184=ORIENTED_EDGE('',*,*,#5915,.F.);
#8185=ORIENTED_EDGE('',*,*,#5916,.T.);
#8186=ORIENTED_EDGE('',*,*,#5913,.T.);
#8187=ORIENTED_EDGE('',*,*,#5901,.F.);
#8188=ORIENTED_EDGE('',*,*,#5887,.F.);
#8189=ORIENTED_EDGE('',*,*,#5917,.F.);
#8190=ORIENTED_EDGE('',*,*,#5894,.F.);
#8191=ORIENTED_EDGE('',*,*,#5911,.T.);
#8192=ORIENTED_EDGE('',*,*,#5918,.T.);
#8193=ORIENTED_EDGE('',*,*,#5919,.F.);
#8194=ORIENTED_EDGE('',*,*,#5904,.F.);
#8195=ORIENTED_EDGE('',*,*,#5893,.T.);
#8196=ORIENTED_EDGE('',*,*,#5914,.T.);
#8197=ORIENTED_EDGE('',*,*,#5916,.F.);
#8198=ORIENTED_EDGE('',*,*,#5920,.T.);
#8199=ORIENTED_EDGE('',*,*,#5921,.F.);
#8200=ORIENTED_EDGE('',*,*,#5918,.F.);
#8201=ORIENTED_EDGE('',*,*,#5912,.F.);
#8202=ORIENTED_EDGE('',*,*,#5909,.F.);
#8203=ORIENTED_EDGE('',*,*,#5898,.T.);
#8204=ORIENTED_EDGE('',*,*,#5895,.T.);
#8205=ORIENTED_EDGE('',*,*,#5917,.T.);
#8206=ORIENTED_EDGE('',*,*,#5890,.T.);
#8207=ORIENTED_EDGE('',*,*,#5915,.T.);
#8208=ORIENTED_EDGE('',*,*,#5906,.T.);
#8209=ORIENTED_EDGE('',*,*,#5922,.F.);
#8210=ORIENTED_EDGE('',*,*,#5920,.F.);
#8211=ORIENTED_EDGE('',*,*,#5921,.T.);
#8212=ORIENTED_EDGE('',*,*,#5922,.T.);
#8213=ORIENTED_EDGE('',*,*,#5905,.T.);
#8214=ORIENTED_EDGE('',*,*,#5919,.T.);
#8215=ORIENTED_EDGE('',*,*,#5923,.T.);
#8216=ORIENTED_EDGE('',*,*,#5924,.F.);
#8217=ORIENTED_EDGE('',*,*,#5925,.T.);
#8218=ORIENTED_EDGE('',*,*,#5926,.F.);
#8219=ORIENTED_EDGE('',*,*,#5925,.F.);
#8220=ORIENTED_EDGE('',*,*,#5927,.F.);
#8221=ORIENTED_EDGE('',*,*,#5928,.F.);
#8222=ORIENTED_EDGE('',*,*,#5929,.F.);
#8223=ORIENTED_EDGE('',*,*,#5930,.T.);
#8224=ORIENTED_EDGE('',*,*,#5931,.F.);
#8225=ORIENTED_EDGE('',*,*,#5932,.T.);
#8226=ORIENTED_EDGE('',*,*,#5933,.F.);
#8227=ORIENTED_EDGE('',*,*,#5934,.F.);
#8228=ORIENTED_EDGE('',*,*,#5935,.F.);
#8229=ORIENTED_EDGE('',*,*,#5932,.F.);
#8230=ORIENTED_EDGE('',*,*,#5936,.F.);
#8231=ORIENTED_EDGE('',*,*,#5927,.T.);
#8232=ORIENTED_EDGE('',*,*,#5924,.T.);
#8233=ORIENTED_EDGE('',*,*,#5937,.T.);
#8234=ORIENTED_EDGE('',*,*,#5933,.T.);
#8235=ORIENTED_EDGE('',*,*,#5935,.T.);
#8236=ORIENTED_EDGE('',*,*,#5938,.T.);
#8237=ORIENTED_EDGE('',*,*,#5939,.F.);
#8238=ORIENTED_EDGE('',*,*,#5940,.T.);
#8239=ORIENTED_EDGE('',*,*,#5941,.F.);
#8240=ORIENTED_EDGE('',*,*,#5942,.F.);
#8241=ORIENTED_EDGE('',*,*,#5943,.F.);
#8242=ORIENTED_EDGE('',*,*,#5944,.F.);
#8243=ORIENTED_EDGE('',*,*,#5934,.T.);
#8244=ORIENTED_EDGE('',*,*,#5945,.T.);
#8245=ORIENTED_EDGE('',*,*,#5946,.F.);
#8246=ORIENTED_EDGE('',*,*,#5938,.F.);
#8247=ORIENTED_EDGE('',*,*,#5928,.T.);
#8248=ORIENTED_EDGE('',*,*,#5944,.T.);
#8249=ORIENTED_EDGE('',*,*,#5947,.F.);
#8250=ORIENTED_EDGE('',*,*,#5948,.F.);
#8251=ORIENTED_EDGE('',*,*,#5949,.F.);
#8252=ORIENTED_EDGE('',*,*,#5950,.T.);
#8253=ORIENTED_EDGE('',*,*,#5947,.T.);
#8254=ORIENTED_EDGE('',*,*,#5943,.T.);
#8255=ORIENTED_EDGE('',*,*,#5946,.T.);
#8256=ORIENTED_EDGE('',*,*,#5951,.T.);
#8257=ORIENTED_EDGE('',*,*,#5952,.F.);
#8258=ORIENTED_EDGE('',*,*,#5939,.T.);
#8259=ORIENTED_EDGE('',*,*,#5937,.F.);
#8260=ORIENTED_EDGE('',*,*,#5923,.F.);
#8261=ORIENTED_EDGE('',*,*,#5953,.F.);
#8262=ORIENTED_EDGE('',*,*,#5930,.F.);
#8263=ORIENTED_EDGE('',*,*,#5952,.T.);
#8264=ORIENTED_EDGE('',*,*,#5954,.T.);
#8265=ORIENTED_EDGE('',*,*,#5955,.F.);
#8266=ORIENTED_EDGE('',*,*,#5940,.F.);
#8267=ORIENTED_EDGE('',*,*,#5949,.T.);
#8268=ORIENTED_EDGE('',*,*,#5942,.T.);
#8269=ORIENTED_EDGE('',*,*,#5956,.F.);
#8270=ORIENTED_EDGE('',*,*,#5957,.F.);
#8271=ORIENTED_EDGE('',*,*,#5929,.T.);
#8272=ORIENTED_EDGE('',*,*,#5948,.T.);
#8273=ORIENTED_EDGE('',*,*,#5950,.F.);
#8274=ORIENTED_EDGE('',*,*,#5957,.T.);
#8275=ORIENTED_EDGE('',*,*,#5958,.F.);
#8276=ORIENTED_EDGE('',*,*,#5954,.F.);
#8277=ORIENTED_EDGE('',*,*,#5951,.F.);
#8278=ORIENTED_EDGE('',*,*,#5945,.F.);
#8279=ORIENTED_EDGE('',*,*,#5936,.T.);
#8280=ORIENTED_EDGE('',*,*,#5931,.T.);
#8281=ORIENTED_EDGE('',*,*,#5953,.T.);
#8282=ORIENTED_EDGE('',*,*,#5926,.T.);
#8283=ORIENTED_EDGE('',*,*,#5955,.T.);
#8284=ORIENTED_EDGE('',*,*,#5958,.T.);
#8285=ORIENTED_EDGE('',*,*,#5956,.T.);
#8286=ORIENTED_EDGE('',*,*,#5941,.T.);
#8287=ORIENTED_EDGE('',*,*,#5959,.T.);
#8288=ORIENTED_EDGE('',*,*,#5960,.F.);
#8289=ORIENTED_EDGE('',*,*,#5961,.T.);
#8290=ORIENTED_EDGE('',*,*,#5962,.F.);
#8291=ORIENTED_EDGE('',*,*,#5961,.F.);
#8292=ORIENTED_EDGE('',*,*,#5963,.F.);
#8293=ORIENTED_EDGE('',*,*,#5964,.F.);
#8294=ORIENTED_EDGE('',*,*,#5965,.F.);
#8295=ORIENTED_EDGE('',*,*,#5966,.T.);
#8296=ORIENTED_EDGE('',*,*,#5967,.F.);
#8297=ORIENTED_EDGE('',*,*,#5968,.T.);
#8298=ORIENTED_EDGE('',*,*,#5969,.F.);
#8299=ORIENTED_EDGE('',*,*,#5968,.F.);
#8300=ORIENTED_EDGE('',*,*,#5970,.F.);
#8301=ORIENTED_EDGE('',*,*,#5971,.F.);
#8302=ORIENTED_EDGE('',*,*,#5972,.F.);
#8303=ORIENTED_EDGE('',*,*,#5963,.T.);
#8304=ORIENTED_EDGE('',*,*,#5960,.T.);
#8305=ORIENTED_EDGE('',*,*,#5973,.T.);
#8306=ORIENTED_EDGE('',*,*,#5969,.T.);
#8307=ORIENTED_EDGE('',*,*,#5972,.T.);
#8308=ORIENTED_EDGE('',*,*,#5974,.T.);
#8309=ORIENTED_EDGE('',*,*,#5975,.F.);
#8310=ORIENTED_EDGE('',*,*,#5976,.T.);
#8311=ORIENTED_EDGE('',*,*,#5977,.F.);
#8312=ORIENTED_EDGE('',*,*,#5978,.F.);
#8313=ORIENTED_EDGE('',*,*,#5979,.F.);
#8314=ORIENTED_EDGE('',*,*,#5980,.F.);
#8315=ORIENTED_EDGE('',*,*,#5964,.T.);
#8316=ORIENTED_EDGE('',*,*,#5980,.T.);
#8317=ORIENTED_EDGE('',*,*,#5981,.F.);
#8318=ORIENTED_EDGE('',*,*,#5982,.F.);
#8319=ORIENTED_EDGE('',*,*,#5983,.F.);
#8320=ORIENTED_EDGE('',*,*,#5984,.T.);
#8321=ORIENTED_EDGE('',*,*,#5981,.T.);
#8322=ORIENTED_EDGE('',*,*,#5979,.T.);
#8323=ORIENTED_EDGE('',*,*,#5971,.T.);
#8324=ORIENTED_EDGE('',*,*,#5985,.T.);
#8325=ORIENTED_EDGE('',*,*,#5986,.F.);
#8326=ORIENTED_EDGE('',*,*,#5974,.F.);
#8327=ORIENTED_EDGE('',*,*,#5987,.F.);
#8328=ORIENTED_EDGE('',*,*,#5975,.T.);
#8329=ORIENTED_EDGE('',*,*,#5986,.T.);
#8330=ORIENTED_EDGE('',*,*,#5988,.T.);
#8331=ORIENTED_EDGE('',*,*,#5973,.F.);
#8332=ORIENTED_EDGE('',*,*,#5959,.F.);
#8333=ORIENTED_EDGE('',*,*,#5989,.F.);
#8334=ORIENTED_EDGE('',*,*,#5966,.F.);
#8335=ORIENTED_EDGE('',*,*,#5987,.T.);
#8336=ORIENTED_EDGE('',*,*,#5990,.T.);
#8337=ORIENTED_EDGE('',*,*,#5991,.F.);
#8338=ORIENTED_EDGE('',*,*,#5976,.F.);
#8339=ORIENTED_EDGE('',*,*,#5983,.T.);
#8340=ORIENTED_EDGE('',*,*,#5978,.T.);
#8341=ORIENTED_EDGE('',*,*,#5992,.F.);
#8342=ORIENTED_EDGE('',*,*,#5993,.F.);
#8343=ORIENTED_EDGE('',*,*,#5965,.T.);
#8344=ORIENTED_EDGE('',*,*,#5982,.T.);
#8345=ORIENTED_EDGE('',*,*,#5984,.F.);
#8346=ORIENTED_EDGE('',*,*,#5993,.T.);
#8347=ORIENTED_EDGE('',*,*,#5994,.F.);
#8348=ORIENTED_EDGE('',*,*,#5990,.F.);
#8349=ORIENTED_EDGE('',*,*,#5988,.F.);
#8350=ORIENTED_EDGE('',*,*,#5985,.F.);
#8351=ORIENTED_EDGE('',*,*,#5970,.T.);
#8352=ORIENTED_EDGE('',*,*,#5967,.T.);
#8353=ORIENTED_EDGE('',*,*,#5989,.T.);
#8354=ORIENTED_EDGE('',*,*,#5962,.T.);
#8355=ORIENTED_EDGE('',*,*,#5991,.T.);
#8356=ORIENTED_EDGE('',*,*,#5994,.T.);
#8357=ORIENTED_EDGE('',*,*,#5992,.T.);
#8358=ORIENTED_EDGE('',*,*,#5977,.T.);
#8359=ORIENTED_EDGE('',*,*,#5995,.T.);
#8360=ORIENTED_EDGE('',*,*,#5996,.F.);
#8361=ORIENTED_EDGE('',*,*,#5997,.T.);
#8362=ORIENTED_EDGE('',*,*,#5998,.F.);
#8363=ORIENTED_EDGE('',*,*,#5997,.F.);
#8364=ORIENTED_EDGE('',*,*,#5999,.F.);
#8365=ORIENTED_EDGE('',*,*,#6000,.F.);
#8366=ORIENTED_EDGE('',*,*,#6001,.F.);
#8367=ORIENTED_EDGE('',*,*,#6002,.T.);
#8368=ORIENTED_EDGE('',*,*,#6003,.F.);
#8369=ORIENTED_EDGE('',*,*,#6004,.T.);
#8370=ORIENTED_EDGE('',*,*,#6005,.F.);
#8371=ORIENTED_EDGE('',*,*,#6006,.F.);
#8372=ORIENTED_EDGE('',*,*,#6007,.F.);
#8373=ORIENTED_EDGE('',*,*,#6004,.F.);
#8374=ORIENTED_EDGE('',*,*,#6008,.F.);
#8375=ORIENTED_EDGE('',*,*,#5999,.T.);
#8376=ORIENTED_EDGE('',*,*,#5996,.T.);
#8377=ORIENTED_EDGE('',*,*,#6009,.T.);
#8378=ORIENTED_EDGE('',*,*,#6005,.T.);
#8379=ORIENTED_EDGE('',*,*,#6007,.T.);
#8380=ORIENTED_EDGE('',*,*,#6010,.T.);
#8381=ORIENTED_EDGE('',*,*,#6011,.F.);
#8382=ORIENTED_EDGE('',*,*,#6012,.T.);
#8383=ORIENTED_EDGE('',*,*,#6013,.F.);
#8384=ORIENTED_EDGE('',*,*,#6014,.F.);
#8385=ORIENTED_EDGE('',*,*,#6015,.F.);
#8386=ORIENTED_EDGE('',*,*,#6016,.F.);
#8387=ORIENTED_EDGE('',*,*,#6006,.T.);
#8388=ORIENTED_EDGE('',*,*,#6017,.T.);
#8389=ORIENTED_EDGE('',*,*,#6018,.F.);
#8390=ORIENTED_EDGE('',*,*,#6010,.F.);
#8391=ORIENTED_EDGE('',*,*,#6000,.T.);
#8392=ORIENTED_EDGE('',*,*,#6016,.T.);
#8393=ORIENTED_EDGE('',*,*,#6019,.F.);
#8394=ORIENTED_EDGE('',*,*,#6020,.F.);
#8395=ORIENTED_EDGE('',*,*,#6021,.F.);
#8396=ORIENTED_EDGE('',*,*,#6022,.T.);
#8397=ORIENTED_EDGE('',*,*,#6019,.T.);
#8398=ORIENTED_EDGE('',*,*,#6015,.T.);
#8399=ORIENTED_EDGE('',*,*,#6018,.T.);
#8400=ORIENTED_EDGE('',*,*,#6023,.T.);
#8401=ORIENTED_EDGE('',*,*,#6024,.F.);
#8402=ORIENTED_EDGE('',*,*,#6011,.T.);
#8403=ORIENTED_EDGE('',*,*,#6025,.F.);
#8404=ORIENTED_EDGE('',*,*,#6002,.F.);
#8405=ORIENTED_EDGE('',*,*,#6009,.F.);
#8406=ORIENTED_EDGE('',*,*,#5995,.F.);
#8407=ORIENTED_EDGE('',*,*,#6021,.T.);
#8408=ORIENTED_EDGE('',*,*,#6014,.T.);
#8409=ORIENTED_EDGE('',*,*,#6026,.F.);
#8410=ORIENTED_EDGE('',*,*,#6027,.F.);
#8411=ORIENTED_EDGE('',*,*,#6001,.T.);
#8412=ORIENTED_EDGE('',*,*,#6020,.T.);
#8413=ORIENTED_EDGE('',*,*,#6022,.F.);
#8414=ORIENTED_EDGE('',*,*,#6027,.T.);
#8415=ORIENTED_EDGE('',*,*,#6028,.F.);
#8416=ORIENTED_EDGE('',*,*,#6029,.F.);
#8417=ORIENTED_EDGE('',*,*,#6023,.F.);
#8418=ORIENTED_EDGE('',*,*,#6017,.F.);
#8419=ORIENTED_EDGE('',*,*,#6008,.T.);
#8420=ORIENTED_EDGE('',*,*,#6003,.T.);
#8421=ORIENTED_EDGE('',*,*,#6025,.T.);
#8422=ORIENTED_EDGE('',*,*,#5998,.T.);
#8423=ORIENTED_EDGE('',*,*,#6024,.T.);
#8424=ORIENTED_EDGE('',*,*,#6029,.T.);
#8425=ORIENTED_EDGE('',*,*,#6030,.F.);
#8426=ORIENTED_EDGE('',*,*,#6012,.F.);
#8427=ORIENTED_EDGE('',*,*,#6026,.T.);
#8428=ORIENTED_EDGE('',*,*,#6013,.T.);
#8429=ORIENTED_EDGE('',*,*,#6030,.T.);
#8430=ORIENTED_EDGE('',*,*,#6028,.T.);
#8431=ORIENTED_EDGE('',*,*,#6031,.T.);
#8432=ORIENTED_EDGE('',*,*,#6032,.F.);
#8433=ORIENTED_EDGE('',*,*,#6033,.T.);
#8434=ORIENTED_EDGE('',*,*,#6034,.F.);
#8435=ORIENTED_EDGE('',*,*,#6035,.F.);
#8436=ORIENTED_EDGE('',*,*,#6036,.F.);
#8437=ORIENTED_EDGE('',*,*,#6037,.F.);
#8438=ORIENTED_EDGE('',*,*,#6033,.F.);
#8439=ORIENTED_EDGE('',*,*,#6038,.T.);
#8440=ORIENTED_EDGE('',*,*,#6039,.F.);
#8441=ORIENTED_EDGE('',*,*,#6040,.T.);
#8442=ORIENTED_EDGE('',*,*,#6041,.F.);
#8443=ORIENTED_EDGE('',*,*,#6042,.F.);
#8444=ORIENTED_EDGE('',*,*,#6040,.F.);
#8445=ORIENTED_EDGE('',*,*,#6043,.F.);
#8446=ORIENTED_EDGE('',*,*,#6044,.F.);
#8447=ORIENTED_EDGE('',*,*,#6035,.T.);
#8448=ORIENTED_EDGE('',*,*,#6032,.T.);
#8449=ORIENTED_EDGE('',*,*,#6045,.T.);
#8450=ORIENTED_EDGE('',*,*,#6041,.T.);
#8451=ORIENTED_EDGE('',*,*,#6042,.T.);
#8452=ORIENTED_EDGE('',*,*,#6046,.T.);
#8453=ORIENTED_EDGE('',*,*,#6047,.F.);
#8454=ORIENTED_EDGE('',*,*,#6048,.T.);
#8455=ORIENTED_EDGE('',*,*,#6049,.F.);
#8456=ORIENTED_EDGE('',*,*,#6050,.F.);
#8457=ORIENTED_EDGE('',*,*,#6051,.F.);
#8458=ORIENTED_EDGE('',*,*,#6052,.F.);
#8459=ORIENTED_EDGE('',*,*,#6044,.T.);
#8460=ORIENTED_EDGE('',*,*,#6053,.T.);
#8461=ORIENTED_EDGE('',*,*,#6054,.F.);
#8462=ORIENTED_EDGE('',*,*,#6046,.F.);
#8463=ORIENTED_EDGE('',*,*,#6036,.T.);
#8464=ORIENTED_EDGE('',*,*,#6052,.T.);
#8465=ORIENTED_EDGE('',*,*,#6055,.F.);
#8466=ORIENTED_EDGE('',*,*,#6056,.F.);
#8467=ORIENTED_EDGE('',*,*,#6051,.T.);
#8468=ORIENTED_EDGE('',*,*,#6057,.F.);
#8469=ORIENTED_EDGE('',*,*,#6058,.T.);
#8470=ORIENTED_EDGE('',*,*,#6055,.T.);
#8471=ORIENTED_EDGE('',*,*,#6047,.T.);
#8472=ORIENTED_EDGE('',*,*,#6054,.T.);
#8473=ORIENTED_EDGE('',*,*,#6059,.T.);
#8474=ORIENTED_EDGE('',*,*,#6060,.F.);
#8475=ORIENTED_EDGE('',*,*,#6061,.F.);
#8476=ORIENTED_EDGE('',*,*,#6038,.F.);
#8477=ORIENTED_EDGE('',*,*,#6045,.F.);
#8478=ORIENTED_EDGE('',*,*,#6031,.F.);
#8479=ORIENTED_EDGE('',*,*,#6057,.T.);
#8480=ORIENTED_EDGE('',*,*,#6050,.T.);
#8481=ORIENTED_EDGE('',*,*,#6062,.F.);
#8482=ORIENTED_EDGE('',*,*,#6063,.F.);
#8483=ORIENTED_EDGE('',*,*,#6037,.T.);
#8484=ORIENTED_EDGE('',*,*,#6056,.T.);
#8485=ORIENTED_EDGE('',*,*,#6058,.F.);
#8486=ORIENTED_EDGE('',*,*,#6063,.T.);
#8487=ORIENTED_EDGE('',*,*,#6064,.F.);
#8488=ORIENTED_EDGE('',*,*,#6065,.F.);
#8489=ORIENTED_EDGE('',*,*,#6059,.F.);
#8490=ORIENTED_EDGE('',*,*,#6053,.F.);
#8491=ORIENTED_EDGE('',*,*,#6043,.T.);
#8492=ORIENTED_EDGE('',*,*,#6039,.T.);
#8493=ORIENTED_EDGE('',*,*,#6061,.T.);
#8494=ORIENTED_EDGE('',*,*,#6034,.T.);
#8495=ORIENTED_EDGE('',*,*,#6060,.T.);
#8496=ORIENTED_EDGE('',*,*,#6065,.T.);
#8497=ORIENTED_EDGE('',*,*,#6066,.F.);
#8498=ORIENTED_EDGE('',*,*,#6048,.F.);
#8499=ORIENTED_EDGE('',*,*,#6062,.T.);
#8500=ORIENTED_EDGE('',*,*,#6049,.T.);
#8501=ORIENTED_EDGE('',*,*,#6066,.T.);
#8502=ORIENTED_EDGE('',*,*,#6064,.T.);
#8503=ORIENTED_EDGE('',*,*,#6067,.F.);
#8504=ORIENTED_EDGE('',*,*,#6068,.F.);
#8505=ORIENTED_EDGE('',*,*,#6069,.F.);
#8506=ORIENTED_EDGE('',*,*,#6070,.F.);
#8507=ORIENTED_EDGE('',*,*,#6071,.F.);
#8508=ORIENTED_EDGE('',*,*,#6072,.F.);
#8509=ORIENTED_EDGE('',*,*,#6073,.F.);
#8510=ORIENTED_EDGE('',*,*,#6074,.T.);
#8511=ORIENTED_EDGE('',*,*,#6075,.F.);
#8512=ORIENTED_EDGE('',*,*,#6074,.F.);
#8513=ORIENTED_EDGE('',*,*,#6076,.F.);
#8514=ORIENTED_EDGE('',*,*,#6068,.T.);
#8515=ORIENTED_EDGE('',*,*,#6069,.T.);
#8516=ORIENTED_EDGE('',*,*,#6076,.T.);
#8517=ORIENTED_EDGE('',*,*,#6073,.T.);
#8518=ORIENTED_EDGE('',*,*,#6077,.T.);
#8519=ORIENTED_EDGE('',*,*,#6078,.T.);
#8520=ORIENTED_EDGE('',*,*,#6079,.T.);
#8521=ORIENTED_EDGE('',*,*,#6080,.T.);
#8522=ORIENTED_EDGE('',*,*,#6081,.T.);
#8523=ORIENTED_EDGE('',*,*,#6082,.T.);
#8524=ORIENTED_EDGE('',*,*,#6083,.T.);
#8525=ORIENTED_EDGE('',*,*,#6084,.T.);
#8526=ORIENTED_EDGE('',*,*,#6085,.T.);
#8527=ORIENTED_EDGE('',*,*,#6086,.T.);
#8528=ORIENTED_EDGE('',*,*,#6087,.T.);
#8529=ORIENTED_EDGE('',*,*,#6072,.T.);
#8530=ORIENTED_EDGE('',*,*,#6088,.F.);
#8531=ORIENTED_EDGE('',*,*,#6089,.T.);
#8532=ORIENTED_EDGE('',*,*,#6077,.F.);
#8533=ORIENTED_EDGE('',*,*,#6070,.T.);
#8534=ORIENTED_EDGE('',*,*,#6085,.F.);
#8535=ORIENTED_EDGE('',*,*,#6090,.T.);
#8536=ORIENTED_EDGE('',*,*,#6091,.T.);
#8537=ORIENTED_EDGE('',*,*,#6092,.T.);
#8538=ORIENTED_EDGE('',*,*,#6093,.F.);
#8539=ORIENTED_EDGE('',*,*,#6094,.F.);
#8540=ORIENTED_EDGE('',*,*,#6095,.F.);
#8541=ORIENTED_EDGE('',*,*,#6096,.F.);
#8542=ORIENTED_EDGE('',*,*,#6097,.F.);
#8543=ORIENTED_EDGE('',*,*,#6098,.F.);
#8544=ORIENTED_EDGE('',*,*,#6099,.T.);
#8545=ORIENTED_EDGE('',*,*,#6080,.F.);
#8546=ORIENTED_EDGE('',*,*,#6100,.T.);
#8547=ORIENTED_EDGE('',*,*,#6101,.F.);
#8548=ORIENTED_EDGE('',*,*,#6102,.F.);
#8549=ORIENTED_EDGE('',*,*,#6078,.F.);
#8550=ORIENTED_EDGE('',*,*,#6089,.F.);
#8551=ORIENTED_EDGE('',*,*,#6103,.F.);
#8552=ORIENTED_EDGE('',*,*,#6104,.F.);
#8553=ORIENTED_EDGE('',*,*,#6079,.F.);
#8554=ORIENTED_EDGE('',*,*,#6104,.T.);
#8555=ORIENTED_EDGE('',*,*,#6105,.F.);
#8556=ORIENTED_EDGE('',*,*,#6099,.F.);
#8557=ORIENTED_EDGE('',*,*,#6106,.F.);
#8558=ORIENTED_EDGE('',*,*,#6107,.F.);
#8559=ORIENTED_EDGE('',*,*,#6108,.F.);
#8560=ORIENTED_EDGE('',*,*,#6100,.F.);
#8561=ORIENTED_EDGE('',*,*,#6101,.T.);
#8562=ORIENTED_EDGE('',*,*,#6108,.T.);
#8563=ORIENTED_EDGE('',*,*,#6109,.F.);
#8564=ORIENTED_EDGE('',*,*,#6110,.F.);
#8565=ORIENTED_EDGE('',*,*,#6111,.F.);
#8566=ORIENTED_EDGE('',*,*,#6091,.F.);
#8567=ORIENTED_EDGE('',*,*,#6112,.F.);
#8568=ORIENTED_EDGE('',*,*,#6113,.F.);
#8569=ORIENTED_EDGE('',*,*,#6114,.F.);
#8570=ORIENTED_EDGE('',*,*,#6115,.F.);
#8571=ORIENTED_EDGE('',*,*,#6116,.T.);
#8572=ORIENTED_EDGE('',*,*,#6117,.T.);
#8573=ORIENTED_EDGE('',*,*,#6107,.T.);
#8574=ORIENTED_EDGE('',*,*,#6118,.T.);
#8575=ORIENTED_EDGE('',*,*,#6119,.T.);
#8576=ORIENTED_EDGE('',*,*,#6109,.T.);
#8577=ORIENTED_EDGE('',*,*,#6106,.T.);
#8578=ORIENTED_EDGE('',*,*,#6098,.T.);
#8579=ORIENTED_EDGE('',*,*,#6120,.T.);
#8580=ORIENTED_EDGE('',*,*,#6121,.T.);
#8581=ORIENTED_EDGE('',*,*,#6122,.T.);
#8582=ORIENTED_EDGE('',*,*,#6123,.T.);
#8583=ORIENTED_EDGE('',*,*,#6093,.T.);
#8584=ORIENTED_EDGE('',*,*,#6124,.F.);
#8585=ORIENTED_EDGE('',*,*,#6125,.F.);
#8586=ORIENTED_EDGE('',*,*,#6118,.F.);
#8587=ORIENTED_EDGE('',*,*,#6126,.T.);
#8588=ORIENTED_EDGE('',*,*,#6127,.T.);
#8589=ORIENTED_EDGE('',*,*,#6097,.T.);
#8590=ORIENTED_EDGE('',*,*,#6128,.F.);
#8591=ORIENTED_EDGE('',*,*,#6129,.T.);
#8592=ORIENTED_EDGE('',*,*,#6120,.F.);
#8593=ORIENTED_EDGE('',*,*,#6102,.T.);
#8594=ORIENTED_EDGE('',*,*,#6115,.T.);
#8595=ORIENTED_EDGE('',*,*,#6130,.T.);
#8596=ORIENTED_EDGE('',*,*,#6081,.F.);
#8597=ORIENTED_EDGE('',*,*,#6117,.F.);
#8598=ORIENTED_EDGE('',*,*,#6131,.T.);
#8599=ORIENTED_EDGE('',*,*,#6087,.F.);
#8600=ORIENTED_EDGE('',*,*,#6131,.F.);
#8601=ORIENTED_EDGE('',*,*,#6132,.F.);
#8602=ORIENTED_EDGE('',*,*,#6133,.T.);
#8603=ORIENTED_EDGE('',*,*,#6127,.F.);
#8604=ORIENTED_EDGE('',*,*,#6133,.F.);
#8605=ORIENTED_EDGE('',*,*,#6116,.F.);
#8606=ORIENTED_EDGE('',*,*,#6134,.T.);
#8607=ORIENTED_EDGE('',*,*,#6086,.F.);
#8608=ORIENTED_EDGE('',*,*,#6134,.F.);
#8609=ORIENTED_EDGE('',*,*,#6135,.F.);
#8610=ORIENTED_EDGE('',*,*,#6136,.T.);
#8611=ORIENTED_EDGE('',*,*,#6126,.F.);
#8612=ORIENTED_EDGE('',*,*,#6136,.F.);
#8613=ORIENTED_EDGE('',*,*,#6125,.T.);
#8614=ORIENTED_EDGE('',*,*,#6137,.F.);
#8615=ORIENTED_EDGE('',*,*,#6110,.T.);
#8616=ORIENTED_EDGE('',*,*,#6119,.F.);
#8617=ORIENTED_EDGE('',*,*,#6122,.F.);
#8618=ORIENTED_EDGE('',*,*,#6138,.F.);
#8619=ORIENTED_EDGE('',*,*,#6139,.T.);
#8620=ORIENTED_EDGE('',*,*,#6140,.T.);
#8621=ORIENTED_EDGE('',*,*,#6113,.T.);
#8622=ORIENTED_EDGE('',*,*,#6141,.T.);
#8623=ORIENTED_EDGE('',*,*,#6083,.F.);
#8624=ORIENTED_EDGE('',*,*,#6142,.F.);
#8625=ORIENTED_EDGE('',*,*,#6137,.T.);
#8626=ORIENTED_EDGE('',*,*,#6124,.T.);
#8627=ORIENTED_EDGE('',*,*,#6092,.F.);
#8628=ORIENTED_EDGE('',*,*,#6111,.T.);
#8629=ORIENTED_EDGE('',*,*,#6143,.T.);
#8630=ORIENTED_EDGE('',*,*,#6094,.T.);
#8631=ORIENTED_EDGE('',*,*,#6123,.F.);
#8632=ORIENTED_EDGE('',*,*,#6140,.F.);
#8633=ORIENTED_EDGE('',*,*,#6112,.T.);
#8634=ORIENTED_EDGE('',*,*,#6090,.F.);
#8635=ORIENTED_EDGE('',*,*,#6084,.F.);
#8636=ORIENTED_EDGE('',*,*,#6141,.F.);
#8637=ORIENTED_EDGE('',*,*,#6067,.T.);
#8638=ORIENTED_EDGE('',*,*,#6095,.T.);
#8639=ORIENTED_EDGE('',*,*,#6143,.F.);
#8640=ORIENTED_EDGE('',*,*,#6139,.F.);
#8641=ORIENTED_EDGE('',*,*,#6144,.T.);
#8642=ORIENTED_EDGE('',*,*,#6128,.T.);
#8643=ORIENTED_EDGE('',*,*,#6096,.T.);
#8644=ORIENTED_EDGE('',*,*,#6105,.T.);
#8645=ORIENTED_EDGE('',*,*,#6103,.T.);
#8646=ORIENTED_EDGE('',*,*,#6088,.T.);
#8647=ORIENTED_EDGE('',*,*,#6071,.T.);
#8648=ORIENTED_EDGE('',*,*,#6075,.T.);
#8649=ORIENTED_EDGE('',*,*,#6132,.T.);
#8650=ORIENTED_EDGE('',*,*,#6135,.T.);
#8651=ORIENTED_EDGE('',*,*,#6144,.F.);
#8652=ORIENTED_EDGE('',*,*,#6138,.T.);
#8653=ORIENTED_EDGE('',*,*,#6121,.F.);
#8654=ORIENTED_EDGE('',*,*,#6129,.F.);
#8655=ORIENTED_EDGE('',*,*,#6114,.T.);
#8656=ORIENTED_EDGE('',*,*,#6142,.T.);
#8657=ORIENTED_EDGE('',*,*,#6082,.F.);
#8658=ORIENTED_EDGE('',*,*,#6130,.F.);
#8659=ORIENTED_EDGE('',*,*,#6145,.F.);
#8660=ORIENTED_EDGE('',*,*,#6146,.T.);
#8661=ORIENTED_EDGE('',*,*,#6147,.F.);
#8662=ORIENTED_EDGE('',*,*,#6148,.F.);
#8663=ORIENTED_EDGE('',*,*,#6149,.F.);
#8664=ORIENTED_EDGE('',*,*,#6150,.F.);
#8665=ORIENTED_EDGE('',*,*,#6151,.F.);
#8666=ORIENTED_EDGE('',*,*,#6146,.F.);
#8667=ORIENTED_EDGE('',*,*,#6149,.T.);
#8668=ORIENTED_EDGE('',*,*,#6145,.T.);
#8669=ORIENTED_EDGE('',*,*,#6152,.T.);
#8670=ORIENTED_EDGE('',*,*,#6153,.T.);
#8671=ORIENTED_EDGE('',*,*,#6154,.F.);
#8672=ORIENTED_EDGE('',*,*,#6155,.T.);
#8673=ORIENTED_EDGE('',*,*,#6156,.T.);
#8674=ORIENTED_EDGE('',*,*,#6148,.T.);
#8675=ORIENTED_EDGE('',*,*,#6157,.T.);
#8676=ORIENTED_EDGE('',*,*,#6158,.T.);
#8677=ORIENTED_EDGE('',*,*,#6152,.F.);
#8678=ORIENTED_EDGE('',*,*,#6159,.F.);
#8679=ORIENTED_EDGE('',*,*,#6160,.T.);
#8680=ORIENTED_EDGE('',*,*,#6161,.F.);
#8681=ORIENTED_EDGE('',*,*,#6160,.F.);
#8682=ORIENTED_EDGE('',*,*,#6162,.F.);
#8683=ORIENTED_EDGE('',*,*,#6163,.T.);
#8684=ORIENTED_EDGE('',*,*,#6156,.F.);
#8685=ORIENTED_EDGE('',*,*,#6163,.F.);
#8686=ORIENTED_EDGE('',*,*,#6164,.F.);
#8687=ORIENTED_EDGE('',*,*,#6165,.F.);
#8688=ORIENTED_EDGE('',*,*,#6166,.T.);
#8689=ORIENTED_EDGE('',*,*,#6167,.F.);
#8690=ORIENTED_EDGE('',*,*,#6151,.T.);
#8691=ORIENTED_EDGE('',*,*,#6168,.F.);
#8692=ORIENTED_EDGE('',*,*,#6166,.F.);
#8693=ORIENTED_EDGE('',*,*,#6169,.F.);
#8694=ORIENTED_EDGE('',*,*,#6157,.F.);
#8695=ORIENTED_EDGE('',*,*,#6147,.T.);
#8696=ORIENTED_EDGE('',*,*,#6162,.T.);
#8697=ORIENTED_EDGE('',*,*,#6170,.F.);
#8698=ORIENTED_EDGE('',*,*,#6171,.F.);
#8699=ORIENTED_EDGE('',*,*,#6172,.T.);
#8700=ORIENTED_EDGE('',*,*,#6173,.F.);
#8701=ORIENTED_EDGE('',*,*,#6174,.F.);
#8702=ORIENTED_EDGE('',*,*,#6172,.F.);
#8703=ORIENTED_EDGE('',*,*,#6175,.F.);
#8704=ORIENTED_EDGE('',*,*,#6176,.F.);
#8705=ORIENTED_EDGE('',*,*,#6159,.T.);
#8706=ORIENTED_EDGE('',*,*,#6150,.T.);
#8707=ORIENTED_EDGE('',*,*,#6155,.F.);
#8708=ORIENTED_EDGE('',*,*,#6177,.T.);
#8709=ORIENTED_EDGE('',*,*,#6178,.F.);
#8710=ORIENTED_EDGE('',*,*,#6179,.F.);
#8711=ORIENTED_EDGE('',*,*,#6180,.F.);
#8712=ORIENTED_EDGE('',*,*,#6181,.F.);
#8713=ORIENTED_EDGE('',*,*,#6175,.T.);
#8714=ORIENTED_EDGE('',*,*,#6171,.T.);
#8715=ORIENTED_EDGE('',*,*,#6182,.F.);
#8716=ORIENTED_EDGE('',*,*,#6167,.T.);
#8717=ORIENTED_EDGE('',*,*,#6168,.T.);
#8718=ORIENTED_EDGE('',*,*,#6154,.T.);
#8719=ORIENTED_EDGE('',*,*,#6183,.T.);
#8720=ORIENTED_EDGE('',*,*,#6184,.F.);
#8721=ORIENTED_EDGE('',*,*,#6177,.F.);
#8722=ORIENTED_EDGE('',*,*,#6176,.T.);
#8723=ORIENTED_EDGE('',*,*,#6181,.T.);
#8724=ORIENTED_EDGE('',*,*,#6185,.F.);
#8725=ORIENTED_EDGE('',*,*,#6186,.F.);
#8726=ORIENTED_EDGE('',*,*,#6187,.T.);
#8727=ORIENTED_EDGE('',*,*,#6185,.T.);
#8728=ORIENTED_EDGE('',*,*,#6180,.T.);
#8729=ORIENTED_EDGE('',*,*,#6188,.F.);
#8730=ORIENTED_EDGE('',*,*,#6161,.T.);
#8731=ORIENTED_EDGE('',*,*,#6188,.T.);
#8732=ORIENTED_EDGE('',*,*,#6179,.T.);
#8733=ORIENTED_EDGE('',*,*,#6189,.F.);
#8734=ORIENTED_EDGE('',*,*,#6190,.F.);
#8735=ORIENTED_EDGE('',*,*,#6165,.T.);
#8736=ORIENTED_EDGE('',*,*,#6191,.T.);
#8737=ORIENTED_EDGE('',*,*,#6173,.T.);
#8738=ORIENTED_EDGE('',*,*,#6174,.T.);
#8739=ORIENTED_EDGE('',*,*,#6186,.T.);
#8740=ORIENTED_EDGE('',*,*,#6187,.F.);
#8741=ORIENTED_EDGE('',*,*,#6190,.T.);
#8742=ORIENTED_EDGE('',*,*,#6192,.F.);
#8743=ORIENTED_EDGE('',*,*,#6183,.F.);
#8744=ORIENTED_EDGE('',*,*,#6153,.F.);
#8745=ORIENTED_EDGE('',*,*,#6158,.F.);
#8746=ORIENTED_EDGE('',*,*,#6169,.T.);
#8747=ORIENTED_EDGE('',*,*,#6164,.T.);
#8748=ORIENTED_EDGE('',*,*,#6182,.T.);
#8749=ORIENTED_EDGE('',*,*,#6170,.T.);
#8750=ORIENTED_EDGE('',*,*,#6191,.F.);
#8751=ORIENTED_EDGE('',*,*,#6184,.T.);
#8752=ORIENTED_EDGE('',*,*,#6192,.T.);
#8753=ORIENTED_EDGE('',*,*,#6189,.T.);
#8754=ORIENTED_EDGE('',*,*,#6178,.T.);
#8755=ORIENTED_EDGE('',*,*,#6193,.F.);
#8756=ORIENTED_EDGE('',*,*,#6194,.T.);
#8757=ORIENTED_EDGE('',*,*,#6195,.F.);
#8758=ORIENTED_EDGE('',*,*,#6194,.F.);
#8759=ORIENTED_EDGE('',*,*,#6196,.F.);
#8760=ORIENTED_EDGE('',*,*,#6197,.T.);
#8761=ORIENTED_EDGE('',*,*,#6198,.F.);
#8762=ORIENTED_EDGE('',*,*,#6197,.F.);
#8763=ORIENTED_EDGE('',*,*,#6199,.F.);
#8764=ORIENTED_EDGE('',*,*,#6200,.F.);
#8765=ORIENTED_EDGE('',*,*,#6201,.F.);
#8766=ORIENTED_EDGE('',*,*,#6202,.F.);
#8767=ORIENTED_EDGE('',*,*,#6203,.F.);
#8768=ORIENTED_EDGE('',*,*,#6204,.F.);
#8769=ORIENTED_EDGE('',*,*,#6205,.F.);
#8770=ORIENTED_EDGE('',*,*,#6206,.F.);
#8771=ORIENTED_EDGE('',*,*,#6204,.T.);
#8772=ORIENTED_EDGE('',*,*,#6207,.T.);
#8773=ORIENTED_EDGE('',*,*,#6208,.T.);
#8774=ORIENTED_EDGE('',*,*,#6209,.F.);
#8775=ORIENTED_EDGE('',*,*,#6203,.T.);
#8776=ORIENTED_EDGE('',*,*,#6210,.T.);
#8777=ORIENTED_EDGE('',*,*,#6211,.T.);
#8778=ORIENTED_EDGE('',*,*,#6207,.F.);
#8779=ORIENTED_EDGE('',*,*,#6195,.T.);
#8780=ORIENTED_EDGE('',*,*,#6212,.T.);
#8781=ORIENTED_EDGE('',*,*,#6213,.T.);
#8782=ORIENTED_EDGE('',*,*,#6210,.F.);
#8783=ORIENTED_EDGE('',*,*,#6206,.T.);
#8784=ORIENTED_EDGE('',*,*,#6214,.F.);
#8785=ORIENTED_EDGE('',*,*,#6215,.F.);
#8786=ORIENTED_EDGE('',*,*,#6216,.T.);
#8787=ORIENTED_EDGE('',*,*,#6200,.T.);
#8788=ORIENTED_EDGE('',*,*,#6199,.T.);
#8789=ORIENTED_EDGE('',*,*,#6217,.F.);
#8790=ORIENTED_EDGE('',*,*,#6218,.F.);
#8791=ORIENTED_EDGE('',*,*,#6212,.F.);
#8792=ORIENTED_EDGE('',*,*,#6193,.T.);
#8793=ORIENTED_EDGE('',*,*,#6202,.T.);
#8794=ORIENTED_EDGE('',*,*,#6219,.F.);
#8795=ORIENTED_EDGE('',*,*,#6220,.F.);
#8796=ORIENTED_EDGE('',*,*,#6217,.T.);
#8797=ORIENTED_EDGE('',*,*,#6221,.F.);
#8798=ORIENTED_EDGE('',*,*,#6222,.T.);
#8799=ORIENTED_EDGE('',*,*,#6223,.F.);
#8800=ORIENTED_EDGE('',*,*,#6224,.F.);
#8801=ORIENTED_EDGE('',*,*,#6225,.F.);
#8802=ORIENTED_EDGE('',*,*,#6226,.F.);
#8803=ORIENTED_EDGE('',*,*,#6227,.F.);
#8804=ORIENTED_EDGE('',*,*,#6228,.T.);
#8805=ORIENTED_EDGE('',*,*,#6226,.T.);
#8806=ORIENTED_EDGE('',*,*,#6229,.T.);
#8807=ORIENTED_EDGE('',*,*,#6230,.F.);
#8808=ORIENTED_EDGE('',*,*,#6231,.F.);
#8809=ORIENTED_EDGE('',*,*,#6225,.T.);
#8810=ORIENTED_EDGE('',*,*,#6232,.F.);
#8811=ORIENTED_EDGE('',*,*,#6233,.F.);
#8812=ORIENTED_EDGE('',*,*,#6229,.F.);
#8813=ORIENTED_EDGE('',*,*,#6196,.T.);
#8814=ORIENTED_EDGE('',*,*,#6234,.F.);
#8815=ORIENTED_EDGE('',*,*,#6235,.F.);
#8816=ORIENTED_EDGE('',*,*,#6232,.T.);
#8817=ORIENTED_EDGE('',*,*,#6228,.F.);
#8818=ORIENTED_EDGE('',*,*,#6236,.F.);
#8819=ORIENTED_EDGE('',*,*,#6237,.T.);
#8820=ORIENTED_EDGE('',*,*,#6238,.F.);
#8821=ORIENTED_EDGE('',*,*,#6222,.F.);
#8822=ORIENTED_EDGE('',*,*,#6221,.T.);
#8823=ORIENTED_EDGE('',*,*,#6239,.F.);
#8824=ORIENTED_EDGE('',*,*,#6240,.T.);
#8825=ORIENTED_EDGE('',*,*,#6234,.T.);
#8826=ORIENTED_EDGE('',*,*,#6198,.T.);
#8827=ORIENTED_EDGE('',*,*,#6230,.T.);
#8828=ORIENTED_EDGE('',*,*,#6233,.T.);
#8829=ORIENTED_EDGE('',*,*,#6235,.T.);
#8830=ORIENTED_EDGE('',*,*,#6240,.F.);
#8831=ORIENTED_EDGE('',*,*,#6241,.T.);
#8832=ORIENTED_EDGE('',*,*,#6242,.F.);
#8833=ORIENTED_EDGE('',*,*,#6208,.F.);
#8834=ORIENTED_EDGE('',*,*,#6211,.F.);
#8835=ORIENTED_EDGE('',*,*,#6213,.F.);
#8836=ORIENTED_EDGE('',*,*,#6218,.T.);
#8837=ORIENTED_EDGE('',*,*,#6220,.T.);
#8838=ORIENTED_EDGE('',*,*,#6243,.F.);
#8839=ORIENTED_EDGE('',*,*,#6224,.T.);
#8840=ORIENTED_EDGE('',*,*,#6244,.F.);
#8841=ORIENTED_EDGE('',*,*,#6241,.F.);
#8842=ORIENTED_EDGE('',*,*,#6239,.T.);
#8843=ORIENTED_EDGE('',*,*,#6245,.F.);
#8844=ORIENTED_EDGE('',*,*,#6237,.F.);
#8845=ORIENTED_EDGE('',*,*,#6246,.T.);
#8846=ORIENTED_EDGE('',*,*,#6215,.T.);
#8847=ORIENTED_EDGE('',*,*,#6231,.T.);
#8848=ORIENTED_EDGE('',*,*,#6243,.T.);
#8849=ORIENTED_EDGE('',*,*,#6219,.T.);
#8850=ORIENTED_EDGE('',*,*,#6201,.T.);
#8851=ORIENTED_EDGE('',*,*,#6216,.F.);
#8852=ORIENTED_EDGE('',*,*,#6246,.F.);
#8853=ORIENTED_EDGE('',*,*,#6236,.T.);
#8854=ORIENTED_EDGE('',*,*,#6227,.T.);
#8855=ORIENTED_EDGE('',*,*,#6242,.T.);
#8856=ORIENTED_EDGE('',*,*,#6244,.T.);
#8857=ORIENTED_EDGE('',*,*,#6223,.T.);
#8858=ORIENTED_EDGE('',*,*,#6238,.T.);
#8859=ORIENTED_EDGE('',*,*,#6245,.T.);
#8860=ORIENTED_EDGE('',*,*,#6214,.T.);
#8861=ORIENTED_EDGE('',*,*,#6205,.T.);
#8862=ORIENTED_EDGE('',*,*,#6209,.T.);
#8863=ORIENTED_EDGE('',*,*,#6247,.T.);
#8864=ORIENTED_EDGE('',*,*,#6248,.F.);
#8865=ORIENTED_EDGE('',*,*,#6249,.T.);
#8866=ORIENTED_EDGE('',*,*,#6250,.F.);
#8867=ORIENTED_EDGE('',*,*,#6251,.F.);
#8868=ORIENTED_EDGE('',*,*,#6252,.F.);
#8869=ORIENTED_EDGE('',*,*,#6253,.F.);
#8870=ORIENTED_EDGE('',*,*,#6249,.F.);
#8871=ORIENTED_EDGE('',*,*,#6254,.T.);
#8872=ORIENTED_EDGE('',*,*,#6255,.F.);
#8873=ORIENTED_EDGE('',*,*,#6256,.T.);
#8874=ORIENTED_EDGE('',*,*,#6257,.F.);
#8875=ORIENTED_EDGE('',*,*,#6256,.F.);
#8876=ORIENTED_EDGE('',*,*,#6258,.F.);
#8877=ORIENTED_EDGE('',*,*,#6259,.F.);
#8878=ORIENTED_EDGE('',*,*,#6260,.F.);
#8879=ORIENTED_EDGE('',*,*,#6251,.T.);
#8880=ORIENTED_EDGE('',*,*,#6248,.T.);
#8881=ORIENTED_EDGE('',*,*,#6261,.T.);
#8882=ORIENTED_EDGE('',*,*,#6257,.T.);
#8883=ORIENTED_EDGE('',*,*,#6260,.T.);
#8884=ORIENTED_EDGE('',*,*,#6262,.T.);
#8885=ORIENTED_EDGE('',*,*,#6263,.F.);
#8886=ORIENTED_EDGE('',*,*,#6264,.T.);
#8887=ORIENTED_EDGE('',*,*,#6265,.F.);
#8888=ORIENTED_EDGE('',*,*,#6266,.F.);
#8889=ORIENTED_EDGE('',*,*,#6267,.F.);
#8890=ORIENTED_EDGE('',*,*,#6268,.F.);
#8891=ORIENTED_EDGE('',*,*,#6252,.T.);
#8892=ORIENTED_EDGE('',*,*,#6268,.T.);
#8893=ORIENTED_EDGE('',*,*,#6269,.F.);
#8894=ORIENTED_EDGE('',*,*,#6270,.F.);
#8895=ORIENTED_EDGE('',*,*,#6267,.T.);
#8896=ORIENTED_EDGE('',*,*,#6271,.F.);
#8897=ORIENTED_EDGE('',*,*,#6272,.T.);
#8898=ORIENTED_EDGE('',*,*,#6269,.T.);
#8899=ORIENTED_EDGE('',*,*,#6259,.T.);
#8900=ORIENTED_EDGE('',*,*,#6273,.T.);
#8901=ORIENTED_EDGE('',*,*,#6274,.F.);
#8902=ORIENTED_EDGE('',*,*,#6262,.F.);
#8903=ORIENTED_EDGE('',*,*,#6275,.F.);
#8904=ORIENTED_EDGE('',*,*,#6263,.T.);
#8905=ORIENTED_EDGE('',*,*,#6274,.T.);
#8906=ORIENTED_EDGE('',*,*,#6276,.T.);
#8907=ORIENTED_EDGE('',*,*,#6254,.F.);
#8908=ORIENTED_EDGE('',*,*,#6261,.F.);
#8909=ORIENTED_EDGE('',*,*,#6247,.F.);
#8910=ORIENTED_EDGE('',*,*,#6277,.F.);
#8911=ORIENTED_EDGE('',*,*,#6275,.T.);
#8912=ORIENTED_EDGE('',*,*,#6278,.T.);
#8913=ORIENTED_EDGE('',*,*,#6279,.F.);
#8914=ORIENTED_EDGE('',*,*,#6264,.F.);
#8915=ORIENTED_EDGE('',*,*,#6271,.T.);
#8916=ORIENTED_EDGE('',*,*,#6266,.T.);
#8917=ORIENTED_EDGE('',*,*,#6280,.F.);
#8918=ORIENTED_EDGE('',*,*,#6281,.F.);
#8919=ORIENTED_EDGE('',*,*,#6253,.T.);
#8920=ORIENTED_EDGE('',*,*,#6270,.T.);
#8921=ORIENTED_EDGE('',*,*,#6272,.F.);
#8922=ORIENTED_EDGE('',*,*,#6281,.T.);
#8923=ORIENTED_EDGE('',*,*,#6282,.F.);
#8924=ORIENTED_EDGE('',*,*,#6278,.F.);
#8925=ORIENTED_EDGE('',*,*,#6276,.F.);
#8926=ORIENTED_EDGE('',*,*,#6273,.F.);
#8927=ORIENTED_EDGE('',*,*,#6258,.T.);
#8928=ORIENTED_EDGE('',*,*,#6255,.T.);
#8929=ORIENTED_EDGE('',*,*,#6277,.T.);
#8930=ORIENTED_EDGE('',*,*,#6250,.T.);
#8931=ORIENTED_EDGE('',*,*,#6279,.T.);
#8932=ORIENTED_EDGE('',*,*,#6282,.T.);
#8933=ORIENTED_EDGE('',*,*,#6280,.T.);
#8934=ORIENTED_EDGE('',*,*,#6265,.T.);
#8935=ORIENTED_EDGE('',*,*,#6283,.T.);
#8936=ORIENTED_EDGE('',*,*,#6284,.T.);
#8937=ORIENTED_EDGE('',*,*,#6285,.T.);
#8938=ORIENTED_EDGE('',*,*,#6286,.T.);
#8939=ORIENTED_EDGE('',*,*,#6287,.T.);
#8940=ORIENTED_EDGE('',*,*,#6288,.F.);
#8941=ORIENTED_EDGE('',*,*,#6289,.F.);
#8942=ORIENTED_EDGE('',*,*,#6290,.T.);
#8943=ORIENTED_EDGE('',*,*,#6291,.T.);
#8944=ORIENTED_EDGE('',*,*,#6292,.F.);
#8945=ORIENTED_EDGE('',*,*,#6293,.F.);
#8946=ORIENTED_EDGE('',*,*,#6284,.F.);
#8947=ORIENTED_EDGE('',*,*,#6293,.T.);
#8948=ORIENTED_EDGE('',*,*,#6294,.T.);
#8949=ORIENTED_EDGE('',*,*,#6295,.T.);
#8950=ORIENTED_EDGE('',*,*,#6296,.T.);
#8951=ORIENTED_EDGE('',*,*,#6297,.F.);
#8952=ORIENTED_EDGE('',*,*,#6289,.T.);
#8953=ORIENTED_EDGE('',*,*,#6298,.F.);
#8954=ORIENTED_EDGE('',*,*,#6299,.F.);
#8955=ORIENTED_EDGE('',*,*,#6300,.F.);
#8956=ORIENTED_EDGE('',*,*,#6301,.F.);
#8957=ORIENTED_EDGE('',*,*,#6302,.T.);
#8958=ORIENTED_EDGE('',*,*,#6285,.F.);
#8959=ORIENTED_EDGE('',*,*,#6303,.T.);
#8960=ORIENTED_EDGE('',*,*,#6304,.T.);
#8961=ORIENTED_EDGE('',*,*,#6294,.F.);
#8962=ORIENTED_EDGE('',*,*,#6292,.T.);
#8963=ORIENTED_EDGE('',*,*,#6305,.T.);
#8964=ORIENTED_EDGE('',*,*,#6306,.T.);
#8965=ORIENTED_EDGE('',*,*,#6299,.T.);
#8966=ORIENTED_EDGE('',*,*,#6307,.F.);
#8967=ORIENTED_EDGE('',*,*,#6286,.F.);
#8968=ORIENTED_EDGE('',*,*,#6302,.F.);
#8969=ORIENTED_EDGE('',*,*,#6308,.F.);
#8970=ORIENTED_EDGE('',*,*,#6309,.F.);
#8971=ORIENTED_EDGE('',*,*,#6304,.F.);
#8972=ORIENTED_EDGE('',*,*,#6310,.F.);
#8973=ORIENTED_EDGE('',*,*,#6311,.F.);
#8974=ORIENTED_EDGE('',*,*,#6295,.F.);
#8975=ORIENTED_EDGE('',*,*,#6308,.T.);
#8976=ORIENTED_EDGE('',*,*,#6301,.T.);
#8977=ORIENTED_EDGE('',*,*,#6312,.F.);
#8978=ORIENTED_EDGE('',*,*,#6313,.F.);
#8979=ORIENTED_EDGE('',*,*,#6306,.F.);
#8980=ORIENTED_EDGE('',*,*,#6314,.T.);
#8981=ORIENTED_EDGE('',*,*,#6312,.T.);
#8982=ORIENTED_EDGE('',*,*,#6300,.T.);
#8983=ORIENTED_EDGE('',*,*,#6311,.T.);
#8984=ORIENTED_EDGE('',*,*,#6315,.T.);
#8985=ORIENTED_EDGE('',*,*,#6316,.F.);
#8986=ORIENTED_EDGE('',*,*,#6296,.F.);
#8987=ORIENTED_EDGE('',*,*,#6290,.F.);
#8988=ORIENTED_EDGE('',*,*,#6297,.T.);
#8989=ORIENTED_EDGE('',*,*,#6316,.T.);
#8990=ORIENTED_EDGE('',*,*,#6317,.T.);
#8991=ORIENTED_EDGE('',*,*,#6309,.T.);
#8992=ORIENTED_EDGE('',*,*,#6313,.T.);
#8993=ORIENTED_EDGE('',*,*,#6314,.F.);
#8994=ORIENTED_EDGE('',*,*,#6305,.F.);
#8995=ORIENTED_EDGE('',*,*,#6318,.F.);
#8996=ORIENTED_EDGE('',*,*,#6287,.F.);
#8997=ORIENTED_EDGE('',*,*,#6317,.F.);
#8998=ORIENTED_EDGE('',*,*,#6315,.F.);
#8999=ORIENTED_EDGE('',*,*,#6310,.T.);
#9000=ORIENTED_EDGE('',*,*,#6303,.F.);
#9001=ORIENTED_EDGE('',*,*,#6291,.F.);
#9002=ORIENTED_EDGE('',*,*,#6283,.F.);
#9003=ORIENTED_EDGE('',*,*,#6318,.T.);
#9004=ORIENTED_EDGE('',*,*,#6307,.T.);
#9005=ORIENTED_EDGE('',*,*,#6298,.T.);
#9006=ORIENTED_EDGE('',*,*,#6288,.T.);
#9007=ORIENTED_EDGE('',*,*,#6319,.T.);
#9008=ORIENTED_EDGE('',*,*,#6320,.F.);
#9009=ORIENTED_EDGE('',*,*,#6321,.T.);
#9010=ORIENTED_EDGE('',*,*,#6322,.F.);
#9011=ORIENTED_EDGE('',*,*,#6321,.F.);
#9012=ORIENTED_EDGE('',*,*,#6323,.F.);
#9013=ORIENTED_EDGE('',*,*,#6324,.F.);
#9014=ORIENTED_EDGE('',*,*,#6325,.F.);
#9015=ORIENTED_EDGE('',*,*,#6326,.T.);
#9016=ORIENTED_EDGE('',*,*,#6327,.F.);
#9017=ORIENTED_EDGE('',*,*,#6328,.T.);
#9018=ORIENTED_EDGE('',*,*,#6329,.F.);
#9019=ORIENTED_EDGE('',*,*,#6328,.F.);
#9020=ORIENTED_EDGE('',*,*,#6330,.F.);
#9021=ORIENTED_EDGE('',*,*,#6331,.F.);
#9022=ORIENTED_EDGE('',*,*,#6332,.F.);
#9023=ORIENTED_EDGE('',*,*,#6323,.T.);
#9024=ORIENTED_EDGE('',*,*,#6320,.T.);
#9025=ORIENTED_EDGE('',*,*,#6333,.T.);
#9026=ORIENTED_EDGE('',*,*,#6329,.T.);
#9027=ORIENTED_EDGE('',*,*,#6332,.T.);
#9028=ORIENTED_EDGE('',*,*,#6334,.T.);
#9029=ORIENTED_EDGE('',*,*,#6335,.F.);
#9030=ORIENTED_EDGE('',*,*,#6336,.T.);
#9031=ORIENTED_EDGE('',*,*,#6337,.F.);
#9032=ORIENTED_EDGE('',*,*,#6338,.F.);
#9033=ORIENTED_EDGE('',*,*,#6339,.F.);
#9034=ORIENTED_EDGE('',*,*,#6340,.F.);
#9035=ORIENTED_EDGE('',*,*,#6324,.T.);
#9036=ORIENTED_EDGE('',*,*,#6340,.T.);
#9037=ORIENTED_EDGE('',*,*,#6341,.F.);
#9038=ORIENTED_EDGE('',*,*,#6342,.F.);
#9039=ORIENTED_EDGE('',*,*,#6343,.F.);
#9040=ORIENTED_EDGE('',*,*,#6344,.T.);
#9041=ORIENTED_EDGE('',*,*,#6341,.T.);
#9042=ORIENTED_EDGE('',*,*,#6339,.T.);
#9043=ORIENTED_EDGE('',*,*,#6331,.T.);
#9044=ORIENTED_EDGE('',*,*,#6345,.T.);
#9045=ORIENTED_EDGE('',*,*,#6346,.F.);
#9046=ORIENTED_EDGE('',*,*,#6334,.F.);
#9047=ORIENTED_EDGE('',*,*,#6347,.F.);
#9048=ORIENTED_EDGE('',*,*,#6335,.T.);
#9049=ORIENTED_EDGE('',*,*,#6346,.T.);
#9050=ORIENTED_EDGE('',*,*,#6348,.T.);
#9051=ORIENTED_EDGE('',*,*,#6349,.F.);
#9052=ORIENTED_EDGE('',*,*,#6326,.F.);
#9053=ORIENTED_EDGE('',*,*,#6333,.F.);
#9054=ORIENTED_EDGE('',*,*,#6319,.F.);
#9055=ORIENTED_EDGE('',*,*,#6343,.T.);
#9056=ORIENTED_EDGE('',*,*,#6338,.T.);
#9057=ORIENTED_EDGE('',*,*,#6350,.F.);
#9058=ORIENTED_EDGE('',*,*,#6351,.F.);
#9059=ORIENTED_EDGE('',*,*,#6325,.T.);
#9060=ORIENTED_EDGE('',*,*,#6342,.T.);
#9061=ORIENTED_EDGE('',*,*,#6344,.F.);
#9062=ORIENTED_EDGE('',*,*,#6351,.T.);
#9063=ORIENTED_EDGE('',*,*,#6352,.F.);
#9064=ORIENTED_EDGE('',*,*,#6353,.F.);
#9065=ORIENTED_EDGE('',*,*,#6348,.F.);
#9066=ORIENTED_EDGE('',*,*,#6345,.F.);
#9067=ORIENTED_EDGE('',*,*,#6330,.T.);
#9068=ORIENTED_EDGE('',*,*,#6327,.T.);
#9069=ORIENTED_EDGE('',*,*,#6349,.T.);
#9070=ORIENTED_EDGE('',*,*,#6322,.T.);
#9071=ORIENTED_EDGE('',*,*,#6347,.T.);
#9072=ORIENTED_EDGE('',*,*,#6353,.T.);
#9073=ORIENTED_EDGE('',*,*,#6354,.F.);
#9074=ORIENTED_EDGE('',*,*,#6336,.F.);
#9075=ORIENTED_EDGE('',*,*,#6350,.T.);
#9076=ORIENTED_EDGE('',*,*,#6337,.T.);
#9077=ORIENTED_EDGE('',*,*,#6354,.T.);
#9078=ORIENTED_EDGE('',*,*,#6352,.T.);
#9079=ORIENTED_EDGE('',*,*,#6355,.F.);
#9080=ORIENTED_EDGE('',*,*,#6356,.T.);
#9081=ORIENTED_EDGE('',*,*,#6357,.F.);
#9082=ORIENTED_EDGE('',*,*,#6356,.F.);
#9083=ORIENTED_EDGE('',*,*,#6358,.F.);
#9084=ORIENTED_EDGE('',*,*,#6359,.T.);
#9085=ORIENTED_EDGE('',*,*,#6360,.F.);
#9086=ORIENTED_EDGE('',*,*,#6359,.F.);
#9087=ORIENTED_EDGE('',*,*,#6361,.F.);
#9088=ORIENTED_EDGE('',*,*,#6362,.T.);
#9089=ORIENTED_EDGE('',*,*,#6363,.F.);
#9090=ORIENTED_EDGE('',*,*,#6362,.F.);
#9091=ORIENTED_EDGE('',*,*,#6364,.F.);
#9092=ORIENTED_EDGE('',*,*,#6365,.T.);
#9093=ORIENTED_EDGE('',*,*,#6366,.F.);
#9094=ORIENTED_EDGE('',*,*,#6365,.F.);
#9095=ORIENTED_EDGE('',*,*,#6367,.T.);
#9096=ORIENTED_EDGE('',*,*,#6368,.F.);
#9097=ORIENTED_EDGE('',*,*,#6369,.T.);
#9098=ORIENTED_EDGE('',*,*,#6370,.F.);
#9099=ORIENTED_EDGE('',*,*,#6371,.F.);
#9100=ORIENTED_EDGE('',*,*,#6372,.T.);
#9101=ORIENTED_EDGE('',*,*,#6373,.T.);
#9102=ORIENTED_EDGE('',*,*,#6374,.T.);
#9103=ORIENTED_EDGE('',*,*,#6375,.T.);
#9104=ORIENTED_EDGE('',*,*,#6376,.T.);
#9105=ORIENTED_EDGE('',*,*,#6377,.F.);
#9106=ORIENTED_EDGE('',*,*,#6367,.F.);
#9107=ORIENTED_EDGE('',*,*,#6360,.T.);
#9108=ORIENTED_EDGE('',*,*,#6366,.T.);
#9109=ORIENTED_EDGE('',*,*,#6370,.T.);
#9110=ORIENTED_EDGE('',*,*,#6378,.T.);
#9111=ORIENTED_EDGE('',*,*,#6379,.F.);
#9112=ORIENTED_EDGE('',*,*,#6371,.T.);
#9113=ORIENTED_EDGE('',*,*,#6380,.T.);
#9114=ORIENTED_EDGE('',*,*,#6381,.T.);
#9115=ORIENTED_EDGE('',*,*,#6382,.F.);
#9116=ORIENTED_EDGE('',*,*,#6383,.T.);
#9117=ORIENTED_EDGE('',*,*,#6373,.F.);
#9118=ORIENTED_EDGE('',*,*,#6384,.F.);
#9119=ORIENTED_EDGE('',*,*,#6385,.T.);
#9120=ORIENTED_EDGE('',*,*,#6386,.T.);
#9121=ORIENTED_EDGE('',*,*,#6387,.F.);
#9122=ORIENTED_EDGE('',*,*,#6388,.F.);
#9123=ORIENTED_EDGE('',*,*,#6378,.F.);
#9124=ORIENTED_EDGE('',*,*,#6369,.F.);
#9125=ORIENTED_EDGE('',*,*,#6389,.F.);
#9126=ORIENTED_EDGE('',*,*,#6390,.F.);
#9127=ORIENTED_EDGE('',*,*,#6391,.F.);
#9128=ORIENTED_EDGE('',*,*,#6380,.F.);
#9129=ORIENTED_EDGE('',*,*,#6355,.T.);
#9130=ORIENTED_EDGE('',*,*,#6361,.T.);
#9131=ORIENTED_EDGE('',*,*,#6387,.T.);
#9132=ORIENTED_EDGE('',*,*,#6383,.F.);
#9133=ORIENTED_EDGE('',*,*,#6392,.F.);
#9134=ORIENTED_EDGE('',*,*,#6393,.F.);
#9135=ORIENTED_EDGE('',*,*,#6394,.F.);
#9136=ORIENTED_EDGE('',*,*,#6395,.T.);
#9137=ORIENTED_EDGE('',*,*,#6374,.F.);
#9138=ORIENTED_EDGE('',*,*,#6386,.F.);
#9139=ORIENTED_EDGE('',*,*,#6392,.T.);
#9140=ORIENTED_EDGE('',*,*,#6382,.T.);
#9141=ORIENTED_EDGE('',*,*,#6396,.T.);
#9142=ORIENTED_EDGE('',*,*,#6397,.T.);
#9143=ORIENTED_EDGE('',*,*,#6357,.T.);
#9144=ORIENTED_EDGE('',*,*,#6363,.T.);
#9145=ORIENTED_EDGE('',*,*,#6398,.F.);
#9146=ORIENTED_EDGE('',*,*,#6399,.T.);
#9147=ORIENTED_EDGE('',*,*,#6375,.F.);
#9148=ORIENTED_EDGE('',*,*,#6395,.F.);
#9149=ORIENTED_EDGE('',*,*,#6368,.T.);
#9150=ORIENTED_EDGE('',*,*,#6377,.T.);
#9151=ORIENTED_EDGE('',*,*,#6400,.F.);
#9152=ORIENTED_EDGE('',*,*,#6389,.T.);
#9153=ORIENTED_EDGE('',*,*,#6385,.F.);
#9154=ORIENTED_EDGE('',*,*,#6401,.T.);
#9155=ORIENTED_EDGE('',*,*,#6398,.T.);
#9156=ORIENTED_EDGE('',*,*,#6394,.T.);
#9157=ORIENTED_EDGE('',*,*,#6358,.T.);
#9158=ORIENTED_EDGE('',*,*,#6364,.T.);
#9159=ORIENTED_EDGE('',*,*,#6391,.T.);
#9160=ORIENTED_EDGE('',*,*,#6402,.T.);
#9161=ORIENTED_EDGE('',*,*,#6396,.F.);
#9162=ORIENTED_EDGE('',*,*,#6381,.F.);
#9163=ORIENTED_EDGE('',*,*,#6388,.T.);
#9164=ORIENTED_EDGE('',*,*,#6393,.T.);
#9165=ORIENTED_EDGE('',*,*,#6397,.F.);
#9166=ORIENTED_EDGE('',*,*,#6402,.F.);
#9167=ORIENTED_EDGE('',*,*,#6390,.T.);
#9168=ORIENTED_EDGE('',*,*,#6400,.T.);
#9169=ORIENTED_EDGE('',*,*,#6376,.F.);
#9170=ORIENTED_EDGE('',*,*,#6399,.F.);
#9171=ORIENTED_EDGE('',*,*,#6401,.F.);
#9172=ORIENTED_EDGE('',*,*,#6384,.T.);
#9173=ORIENTED_EDGE('',*,*,#6372,.F.);
#9174=ORIENTED_EDGE('',*,*,#6379,.T.);
#9175=ORIENTED_EDGE('',*,*,#6403,.F.);
#9176=ORIENTED_EDGE('',*,*,#6404,.T.);
#9177=ORIENTED_EDGE('',*,*,#6405,.F.);
#9178=ORIENTED_EDGE('',*,*,#6406,.F.);
#9179=ORIENTED_EDGE('',*,*,#6407,.T.);
#9180=ORIENTED_EDGE('',*,*,#6406,.T.);
#9181=ORIENTED_EDGE('',*,*,#6408,.F.);
#9182=ORIENTED_EDGE('',*,*,#6409,.F.);
#9183=ORIENTED_EDGE('',*,*,#6410,.T.);
#9184=ORIENTED_EDGE('',*,*,#6409,.T.);
#9185=ORIENTED_EDGE('',*,*,#6411,.F.);
#9186=ORIENTED_EDGE('',*,*,#6412,.F.);
#9187=ORIENTED_EDGE('',*,*,#6413,.T.);
#9188=ORIENTED_EDGE('',*,*,#6412,.T.);
#9189=ORIENTED_EDGE('',*,*,#6414,.F.);
#9190=ORIENTED_EDGE('',*,*,#6404,.F.);
#9191=ORIENTED_EDGE('',*,*,#6414,.T.);
#9192=ORIENTED_EDGE('',*,*,#6411,.T.);
#9193=ORIENTED_EDGE('',*,*,#6408,.T.);
#9194=ORIENTED_EDGE('',*,*,#6405,.T.);
#9195=ORIENTED_EDGE('',*,*,#6413,.F.);
#9196=ORIENTED_EDGE('',*,*,#6403,.T.);
#9197=ORIENTED_EDGE('',*,*,#6407,.F.);
#9198=ORIENTED_EDGE('',*,*,#6410,.F.);
#9199=ORIENTED_EDGE('',*,*,#6415,.F.);
#9200=ORIENTED_EDGE('',*,*,#6416,.F.);
#9201=ORIENTED_EDGE('',*,*,#6417,.F.);
#9202=ORIENTED_EDGE('',*,*,#6418,.F.);
#9203=ORIENTED_EDGE('',*,*,#6416,.T.);
#9204=ORIENTED_EDGE('',*,*,#6419,.T.);
#9205=ORIENTED_EDGE('',*,*,#6420,.F.);
#9206=ORIENTED_EDGE('',*,*,#6421,.F.);
#9207=ORIENTED_EDGE('',*,*,#6415,.T.);
#9208=ORIENTED_EDGE('',*,*,#6422,.T.);
#9209=ORIENTED_EDGE('',*,*,#6423,.F.);
#9210=ORIENTED_EDGE('',*,*,#6419,.F.);
#9211=ORIENTED_EDGE('',*,*,#6417,.T.);
#9212=ORIENTED_EDGE('',*,*,#6421,.T.);
#9213=ORIENTED_EDGE('',*,*,#6424,.F.);
#9214=ORIENTED_EDGE('',*,*,#6425,.F.);
#9215=ORIENTED_EDGE('',*,*,#6418,.T.);
#9216=ORIENTED_EDGE('',*,*,#6425,.T.);
#9217=ORIENTED_EDGE('',*,*,#6426,.F.);
#9218=ORIENTED_EDGE('',*,*,#6422,.F.);
#9219=ORIENTED_EDGE('',*,*,#6423,.T.);
#9220=ORIENTED_EDGE('',*,*,#6426,.T.);
#9221=ORIENTED_EDGE('',*,*,#6424,.T.);
#9222=ORIENTED_EDGE('',*,*,#6420,.T.);
#9223=ORIENTED_EDGE('',*,*,#6427,.F.);
#9224=ORIENTED_EDGE('',*,*,#6428,.F.);
#9225=ORIENTED_EDGE('',*,*,#6429,.F.);
#9226=ORIENTED_EDGE('',*,*,#6430,.F.);
#9227=ORIENTED_EDGE('',*,*,#6428,.T.);
#9228=ORIENTED_EDGE('',*,*,#6431,.T.);
#9229=ORIENTED_EDGE('',*,*,#6432,.F.);
#9230=ORIENTED_EDGE('',*,*,#6433,.F.);
#9231=ORIENTED_EDGE('',*,*,#6427,.T.);
#9232=ORIENTED_EDGE('',*,*,#6434,.T.);
#9233=ORIENTED_EDGE('',*,*,#6435,.F.);
#9234=ORIENTED_EDGE('',*,*,#6431,.F.);
#9235=ORIENTED_EDGE('',*,*,#6429,.T.);
#9236=ORIENTED_EDGE('',*,*,#6433,.T.);
#9237=ORIENTED_EDGE('',*,*,#6436,.F.);
#9238=ORIENTED_EDGE('',*,*,#6437,.F.);
#9239=ORIENTED_EDGE('',*,*,#6430,.T.);
#9240=ORIENTED_EDGE('',*,*,#6437,.T.);
#9241=ORIENTED_EDGE('',*,*,#6438,.F.);
#9242=ORIENTED_EDGE('',*,*,#6434,.F.);
#9243=ORIENTED_EDGE('',*,*,#6435,.T.);
#9244=ORIENTED_EDGE('',*,*,#6438,.T.);
#9245=ORIENTED_EDGE('',*,*,#6436,.T.);
#9246=ORIENTED_EDGE('',*,*,#6432,.T.);
#9247=ORIENTED_EDGE('',*,*,#6439,.F.);
#9248=ORIENTED_EDGE('',*,*,#6440,.F.);
#9249=ORIENTED_EDGE('',*,*,#6441,.F.);
#9250=ORIENTED_EDGE('',*,*,#6442,.F.);
#9251=ORIENTED_EDGE('',*,*,#6440,.T.);
#9252=ORIENTED_EDGE('',*,*,#6443,.T.);
#9253=ORIENTED_EDGE('',*,*,#6444,.F.);
#9254=ORIENTED_EDGE('',*,*,#6445,.F.);
#9255=ORIENTED_EDGE('',*,*,#6439,.T.);
#9256=ORIENTED_EDGE('',*,*,#6446,.T.);
#9257=ORIENTED_EDGE('',*,*,#6447,.F.);
#9258=ORIENTED_EDGE('',*,*,#6443,.F.);
#9259=ORIENTED_EDGE('',*,*,#6441,.T.);
#9260=ORIENTED_EDGE('',*,*,#6445,.T.);
#9261=ORIENTED_EDGE('',*,*,#6448,.F.);
#9262=ORIENTED_EDGE('',*,*,#6449,.F.);
#9263=ORIENTED_EDGE('',*,*,#6442,.T.);
#9264=ORIENTED_EDGE('',*,*,#6449,.T.);
#9265=ORIENTED_EDGE('',*,*,#6450,.F.);
#9266=ORIENTED_EDGE('',*,*,#6446,.F.);
#9267=ORIENTED_EDGE('',*,*,#6447,.T.);
#9268=ORIENTED_EDGE('',*,*,#6450,.T.);
#9269=ORIENTED_EDGE('',*,*,#6448,.T.);
#9270=ORIENTED_EDGE('',*,*,#6444,.T.);
#9271=ORIENTED_EDGE('',*,*,#6451,.F.);
#9272=ORIENTED_EDGE('',*,*,#6452,.F.);
#9273=ORIENTED_EDGE('',*,*,#6453,.F.);
#9274=ORIENTED_EDGE('',*,*,#6454,.F.);
#9275=ORIENTED_EDGE('',*,*,#6452,.T.);
#9276=ORIENTED_EDGE('',*,*,#6455,.T.);
#9277=ORIENTED_EDGE('',*,*,#6456,.F.);
#9278=ORIENTED_EDGE('',*,*,#6457,.F.);
#9279=ORIENTED_EDGE('',*,*,#6451,.T.);
#9280=ORIENTED_EDGE('',*,*,#6458,.T.);
#9281=ORIENTED_EDGE('',*,*,#6459,.F.);
#9282=ORIENTED_EDGE('',*,*,#6455,.F.);
#9283=ORIENTED_EDGE('',*,*,#6453,.T.);
#9284=ORIENTED_EDGE('',*,*,#6457,.T.);
#9285=ORIENTED_EDGE('',*,*,#6460,.F.);
#9286=ORIENTED_EDGE('',*,*,#6461,.F.);
#9287=ORIENTED_EDGE('',*,*,#6454,.T.);
#9288=ORIENTED_EDGE('',*,*,#6461,.T.);
#9289=ORIENTED_EDGE('',*,*,#6462,.F.);
#9290=ORIENTED_EDGE('',*,*,#6458,.F.);
#9291=ORIENTED_EDGE('',*,*,#6459,.T.);
#9292=ORIENTED_EDGE('',*,*,#6462,.T.);
#9293=ORIENTED_EDGE('',*,*,#6460,.T.);
#9294=ORIENTED_EDGE('',*,*,#6456,.T.);
#9295=PLANE('',#10438);
#9296=PLANE('',#10439);
#9297=PLANE('',#10440);
#9298=PLANE('',#10441);
#9299=PLANE('',#10442);
#9300=PLANE('',#10443);
#9301=PLANE('',#10444);
#9302=PLANE('',#10445);
#9303=PLANE('',#10446);
#9304=PLANE('',#10447);
#9305=PLANE('',#10448);
#9306=PLANE('',#10449);
#9307=PLANE('',#10450);
#9308=PLANE('',#10451);
#9309=PLANE('',#10452);
#9310=PLANE('',#10453);
#9311=PLANE('',#10454);
#9312=PLANE('',#10455);
#9313=PLANE('',#10456);
#9314=PLANE('',#10457);
#9315=PLANE('',#10458);
#9316=PLANE('',#10459);
#9317=PLANE('',#10472);
#9318=PLANE('',#10473);
#9319=PLANE('',#10475);
#9320=PLANE('',#10476);
#9321=PLANE('',#10479);
#9322=PLANE('',#10483);
#9323=PLANE('',#10484);
#9324=PLANE('',#10485);
#9325=PLANE('',#10486);
#9326=PLANE('',#10487);
#9327=PLANE('',#10488);
#9328=PLANE('',#10489);
#9329=PLANE('',#10502);
#9330=PLANE('',#10503);
#9331=PLANE('',#10504);
#9332=PLANE('',#10505);
#9333=PLANE('',#10512);
#9334=PLANE('',#10513);
#9335=PLANE('',#10514);
#9336=PLANE('',#10515);
#9337=PLANE('',#10516);
#9338=PLANE('',#10517);
#9339=PLANE('',#10518);
#9340=PLANE('',#10519);
#9341=PLANE('',#10526);
#9342=PLANE('',#10527);
#9343=PLANE('',#10528);
#9344=PLANE('',#10529);
#9345=PLANE('',#10530);
#9346=PLANE('',#10531);
#9347=PLANE('',#10532);
#9348=PLANE('',#10533);
#9349=PLANE('',#10534);
#9350=PLANE('',#10535);
#9351=PLANE('',#10536);
#9352=PLANE('',#10537);
#9353=PLANE('',#10538);
#9354=PLANE('',#10539);
#9355=PLANE('',#10552);
#9356=PLANE('',#10553);
#9357=PLANE('',#10555);
#9358=PLANE('',#10556);
#9359=PLANE('',#10558);
#9360=PLANE('',#10565);
#9361=PLANE('',#10566);
#9362=PLANE('',#10568);
#9363=PLANE('',#10569);
#9364=PLANE('',#10574);
#9365=PLANE('',#10578);
#9366=PLANE('',#10579);
#9367=PLANE('',#10580);
#9368=PLANE('',#10581);
#9369=PLANE('',#10582);
#9370=PLANE('',#10583);
#9371=PLANE('',#10584);
#9372=PLANE('',#10585);
#9373=PLANE('',#10586);
#9374=PLANE('',#10587);
#9375=PLANE('',#10588);
#9376=PLANE('',#10589);
#9377=PLANE('',#10590);
#9378=PLANE('',#10591);
#9379=PLANE('',#10592);
#9380=PLANE('',#10593);
#9381=PLANE('',#10594);
#9382=PLANE('',#10595);
#9383=PLANE('',#10596);
#9384=PLANE('',#10597);
#9385=PLANE('',#10598);
#9386=PLANE('',#10599);
#9387=PLANE('',#10600);
#9388=PLANE('',#10601);
#9389=PLANE('',#10602);
#9390=PLANE('',#10603);
#9391=PLANE('',#10604);
#9392=PLANE('',#10605);
#9393=PLANE('',#10606);
#9394=PLANE('',#10607);
#9395=PLANE('',#10608);
#9396=PLANE('',#10609);
#9397=PLANE('',#10610);
#9398=PLANE('',#10611);
#9399=PLANE('',#10612);
#9400=PLANE('',#10613);
#9401=PLANE('',#10614);
#9402=PLANE('',#10615);
#9403=PLANE('',#10616);
#9404=PLANE('',#10617);
#9405=PLANE('',#10618);
#9406=PLANE('',#10619);
#9407=PLANE('',#10620);
#9408=PLANE('',#10621);
#9409=PLANE('',#10622);
#9410=PLANE('',#10623);
#9411=PLANE('',#10624);
#9412=PLANE('',#10625);
#9413=PLANE('',#10626);
#9414=PLANE('',#10627);
#9415=PLANE('',#10628);
#9416=PLANE('',#10629);
#9417=PLANE('',#10630);
#9418=PLANE('',#10631);
#9419=PLANE('',#10632);
#9420=PLANE('',#10633);
#9421=PLANE('',#10634);
#9422=PLANE('',#10635);
#9423=PLANE('',#10636);
#9424=PLANE('',#10637);
#9425=PLANE('',#10638);
#9426=PLANE('',#10639);
#9427=PLANE('',#10640);
#9428=PLANE('',#10641);
#9429=PLANE('',#10642);
#9430=PLANE('',#10643);
#9431=PLANE('',#10644);
#9432=PLANE('',#10645);
#9433=PLANE('',#10646);
#9434=PLANE('',#10647);
#9435=PLANE('',#10648);
#9436=PLANE('',#10649);
#9437=PLANE('',#10650);
#9438=PLANE('',#10651);
#9439=PLANE('',#10652);
#9440=PLANE('',#10653);
#9441=PLANE('',#10654);
#9442=PLANE('',#10655);
#9443=PLANE('',#10656);
#9444=PLANE('',#10657);
#9445=PLANE('',#10658);
#9446=PLANE('',#10659);
#9447=PLANE('',#10660);
#9448=PLANE('',#10661);
#9449=PLANE('',#10662);
#9450=PLANE('',#10663);
#9451=PLANE('',#10664);
#9452=PLANE('',#10665);
#9453=PLANE('',#10666);
#9454=PLANE('',#10667);
#9455=PLANE('',#10668);
#9456=PLANE('',#10669);
#9457=PLANE('',#10670);
#9458=PLANE('',#10671);
#9459=PLANE('',#10672);
#9460=PLANE('',#10673);
#9461=PLANE('',#10674);
#9462=PLANE('',#10675);
#9463=PLANE('',#10676);
#9464=PLANE('',#10677);
#9465=PLANE('',#10678);
#9466=PLANE('',#10679);
#9467=PLANE('',#10680);
#9468=PLANE('',#10681);
#9469=PLANE('',#10682);
#9470=PLANE('',#10683);
#9471=PLANE('',#10684);
#9472=PLANE('',#10685);
#9473=PLANE('',#10686);
#9474=PLANE('',#10687);
#9475=PLANE('',#10688);
#9476=PLANE('',#10689);
#9477=PLANE('',#10690);
#9478=PLANE('',#10691);
#9479=PLANE('',#10692);
#9480=PLANE('',#10693);
#9481=PLANE('',#10695);
#9482=PLANE('',#10696);
#9483=PLANE('',#10698);
#9484=PLANE('',#10699);
#9485=PLANE('',#10700);
#9486=PLANE('',#10701);
#9487=PLANE('',#10703);
#9488=PLANE('',#10705);
#9489=PLANE('',#10707);
#9490=PLANE('',#10710);
#9491=PLANE('',#10711);
#9492=PLANE('',#10712);
#9493=PLANE('',#10713);
#9494=PLANE('',#10714);
#9495=PLANE('',#10715);
#9496=PLANE('',#10716);
#9497=PLANE('',#10717);
#9498=PLANE('',#10718);
#9499=PLANE('',#10719);
#9500=PLANE('',#10720);
#9501=PLANE('',#10721);
#9502=PLANE('',#10722);
#9503=PLANE('',#10723);
#9504=PLANE('',#10724);
#9505=PLANE('',#10725);
#9506=PLANE('',#10726);
#9507=PLANE('',#10727);
#9508=PLANE('',#10728);
#9509=PLANE('',#10729);
#9510=PLANE('',#10730);
#9511=PLANE('',#10731);
#9512=PLANE('',#10732);
#9513=PLANE('',#10733);
#9514=PLANE('',#10734);
#9515=PLANE('',#10735);
#9516=PLANE('',#10736);
#9517=PLANE('',#10737);
#9518=PLANE('',#10738);
#9519=PLANE('',#10739);
#9520=PLANE('',#10740);
#9521=PLANE('',#10741);
#9522=PLANE('',#10742);
#9523=PLANE('',#10743);
#9524=PLANE('',#10744);
#9525=PLANE('',#10745);
#9526=PLANE('',#10746);
#9527=PLANE('',#10747);
#9528=PLANE('',#10748);
#9529=PLANE('',#10749);
#9530=PLANE('',#10750);
#9531=PLANE('',#10751);
#9532=PLANE('',#10752);
#9533=PLANE('',#10753);
#9534=PLANE('',#10757);
#9535=PLANE('',#10758);
#9536=PLANE('',#10762);
#9537=PLANE('',#10763);
#9538=PLANE('',#10767);
#9539=PLANE('',#10768);
#9540=PLANE('',#10772);
#9541=PLANE('',#10773);
#9542=PLANE('',#10777);
#9543=PLANE('',#10778);
#9544=PLANE('',#10782);
#9545=PLANE('',#10783);
#9546=PLANE('',#10787);
#9547=PLANE('',#10788);
#9548=PLANE('',#10792);
#9549=PLANE('',#10793);
#9550=PLANE('',#10794);
#9551=PLANE('',#10795);
#9552=PLANE('',#10796);
#9553=PLANE('',#10797);
#9554=PLANE('',#10798);
#9555=PLANE('',#10799);
#9556=PLANE('',#10800);
#9557=PLANE('',#10801);
#9558=PLANE('',#10802);
#9559=PLANE('',#10803);
#9560=PLANE('',#10804);
#9561=PLANE('',#10805);
#9562=PLANE('',#10806);
#9563=PLANE('',#10807);
#9564=PLANE('',#10808);
#9565=PLANE('',#10809);
#9566=PLANE('',#10810);
#9567=PLANE('',#10811);
#9568=PLANE('',#10812);
#9569=PLANE('',#10813);
#9570=PLANE('',#10814);
#9571=PLANE('',#10815);
#9572=PLANE('',#10816);
#9573=PLANE('',#10817);
#9574=PLANE('',#10818);
#9575=PLANE('',#10819);
#9576=PLANE('',#10820);
#9577=PLANE('',#10821);
#9578=PLANE('',#10822);
#9579=PLANE('',#10823);
#9580=PLANE('',#10825);
#9581=PLANE('',#10826);
#9582=PLANE('',#10828);
#9583=PLANE('',#10829);
#9584=PLANE('',#10830);
#9585=PLANE('',#10831);
#9586=PLANE('',#10833);
#9587=PLANE('',#10835);
#9588=PLANE('',#10837);
#9589=PLANE('',#10840);
#9590=PLANE('',#10841);
#9591=PLANE('',#10842);
#9592=PLANE('',#10843);
#9593=PLANE('',#10844);
#9594=PLANE('',#10845);
#9595=PLANE('',#10846);
#9596=PLANE('',#10847);
#9597=PLANE('',#10848);
#9598=PLANE('',#10849);
#9599=PLANE('',#10850);
#9600=PLANE('',#10851);
#9601=PLANE('',#10852);
#9602=PLANE('',#10853);
#9603=PLANE('',#10854);
#9604=PLANE('',#10855);
#9605=PLANE('',#10856);
#9606=PLANE('',#10857);
#9607=PLANE('',#10858);
#9608=PLANE('',#10859);
#9609=PLANE('',#10860);
#9610=PLANE('',#10861);
#9611=PLANE('',#10862);
#9612=PLANE('',#10863);
#9613=PLANE('',#10864);
#9614=PLANE('',#10865);
#9615=PLANE('',#10866);
#9616=PLANE('',#10867);
#9617=PLANE('',#10868);
#9618=PLANE('',#10869);
#9619=PLANE('',#10870);
#9620=PLANE('',#10871);
#9621=PLANE('',#10872);
#9622=PLANE('',#10873);
#9623=PLANE('',#10874);
#9624=PLANE('',#10875);
#9625=PLANE('',#10876);
#9626=PLANE('',#10877);
#9627=PLANE('',#10878);
#9628=PLANE('',#10879);
#9629=PLANE('',#10880);
#9630=PLANE('',#10881);
#9631=PLANE('',#10882);
#9632=PLANE('',#10883);
#9633=PLANE('',#10884);
#9634=PLANE('',#10885);
#9635=PLANE('',#10886);
#9636=PLANE('',#10887);
#9637=PLANE('',#10888);
#9638=PLANE('',#10889);
#9639=PLANE('',#10890);
#9640=PLANE('',#10891);
#9641=PLANE('',#10892);
#9642=PLANE('',#10893);
#9643=PLANE('',#10894);
#9644=PLANE('',#10895);
#9645=PLANE('',#10896);
#9646=PLANE('',#10897);
#9647=PLANE('',#10898);
#9648=PLANE('',#10899);
#9649=PLANE('',#10900);
#9650=PLANE('',#10901);
#9651=PLANE('',#10902);
#9652=PLANE('',#10903);
#9653=PLANE('',#10904);
#9654=PLANE('',#10905);
#9655=PLANE('',#10906);
#9656=PLANE('',#10907);
#9657=PLANE('',#10908);
#9658=PLANE('',#10909);
#9659=PLANE('',#10910);
#9660=PLANE('',#10911);
#9661=PLANE('',#10912);
#9662=PLANE('',#10913);
#9663=PLANE('',#10914);
#9664=PLANE('',#10915);
#9665=PLANE('',#10916);
#9666=PLANE('',#10917);
#9667=PLANE('',#10918);
#9668=PLANE('',#10919);
#9669=PLANE('',#10920);
#9670=PLANE('',#10921);
#9671=PLANE('',#10922);
#9672=PLANE('',#10923);
#9673=PLANE('',#10924);
#9674=PLANE('',#10925);
#9675=PLANE('',#10926);
#9676=PLANE('',#10927);
#9677=PLANE('',#10928);
#9678=PLANE('',#10929);
#9679=PLANE('',#10933);
#9680=PLANE('',#10934);
#9681=PLANE('',#10935);
#9682=PLANE('',#10936);
#9683=PLANE('',#10937);
#9684=PLANE('',#10938);
#9685=PLANE('',#10939);
#9686=PLANE('',#10943);
#9687=PLANE('',#10944);
#9688=PLANE('',#10948);
#9689=PLANE('',#10949);
#9690=PLANE('',#10956);
#9691=PLANE('',#10957);
#9692=PLANE('',#10958);
#9693=PLANE('',#10959);
#9694=PLANE('',#10963);
#9695=PLANE('',#10964);
#9696=PLANE('',#10965);
#9697=PLANE('',#10966);
#9698=PLANE('',#10967);
#9699=PLANE('',#10968);
#9700=PLANE('',#10970);
#9701=PLANE('',#10976);
#9702=PLANE('',#10977);
#9703=PLANE('',#10978);
#9704=PLANE('',#10979);
#9705=PLANE('',#10980);
#9706=PLANE('',#10981);
#9707=PLANE('',#10982);
#9708=PLANE('',#10983);
#9709=PLANE('',#10984);
#9710=PLANE('',#10985);
#9711=PLANE('',#10986);
#9712=PLANE('',#10987);
#9713=PLANE('',#11000);
#9714=PLANE('',#11001);
#9715=PLANE('',#11003);
#9716=PLANE('',#11004);
#9717=PLANE('',#11006);
#9718=PLANE('',#11013);
#9719=PLANE('',#11014);
#9720=PLANE('',#11016);
#9721=PLANE('',#11017);
#9722=PLANE('',#11022);
#9723=PLANE('',#11026);
#9724=PLANE('',#11027);
#9725=PLANE('',#11028);
#9726=PLANE('',#11029);
#9727=PLANE('',#11030);
#9728=PLANE('',#11031);
#9729=PLANE('',#11032);
#9730=PLANE('',#11033);
#9731=PLANE('',#11034);
#9732=PLANE('',#11035);
#9733=PLANE('',#11036);
#9734=PLANE('',#11037);
#9735=PLANE('',#11038);
#9736=PLANE('',#11039);
#9737=PLANE('',#11040);
#9738=PLANE('',#11041);
#9739=PLANE('',#11042);
#9740=PLANE('',#11043);
#9741=PLANE('',#11044);
#9742=PLANE('',#11045);
#9743=PLANE('',#11046);
#9744=PLANE('',#11047);
#9745=PLANE('',#11048);
#9746=PLANE('',#11049);
#9747=PLANE('',#11050);
#9748=PLANE('',#11051);
#9749=PLANE('',#11052);
#9750=PLANE('',#11053);
#9751=PLANE('',#11054);
#9752=PLANE('',#11055);
#9753=PLANE('',#11056);
#9754=PLANE('',#11057);
#9755=PLANE('',#11058);
#9756=PLANE('',#11059);
#9757=PLANE('',#11060);
#9758=PLANE('',#11061);
#9759=PLANE('',#11062);
#9760=PLANE('',#11063);
#9761=PLANE('',#11064);
#9762=PLANE('',#11065);
#9763=PLANE('',#11066);
#9764=PLANE('',#11067);
#9765=PLANE('',#11068);
#9766=PLANE('',#11069);
#9767=PLANE('',#11082);
#9768=PLANE('',#11083);
#9769=PLANE('',#11085);
#9770=PLANE('',#11086);
#9771=PLANE('',#11089);
#9772=PLANE('',#11093);
#9773=PLANE('',#11094);
#9774=PLANE('',#11095);
#9775=PLANE('',#11096);
#9776=PLANE('',#11097);
#9777=PLANE('',#11098);
#9778=PLANE('',#11099);
#9779=PLANE('',#11100);
#9780=PLANE('',#11101);
#9781=PLANE('',#11102);
#9782=PLANE('',#11103);
#9783=PLANE('',#11104);
#9784=PLANE('',#11105);
#9785=PLANE('',#11106);
#9786=PLANE('',#11107);
#9787=PLANE('',#11108);
#9788=PLANE('',#11109);
#9789=PLANE('',#11110);
#9790=PLANE('',#11111);
#9791=PLANE('',#11112);
#9792=PLANE('',#11113);
#9793=PLANE('',#11114);
#9794=PLANE('',#11115);
#9795=PLANE('',#11116);
#9796=PLANE('',#11117);
#9797=PLANE('',#11118);
#9798=PLANE('',#11119);
#9799=PLANE('',#11120);
#9800=PLANE('',#11121);
#9801=PLANE('',#11122);
#9802=PLANE('',#11123);
#9803=PLANE('',#11124);
#9804=PLANE('',#11125);
#9805=PLANE('',#11126);
#9806=PLANE('',#11127);
#9807=PLANE('',#11128);
#9808=PLANE('',#11129);
#9809=ADVANCED_FACE('',(#335),#9295,.T.);
#9810=ADVANCED_FACE('',(#336),#9296,.T.);
#9811=ADVANCED_FACE('',(#337),#9297,.T.);
#9812=ADVANCED_FACE('',(#338),#9298,.T.);
#9813=ADVANCED_FACE('',(#339),#9299,.T.);
#9814=ADVANCED_FACE('',(#340),#9300,.T.);
#9815=ADVANCED_FACE('',(#341),#9301,.T.);
#9816=ADVANCED_FACE('',(#342),#9302,.T.);
#9817=ADVANCED_FACE('',(#343),#9303,.T.);
#9818=ADVANCED_FACE('',(#344),#9304,.F.);
#9819=ADVANCED_FACE('',(#345),#9305,.T.);
#9820=ADVANCED_FACE('',(#346),#9306,.T.);
#9821=ADVANCED_FACE('',(#347),#9307,.T.);
#9822=ADVANCED_FACE('',(#348),#9308,.T.);
#9823=ADVANCED_FACE('',(#349),#9309,.T.);
#9824=ADVANCED_FACE('',(#350),#9310,.T.);
#9825=ADVANCED_FACE('',(#351),#9311,.T.);
#9826=ADVANCED_FACE('',(#352),#9312,.T.);
#9827=ADVANCED_FACE('',(#353),#9313,.T.);
#9828=ADVANCED_FACE('',(#354),#9314,.T.);
#9829=ADVANCED_FACE('',(#355),#9315,.T.);
#9830=ADVANCED_FACE('',(#356),#9316,.T.);
#9831=ADVANCED_FACE('',(#357),#185,.F.);
#9832=ADVANCED_FACE('',(#358),#186,.F.);
#9833=ADVANCED_FACE('',(#359),#187,.F.);
#9834=ADVANCED_FACE('',(#360),#188,.F.);
#9835=ADVANCED_FACE('',(#361),#9317,.F.);
#9836=ADVANCED_FACE('',(#362,#13,#14),#9318,.F.);
#9837=ADVANCED_FACE('',(#363),#9319,.F.);
#9838=ADVANCED_FACE('',(#364),#9320,.T.);
#9839=ADVANCED_FACE('',(#365),#189,.F.);
#9840=ADVANCED_FACE('',(#366,#15,#16),#9321,.T.);
#9841=ADVANCED_FACE('',(#367),#190,.F.);
#9842=ADVANCED_FACE('',(#368),#9322,.T.);
#9843=ADVANCED_FACE('',(#369,#17,#18),#9323,.F.);
#9844=ADVANCED_FACE('',(#370),#9324,.T.);
#9845=ADVANCED_FACE('',(#371),#9325,.F.);
#9846=ADVANCED_FACE('',(#372,#19,#20),#9326,.T.);
#9847=ADVANCED_FACE('',(#373),#9327,.T.);
#9848=ADVANCED_FACE('',(#374),#9328,.T.);
#9849=ADVANCED_FACE('',(#375),#191,.F.);
#9850=ADVANCED_FACE('',(#376),#192,.F.);
#9851=ADVANCED_FACE('',(#377),#193,.F.);
#9852=ADVANCED_FACE('',(#378),#194,.F.);
#9853=ADVANCED_FACE('',(#379),#9329,.F.);
#9854=ADVANCED_FACE('',(#380),#9330,.T.);
#9855=ADVANCED_FACE('',(#381),#9331,.T.);
#9856=ADVANCED_FACE('',(#382),#9332,.F.);
#9857=ADVANCED_FACE('',(#383),#195,.F.);
#9858=ADVANCED_FACE('',(#384),#196,.F.);
#9859=ADVANCED_FACE('',(#385),#9333,.T.);
#9860=ADVANCED_FACE('',(#386,#21,#22),#9334,.T.);
#9861=ADVANCED_FACE('',(#387),#9335,.T.);
#9862=ADVANCED_FACE('',(#388,#23,#24),#9336,.T.);
#9863=ADVANCED_FACE('',(#389),#9337,.F.);
#9864=ADVANCED_FACE('',(#390,#25,#26),#9338,.F.);
#9865=ADVANCED_FACE('',(#391),#9339,.T.);
#9866=ADVANCED_FACE('',(#392,#27,#28),#9340,.T.);
#9867=ADVANCED_FACE('',(#393),#197,.F.);
#9868=ADVANCED_FACE('',(#394),#198,.F.);
#9869=ADVANCED_FACE('',(#395),#9341,.F.);
#9870=ADVANCED_FACE('',(#396,#29),#9342,.F.);
#9871=ADVANCED_FACE('',(#397),#9343,.F.);
#9872=ADVANCED_FACE('',(#398,#30),#9344,.F.);
#9873=ADVANCED_FACE('',(#399),#9345,.T.);
#9874=ADVANCED_FACE('',(#400),#9346,.T.);
#9875=ADVANCED_FACE('',(#401,#31),#9347,.T.);
#9876=ADVANCED_FACE('',(#402),#9348,.T.);
#9877=ADVANCED_FACE('',(#403),#9349,.T.);
#9878=ADVANCED_FACE('',(#404,#32),#9350,.T.);
#9879=ADVANCED_FACE('',(#405),#9351,.T.);
#9880=ADVANCED_FACE('',(#406),#9352,.T.);
#9881=ADVANCED_FACE('',(#407),#9353,.T.);
#9882=ADVANCED_FACE('',(#408),#9354,.T.);
#9883=ADVANCED_FACE('',(#409),#199,.F.);
#9884=ADVANCED_FACE('',(#410),#200,.F.);
#9885=ADVANCED_FACE('',(#411),#201,.T.);
#9886=ADVANCED_FACE('',(#412),#202,.T.);
#9887=ADVANCED_FACE('',(#413),#9355,.T.);
#9888=ADVANCED_FACE('',(#414,#33),#9356,.F.);
#9889=ADVANCED_FACE('',(#415),#9357,.T.);
#9890=ADVANCED_FACE('',(#416,#34),#9358,.T.);
#9891=ADVANCED_FACE('',(#417),#9359,.F.);
#9892=ADVANCED_FACE('',(#418),#203,.T.);
#9893=ADVANCED_FACE('',(#419),#204,.T.);
#9894=ADVANCED_FACE('',(#420),#9360,.F.);
#9895=ADVANCED_FACE('',(#421,#35),#9361,.T.);
#9896=ADVANCED_FACE('',(#422),#9362,.T.);
#9897=ADVANCED_FACE('',(#423,#36),#9363,.F.);
#9898=ADVANCED_FACE('',(#424),#205,.T.);
#9899=ADVANCED_FACE('',(#425),#9364,.T.);
#9900=ADVANCED_FACE('',(#426),#206,.F.);
#9901=ADVANCED_FACE('',(#427),#9365,.T.);
#9902=ADVANCED_FACE('',(#428),#9366,.F.);
#9903=ADVANCED_FACE('',(#429),#9367,.F.);
#9904=ADVANCED_FACE('',(#430),#9368,.F.);
#9905=ADVANCED_FACE('',(#431),#9369,.F.);
#9906=ADVANCED_FACE('',(#432),#9370,.F.);
#9907=ADVANCED_FACE('',(#433),#9371,.T.);
#9908=ADVANCED_FACE('',(#434),#9372,.T.);
#9909=ADVANCED_FACE('',(#435),#9373,.T.);
#9910=ADVANCED_FACE('',(#436),#9374,.T.);
#9911=ADVANCED_FACE('',(#437),#9375,.T.);
#9912=ADVANCED_FACE('',(#438),#9376,.F.);
#9913=ADVANCED_FACE('',(#439),#9377,.T.);
#9914=ADVANCED_FACE('',(#440),#9378,.T.);
#9915=ADVANCED_FACE('',(#441),#9379,.T.);
#9916=ADVANCED_FACE('',(#442),#9380,.T.);
#9917=ADVANCED_FACE('',(#443),#9381,.F.);
#9918=ADVANCED_FACE('',(#444),#9382,.F.);
#9919=ADVANCED_FACE('',(#445),#9383,.F.);
#9920=ADVANCED_FACE('',(#446),#9384,.T.);
#9921=ADVANCED_FACE('',(#447),#9385,.F.);
#9922=ADVANCED_FACE('',(#448),#9386,.F.);
#9923=ADVANCED_FACE('',(#449),#9387,.F.);
#9924=ADVANCED_FACE('',(#450),#9388,.F.);
#9925=ADVANCED_FACE('',(#451),#9389,.T.);
#9926=ADVANCED_FACE('',(#452),#9390,.T.);
#9927=ADVANCED_FACE('',(#453),#9391,.T.);
#9928=ADVANCED_FACE('',(#454),#9392,.T.);
#9929=ADVANCED_FACE('',(#455),#9393,.T.);
#9930=ADVANCED_FACE('',(#456),#9394,.T.);
#9931=ADVANCED_FACE('',(#457),#9395,.F.);
#9932=ADVANCED_FACE('',(#458),#9396,.F.);
#9933=ADVANCED_FACE('',(#459),#9397,.F.);
#9934=ADVANCED_FACE('',(#460),#9398,.F.);
#9935=ADVANCED_FACE('',(#461),#9399,.T.);
#9936=ADVANCED_FACE('',(#462),#9400,.T.);
#9937=ADVANCED_FACE('',(#463),#9401,.T.);
#9938=ADVANCED_FACE('',(#464),#9402,.T.);
#9939=ADVANCED_FACE('',(#465),#9403,.T.);
#9940=ADVANCED_FACE('',(#466),#9404,.F.);
#9941=ADVANCED_FACE('',(#467),#9405,.T.);
#9942=ADVANCED_FACE('',(#468),#9406,.T.);
#9943=ADVANCED_FACE('',(#469),#9407,.T.);
#9944=ADVANCED_FACE('',(#470),#9408,.T.);
#9945=ADVANCED_FACE('',(#471),#9409,.F.);
#9946=ADVANCED_FACE('',(#472),#9410,.F.);
#9947=ADVANCED_FACE('',(#473),#9411,.F.);
#9948=ADVANCED_FACE('',(#474),#9412,.F.);
#9949=ADVANCED_FACE('',(#475),#9413,.T.);
#9950=ADVANCED_FACE('',(#476),#9414,.T.);
#9951=ADVANCED_FACE('',(#477),#9415,.T.);
#9952=ADVANCED_FACE('',(#478),#9416,.T.);
#9953=ADVANCED_FACE('',(#479),#9417,.T.);
#9954=ADVANCED_FACE('',(#480),#9418,.F.);
#9955=ADVANCED_FACE('',(#481),#9419,.T.);
#9956=ADVANCED_FACE('',(#482),#9420,.T.);
#9957=ADVANCED_FACE('',(#483),#9421,.T.);
#9958=ADVANCED_FACE('',(#484),#9422,.T.);
#9959=ADVANCED_FACE('',(#485),#9423,.F.);
#9960=ADVANCED_FACE('',(#486),#9424,.F.);
#9961=ADVANCED_FACE('',(#487),#9425,.F.);
#9962=ADVANCED_FACE('',(#488),#9426,.F.);
#9963=ADVANCED_FACE('',(#489),#9427,.T.);
#9964=ADVANCED_FACE('',(#490),#9428,.T.);
#9965=ADVANCED_FACE('',(#491),#9429,.T.);
#9966=ADVANCED_FACE('',(#492),#9430,.T.);
#9967=ADVANCED_FACE('',(#493),#9431,.T.);
#9968=ADVANCED_FACE('',(#494),#9432,.F.);
#9969=ADVANCED_FACE('',(#495),#9433,.T.);
#9970=ADVANCED_FACE('',(#496),#9434,.T.);
#9971=ADVANCED_FACE('',(#497),#9435,.T.);
#9972=ADVANCED_FACE('',(#498),#9436,.T.);
#9973=ADVANCED_FACE('',(#499),#9437,.F.);
#9974=ADVANCED_FACE('',(#500),#9438,.F.);
#9975=ADVANCED_FACE('',(#501),#9439,.F.);
#9976=ADVANCED_FACE('',(#502),#9440,.F.);
#9977=ADVANCED_FACE('',(#503),#9441,.T.);
#9978=ADVANCED_FACE('',(#504),#9442,.T.);
#9979=ADVANCED_FACE('',(#505),#9443,.T.);
#9980=ADVANCED_FACE('',(#506),#9444,.T.);
#9981=ADVANCED_FACE('',(#507),#9445,.T.);
#9982=ADVANCED_FACE('',(#508),#9446,.F.);
#9983=ADVANCED_FACE('',(#509),#9447,.T.);
#9984=ADVANCED_FACE('',(#510),#9448,.T.);
#9985=ADVANCED_FACE('',(#511),#9449,.T.);
#9986=ADVANCED_FACE('',(#512),#9450,.T.);
#9987=ADVANCED_FACE('',(#513),#9451,.F.);
#9988=ADVANCED_FACE('',(#514),#9452,.F.);
#9989=ADVANCED_FACE('',(#515),#9453,.F.);
#9990=ADVANCED_FACE('',(#516),#9454,.F.);
#9991=ADVANCED_FACE('',(#517),#9455,.T.);
#9992=ADVANCED_FACE('',(#518),#9456,.T.);
#9993=ADVANCED_FACE('',(#519),#9457,.T.);
#9994=ADVANCED_FACE('',(#520),#9458,.T.);
#9995=ADVANCED_FACE('',(#521),#9459,.T.);
#9996=ADVANCED_FACE('',(#522),#9460,.T.);
#9997=ADVANCED_FACE('',(#523),#9461,.T.);
#9998=ADVANCED_FACE('',(#524),#9462,.T.);
#9999=ADVANCED_FACE('',(#525),#9463,.T.);
#10000=ADVANCED_FACE('',(#526),#9464,.T.);
#10001=ADVANCED_FACE('',(#527),#9465,.F.);
#10002=ADVANCED_FACE('',(#528),#9466,.F.);
#10003=ADVANCED_FACE('',(#529),#9467,.F.);
#10004=ADVANCED_FACE('',(#530),#9468,.F.);
#10005=ADVANCED_FACE('',(#531),#9469,.T.);
#10006=ADVANCED_FACE('',(#532),#9470,.T.);
#10007=ADVANCED_FACE('',(#533),#9471,.T.);
#10008=ADVANCED_FACE('',(#534),#9472,.T.);
#10009=ADVANCED_FACE('',(#535),#9473,.T.);
#10010=ADVANCED_FACE('',(#536),#9474,.T.);
#10011=ADVANCED_FACE('',(#537),#9475,.T.);
#10012=ADVANCED_FACE('',(#538),#9476,.T.);
#10013=ADVANCED_FACE('',(#539),#9477,.T.);
#10014=ADVANCED_FACE('',(#540),#9478,.T.);
#10015=ADVANCED_FACE('',(#541),#9479,.F.);
#10016=ADVANCED_FACE('',(#542),#9480,.T.);
#10017=ADVANCED_FACE('',(#543),#9481,.F.);
#10018=ADVANCED_FACE('',(#544),#9482,.T.);
#10019=ADVANCED_FACE('',(#545),#9483,.T.);
#10020=ADVANCED_FACE('',(#546),#9484,.T.);
#10021=ADVANCED_FACE('',(#547),#9485,.T.);
#10022=ADVANCED_FACE('',(#548),#9486,.F.);
#10023=ADVANCED_FACE('',(#549),#9487,.F.);
#10024=ADVANCED_FACE('',(#550),#9488,.T.);
#10025=ADVANCED_FACE('',(#551),#9489,.T.);
#10026=ADVANCED_FACE('',(#552),#207,.F.);
#10027=ADVANCED_FACE('',(#553),#9490,.T.);
#10028=ADVANCED_FACE('',(#554),#9491,.F.);
#10029=ADVANCED_FACE('',(#555),#9492,.F.);
#10030=ADVANCED_FACE('',(#556),#9493,.F.);
#10031=ADVANCED_FACE('',(#557),#9494,.F.);
#10032=ADVANCED_FACE('',(#558),#9495,.F.);
#10033=ADVANCED_FACE('',(#559),#9496,.T.);
#10034=ADVANCED_FACE('',(#560),#9497,.T.);
#10035=ADVANCED_FACE('',(#561),#9498,.T.);
#10036=ADVANCED_FACE('',(#562),#9499,.T.);
#10037=ADVANCED_FACE('',(#563),#9500,.T.);
#10038=ADVANCED_FACE('',(#564),#9501,.T.);
#10039=ADVANCED_FACE('',(#565),#9502,.T.);
#10040=ADVANCED_FACE('',(#566),#9503,.T.);
#10041=ADVANCED_FACE('',(#567),#9504,.T.);
#10042=ADVANCED_FACE('',(#568),#9505,.T.);
#10043=ADVANCED_FACE('',(#569),#9506,.F.);
#10044=ADVANCED_FACE('',(#570),#9507,.F.);
#10045=ADVANCED_FACE('',(#571),#9508,.F.);
#10046=ADVANCED_FACE('',(#572),#9509,.F.);
#10047=ADVANCED_FACE('',(#573),#9510,.T.);
#10048=ADVANCED_FACE('',(#574),#9511,.T.);
#10049=ADVANCED_FACE('',(#575),#9512,.T.);
#10050=ADVANCED_FACE('',(#576),#9513,.T.);
#10051=ADVANCED_FACE('',(#577),#9514,.T.);
#10052=ADVANCED_FACE('',(#578),#9515,.T.);
#10053=ADVANCED_FACE('',(#579),#9516,.T.);
#10054=ADVANCED_FACE('',(#580),#9517,.T.);
#10055=ADVANCED_FACE('',(#581),#9518,.T.);
#10056=ADVANCED_FACE('',(#582),#9519,.T.);
#10057=ADVANCED_FACE('',(#583),#9520,.F.);
#10058=ADVANCED_FACE('',(#584),#9521,.T.);
#10059=ADVANCED_FACE('',(#585),#9522,.F.);
#10060=ADVANCED_FACE('',(#586),#9523,.F.);
#10061=ADVANCED_FACE('',(#587),#9524,.F.);
#10062=ADVANCED_FACE('',(#588),#9525,.F.);
#10063=ADVANCED_FACE('',(#589),#9526,.T.);
#10064=ADVANCED_FACE('',(#590),#9527,.T.);
#10065=ADVANCED_FACE('',(#591),#9528,.T.);
#10066=ADVANCED_FACE('',(#592),#9529,.T.);
#10067=ADVANCED_FACE('',(#593),#9530,.T.);
#10068=ADVANCED_FACE('',(#594),#9531,.T.);
#10069=ADVANCED_FACE('',(#595),#9532,.T.);
#10070=ADVANCED_FACE('',(#596),#9533,.T.);
#10071=ADVANCED_FACE('',(#597),#208,.T.);
#10072=ADVANCED_FACE('',(#598),#9534,.T.);
#10073=ADVANCED_FACE('',(#599),#9535,.F.);
#10074=ADVANCED_FACE('',(#600),#209,.T.);
#10075=ADVANCED_FACE('',(#601),#9536,.T.);
#10076=ADVANCED_FACE('',(#602),#9537,.F.);
#10077=ADVANCED_FACE('',(#603),#210,.T.);
#10078=ADVANCED_FACE('',(#604),#9538,.T.);
#10079=ADVANCED_FACE('',(#605),#9539,.F.);
#10080=ADVANCED_FACE('',(#606),#211,.T.);
#10081=ADVANCED_FACE('',(#607),#9540,.T.);
#10082=ADVANCED_FACE('',(#608),#9541,.F.);
#10083=ADVANCED_FACE('',(#609),#212,.T.);
#10084=ADVANCED_FACE('',(#610),#9542,.T.);
#10085=ADVANCED_FACE('',(#611),#9543,.F.);
#10086=ADVANCED_FACE('',(#612),#213,.T.);
#10087=ADVANCED_FACE('',(#613),#9544,.T.);
#10088=ADVANCED_FACE('',(#614),#9545,.F.);
#10089=ADVANCED_FACE('',(#615),#214,.T.);
#10090=ADVANCED_FACE('',(#616),#9546,.T.);
#10091=ADVANCED_FACE('',(#617),#9547,.F.);
#10092=ADVANCED_FACE('',(#618),#215,.T.);
#10093=ADVANCED_FACE('',(#619),#9548,.T.);
#10094=ADVANCED_FACE('',(#620),#9549,.F.);
#10095=ADVANCED_FACE('',(#621),#9550,.F.);
#10096=ADVANCED_FACE('',(#622),#9551,.T.);
#10097=ADVANCED_FACE('',(#623),#9552,.F.);
#10098=ADVANCED_FACE('',(#624),#9553,.F.);
#10099=ADVANCED_FACE('',(#625),#9554,.F.);
#10100=ADVANCED_FACE('',(#626),#9555,.F.);
#10101=ADVANCED_FACE('',(#627),#9556,.T.);
#10102=ADVANCED_FACE('',(#628),#9557,.T.);
#10103=ADVANCED_FACE('',(#629),#9558,.T.);
#10104=ADVANCED_FACE('',(#630),#9559,.T.);
#10105=ADVANCED_FACE('',(#631),#9560,.T.);
#10106=ADVANCED_FACE('',(#632),#9561,.T.);
#10107=ADVANCED_FACE('',(#633),#9562,.T.);
#10108=ADVANCED_FACE('',(#634),#9563,.T.);
#10109=ADVANCED_FACE('',(#635),#9564,.F.);
#10110=ADVANCED_FACE('',(#636),#9565,.F.);
#10111=ADVANCED_FACE('',(#637),#9566,.F.);
#10112=ADVANCED_FACE('',(#638),#9567,.F.);
#10113=ADVANCED_FACE('',(#639),#9568,.T.);
#10114=ADVANCED_FACE('',(#640),#9569,.T.);
#10115=ADVANCED_FACE('',(#641),#9570,.T.);
#10116=ADVANCED_FACE('',(#642),#9571,.T.);
#10117=ADVANCED_FACE('',(#643),#9572,.T.);
#10118=ADVANCED_FACE('',(#644),#9573,.T.);
#10119=ADVANCED_FACE('',(#645),#9574,.T.);
#10120=ADVANCED_FACE('',(#646),#9575,.T.);
#10121=ADVANCED_FACE('',(#647),#9576,.T.);
#10122=ADVANCED_FACE('',(#648),#9577,.T.);
#10123=ADVANCED_FACE('',(#649),#9578,.F.);
#10124=ADVANCED_FACE('',(#650),#9579,.T.);
#10125=ADVANCED_FACE('',(#651),#9580,.F.);
#10126=ADVANCED_FACE('',(#652),#9581,.T.);
#10127=ADVANCED_FACE('',(#653),#9582,.T.);
#10128=ADVANCED_FACE('',(#654),#9583,.T.);
#10129=ADVANCED_FACE('',(#655),#9584,.T.);
#10130=ADVANCED_FACE('',(#656),#9585,.F.);
#10131=ADVANCED_FACE('',(#657),#9586,.F.);
#10132=ADVANCED_FACE('',(#658),#9587,.T.);
#10133=ADVANCED_FACE('',(#659),#9588,.T.);
#10134=ADVANCED_FACE('',(#660),#216,.F.);
#10135=ADVANCED_FACE('',(#661),#9589,.T.);
#10136=ADVANCED_FACE('',(#662),#9590,.F.);
#10137=ADVANCED_FACE('',(#663),#9591,.F.);
#10138=ADVANCED_FACE('',(#664),#9592,.F.);
#10139=ADVANCED_FACE('',(#665),#9593,.F.);
#10140=ADVANCED_FACE('',(#666),#9594,.F.);
#10141=ADVANCED_FACE('',(#667),#9595,.T.);
#10142=ADVANCED_FACE('',(#668),#9596,.T.);
#10143=ADVANCED_FACE('',(#669),#9597,.T.);
#10144=ADVANCED_FACE('',(#670),#9598,.T.);
#10145=ADVANCED_FACE('',(#671),#9599,.T.);
#10146=ADVANCED_FACE('',(#672),#9600,.F.);
#10147=ADVANCED_FACE('',(#673),#9601,.T.);
#10148=ADVANCED_FACE('',(#674),#9602,.T.);
#10149=ADVANCED_FACE('',(#675),#9603,.T.);
#10150=ADVANCED_FACE('',(#676),#9604,.T.);
#10151=ADVANCED_FACE('',(#677),#9605,.F.);
#10152=ADVANCED_FACE('',(#678),#9606,.F.);
#10153=ADVANCED_FACE('',(#679),#9607,.F.);
#10154=ADVANCED_FACE('',(#680),#9608,.F.);
#10155=ADVANCED_FACE('',(#681),#9609,.T.);
#10156=ADVANCED_FACE('',(#682),#9610,.T.);
#10157=ADVANCED_FACE('',(#683),#9611,.T.);
#10158=ADVANCED_FACE('',(#684),#9612,.T.);
#10159=ADVANCED_FACE('',(#685),#9613,.T.);
#10160=ADVANCED_FACE('',(#686),#9614,.F.);
#10161=ADVANCED_FACE('',(#687),#9615,.T.);
#10162=ADVANCED_FACE('',(#688),#9616,.T.);
#10163=ADVANCED_FACE('',(#689),#9617,.T.);
#10164=ADVANCED_FACE('',(#690),#9618,.T.);
#10165=ADVANCED_FACE('',(#691),#9619,.F.);
#10166=ADVANCED_FACE('',(#692),#9620,.F.);
#10167=ADVANCED_FACE('',(#693),#9621,.F.);
#10168=ADVANCED_FACE('',(#694),#9622,.F.);
#10169=ADVANCED_FACE('',(#695),#9623,.T.);
#10170=ADVANCED_FACE('',(#696),#9624,.T.);
#10171=ADVANCED_FACE('',(#697),#9625,.T.);
#10172=ADVANCED_FACE('',(#698),#9626,.T.);
#10173=ADVANCED_FACE('',(#699),#9627,.T.);
#10174=ADVANCED_FACE('',(#700),#9628,.F.);
#10175=ADVANCED_FACE('',(#701),#9629,.T.);
#10176=ADVANCED_FACE('',(#702),#9630,.T.);
#10177=ADVANCED_FACE('',(#703),#9631,.T.);
#10178=ADVANCED_FACE('',(#704),#9632,.T.);
#10179=ADVANCED_FACE('',(#705),#9633,.F.);
#10180=ADVANCED_FACE('',(#706),#9634,.F.);
#10181=ADVANCED_FACE('',(#707),#9635,.F.);
#10182=ADVANCED_FACE('',(#708),#9636,.F.);
#10183=ADVANCED_FACE('',(#709),#9637,.T.);
#10184=ADVANCED_FACE('',(#710),#9638,.T.);
#10185=ADVANCED_FACE('',(#711),#9639,.T.);
#10186=ADVANCED_FACE('',(#712),#9640,.T.);
#10187=ADVANCED_FACE('',(#713),#9641,.T.);
#10188=ADVANCED_FACE('',(#714),#9642,.T.);
#10189=ADVANCED_FACE('',(#715),#9643,.T.);
#10190=ADVANCED_FACE('',(#716),#9644,.T.);
#10191=ADVANCED_FACE('',(#717),#9645,.T.);
#10192=ADVANCED_FACE('',(#718),#9646,.T.);
#10193=ADVANCED_FACE('',(#719),#9647,.F.);
#10194=ADVANCED_FACE('',(#720),#9648,.F.);
#10195=ADVANCED_FACE('',(#721),#9649,.F.);
#10196=ADVANCED_FACE('',(#722),#9650,.F.);
#10197=ADVANCED_FACE('',(#723),#9651,.T.);
#10198=ADVANCED_FACE('',(#724),#9652,.T.);
#10199=ADVANCED_FACE('',(#725),#9653,.T.);
#10200=ADVANCED_FACE('',(#726),#9654,.T.);
#10201=ADVANCED_FACE('',(#727),#9655,.T.);
#10202=ADVANCED_FACE('',(#728),#9656,.T.);
#10203=ADVANCED_FACE('',(#729),#9657,.T.);
#10204=ADVANCED_FACE('',(#730),#9658,.T.);
#10205=ADVANCED_FACE('',(#731),#9659,.T.);
#10206=ADVANCED_FACE('',(#732),#9660,.T.);
#10207=ADVANCED_FACE('',(#733),#9661,.F.);
#10208=ADVANCED_FACE('',(#734),#9662,.F.);
#10209=ADVANCED_FACE('',(#735),#9663,.F.);
#10210=ADVANCED_FACE('',(#736),#9664,.F.);
#10211=ADVANCED_FACE('',(#737),#9665,.T.);
#10212=ADVANCED_FACE('',(#738),#9666,.T.);
#10213=ADVANCED_FACE('',(#739),#9667,.T.);
#10214=ADVANCED_FACE('',(#740),#9668,.T.);
#10215=ADVANCED_FACE('',(#741),#9669,.T.);
#10216=ADVANCED_FACE('',(#742),#9670,.T.);
#10217=ADVANCED_FACE('',(#743),#9671,.T.);
#10218=ADVANCED_FACE('',(#744),#9672,.T.);
#10219=ADVANCED_FACE('',(#745),#9673,.T.);
#10220=ADVANCED_FACE('',(#746),#9674,.T.);
#10221=ADVANCED_FACE('',(#747),#9675,.F.);
#10222=ADVANCED_FACE('',(#748),#9676,.F.);
#10223=ADVANCED_FACE('',(#749),#9677,.F.);
#10224=ADVANCED_FACE('',(#750,#37,#38),#9678,.T.);
#10225=ADVANCED_FACE('',(#751),#9679,.T.);
#10226=ADVANCED_FACE('',(#752),#9680,.T.);
#10227=ADVANCED_FACE('',(#753),#9681,.F.);
#10228=ADVANCED_FACE('',(#754),#9682,.F.);
#10229=ADVANCED_FACE('',(#755),#9683,.F.);
#10230=ADVANCED_FACE('',(#756),#9684,.F.);
#10231=ADVANCED_FACE('',(#757,#39,#40),#9685,.F.);
#10232=ADVANCED_FACE('',(#758),#9686,.F.);
#10233=ADVANCED_FACE('',(#759,#41,#42),#9687,.T.);
#10234=ADVANCED_FACE('',(#760),#9688,.T.);
#10235=ADVANCED_FACE('',(#761),#9689,.T.);
#10236=ADVANCED_FACE('',(#762),#217,.F.);
#10237=ADVANCED_FACE('',(#763),#218,.F.);
#10238=ADVANCED_FACE('',(#764),#219,.F.);
#10239=ADVANCED_FACE('',(#765),#220,.F.);
#10240=ADVANCED_FACE('',(#766),#9690,.F.);
#10241=ADVANCED_FACE('',(#767),#9691,.T.);
#10242=ADVANCED_FACE('',(#768),#9692,.T.);
#10243=ADVANCED_FACE('',(#769),#9693,.F.);
#10244=ADVANCED_FACE('',(#770),#221,.F.);
#10245=ADVANCED_FACE('',(#771),#222,.F.);
#10246=ADVANCED_FACE('',(#772,#43,#44),#9694,.T.);
#10247=ADVANCED_FACE('',(#773),#9695,.T.);
#10248=ADVANCED_FACE('',(#774),#9696,.T.);
#10249=ADVANCED_FACE('',(#775),#9697,.F.);
#10250=ADVANCED_FACE('',(#776),#9698,.F.);
#10251=ADVANCED_FACE('',(#777,#45),#9699,.T.);
#10252=ADVANCED_FACE('',(#778),#9700,.T.);
#10253=ADVANCED_FACE('',(#779),#223,.F.);
#10254=ADVANCED_FACE('',(#780),#224,.F.);
#10255=ADVANCED_FACE('',(#781),#9701,.F.);
#10256=ADVANCED_FACE('',(#782,#46),#9702,.F.);
#10257=ADVANCED_FACE('',(#783),#9703,.F.);
#10258=ADVANCED_FACE('',(#784,#47),#9704,.F.);
#10259=ADVANCED_FACE('',(#785),#9705,.T.);
#10260=ADVANCED_FACE('',(#786),#9706,.T.);
#10261=ADVANCED_FACE('',(#787),#9707,.T.);
#10262=ADVANCED_FACE('',(#788,#48),#9708,.T.);
#10263=ADVANCED_FACE('',(#789),#9709,.T.);
#10264=ADVANCED_FACE('',(#790),#9710,.T.);
#10265=ADVANCED_FACE('',(#791),#9711,.T.);
#10266=ADVANCED_FACE('',(#792),#9712,.T.);
#10267=ADVANCED_FACE('',(#793),#225,.F.);
#10268=ADVANCED_FACE('',(#794),#226,.F.);
#10269=ADVANCED_FACE('',(#795),#227,.T.);
#10270=ADVANCED_FACE('',(#796),#228,.T.);
#10271=ADVANCED_FACE('',(#797),#9713,.T.);
#10272=ADVANCED_FACE('',(#798,#49),#9714,.F.);
#10273=ADVANCED_FACE('',(#799),#9715,.T.);
#10274=ADVANCED_FACE('',(#800,#50),#9716,.T.);
#10275=ADVANCED_FACE('',(#801),#9717,.F.);
#10276=ADVANCED_FACE('',(#802),#229,.T.);
#10277=ADVANCED_FACE('',(#803),#230,.T.);
#10278=ADVANCED_FACE('',(#804),#9718,.F.);
#10279=ADVANCED_FACE('',(#805,#51),#9719,.T.);
#10280=ADVANCED_FACE('',(#806),#9720,.T.);
#10281=ADVANCED_FACE('',(#807,#52),#9721,.F.);
#10282=ADVANCED_FACE('',(#808),#231,.T.);
#10283=ADVANCED_FACE('',(#809),#9722,.T.);
#10284=ADVANCED_FACE('',(#810),#232,.F.);
#10285=ADVANCED_FACE('',(#811),#9723,.T.);
#10286=ADVANCED_FACE('',(#812),#9724,.F.);
#10287=ADVANCED_FACE('',(#813),#9725,.F.);
#10288=ADVANCED_FACE('',(#814),#9726,.F.);
#10289=ADVANCED_FACE('',(#815),#9727,.F.);
#10290=ADVANCED_FACE('',(#816),#9728,.F.);
#10291=ADVANCED_FACE('',(#817),#9729,.T.);
#10292=ADVANCED_FACE('',(#818),#9730,.T.);
#10293=ADVANCED_FACE('',(#819),#9731,.T.);
#10294=ADVANCED_FACE('',(#820),#9732,.T.);
#10295=ADVANCED_FACE('',(#821),#9733,.T.);
#10296=ADVANCED_FACE('',(#822),#9734,.F.);
#10297=ADVANCED_FACE('',(#823),#9735,.T.);
#10298=ADVANCED_FACE('',(#824),#9736,.T.);
#10299=ADVANCED_FACE('',(#825),#9737,.T.);
#10300=ADVANCED_FACE('',(#826),#9738,.T.);
#10301=ADVANCED_FACE('',(#827),#9739,.F.);
#10302=ADVANCED_FACE('',(#828),#9740,.F.);
#10303=ADVANCED_FACE('',(#829),#9741,.F.);
#10304=ADVANCED_FACE('',(#830),#9742,.T.);
#10305=ADVANCED_FACE('',(#831),#9743,.F.);
#10306=ADVANCED_FACE('',(#832),#9744,.F.);
#10307=ADVANCED_FACE('',(#833),#9745,.F.);
#10308=ADVANCED_FACE('',(#834),#9746,.F.);
#10309=ADVANCED_FACE('',(#835),#9747,.T.);
#10310=ADVANCED_FACE('',(#836),#9748,.T.);
#10311=ADVANCED_FACE('',(#837),#9749,.T.);
#10312=ADVANCED_FACE('',(#838),#9750,.T.);
#10313=ADVANCED_FACE('',(#839),#9751,.T.);
#10314=ADVANCED_FACE('',(#840),#9752,.T.);
#10315=ADVANCED_FACE('',(#841),#9753,.F.);
#10316=ADVANCED_FACE('',(#842),#9754,.F.);
#10317=ADVANCED_FACE('',(#843),#9755,.F.);
#10318=ADVANCED_FACE('',(#844),#9756,.F.);
#10319=ADVANCED_FACE('',(#845),#9757,.T.);
#10320=ADVANCED_FACE('',(#846),#9758,.T.);
#10321=ADVANCED_FACE('',(#847),#9759,.T.);
#10322=ADVANCED_FACE('',(#848),#9760,.T.);
#10323=ADVANCED_FACE('',(#849),#9761,.T.);
#10324=ADVANCED_FACE('',(#850),#9762,.F.);
#10325=ADVANCED_FACE('',(#851),#9763,.T.);
#10326=ADVANCED_FACE('',(#852),#9764,.T.);
#10327=ADVANCED_FACE('',(#853),#9765,.T.);
#10328=ADVANCED_FACE('',(#854),#9766,.T.);
#10329=ADVANCED_FACE('',(#855),#233,.F.);
#10330=ADVANCED_FACE('',(#856),#234,.F.);
#10331=ADVANCED_FACE('',(#857),#235,.F.);
#10332=ADVANCED_FACE('',(#858),#236,.F.);
#10333=ADVANCED_FACE('',(#859),#9767,.F.);
#10334=ADVANCED_FACE('',(#860,#53,#54),#9768,.F.);
#10335=ADVANCED_FACE('',(#861),#9769,.F.);
#10336=ADVANCED_FACE('',(#862),#9770,.T.);
#10337=ADVANCED_FACE('',(#863),#237,.F.);
#10338=ADVANCED_FACE('',(#864,#55,#56),#9771,.T.);
#10339=ADVANCED_FACE('',(#865),#238,.F.);
#10340=ADVANCED_FACE('',(#866),#9772,.T.);
#10341=ADVANCED_FACE('',(#867,#57,#58),#9773,.F.);
#10342=ADVANCED_FACE('',(#868),#9774,.T.);
#10343=ADVANCED_FACE('',(#869),#9775,.F.);
#10344=ADVANCED_FACE('',(#870,#59,#60),#9776,.T.);
#10345=ADVANCED_FACE('',(#871),#9777,.T.);
#10346=ADVANCED_FACE('',(#872),#9778,.T.);
#10347=ADVANCED_FACE('',(#873),#9779,.T.);
#10348=ADVANCED_FACE('',(#874),#9780,.T.);
#10349=ADVANCED_FACE('',(#875),#9781,.T.);
#10350=ADVANCED_FACE('',(#876),#9782,.T.);
#10351=ADVANCED_FACE('',(#877),#9783,.T.);
#10352=ADVANCED_FACE('',(#878),#9784,.F.);
#10353=ADVANCED_FACE('',(#879),#9785,.F.);
#10354=ADVANCED_FACE('',(#880),#9786,.T.);
#10355=ADVANCED_FACE('',(#881),#9787,.T.);
#10356=ADVANCED_FACE('',(#882),#9788,.T.);
#10357=ADVANCED_FACE('',(#883),#9789,.T.);
#10358=ADVANCED_FACE('',(#884),#9790,.T.);
#10359=ADVANCED_FACE('',(#885),#9791,.F.);
#10360=ADVANCED_FACE('',(#886),#9792,.T.);
#10361=ADVANCED_FACE('',(#887),#9793,.T.);
#10362=ADVANCED_FACE('',(#888),#9794,.T.);
#10363=ADVANCED_FACE('',(#889),#9795,.T.);
#10364=ADVANCED_FACE('',(#890),#9796,.T.);
#10365=ADVANCED_FACE('',(#891),#9797,.F.);
#10366=ADVANCED_FACE('',(#892),#9798,.T.);
#10367=ADVANCED_FACE('',(#893),#9799,.T.);
#10368=ADVANCED_FACE('',(#894),#9800,.T.);
#10369=ADVANCED_FACE('',(#895),#9801,.T.);
#10370=ADVANCED_FACE('',(#896),#9802,.T.);
#10371=ADVANCED_FACE('',(#897),#9803,.F.);
#10372=ADVANCED_FACE('',(#898),#9804,.T.);
#10373=ADVANCED_FACE('',(#899),#9805,.T.);
#10374=ADVANCED_FACE('',(#900),#9806,.T.);
#10375=ADVANCED_FACE('',(#901),#9807,.T.);
#10376=ADVANCED_FACE('',(#902),#9808,.T.);
#10377=CLOSED_SHELL('',(#9809,#9810,#9811,#9812,#9813,#9814,#9815,#9816,
#9817,#9818));
#10378=CLOSED_SHELL('',(#9819,#9820,#9821,#9822,#9823,#9824));
#10379=CLOSED_SHELL('',(#9825,#9826,#9827,#9828,#9829,#9830));
#10380=CLOSED_SHELL('',(#9831,#9832,#9833,#9834,#9835,#9836,#9837,#9838,
#9839,#9840,#9841,#9842,#9843,#9844,#9845,#9846,#9847,#9848));
#10381=CLOSED_SHELL('',(#9849,#9850,#9851,#9852,#9853,#9854,#9855,#9856,
#9857,#9858,#9859,#9860,#9861,#9862,#9863,#9864,#9865,#9866));
#10382=CLOSED_SHELL('',(#9867,#9868,#9869,#9870,#9871,#9872,#9873,#9874,
#9875,#9876,#9877,#9878,#9879,#9880,#9881,#9882));
#10383=CLOSED_SHELL('',(#9883,#9884,#9885,#9886,#9887,#9888,#9889,#9890,
#9891,#9892,#9893,#9894,#9895,#9896,#9897,#9898,#9899,#9900,#9901,#9902));
#10384=CLOSED_SHELL('',(#9903,#9904,#9905,#9906,#9907,#9908,#9909,#9910,
#9911,#9912,#9913,#9914,#9915,#9916));
#10385=CLOSED_SHELL('',(#9917,#9918,#9919,#9920,#9921,#9922,#9923,#9924,
#9925,#9926,#9927,#9928,#9929,#9930));
#10386=CLOSED_SHELL('',(#9931,#9932,#9933,#9934,#9935,#9936,#9937,#9938,
#9939,#9940,#9941,#9942,#9943,#9944));
#10387=CLOSED_SHELL('',(#9945,#9946,#9947,#9948,#9949,#9950,#9951,#9952,
#9953,#9954,#9955,#9956,#9957,#9958));
#10388=CLOSED_SHELL('',(#9959,#9960,#9961,#9962,#9963,#9964,#9965,#9966,
#9967,#9968,#9969,#9970,#9971,#9972));
#10389=CLOSED_SHELL('',(#9973,#9974,#9975,#9976,#9977,#9978,#9979,#9980,
#9981,#9982,#9983,#9984,#9985,#9986));
#10390=CLOSED_SHELL('',(#9987,#9988,#9989,#9990,#9991,#9992,#9993,#9994,
#9995,#9996,#9997,#9998,#9999,#10000));
#10391=CLOSED_SHELL('',(#10001,#10002,#10003,#10004,#10005,#10006,#10007,
#10008,#10009,#10010,#10011,#10012,#10013,#10014));
#10392=CLOSED_SHELL('',(#10015,#10016,#10017,#10018,#10019,#10020,#10021,
#10022,#10023,#10024,#10025,#10026,#10027,#10028));
#10393=CLOSED_SHELL('',(#10029,#10030,#10031,#10032,#10033,#10034,#10035,
#10036,#10037,#10038,#10039,#10040,#10041,#10042));
#10394=CLOSED_SHELL('',(#10043,#10044,#10045,#10046,#10047,#10048,#10049,
#10050,#10051,#10052,#10053,#10054,#10055,#10056));
#10395=CLOSED_SHELL('',(#10057,#10058,#10059,#10060,#10061,#10062,#10063,
#10064,#10065,#10066,#10067,#10068,#10069,#10070));
#10396=CLOSED_SHELL('',(#10071,#10072,#10073));
#10397=CLOSED_SHELL('',(#10074,#10075,#10076));
#10398=CLOSED_SHELL('',(#10077,#10078,#10079));
#10399=CLOSED_SHELL('',(#10080,#10081,#10082));
#10400=CLOSED_SHELL('',(#10083,#10084,#10085));
#10401=CLOSED_SHELL('',(#10086,#10087,#10088));
#10402=CLOSED_SHELL('',(#10089,#10090,#10091));
#10403=CLOSED_SHELL('',(#10092,#10093,#10094));
#10404=CLOSED_SHELL('',(#10095,#10096,#10097,#10098,#10099,#10100,#10101,
#10102,#10103,#10104,#10105,#10106,#10107,#10108));
#10405=CLOSED_SHELL('',(#10109,#10110,#10111,#10112,#10113,#10114,#10115,
#10116,#10117,#10118,#10119,#10120,#10121,#10122));
#10406=CLOSED_SHELL('',(#10123,#10124,#10125,#10126,#10127,#10128,#10129,
#10130,#10131,#10132,#10133,#10134,#10135,#10136));
#10407=CLOSED_SHELL('',(#10137,#10138,#10139,#10140,#10141,#10142,#10143,
#10144,#10145,#10146,#10147,#10148,#10149,#10150));
#10408=CLOSED_SHELL('',(#10151,#10152,#10153,#10154,#10155,#10156,#10157,
#10158,#10159,#10160,#10161,#10162,#10163,#10164));
#10409=CLOSED_SHELL('',(#10165,#10166,#10167,#10168,#10169,#10170,#10171,
#10172,#10173,#10174,#10175,#10176,#10177,#10178));
#10410=CLOSED_SHELL('',(#10179,#10180,#10181,#10182,#10183,#10184,#10185,
#10186,#10187,#10188,#10189,#10190,#10191,#10192));
#10411=CLOSED_SHELL('',(#10193,#10194,#10195,#10196,#10197,#10198,#10199,
#10200,#10201,#10202,#10203,#10204,#10205,#10206));
#10412=CLOSED_SHELL('',(#10207,#10208,#10209,#10210,#10211,#10212,#10213,
#10214,#10215,#10216,#10217,#10218,#10219,#10220));
#10413=CLOSED_SHELL('',(#10221,#10222,#10223,#10224,#10225,#10226,#10227,
#10228,#10229,#10230,#10231,#10232,#10233,#10234,#10235,#10236,#10237,#10238,
#10239,#10240,#10241,#10242,#10243,#10244,#10245,#10246,#10247,#10248));
#10414=CLOSED_SHELL('',(#10249,#10250,#10251,#10252,#10253,#10254,#10255,
#10256,#10257,#10258,#10259,#10260,#10261,#10262,#10263,#10264,#10265,#10266));
#10415=CLOSED_SHELL('',(#10267,#10268,#10269,#10270,#10271,#10272,#10273,
#10274,#10275,#10276,#10277,#10278,#10279,#10280,#10281,#10282,#10283,#10284,
#10285,#10286));
#10416=CLOSED_SHELL('',(#10287,#10288,#10289,#10290,#10291,#10292,#10293,
#10294,#10295,#10296,#10297,#10298,#10299,#10300));
#10417=CLOSED_SHELL('',(#10301,#10302,#10303,#10304,#10305,#10306,#10307,
#10308,#10309,#10310,#10311,#10312,#10313,#10314));
#10418=CLOSED_SHELL('',(#10315,#10316,#10317,#10318,#10319,#10320,#10321,
#10322,#10323,#10324,#10325,#10326,#10327,#10328));
#10419=CLOSED_SHELL('',(#10329,#10330,#10331,#10332,#10333,#10334,#10335,
#10336,#10337,#10338,#10339,#10340,#10341,#10342,#10343,#10344,#10345,#10346));
#10420=CLOSED_SHELL('',(#10347,#10348,#10349,#10350,#10351,#10352));
#10421=CLOSED_SHELL('',(#10353,#10354,#10355,#10356,#10357,#10358));
#10422=CLOSED_SHELL('',(#10359,#10360,#10361,#10362,#10363,#10364));
#10423=CLOSED_SHELL('',(#10365,#10366,#10367,#10368,#10369,#10370));
#10424=CLOSED_SHELL('',(#10371,#10372,#10373,#10374,#10375,#10376));
#10425=DERIVED_UNIT_ELEMENT(#10427,1.);
#10426=DERIVED_UNIT_ELEMENT(#16742,-3.);
#10427=(
MASS_UNIT()
NAMED_UNIT(*)
SI_UNIT(.KILO.,.GRAM.)
);
#10428=DERIVED_UNIT((#10425,#10426));
#10429=MEASURE_REPRESENTATION_ITEM('density measure',
POSITIVE_RATIO_MEASURE(7850.),#10428);
#10430=PROPERTY_DEFINITION_REPRESENTATION(#10435,#10432);
#10431=PROPERTY_DEFINITION_REPRESENTATION(#10436,#10433);
#10432=REPRESENTATION('material name',(#10434),#16739);
#10433=REPRESENTATION('density',(#10429),#16739);
#10434=DESCRIPTIVE_REPRESENTATION_ITEM('Acier','Acier');
#10435=PROPERTY_DEFINITION('material property','material name',#16749);
#10436=PROPERTY_DEFINITION('material property','density of part',#16749);
#10437=AXIS2_PLACEMENT_3D('',#13808,#11130,#11131);
#10438=AXIS2_PLACEMENT_3D('',#13809,#11132,#11133);
#10439=AXIS2_PLACEMENT_3D('',#13818,#11138,#11139);
#10440=AXIS2_PLACEMENT_3D('',#13824,#11143,#11144);
#10441=AXIS2_PLACEMENT_3D('',#13830,#11148,#11149);
#10442=AXIS2_PLACEMENT_3D('',#13836,#11153,#11154);
#10443=AXIS2_PLACEMENT_3D('',#13842,#11158,#11159);
#10444=AXIS2_PLACEMENT_3D('',#13848,#11163,#11164);
#10445=AXIS2_PLACEMENT_3D('',#13854,#11168,#11169);
#10446=AXIS2_PLACEMENT_3D('',#13857,#11172,#11173);
#10447=AXIS2_PLACEMENT_3D('',#13858,#11174,#11175);
#10448=AXIS2_PLACEMENT_3D('',#13859,#11176,#11177);
#10449=AXIS2_PLACEMENT_3D('',#13868,#11182,#11183);
#10450=AXIS2_PLACEMENT_3D('',#13877,#11188,#11189);
#10451=AXIS2_PLACEMENT_3D('',#13880,#11192,#11193);
#10452=AXIS2_PLACEMENT_3D('',#13882,#11195,#11196);
#10453=AXIS2_PLACEMENT_3D('',#13884,#11198,#11199);
#10454=AXIS2_PLACEMENT_3D('',#13885,#11200,#11201);
#10455=AXIS2_PLACEMENT_3D('',#13894,#11206,#11207);
#10456=AXIS2_PLACEMENT_3D('',#13903,#11212,#11213);
#10457=AXIS2_PLACEMENT_3D('',#13906,#11216,#11217);
#10458=AXIS2_PLACEMENT_3D('',#13908,#11219,#11220);
#10459=AXIS2_PLACEMENT_3D('',#13910,#11222,#11223);
#10460=AXIS2_PLACEMENT_3D('',#13911,#11224,#11225);
#10461=AXIS2_PLACEMENT_3D('',#13913,#11226,#11227);
#10462=AXIS2_PLACEMENT_3D('',#13916,#11229,#11230);
#10463=AXIS2_PLACEMENT_3D('',#13917,#11231,#11232);
#10464=AXIS2_PLACEMENT_3D('',#13919,#11233,#11234);
#10465=AXIS2_PLACEMENT_3D('',#13922,#11236,#11237);
#10466=AXIS2_PLACEMENT_3D('',#13923,#11238,#11239);
#10467=AXIS2_PLACEMENT_3D('',#13925,#11240,#11241);
#10468=AXIS2_PLACEMENT_3D('',#13928,#11243,#11244);
#10469=AXIS2_PLACEMENT_3D('',#13929,#11245,#11246);
#10470=AXIS2_PLACEMENT_3D('',#13931,#11247,#11248);
#10471=AXIS2_PLACEMENT_3D('',#13934,#11250,#11251);
#10472=AXIS2_PLACEMENT_3D('',#13935,#11252,#11253);
#10473=AXIS2_PLACEMENT_3D('',#13944,#11258,#11259);
#10474=AXIS2_PLACEMENT_3D('',#13950,#11262,#11263);
#10475=AXIS2_PLACEMENT_3D('',#13958,#11268,#11269);
#10476=AXIS2_PLACEMENT_3D('',#13962,#11272,#11273);
#10477=AXIS2_PLACEMENT_3D('',#13971,#11278,#11279);
#10478=AXIS2_PLACEMENT_3D('',#13975,#11281,#11282);
#10479=AXIS2_PLACEMENT_3D('',#13977,#11284,#11285);
#10480=AXIS2_PLACEMENT_3D('',#13979,#11286,#11287);
#10481=AXIS2_PLACEMENT_3D('',#13986,#11292,#11293);
#10482=AXIS2_PLACEMENT_3D('',#13988,#11294,#11295);
#10483=AXIS2_PLACEMENT_3D('',#13990,#11297,#11298);
#10484=AXIS2_PLACEMENT_3D('',#13994,#11301,#11302);
#10485=AXIS2_PLACEMENT_3D('',#13998,#11305,#11306);
#10486=AXIS2_PLACEMENT_3D('',#14002,#11309,#11310);
#10487=AXIS2_PLACEMENT_3D('',#14004,#11312,#11313);
#10488=AXIS2_PLACEMENT_3D('',#14006,#11315,#11316);
#10489=AXIS2_PLACEMENT_3D('',#14008,#11318,#11319);
#10490=AXIS2_PLACEMENT_3D('',#14009,#11320,#11321);
#10491=AXIS2_PLACEMENT_3D('',#14011,#11322,#11323);
#10492=AXIS2_PLACEMENT_3D('',#14014,#11325,#11326);
#10493=AXIS2_PLACEMENT_3D('',#14015,#11327,#11328);
#10494=AXIS2_PLACEMENT_3D('',#14017,#11329,#11330);
#10495=AXIS2_PLACEMENT_3D('',#14020,#11332,#11333);
#10496=AXIS2_PLACEMENT_3D('',#14021,#11334,#11335);
#10497=AXIS2_PLACEMENT_3D('',#14023,#11336,#11337);
#10498=AXIS2_PLACEMENT_3D('',#14026,#11339,#11340);
#10499=AXIS2_PLACEMENT_3D('',#14027,#11341,#11342);
#10500=AXIS2_PLACEMENT_3D('',#14029,#11343,#11344);
#10501=AXIS2_PLACEMENT_3D('',#14032,#11346,#11347);
#10502=AXIS2_PLACEMENT_3D('',#14033,#11348,#11349);
#10503=AXIS2_PLACEMENT_3D('',#14042,#11354,#11355);
#10504=AXIS2_PLACEMENT_3D('',#14051,#11360,#11361);
#10505=AXIS2_PLACEMENT_3D('',#14060,#11366,#11367);
#10506=AXIS2_PLACEMENT_3D('',#14066,#11371,#11372);
#10507=AXIS2_PLACEMENT_3D('',#14068,#11373,#11374);
#10508=AXIS2_PLACEMENT_3D('',#14071,#11376,#11377);
#10509=AXIS2_PLACEMENT_3D('',#14072,#11378,#11379);
#10510=AXIS2_PLACEMENT_3D('',#14074,#11380,#11381);
#10511=AXIS2_PLACEMENT_3D('',#14077,#11383,#11384);
#10512=AXIS2_PLACEMENT_3D('',#14078,#11385,#11386);
#10513=AXIS2_PLACEMENT_3D('',#14094,#11396,#11397);
#10514=AXIS2_PLACEMENT_3D('',#14096,#11399,#11400);
#10515=AXIS2_PLACEMENT_3D('',#14098,#11402,#11403);
#10516=AXIS2_PLACEMENT_3D('',#14100,#11405,#11406);
#10517=AXIS2_PLACEMENT_3D('',#14102,#11408,#11409);
#10518=AXIS2_PLACEMENT_3D('',#14104,#11411,#11412);
#10519=AXIS2_PLACEMENT_3D('',#14106,#11414,#11415);
#10520=AXIS2_PLACEMENT_3D('',#14107,#11416,#11417);
#10521=AXIS2_PLACEMENT_3D('',#14109,#11418,#11419);
#10522=AXIS2_PLACEMENT_3D('',#14112,#11421,#11422);
#10523=AXIS2_PLACEMENT_3D('',#14113,#11423,#11424);
#10524=AXIS2_PLACEMENT_3D('',#14115,#11425,#11426);
#10525=AXIS2_PLACEMENT_3D('',#14118,#11428,#11429);
#10526=AXIS2_PLACEMENT_3D('',#14119,#11430,#11431);
#10527=AXIS2_PLACEMENT_3D('',#14128,#11436,#11437);
#10528=AXIS2_PLACEMENT_3D('',#14134,#11441,#11442);
#10529=AXIS2_PLACEMENT_3D('',#14143,#11447,#11448);
#10530=AXIS2_PLACEMENT_3D('',#14149,#11452,#11453);
#10531=AXIS2_PLACEMENT_3D('',#14155,#11457,#11458);
#10532=AXIS2_PLACEMENT_3D('',#14168,#11466,#11467);
#10533=AXIS2_PLACEMENT_3D('',#14172,#11470,#11471);
#10534=AXIS2_PLACEMENT_3D('',#14176,#11474,#11475);
#10535=AXIS2_PLACEMENT_3D('',#14180,#11478,#11479);
#10536=AXIS2_PLACEMENT_3D('',#14184,#11482,#11483);
#10537=AXIS2_PLACEMENT_3D('',#14188,#11486,#11487);
#10538=AXIS2_PLACEMENT_3D('',#14191,#11490,#11491);
#10539=AXIS2_PLACEMENT_3D('',#14192,#11492,#11493);
#10540=AXIS2_PLACEMENT_3D('',#14193,#11494,#11495);
#10541=AXIS2_PLACEMENT_3D('',#14195,#11496,#11497);
#10542=AXIS2_PLACEMENT_3D('',#14198,#11499,#11500);
#10543=AXIS2_PLACEMENT_3D('',#14199,#11501,#11502);
#10544=AXIS2_PLACEMENT_3D('',#14201,#11503,#11504);
#10545=AXIS2_PLACEMENT_3D('',#14204,#11506,#11507);
#10546=AXIS2_PLACEMENT_3D('',#14205,#11508,#11509);
#10547=AXIS2_PLACEMENT_3D('',#14208,#11510,#11511);
#10548=AXIS2_PLACEMENT_3D('',#14212,#11513,#11514);
#10549=AXIS2_PLACEMENT_3D('',#14214,#11516,#11517);
#10550=AXIS2_PLACEMENT_3D('',#14217,#11518,#11519);
#10551=AXIS2_PLACEMENT_3D('',#14221,#11521,#11522);
#10552=AXIS2_PLACEMENT_3D('',#14223,#11524,#11525);
#10553=AXIS2_PLACEMENT_3D('',#14229,#11529,#11530);
#10554=AXIS2_PLACEMENT_3D('',#14232,#11532,#11533);
#10555=AXIS2_PLACEMENT_3D('',#14233,#11534,#11535);
#10556=AXIS2_PLACEMENT_3D('',#14242,#11541,#11542);
#10557=AXIS2_PLACEMENT_3D('',#14245,#11544,#11545);
#10558=AXIS2_PLACEMENT_3D('',#14246,#11546,#11547);
#10559=AXIS2_PLACEMENT_3D('',#14250,#11550,#11551);
#10560=AXIS2_PLACEMENT_3D('',#14253,#11552,#11553);
#10561=AXIS2_PLACEMENT_3D('',#14257,#11555,#11556);
#10562=AXIS2_PLACEMENT_3D('',#14259,#11558,#11559);
#10563=AXIS2_PLACEMENT_3D('',#14262,#11560,#11561);
#10564=AXIS2_PLACEMENT_3D('',#14266,#11563,#11564);
#10565=AXIS2_PLACEMENT_3D('',#14268,#11566,#11567);
#10566=AXIS2_PLACEMENT_3D('',#14274,#11571,#11572);
#10567=AXIS2_PLACEMENT_3D('',#14277,#11574,#11575);
#10568=AXIS2_PLACEMENT_3D('',#14278,#11576,#11577);
#10569=AXIS2_PLACEMENT_3D('',#14287,#11583,#11584);
#10570=AXIS2_PLACEMENT_3D('',#14290,#11586,#11587);
#10571=AXIS2_PLACEMENT_3D('',#14291,#11588,#11589);
#10572=AXIS2_PLACEMENT_3D('',#14294,#11591,#11592);
#10573=AXIS2_PLACEMENT_3D('',#14295,#11593,#11594);
#10574=AXIS2_PLACEMENT_3D('',#14296,#11595,#11596);
#10575=AXIS2_PLACEMENT_3D('',#14298,#11598,#11599);
#10576=AXIS2_PLACEMENT_3D('',#14299,#11600,#11601);
#10577=AXIS2_PLACEMENT_3D('',#14300,#11602,#11603);
#10578=AXIS2_PLACEMENT_3D('',#14301,#11604,#11605);
#10579=AXIS2_PLACEMENT_3D('',#14302,#11606,#11607);
#10580=AXIS2_PLACEMENT_3D('',#14303,#11608,#11609);
#10581=AXIS2_PLACEMENT_3D('',#14312,#11614,#11615);
#10582=AXIS2_PLACEMENT_3D('',#14318,#11619,#11620);
#10583=AXIS2_PLACEMENT_3D('',#14327,#11625,#11626);
#10584=AXIS2_PLACEMENT_3D('',#14333,#11630,#11631);
#10585=AXIS2_PLACEMENT_3D('',#14348,#11640,#11641);
#10586=AXIS2_PLACEMENT_3D('',#14352,#11644,#11645);
#10587=AXIS2_PLACEMENT_3D('',#14356,#11648,#11649);
#10588=AXIS2_PLACEMENT_3D('',#14360,#11652,#11653);
#10589=AXIS2_PLACEMENT_3D('',#14364,#11656,#11657);
#10590=AXIS2_PLACEMENT_3D('',#14366,#11659,#11660);
#10591=AXIS2_PLACEMENT_3D('',#14370,#11663,#11664);
#10592=AXIS2_PLACEMENT_3D('',#14374,#11667,#11668);
#10593=AXIS2_PLACEMENT_3D('',#14376,#11670,#11671);
#10594=AXIS2_PLACEMENT_3D('',#14377,#11672,#11673);
#10595=AXIS2_PLACEMENT_3D('',#14386,#11678,#11679);
#10596=AXIS2_PLACEMENT_3D('',#14395,#11684,#11685);
#10597=AXIS2_PLACEMENT_3D('',#14401,#11689,#11690);
#10598=AXIS2_PLACEMENT_3D('',#14418,#11700,#11701);
#10599=AXIS2_PLACEMENT_3D('',#14422,#11704,#11705);
#10600=AXIS2_PLACEMENT_3D('',#14428,#11709,#11710);
#10601=AXIS2_PLACEMENT_3D('',#14432,#11713,#11714);
#10602=AXIS2_PLACEMENT_3D('',#14436,#11717,#11718);
#10603=AXIS2_PLACEMENT_3D('',#14440,#11721,#11722);
#10604=AXIS2_PLACEMENT_3D('',#14442,#11724,#11725);
#10605=AXIS2_PLACEMENT_3D('',#14446,#11728,#11729);
#10606=AXIS2_PLACEMENT_3D('',#14448,#11731,#11732);
#10607=AXIS2_PLACEMENT_3D('',#14450,#11734,#11735);
#10608=AXIS2_PLACEMENT_3D('',#14451,#11736,#11737);
#10609=AXIS2_PLACEMENT_3D('',#14460,#11742,#11743);
#10610=AXIS2_PLACEMENT_3D('',#14466,#11747,#11748);
#10611=AXIS2_PLACEMENT_3D('',#14475,#11753,#11754);
#10612=AXIS2_PLACEMENT_3D('',#14481,#11758,#11759);
#10613=AXIS2_PLACEMENT_3D('',#14496,#11768,#11769);
#10614=AXIS2_PLACEMENT_3D('',#14500,#11772,#11773);
#10615=AXIS2_PLACEMENT_3D('',#14504,#11776,#11777);
#10616=AXIS2_PLACEMENT_3D('',#14508,#11780,#11781);
#10617=AXIS2_PLACEMENT_3D('',#14512,#11784,#11785);
#10618=AXIS2_PLACEMENT_3D('',#14514,#11787,#11788);
#10619=AXIS2_PLACEMENT_3D('',#14518,#11791,#11792);
#10620=AXIS2_PLACEMENT_3D('',#14522,#11795,#11796);
#10621=AXIS2_PLACEMENT_3D('',#14524,#11798,#11799);
#10622=AXIS2_PLACEMENT_3D('',#14525,#11800,#11801);
#10623=AXIS2_PLACEMENT_3D('',#14534,#11806,#11807);
#10624=AXIS2_PLACEMENT_3D('',#14540,#11811,#11812);
#10625=AXIS2_PLACEMENT_3D('',#14549,#11817,#11818);
#10626=AXIS2_PLACEMENT_3D('',#14555,#11822,#11823);
#10627=AXIS2_PLACEMENT_3D('',#14570,#11832,#11833);
#10628=AXIS2_PLACEMENT_3D('',#14574,#11836,#11837);
#10629=AXIS2_PLACEMENT_3D('',#14578,#11840,#11841);
#10630=AXIS2_PLACEMENT_3D('',#14582,#11844,#11845);
#10631=AXIS2_PLACEMENT_3D('',#14586,#11848,#11849);
#10632=AXIS2_PLACEMENT_3D('',#14588,#11851,#11852);
#10633=AXIS2_PLACEMENT_3D('',#14592,#11855,#11856);
#10634=AXIS2_PLACEMENT_3D('',#14596,#11859,#11860);
#10635=AXIS2_PLACEMENT_3D('',#14598,#11862,#11863);
#10636=AXIS2_PLACEMENT_3D('',#14599,#11864,#11865);
#10637=AXIS2_PLACEMENT_3D('',#14608,#11870,#11871);
#10638=AXIS2_PLACEMENT_3D('',#14614,#11875,#11876);
#10639=AXIS2_PLACEMENT_3D('',#14623,#11881,#11882);
#10640=AXIS2_PLACEMENT_3D('',#14629,#11886,#11887);
#10641=AXIS2_PLACEMENT_3D('',#14644,#11896,#11897);
#10642=AXIS2_PLACEMENT_3D('',#14648,#11900,#11901);
#10643=AXIS2_PLACEMENT_3D('',#14652,#11904,#11905);
#10644=AXIS2_PLACEMENT_3D('',#14656,#11908,#11909);
#10645=AXIS2_PLACEMENT_3D('',#14660,#11912,#11913);
#10646=AXIS2_PLACEMENT_3D('',#14662,#11915,#11916);
#10647=AXIS2_PLACEMENT_3D('',#14666,#11919,#11920);
#10648=AXIS2_PLACEMENT_3D('',#14670,#11923,#11924);
#10649=AXIS2_PLACEMENT_3D('',#14672,#11926,#11927);
#10650=AXIS2_PLACEMENT_3D('',#14673,#11928,#11929);
#10651=AXIS2_PLACEMENT_3D('',#14682,#11934,#11935);
#10652=AXIS2_PLACEMENT_3D('',#14688,#11939,#11940);
#10653=AXIS2_PLACEMENT_3D('',#14697,#11945,#11946);
#10654=AXIS2_PLACEMENT_3D('',#14703,#11950,#11951);
#10655=AXIS2_PLACEMENT_3D('',#14718,#11960,#11961);
#10656=AXIS2_PLACEMENT_3D('',#14722,#11964,#11965);
#10657=AXIS2_PLACEMENT_3D('',#14726,#11968,#11969);
#10658=AXIS2_PLACEMENT_3D('',#14730,#11972,#11973);
#10659=AXIS2_PLACEMENT_3D('',#14734,#11976,#11977);
#10660=AXIS2_PLACEMENT_3D('',#14736,#11979,#11980);
#10661=AXIS2_PLACEMENT_3D('',#14740,#11983,#11984);
#10662=AXIS2_PLACEMENT_3D('',#14744,#11987,#11988);
#10663=AXIS2_PLACEMENT_3D('',#14746,#11990,#11991);
#10664=AXIS2_PLACEMENT_3D('',#14747,#11992,#11993);
#10665=AXIS2_PLACEMENT_3D('',#14756,#11998,#11999);
#10666=AXIS2_PLACEMENT_3D('',#14762,#12003,#12004);
#10667=AXIS2_PLACEMENT_3D('',#14771,#12009,#12010);
#10668=AXIS2_PLACEMENT_3D('',#14777,#12014,#12015);
#10669=AXIS2_PLACEMENT_3D('',#14792,#12024,#12025);
#10670=AXIS2_PLACEMENT_3D('',#14796,#12028,#12029);
#10671=AXIS2_PLACEMENT_3D('',#14800,#12032,#12033);
#10672=AXIS2_PLACEMENT_3D('',#14804,#12036,#12037);
#10673=AXIS2_PLACEMENT_3D('',#14808,#12040,#12041);
#10674=AXIS2_PLACEMENT_3D('',#14810,#12043,#12044);
#10675=AXIS2_PLACEMENT_3D('',#14814,#12047,#12048);
#10676=AXIS2_PLACEMENT_3D('',#14818,#12051,#12052);
#10677=AXIS2_PLACEMENT_3D('',#14820,#12054,#12055);
#10678=AXIS2_PLACEMENT_3D('',#14821,#12056,#12057);
#10679=AXIS2_PLACEMENT_3D('',#14830,#12062,#12063);
#10680=AXIS2_PLACEMENT_3D('',#14836,#12067,#12068);
#10681=AXIS2_PLACEMENT_3D('',#14845,#12073,#12074);
#10682=AXIS2_PLACEMENT_3D('',#14851,#12078,#12079);
#10683=AXIS2_PLACEMENT_3D('',#14866,#12088,#12089);
#10684=AXIS2_PLACEMENT_3D('',#14870,#12092,#12093);
#10685=AXIS2_PLACEMENT_3D('',#14874,#12096,#12097);
#10686=AXIS2_PLACEMENT_3D('',#14878,#12100,#12101);
#10687=AXIS2_PLACEMENT_3D('',#14882,#12104,#12105);
#10688=AXIS2_PLACEMENT_3D('',#14884,#12107,#12108);
#10689=AXIS2_PLACEMENT_3D('',#14888,#12111,#12112);
#10690=AXIS2_PLACEMENT_3D('',#14892,#12115,#12116);
#10691=AXIS2_PLACEMENT_3D('',#14894,#12118,#12119);
#10692=AXIS2_PLACEMENT_3D('',#14895,#12120,#12121);
#10693=AXIS2_PLACEMENT_3D('',#14904,#12126,#12127);
#10694=AXIS2_PLACEMENT_3D('',#14909,#12130,#12131);
#10695=AXIS2_PLACEMENT_3D('',#14910,#12132,#12133);
#10696=AXIS2_PLACEMENT_3D('',#14919,#12138,#12139);
#10697=AXIS2_PLACEMENT_3D('',#14923,#12141,#12142);
#10698=AXIS2_PLACEMENT_3D('',#14925,#12144,#12145);
#10699=AXIS2_PLACEMENT_3D('',#14940,#12154,#12155);
#10700=AXIS2_PLACEMENT_3D('',#14944,#12158,#12159);
#10701=AXIS2_PLACEMENT_3D('',#14948,#12162,#12163);
#10702=AXIS2_PLACEMENT_3D('',#14951,#12165,#12166);
#10703=AXIS2_PLACEMENT_3D('',#14952,#12167,#12168);
#10704=AXIS2_PLACEMENT_3D('',#14954,#12169,#12170);
#10705=AXIS2_PLACEMENT_3D('',#14956,#12172,#12173);
#10706=AXIS2_PLACEMENT_3D('',#14957,#12174,#12175);
#10707=AXIS2_PLACEMENT_3D('',#14958,#12176,#12177);
#10708=AXIS2_PLACEMENT_3D('',#14962,#12180,#12181);
#10709=AXIS2_PLACEMENT_3D('',#14964,#12182,#12183);
#10710=AXIS2_PLACEMENT_3D('',#14966,#12185,#12186);
#10711=AXIS2_PLACEMENT_3D('',#14968,#12188,#12189);
#10712=AXIS2_PLACEMENT_3D('',#14969,#12190,#12191);
#10713=AXIS2_PLACEMENT_3D('',#14978,#12196,#12197);
#10714=AXIS2_PLACEMENT_3D('',#14984,#12201,#12202);
#10715=AXIS2_PLACEMENT_3D('',#14993,#12207,#12208);
#10716=AXIS2_PLACEMENT_3D('',#14999,#12212,#12213);
#10717=AXIS2_PLACEMENT_3D('',#15014,#12222,#12223);
#10718=AXIS2_PLACEMENT_3D('',#15018,#12226,#12227);
#10719=AXIS2_PLACEMENT_3D('',#15022,#12230,#12231);
#10720=AXIS2_PLACEMENT_3D('',#15026,#12234,#12235);
#10721=AXIS2_PLACEMENT_3D('',#15030,#12238,#12239);
#10722=AXIS2_PLACEMENT_3D('',#15032,#12241,#12242);
#10723=AXIS2_PLACEMENT_3D('',#15036,#12245,#12246);
#10724=AXIS2_PLACEMENT_3D('',#15040,#12249,#12250);
#10725=AXIS2_PLACEMENT_3D('',#15042,#12252,#12253);
#10726=AXIS2_PLACEMENT_3D('',#15043,#12254,#12255);
#10727=AXIS2_PLACEMENT_3D('',#15052,#12260,#12261);
#10728=AXIS2_PLACEMENT_3D('',#15058,#12265,#12266);
#10729=AXIS2_PLACEMENT_3D('',#15067,#12271,#12272);
#10730=AXIS2_PLACEMENT_3D('',#15073,#12276,#12277);
#10731=AXIS2_PLACEMENT_3D('',#15088,#12286,#12287);
#10732=AXIS2_PLACEMENT_3D('',#15092,#12290,#12291);
#10733=AXIS2_PLACEMENT_3D('',#15096,#12294,#12295);
#10734=AXIS2_PLACEMENT_3D('',#15100,#12298,#12299);
#10735=AXIS2_PLACEMENT_3D('',#15104,#12302,#12303);
#10736=AXIS2_PLACEMENT_3D('',#15106,#12305,#12306);
#10737=AXIS2_PLACEMENT_3D('',#15110,#12309,#12310);
#10738=AXIS2_PLACEMENT_3D('',#15114,#12313,#12314);
#10739=AXIS2_PLACEMENT_3D('',#15116,#12316,#12317);
#10740=AXIS2_PLACEMENT_3D('',#15117,#12318,#12319);
#10741=AXIS2_PLACEMENT_3D('',#15126,#12324,#12325);
#10742=AXIS2_PLACEMENT_3D('',#15148,#12337,#12338);
#10743=AXIS2_PLACEMENT_3D('',#15152,#12341,#12342);
#10744=AXIS2_PLACEMENT_3D('',#15156,#12345,#12346);
#10745=AXIS2_PLACEMENT_3D('',#15160,#12349,#12350);
#10746=AXIS2_PLACEMENT_3D('',#15164,#12353,#12354);
#10747=AXIS2_PLACEMENT_3D('',#15168,#12357,#12358);
#10748=AXIS2_PLACEMENT_3D('',#15172,#12361,#12362);
#10749=AXIS2_PLACEMENT_3D('',#15176,#12365,#12366);
#10750=AXIS2_PLACEMENT_3D('',#15180,#12369,#12370);
#10751=AXIS2_PLACEMENT_3D('',#15186,#12374,#12375);
#10752=AXIS2_PLACEMENT_3D('',#15188,#12377,#12378);
#10753=AXIS2_PLACEMENT_3D('',#15190,#12380,#12381);
#10754=AXIS2_PLACEMENT_3D('',#15191,#12382,#12383);
#10755=AXIS2_PLACEMENT_3D('',#15193,#12384,#12385);
#10756=AXIS2_PLACEMENT_3D('',#15196,#12387,#12388);
#10757=AXIS2_PLACEMENT_3D('',#15197,#12389,#12390);
#10758=AXIS2_PLACEMENT_3D('',#15198,#12391,#12392);
#10759=AXIS2_PLACEMENT_3D('',#15199,#12393,#12394);
#10760=AXIS2_PLACEMENT_3D('',#15201,#12395,#12396);
#10761=AXIS2_PLACEMENT_3D('',#15204,#12398,#12399);
#10762=AXIS2_PLACEMENT_3D('',#15205,#12400,#12401);
#10763=AXIS2_PLACEMENT_3D('',#15206,#12402,#12403);
#10764=AXIS2_PLACEMENT_3D('',#15207,#12404,#12405);
#10765=AXIS2_PLACEMENT_3D('',#15209,#12406,#12407);
#10766=AXIS2_PLACEMENT_3D('',#15212,#12409,#12410);
#10767=AXIS2_PLACEMENT_3D('',#15213,#12411,#12412);
#10768=AXIS2_PLACEMENT_3D('',#15214,#12413,#12414);
#10769=AXIS2_PLACEMENT_3D('',#15215,#12415,#12416);
#10770=AXIS2_PLACEMENT_3D('',#15217,#12417,#12418);
#10771=AXIS2_PLACEMENT_3D('',#15220,#12420,#12421);
#10772=AXIS2_PLACEMENT_3D('',#15221,#12422,#12423);
#10773=AXIS2_PLACEMENT_3D('',#15222,#12424,#12425);
#10774=AXIS2_PLACEMENT_3D('',#15223,#12426,#12427);
#10775=AXIS2_PLACEMENT_3D('',#15225,#12428,#12429);
#10776=AXIS2_PLACEMENT_3D('',#15228,#12431,#12432);
#10777=AXIS2_PLACEMENT_3D('',#15229,#12433,#12434);
#10778=AXIS2_PLACEMENT_3D('',#15230,#12435,#12436);
#10779=AXIS2_PLACEMENT_3D('',#15231,#12437,#12438);
#10780=AXIS2_PLACEMENT_3D('',#15233,#12439,#12440);
#10781=AXIS2_PLACEMENT_3D('',#15236,#12442,#12443);
#10782=AXIS2_PLACEMENT_3D('',#15237,#12444,#12445);
#10783=AXIS2_PLACEMENT_3D('',#15238,#12446,#12447);
#10784=AXIS2_PLACEMENT_3D('',#15239,#12448,#12449);
#10785=AXIS2_PLACEMENT_3D('',#15241,#12450,#12451);
#10786=AXIS2_PLACEMENT_3D('',#15244,#12453,#12454);
#10787=AXIS2_PLACEMENT_3D('',#15245,#12455,#12456);
#10788=AXIS2_PLACEMENT_3D('',#15246,#12457,#12458);
#10789=AXIS2_PLACEMENT_3D('',#15247,#12459,#12460);
#10790=AXIS2_PLACEMENT_3D('',#15249,#12461,#12462);
#10791=AXIS2_PLACEMENT_3D('',#15252,#12464,#12465);
#10792=AXIS2_PLACEMENT_3D('',#15253,#12466,#12467);
#10793=AXIS2_PLACEMENT_3D('',#15254,#12468,#12469);
#10794=AXIS2_PLACEMENT_3D('',#15255,#12470,#12471);
#10795=AXIS2_PLACEMENT_3D('',#15264,#12476,#12477);
#10796=AXIS2_PLACEMENT_3D('',#15286,#12489,#12490);
#10797=AXIS2_PLACEMENT_3D('',#15290,#12493,#12494);
#10798=AXIS2_PLACEMENT_3D('',#15294,#12497,#12498);
#10799=AXIS2_PLACEMENT_3D('',#15298,#12501,#12502);
#10800=AXIS2_PLACEMENT_3D('',#15302,#12505,#12506);
#10801=AXIS2_PLACEMENT_3D('',#15306,#12509,#12510);
#10802=AXIS2_PLACEMENT_3D('',#15310,#12513,#12514);
#10803=AXIS2_PLACEMENT_3D('',#15314,#12517,#12518);
#10804=AXIS2_PLACEMENT_3D('',#15318,#12521,#12522);
#10805=AXIS2_PLACEMENT_3D('',#15324,#12526,#12527);
#10806=AXIS2_PLACEMENT_3D('',#15326,#12529,#12530);
#10807=AXIS2_PLACEMENT_3D('',#15328,#12532,#12533);
#10808=AXIS2_PLACEMENT_3D('',#15329,#12534,#12535);
#10809=AXIS2_PLACEMENT_3D('',#15338,#12540,#12541);
#10810=AXIS2_PLACEMENT_3D('',#15344,#12545,#12546);
#10811=AXIS2_PLACEMENT_3D('',#15353,#12551,#12552);
#10812=AXIS2_PLACEMENT_3D('',#15359,#12556,#12557);
#10813=AXIS2_PLACEMENT_3D('',#15374,#12566,#12567);
#10814=AXIS2_PLACEMENT_3D('',#15378,#12570,#12571);
#10815=AXIS2_PLACEMENT_3D('',#15382,#12574,#12575);
#10816=AXIS2_PLACEMENT_3D('',#15386,#12578,#12579);
#10817=AXIS2_PLACEMENT_3D('',#15390,#12582,#12583);
#10818=AXIS2_PLACEMENT_3D('',#15392,#12585,#12586);
#10819=AXIS2_PLACEMENT_3D('',#15396,#12589,#12590);
#10820=AXIS2_PLACEMENT_3D('',#15400,#12593,#12594);
#10821=AXIS2_PLACEMENT_3D('',#15402,#12596,#12597);
#10822=AXIS2_PLACEMENT_3D('',#15403,#12598,#12599);
#10823=AXIS2_PLACEMENT_3D('',#15412,#12604,#12605);
#10824=AXIS2_PLACEMENT_3D('',#15417,#12608,#12609);
#10825=AXIS2_PLACEMENT_3D('',#15418,#12610,#12611);
#10826=AXIS2_PLACEMENT_3D('',#15427,#12616,#12617);
#10827=AXIS2_PLACEMENT_3D('',#15431,#12619,#12620);
#10828=AXIS2_PLACEMENT_3D('',#15433,#12622,#12623);
#10829=AXIS2_PLACEMENT_3D('',#15448,#12632,#12633);
#10830=AXIS2_PLACEMENT_3D('',#15452,#12636,#12637);
#10831=AXIS2_PLACEMENT_3D('',#15456,#12640,#12641);
#10832=AXIS2_PLACEMENT_3D('',#15459,#12643,#12644);
#10833=AXIS2_PLACEMENT_3D('',#15460,#12645,#12646);
#10834=AXIS2_PLACEMENT_3D('',#15462,#12647,#12648);
#10835=AXIS2_PLACEMENT_3D('',#15464,#12650,#12651);
#10836=AXIS2_PLACEMENT_3D('',#15465,#12652,#12653);
#10837=AXIS2_PLACEMENT_3D('',#15466,#12654,#12655);
#10838=AXIS2_PLACEMENT_3D('',#15470,#12658,#12659);
#10839=AXIS2_PLACEMENT_3D('',#15472,#12660,#12661);
#10840=AXIS2_PLACEMENT_3D('',#15474,#12663,#12664);
#10841=AXIS2_PLACEMENT_3D('',#15476,#12666,#12667);
#10842=AXIS2_PLACEMENT_3D('',#15477,#12668,#12669);
#10843=AXIS2_PLACEMENT_3D('',#15486,#12674,#12675);
#10844=AXIS2_PLACEMENT_3D('',#15492,#12679,#12680);
#10845=AXIS2_PLACEMENT_3D('',#15501,#12685,#12686);
#10846=AXIS2_PLACEMENT_3D('',#15507,#12690,#12691);
#10847=AXIS2_PLACEMENT_3D('',#15522,#12700,#12701);
#10848=AXIS2_PLACEMENT_3D('',#15526,#12704,#12705);
#10849=AXIS2_PLACEMENT_3D('',#15530,#12708,#12709);
#10850=AXIS2_PLACEMENT_3D('',#15534,#12712,#12713);
#10851=AXIS2_PLACEMENT_3D('',#15538,#12716,#12717);
#10852=AXIS2_PLACEMENT_3D('',#15540,#12719,#12720);
#10853=AXIS2_PLACEMENT_3D('',#15544,#12723,#12724);
#10854=AXIS2_PLACEMENT_3D('',#15548,#12727,#12728);
#10855=AXIS2_PLACEMENT_3D('',#15550,#12730,#12731);
#10856=AXIS2_PLACEMENT_3D('',#15551,#12732,#12733);
#10857=AXIS2_PLACEMENT_3D('',#15560,#12738,#12739);
#10858=AXIS2_PLACEMENT_3D('',#15566,#12743,#12744);
#10859=AXIS2_PLACEMENT_3D('',#15575,#12749,#12750);
#10860=AXIS2_PLACEMENT_3D('',#15581,#12754,#12755);
#10861=AXIS2_PLACEMENT_3D('',#15596,#12764,#12765);
#10862=AXIS2_PLACEMENT_3D('',#15600,#12768,#12769);
#10863=AXIS2_PLACEMENT_3D('',#15604,#12772,#12773);
#10864=AXIS2_PLACEMENT_3D('',#15608,#12776,#12777);
#10865=AXIS2_PLACEMENT_3D('',#15612,#12780,#12781);
#10866=AXIS2_PLACEMENT_3D('',#15614,#12783,#12784);
#10867=AXIS2_PLACEMENT_3D('',#15618,#12787,#12788);
#10868=AXIS2_PLACEMENT_3D('',#15622,#12791,#12792);
#10869=AXIS2_PLACEMENT_3D('',#15624,#12794,#12795);
#10870=AXIS2_PLACEMENT_3D('',#15625,#12796,#12797);
#10871=AXIS2_PLACEMENT_3D('',#15634,#12802,#12803);
#10872=AXIS2_PLACEMENT_3D('',#15640,#12807,#12808);
#10873=AXIS2_PLACEMENT_3D('',#15649,#12813,#12814);
#10874=AXIS2_PLACEMENT_3D('',#15655,#12818,#12819);
#10875=AXIS2_PLACEMENT_3D('',#15670,#12828,#12829);
#10876=AXIS2_PLACEMENT_3D('',#15674,#12832,#12833);
#10877=AXIS2_PLACEMENT_3D('',#15678,#12836,#12837);
#10878=AXIS2_PLACEMENT_3D('',#15682,#12840,#12841);
#10879=AXIS2_PLACEMENT_3D('',#15686,#12844,#12845);
#10880=AXIS2_PLACEMENT_3D('',#15688,#12847,#12848);
#10881=AXIS2_PLACEMENT_3D('',#15692,#12851,#12852);
#10882=AXIS2_PLACEMENT_3D('',#15696,#12855,#12856);
#10883=AXIS2_PLACEMENT_3D('',#15698,#12858,#12859);
#10884=AXIS2_PLACEMENT_3D('',#15699,#12860,#12861);
#10885=AXIS2_PLACEMENT_3D('',#15708,#12866,#12867);
#10886=AXIS2_PLACEMENT_3D('',#15714,#12871,#12872);
#10887=AXIS2_PLACEMENT_3D('',#15723,#12877,#12878);
#10888=AXIS2_PLACEMENT_3D('',#15729,#12882,#12883);
#10889=AXIS2_PLACEMENT_3D('',#15744,#12892,#12893);
#10890=AXIS2_PLACEMENT_3D('',#15748,#12896,#12897);
#10891=AXIS2_PLACEMENT_3D('',#15752,#12900,#12901);
#10892=AXIS2_PLACEMENT_3D('',#15756,#12904,#12905);
#10893=AXIS2_PLACEMENT_3D('',#15760,#12908,#12909);
#10894=AXIS2_PLACEMENT_3D('',#15762,#12911,#12912);
#10895=AXIS2_PLACEMENT_3D('',#15766,#12915,#12916);
#10896=AXIS2_PLACEMENT_3D('',#15770,#12919,#12920);
#10897=AXIS2_PLACEMENT_3D('',#15772,#12922,#12923);
#10898=AXIS2_PLACEMENT_3D('',#15773,#12924,#12925);
#10899=AXIS2_PLACEMENT_3D('',#15782,#12930,#12931);
#10900=AXIS2_PLACEMENT_3D('',#15788,#12935,#12936);
#10901=AXIS2_PLACEMENT_3D('',#15797,#12941,#12942);
#10902=AXIS2_PLACEMENT_3D('',#15803,#12946,#12947);
#10903=AXIS2_PLACEMENT_3D('',#15818,#12956,#12957);
#10904=AXIS2_PLACEMENT_3D('',#15822,#12960,#12961);
#10905=AXIS2_PLACEMENT_3D('',#15826,#12964,#12965);
#10906=AXIS2_PLACEMENT_3D('',#15830,#12968,#12969);
#10907=AXIS2_PLACEMENT_3D('',#15834,#12972,#12973);
#10908=AXIS2_PLACEMENT_3D('',#15836,#12975,#12976);
#10909=AXIS2_PLACEMENT_3D('',#15840,#12979,#12980);
#10910=AXIS2_PLACEMENT_3D('',#15844,#12983,#12984);
#10911=AXIS2_PLACEMENT_3D('',#15846,#12986,#12987);
#10912=AXIS2_PLACEMENT_3D('',#15847,#12988,#12989);
#10913=AXIS2_PLACEMENT_3D('',#15856,#12994,#12995);
#10914=AXIS2_PLACEMENT_3D('',#15862,#12999,#13000);
#10915=AXIS2_PLACEMENT_3D('',#15871,#13005,#13006);
#10916=AXIS2_PLACEMENT_3D('',#15877,#13010,#13011);
#10917=AXIS2_PLACEMENT_3D('',#15892,#13020,#13021);
#10918=AXIS2_PLACEMENT_3D('',#15896,#13024,#13025);
#10919=AXIS2_PLACEMENT_3D('',#15900,#13028,#13029);
#10920=AXIS2_PLACEMENT_3D('',#15904,#13032,#13033);
#10921=AXIS2_PLACEMENT_3D('',#15908,#13036,#13037);
#10922=AXIS2_PLACEMENT_3D('',#15910,#13039,#13040);
#10923=AXIS2_PLACEMENT_3D('',#15914,#13043,#13044);
#10924=AXIS2_PLACEMENT_3D('',#15918,#13047,#13048);
#10925=AXIS2_PLACEMENT_3D('',#15920,#13050,#13051);
#10926=AXIS2_PLACEMENT_3D('',#15921,#13052,#13053);
#10927=AXIS2_PLACEMENT_3D('',#15930,#13058,#13059);
#10928=AXIS2_PLACEMENT_3D('',#15939,#13064,#13065);
#10929=AXIS2_PLACEMENT_3D('',#15942,#13068,#13069);
#10930=AXIS2_PLACEMENT_3D('',#15958,#13077,#13078);
#10931=AXIS2_PLACEMENT_3D('',#15961,#13080,#13081);
#10932=AXIS2_PLACEMENT_3D('',#15963,#13082,#13083);
#10933=AXIS2_PLACEMENT_3D('',#15964,#13084,#13085);
#10934=AXIS2_PLACEMENT_3D('',#15968,#13088,#13089);
#10935=AXIS2_PLACEMENT_3D('',#15980,#13096,#13097);
#10936=AXIS2_PLACEMENT_3D('',#15989,#13102,#13103);
#10937=AXIS2_PLACEMENT_3D('',#15995,#13107,#13108);
#10938=AXIS2_PLACEMENT_3D('',#15999,#13111,#13112);
#10939=AXIS2_PLACEMENT_3D('',#16006,#13117,#13118);
#10940=AXIS2_PLACEMENT_3D('',#16013,#13122,#13123);
#10941=AXIS2_PLACEMENT_3D('',#16020,#13127,#13128);
#10942=AXIS2_PLACEMENT_3D('',#16022,#13129,#13130);
#10943=AXIS2_PLACEMENT_3D('',#16023,#13131,#13132);
#10944=AXIS2_PLACEMENT_3D('',#16027,#13135,#13136);
#10945=AXIS2_PLACEMENT_3D('',#16034,#13140,#13141);
#10946=AXIS2_PLACEMENT_3D('',#16039,#13144,#13145);
#10947=AXIS2_PLACEMENT_3D('',#16041,#13146,#13147);
#10948=AXIS2_PLACEMENT_3D('',#16042,#13148,#13149);
#10949=AXIS2_PLACEMENT_3D('',#16046,#13152,#13153);
#10950=AXIS2_PLACEMENT_3D('',#16048,#13155,#13156);
#10951=AXIS2_PLACEMENT_3D('',#16050,#13158,#13159);
#10952=AXIS2_PLACEMENT_3D('',#16052,#13160,#13161);
#10953=AXIS2_PLACEMENT_3D('',#16054,#13163,#13164);
#10954=AXIS2_PLACEMENT_3D('',#16056,#13166,#13167);
#10955=AXIS2_PLACEMENT_3D('',#16058,#13168,#13169);
#10956=AXIS2_PLACEMENT_3D('',#16060,#13171,#13172);
#10957=AXIS2_PLACEMENT_3D('',#16062,#13174,#13175);
#10958=AXIS2_PLACEMENT_3D('',#16068,#13179,#13180);
#10959=AXIS2_PLACEMENT_3D('',#16071,#13183,#13184);
#10960=AXIS2_PLACEMENT_3D('',#16072,#13185,#13186);
#10961=AXIS2_PLACEMENT_3D('',#16073,#13187,#13188);
#10962=AXIS2_PLACEMENT_3D('',#16074,#13189,#13190);
#10963=AXIS2_PLACEMENT_3D('',#16075,#13191,#13192);
#10964=AXIS2_PLACEMENT_3D('',#16077,#13194,#13195);
#10965=AXIS2_PLACEMENT_3D('',#16078,#13196,#13197);
#10966=AXIS2_PLACEMENT_3D('',#16079,#13198,#13199);
#10967=AXIS2_PLACEMENT_3D('',#16088,#13204,#13205);
#10968=AXIS2_PLACEMENT_3D('',#16094,#13209,#13210);
#10969=AXIS2_PLACEMENT_3D('',#16103,#13215,#13216);
#10970=AXIS2_PLACEMENT_3D('',#16104,#13217,#13218);
#10971=AXIS2_PLACEMENT_3D('',#16108,#13221,#13222);
#10972=AXIS2_PLACEMENT_3D('',#16110,#13223,#13224);
#10973=AXIS2_PLACEMENT_3D('',#16113,#13226,#13227);
#10974=AXIS2_PLACEMENT_3D('',#16114,#13228,#13229);
#10975=AXIS2_PLACEMENT_3D('',#16116,#13230,#13231);
#10976=AXIS2_PLACEMENT_3D('',#16118,#13233,#13234);
#10977=AXIS2_PLACEMENT_3D('',#16127,#13239,#13240);
#10978=AXIS2_PLACEMENT_3D('',#16130,#13243,#13244);
#10979=AXIS2_PLACEMENT_3D('',#16139,#13249,#13250);
#10980=AXIS2_PLACEMENT_3D('',#16145,#13254,#13255);
#10981=AXIS2_PLACEMENT_3D('',#16156,#13262,#13263);
#10982=AXIS2_PLACEMENT_3D('',#16160,#13266,#13267);
#10983=AXIS2_PLACEMENT_3D('',#16164,#13270,#13271);
#10984=AXIS2_PLACEMENT_3D('',#16168,#13274,#13275);
#10985=AXIS2_PLACEMENT_3D('',#16172,#13278,#13279);
#10986=AXIS2_PLACEMENT_3D('',#16175,#13282,#13283);
#10987=AXIS2_PLACEMENT_3D('',#16176,#13284,#13285);
#10988=AXIS2_PLACEMENT_3D('',#16177,#13286,#13287);
#10989=AXIS2_PLACEMENT_3D('',#16179,#13288,#13289);
#10990=AXIS2_PLACEMENT_3D('',#16182,#13291,#13292);
#10991=AXIS2_PLACEMENT_3D('',#16183,#13293,#13294);
#10992=AXIS2_PLACEMENT_3D('',#16185,#13295,#13296);
#10993=AXIS2_PLACEMENT_3D('',#16188,#13298,#13299);
#10994=AXIS2_PLACEMENT_3D('',#16189,#13300,#13301);
#10995=AXIS2_PLACEMENT_3D('',#16192,#13302,#13303);
#10996=AXIS2_PLACEMENT_3D('',#16196,#13305,#13306);
#10997=AXIS2_PLACEMENT_3D('',#16198,#13308,#13309);
#10998=AXIS2_PLACEMENT_3D('',#16201,#13310,#13311);
#10999=AXIS2_PLACEMENT_3D('',#16205,#13313,#13314);
#11000=AXIS2_PLACEMENT_3D('',#16207,#13316,#13317);
#11001=AXIS2_PLACEMENT_3D('',#16213,#13321,#13322);
#11002=AXIS2_PLACEMENT_3D('',#16216,#13324,#13325);
#11003=AXIS2_PLACEMENT_3D('',#16217,#13326,#13327);
#11004=AXIS2_PLACEMENT_3D('',#16226,#13333,#13334);
#11005=AXIS2_PLACEMENT_3D('',#16229,#13336,#13337);
#11006=AXIS2_PLACEMENT_3D('',#16230,#13338,#13339);
#11007=AXIS2_PLACEMENT_3D('',#16234,#13342,#13343);
#11008=AXIS2_PLACEMENT_3D('',#16237,#13344,#13345);
#11009=AXIS2_PLACEMENT_3D('',#16241,#13347,#13348);
#11010=AXIS2_PLACEMENT_3D('',#16243,#13350,#13351);
#11011=AXIS2_PLACEMENT_3D('',#16246,#13352,#13353);
#11012=AXIS2_PLACEMENT_3D('',#16250,#13355,#13356);
#11013=AXIS2_PLACEMENT_3D('',#16252,#13358,#13359);
#11014=AXIS2_PLACEMENT_3D('',#16258,#13363,#13364);
#11015=AXIS2_PLACEMENT_3D('',#16261,#13366,#13367);
#11016=AXIS2_PLACEMENT_3D('',#16262,#13368,#13369);
#11017=AXIS2_PLACEMENT_3D('',#16271,#13375,#13376);
#11018=AXIS2_PLACEMENT_3D('',#16274,#13378,#13379);
#11019=AXIS2_PLACEMENT_3D('',#16275,#13380,#13381);
#11020=AXIS2_PLACEMENT_3D('',#16278,#13383,#13384);
#11021=AXIS2_PLACEMENT_3D('',#16279,#13385,#13386);
#11022=AXIS2_PLACEMENT_3D('',#16280,#13387,#13388);
#11023=AXIS2_PLACEMENT_3D('',#16282,#13390,#13391);
#11024=AXIS2_PLACEMENT_3D('',#16283,#13392,#13393);
#11025=AXIS2_PLACEMENT_3D('',#16284,#13394,#13395);
#11026=AXIS2_PLACEMENT_3D('',#16285,#13396,#13397);
#11027=AXIS2_PLACEMENT_3D('',#16286,#13398,#13399);
#11028=AXIS2_PLACEMENT_3D('',#16287,#13400,#13401);
#11029=AXIS2_PLACEMENT_3D('',#16296,#13406,#13407);
#11030=AXIS2_PLACEMENT_3D('',#16302,#13411,#13412);
#11031=AXIS2_PLACEMENT_3D('',#16311,#13417,#13418);
#11032=AXIS2_PLACEMENT_3D('',#16317,#13422,#13423);
#11033=AXIS2_PLACEMENT_3D('',#16332,#13432,#13433);
#11034=AXIS2_PLACEMENT_3D('',#16336,#13436,#13437);
#11035=AXIS2_PLACEMENT_3D('',#16340,#13440,#13441);
#11036=AXIS2_PLACEMENT_3D('',#16344,#13444,#13445);
#11037=AXIS2_PLACEMENT_3D('',#16348,#13448,#13449);
#11038=AXIS2_PLACEMENT_3D('',#16350,#13451,#13452);
#11039=AXIS2_PLACEMENT_3D('',#16354,#13455,#13456);
#11040=AXIS2_PLACEMENT_3D('',#16358,#13459,#13460);
#11041=AXIS2_PLACEMENT_3D('',#16360,#13462,#13463);
#11042=AXIS2_PLACEMENT_3D('',#16361,#13464,#13465);
#11043=AXIS2_PLACEMENT_3D('',#16370,#13470,#13471);
#11044=AXIS2_PLACEMENT_3D('',#16379,#13476,#13477);
#11045=AXIS2_PLACEMENT_3D('',#16385,#13481,#13482);
#11046=AXIS2_PLACEMENT_3D('',#16402,#13492,#13493);
#11047=AXIS2_PLACEMENT_3D('',#16406,#13496,#13497);
#11048=AXIS2_PLACEMENT_3D('',#16412,#13501,#13502);
#11049=AXIS2_PLACEMENT_3D('',#16416,#13505,#13506);
#11050=AXIS2_PLACEMENT_3D('',#16420,#13509,#13510);
#11051=AXIS2_PLACEMENT_3D('',#16424,#13513,#13514);
#11052=AXIS2_PLACEMENT_3D('',#16426,#13516,#13517);
#11053=AXIS2_PLACEMENT_3D('',#16430,#13520,#13521);
#11054=AXIS2_PLACEMENT_3D('',#16432,#13523,#13524);
#11055=AXIS2_PLACEMENT_3D('',#16434,#13526,#13527);
#11056=AXIS2_PLACEMENT_3D('',#16435,#13528,#13529);
#11057=AXIS2_PLACEMENT_3D('',#16444,#13534,#13535);
#11058=AXIS2_PLACEMENT_3D('',#16450,#13539,#13540);
#11059=AXIS2_PLACEMENT_3D('',#16459,#13545,#13546);
#11060=AXIS2_PLACEMENT_3D('',#16465,#13550,#13551);
#11061=AXIS2_PLACEMENT_3D('',#16480,#13560,#13561);
#11062=AXIS2_PLACEMENT_3D('',#16484,#13564,#13565);
#11063=AXIS2_PLACEMENT_3D('',#16488,#13568,#13569);
#11064=AXIS2_PLACEMENT_3D('',#16492,#13572,#13573);
#11065=AXIS2_PLACEMENT_3D('',#16496,#13576,#13577);
#11066=AXIS2_PLACEMENT_3D('',#16498,#13579,#13580);
#11067=AXIS2_PLACEMENT_3D('',#16502,#13583,#13584);
#11068=AXIS2_PLACEMENT_3D('',#16506,#13587,#13588);
#11069=AXIS2_PLACEMENT_3D('',#16508,#13590,#13591);
#11070=AXIS2_PLACEMENT_3D('',#16509,#13592,#13593);
#11071=AXIS2_PLACEMENT_3D('',#16511,#13594,#13595);
#11072=AXIS2_PLACEMENT_3D('',#16514,#13597,#13598);
#11073=AXIS2_PLACEMENT_3D('',#16515,#13599,#13600);
#11074=AXIS2_PLACEMENT_3D('',#16517,#13601,#13602);
#11075=AXIS2_PLACEMENT_3D('',#16520,#13604,#13605);
#11076=AXIS2_PLACEMENT_3D('',#16521,#13606,#13607);
#11077=AXIS2_PLACEMENT_3D('',#16523,#13608,#13609);
#11078=AXIS2_PLACEMENT_3D('',#16526,#13611,#13612);
#11079=AXIS2_PLACEMENT_3D('',#16527,#13613,#13614);
#11080=AXIS2_PLACEMENT_3D('',#16529,#13615,#13616);
#11081=AXIS2_PLACEMENT_3D('',#16532,#13618,#13619);
#11082=AXIS2_PLACEMENT_3D('',#16533,#13620,#13621);
#11083=AXIS2_PLACEMENT_3D('',#16542,#13626,#13627);
#11084=AXIS2_PLACEMENT_3D('',#16548,#13630,#13631);
#11085=AXIS2_PLACEMENT_3D('',#16556,#13636,#13637);
#11086=AXIS2_PLACEMENT_3D('',#16560,#13640,#13641);
#11087=AXIS2_PLACEMENT_3D('',#16569,#13646,#13647);
#11088=AXIS2_PLACEMENT_3D('',#16573,#13649,#13650);
#11089=AXIS2_PLACEMENT_3D('',#16575,#13652,#13653);
#11090=AXIS2_PLACEMENT_3D('',#16577,#13654,#13655);
#11091=AXIS2_PLACEMENT_3D('',#16584,#13660,#13661);
#11092=AXIS2_PLACEMENT_3D('',#16586,#13662,#13663);
#11093=AXIS2_PLACEMENT_3D('',#16588,#13665,#13666);
#11094=AXIS2_PLACEMENT_3D('',#16592,#13669,#13670);
#11095=AXIS2_PLACEMENT_3D('',#16596,#13673,#13674);
#11096=AXIS2_PLACEMENT_3D('',#16600,#13677,#13678);
#11097=AXIS2_PLACEMENT_3D('',#16602,#13680,#13681);
#11098=AXIS2_PLACEMENT_3D('',#16604,#13683,#13684);
#11099=AXIS2_PLACEMENT_3D('',#16606,#13686,#13687);
#11100=AXIS2_PLACEMENT_3D('',#16607,#13688,#13689);
#11101=AXIS2_PLACEMENT_3D('',#16616,#13694,#13695);
#11102=AXIS2_PLACEMENT_3D('',#16622,#13699,#13700);
#11103=AXIS2_PLACEMENT_3D('',#16628,#13704,#13705);
#11104=AXIS2_PLACEMENT_3D('',#16631,#13708,#13709);
#11105=AXIS2_PLACEMENT_3D('',#16632,#13710,#13711);
#11106=AXIS2_PLACEMENT_3D('',#16633,#13712,#13713);
#11107=AXIS2_PLACEMENT_3D('',#16642,#13718,#13719);
#11108=AXIS2_PLACEMENT_3D('',#16648,#13723,#13724);
#11109=AXIS2_PLACEMENT_3D('',#16652,#13727,#13728);
#11110=AXIS2_PLACEMENT_3D('',#16656,#13731,#13732);
#11111=AXIS2_PLACEMENT_3D('',#16658,#13734,#13735);
#11112=AXIS2_PLACEMENT_3D('',#16659,#13736,#13737);
#11113=AXIS2_PLACEMENT_3D('',#16668,#13742,#13743);
#11114=AXIS2_PLACEMENT_3D('',#16674,#13747,#13748);
#11115=AXIS2_PLACEMENT_3D('',#16678,#13751,#13752);
#11116=AXIS2_PLACEMENT_3D('',#16682,#13755,#13756);
#11117=AXIS2_PLACEMENT_3D('',#16684,#13758,#13759);
#11118=AXIS2_PLACEMENT_3D('',#16685,#13760,#13761);
#11119=AXIS2_PLACEMENT_3D('',#16694,#13766,#13767);
#11120=AXIS2_PLACEMENT_3D('',#16700,#13771,#13772);
#11121=AXIS2_PLACEMENT_3D('',#16704,#13775,#13776);
#11122=AXIS2_PLACEMENT_3D('',#16708,#13779,#13780);
#11123=AXIS2_PLACEMENT_3D('',#16710,#13782,#13783);
#11124=AXIS2_PLACEMENT_3D('',#16711,#13784,#13785);
#11125=AXIS2_PLACEMENT_3D('',#16720,#13790,#13791);
#11126=AXIS2_PLACEMENT_3D('',#16726,#13795,#13796);
#11127=AXIS2_PLACEMENT_3D('',#16730,#13799,#13800);
#11128=AXIS2_PLACEMENT_3D('',#16734,#13803,#13804);
#11129=AXIS2_PLACEMENT_3D('',#16736,#13806,#13807);
#11130=DIRECTION('axis',(0.,0.,1.));
#11131=DIRECTION('refdir',(1.,0.,0.));
#11132=DIRECTION('center_axis',(-0.999800059980007,0.,-0.0199960011996001));
#11133=DIRECTION('ref_axis',(-0.0199960011996001,0.,0.999800059980007));
#11134=DIRECTION('',(0.0199960011996001,0.,-0.999800059980007));
#11135=DIRECTION('',(0.,1.,0.));
#11136=DIRECTION('',(-0.0199960011996001,0.,0.999800059980007));
#11137=DIRECTION('',(0.,1.,0.));
#11138=DIRECTION('center_axis',(0.,0.,1.));
#11139=DIRECTION('ref_axis',(1.,0.,0.));
#11140=DIRECTION('',(1.,0.,0.));
#11141=DIRECTION('',(1.,0.,0.));
#11142=DIRECTION('',(0.,1.,0.));
#11143=DIRECTION('center_axis',(1.,0.,0.));
#11144=DIRECTION('ref_axis',(0.,0.,-1.));
#11145=DIRECTION('',(0.,0.,1.));
#11146=DIRECTION('',(0.,0.,-1.));
#11147=DIRECTION('',(0.,1.,0.));
#11148=DIRECTION('center_axis',(0.,0.,1.));
#11149=DIRECTION('ref_axis',(1.,0.,0.));
#11150=DIRECTION('',(-1.,0.,0.));
#11151=DIRECTION('',(1.,0.,0.));
#11152=DIRECTION('',(0.,1.,0.));
#11153=DIRECTION('center_axis',(-1.,0.,0.));
#11154=DIRECTION('ref_axis',(0.,0.,1.));
#11155=DIRECTION('',(0.,0.,1.));
#11156=DIRECTION('',(0.,0.,1.));
#11157=DIRECTION('',(0.,1.,0.));
#11158=DIRECTION('center_axis',(0.,0.,-1.));
#11159=DIRECTION('ref_axis',(-1.,0.,0.));
#11160=DIRECTION('',(-1.,0.,0.));
#11161=DIRECTION('',(-1.,0.,0.));
#11162=DIRECTION('',(0.,1.,0.));
#11163=DIRECTION('center_axis',(1.,0.,0.));
#11164=DIRECTION('ref_axis',(0.,0.,-1.));
#11165=DIRECTION('',(0.,0.,-1.));
#11166=DIRECTION('',(0.,0.,-1.));
#11167=DIRECTION('',(0.,1.,0.));
#11168=DIRECTION('center_axis',(0.,0.,1.));
#11169=DIRECTION('ref_axis',(1.,0.,0.));
#11170=DIRECTION('',(1.,0.,0.));
#11171=DIRECTION('',(1.,0.,0.));
#11172=DIRECTION('center_axis',(0.,1.,0.));
#11173=DIRECTION('ref_axis',(0.,0.,1.));
#11174=DIRECTION('center_axis',(0.,1.,0.));
#11175=DIRECTION('ref_axis',(1.,0.,0.));
#11176=DIRECTION('center_axis',(0.,-1.,0.));
#11177=DIRECTION('ref_axis',(1.,0.,0.));
#11178=DIRECTION('',(0.,0.,-1.));
#11179=DIRECTION('',(-1.,0.,0.));
#11180=DIRECTION('',(0.,0.,-1.));
#11181=DIRECTION('',(1.,0.,0.));
#11182=DIRECTION('center_axis',(0.,1.,0.));
#11183=DIRECTION('ref_axis',(0.,0.,1.));
#11184=DIRECTION('',(0.,0.,1.));
#11185=DIRECTION('',(1.,0.,0.));
#11186=DIRECTION('',(0.,0.,1.));
#11187=DIRECTION('',(1.,0.,0.));
#11188=DIRECTION('center_axis',(1.,0.,0.));
#11189=DIRECTION('ref_axis',(0.,0.,-1.));
#11190=DIRECTION('',(0.,-1.,0.));
#11191=DIRECTION('',(0.,1.,0.));
#11192=DIRECTION('center_axis',(0.,0.,-1.));
#11193=DIRECTION('ref_axis',(-1.,0.,0.));
#11194=DIRECTION('',(0.,1.,0.));
#11195=DIRECTION('center_axis',(0.,0.,1.));
#11196=DIRECTION('ref_axis',(1.,0.,0.));
#11197=DIRECTION('',(0.,1.,0.));
#11198=DIRECTION('center_axis',(-1.,0.,0.));
#11199=DIRECTION('ref_axis',(0.,0.,1.));
#11200=DIRECTION('center_axis',(0.,-1.,0.));
#11201=DIRECTION('ref_axis',(1.,0.,0.));
#11202=DIRECTION('',(0.,0.,1.));
#11203=DIRECTION('',(-1.,0.,0.));
#11204=DIRECTION('',(0.0199960011996001,0.,-0.999800059980007));
#11205=DIRECTION('',(-1.,0.,0.));
#11206=DIRECTION('center_axis',(0.,1.,0.));
#11207=DIRECTION('ref_axis',(0.,0.,1.));
#11208=DIRECTION('',(0.,0.,-1.));
#11209=DIRECTION('',(-1.,0.,0.));
#11210=DIRECTION('',(0.0199960011996001,0.,-0.999800059980007));
#11211=DIRECTION('',(-1.,0.,0.));
#11212=DIRECTION('center_axis',(-1.,0.,0.));
#11213=DIRECTION('ref_axis',(0.,0.,1.));
#11214=DIRECTION('',(0.,1.,0.));
#11215=DIRECTION('',(0.,-1.,0.));
#11216=DIRECTION('center_axis',(0.,0.,-1.));
#11217=DIRECTION('ref_axis',(-1.,0.,0.));
#11218=DIRECTION('',(0.,1.,0.));
#11219=DIRECTION('center_axis',(0.999800059980007,0.,0.0199960011996001));
#11220=DIRECTION('ref_axis',(0.0199960011996001,0.,-0.999800059980007));
#11221=DIRECTION('',(0.,1.,0.));
#11222=DIRECTION('center_axis',(0.,0.,1.));
#11223=DIRECTION('ref_axis',(1.,0.,0.));
#11224=DIRECTION('center_axis',(0.,1.,0.));
#11225=DIRECTION('ref_axis',(1.,0.,0.));
#11226=DIRECTION('center_axis',(0.,1.,0.));
#11227=DIRECTION('ref_axis',(1.,0.,0.));
#11228=DIRECTION('',(0.,1.,0.));
#11229=DIRECTION('center_axis',(0.,-1.,0.));
#11230=DIRECTION('ref_axis',(1.,0.,0.));
#11231=DIRECTION('center_axis',(0.,1.,0.));
#11232=DIRECTION('ref_axis',(1.,0.,0.));
#11233=DIRECTION('center_axis',(0.,1.,0.));
#11234=DIRECTION('ref_axis',(1.,0.,0.));
#11235=DIRECTION('',(0.,1.,0.));
#11236=DIRECTION('center_axis',(0.,-1.,0.));
#11237=DIRECTION('ref_axis',(1.,0.,0.));
#11238=DIRECTION('center_axis',(0.,1.,0.));
#11239=DIRECTION('ref_axis',(1.,0.,0.));
#11240=DIRECTION('center_axis',(0.,1.,0.));
#11241=DIRECTION('ref_axis',(1.,0.,0.));
#11242=DIRECTION('',(0.,1.,0.));
#11243=DIRECTION('center_axis',(0.,-1.,0.));
#11244=DIRECTION('ref_axis',(1.,0.,0.));
#11245=DIRECTION('center_axis',(0.,1.,0.));
#11246=DIRECTION('ref_axis',(1.,0.,0.));
#11247=DIRECTION('center_axis',(0.,1.,0.));
#11248=DIRECTION('ref_axis',(1.,0.,0.));
#11249=DIRECTION('',(0.,1.,0.));
#11250=DIRECTION('center_axis',(0.,-1.,0.));
#11251=DIRECTION('ref_axis',(1.,0.,0.));
#11252=DIRECTION('center_axis',(-1.,0.,5.6843418860808E-14));
#11253=DIRECTION('ref_axis',(5.6843418860808E-14,0.,1.));
#11254=DIRECTION('',(-5.6843418860808E-14,0.,-1.));
#11255=DIRECTION('',(0.,-1.,0.));
#11256=DIRECTION('',(5.6843418860808E-14,0.,1.));
#11257=DIRECTION('',(0.,1.,0.));
#11258=DIRECTION('center_axis',(0.,-1.,0.));
#11259=DIRECTION('ref_axis',(1.,0.,0.));
#11260=DIRECTION('',(1.,0.,-5.6843418860823E-14));
#11261=DIRECTION('',(5.6843418860808E-14,0.,1.));
#11262=DIRECTION('center_axis',(0.,-1.,0.));
#11263=DIRECTION('ref_axis',(-0.20317127171579,0.,-0.979143214422379));
#11264=DIRECTION('',(-5.6843418860808E-14,0.,-1.));
#11265=DIRECTION('',(-1.,0.,5.6843418860808E-14));
#11266=DIRECTION('',(5.6843418860808E-14,0.,1.));
#11267=DIRECTION('',(-1.,0.,5.68434188607911E-14));
#11268=DIRECTION('center_axis',(-5.6843418860823E-14,0.,-1.));
#11269=DIRECTION('ref_axis',(-1.,0.,5.6843418860823E-14));
#11270=DIRECTION('',(-1.,0.,5.6843418860823E-14));
#11271=DIRECTION('',(0.,1.,0.));
#11272=DIRECTION('center_axis',(1.,0.,-5.6843418860808E-14));
#11273=DIRECTION('ref_axis',(-5.6843418860808E-14,0.,-1.));
#11274=DIRECTION('',(-5.6843418860808E-14,0.,-1.));
#11275=DIRECTION('',(0.,1.,0.));
#11276=DIRECTION('',(-5.6843418860808E-14,0.,-1.));
#11277=DIRECTION('',(0.,-1.,0.));
#11278=DIRECTION('center_axis',(0.,1.,0.));
#11279=DIRECTION('ref_axis',(-0.20317127171579,0.,-0.979143214422379));
#11280=DIRECTION('',(0.,1.,0.));
#11281=DIRECTION('center_axis',(0.,-1.,0.));
#11282=DIRECTION('ref_axis',(-0.20317127171579,0.,-0.979143214422379));
#11283=DIRECTION('',(0.,1.,0.));
#11284=DIRECTION('center_axis',(0.,-1.,0.));
#11285=DIRECTION('ref_axis',(1.,0.,0.));
#11286=DIRECTION('center_axis',(0.,-1.,0.));
#11287=DIRECTION('ref_axis',(-0.20317127171579,0.,-0.979143214422379));
#11288=DIRECTION('',(5.6843418860808E-14,0.,1.));
#11289=DIRECTION('',(1.,0.,-5.68434188607911E-14));
#11290=DIRECTION('',(5.6843418860808E-14,0.,1.));
#11291=DIRECTION('',(-1.,0.,5.6843418860808E-14));
#11292=DIRECTION('center_axis',(0.,1.,0.));
#11293=DIRECTION('ref_axis',(-0.20317127171579,0.,-0.979143214422379));
#11294=DIRECTION('center_axis',(0.,-1.,0.));
#11295=DIRECTION('ref_axis',(-0.20317127171579,0.,-0.979143214422379));
#11296=DIRECTION('',(0.,1.,0.));
#11297=DIRECTION('center_axis',(1.,0.,-5.6843418860808E-14));
#11298=DIRECTION('ref_axis',(-5.6843418860808E-14,0.,-1.));
#11299=DIRECTION('',(5.6843418860808E-14,0.,1.));
#11300=DIRECTION('',(0.,1.,0.));
#11301=DIRECTION('center_axis',(0.,-1.,0.));
#11302=DIRECTION('ref_axis',(1.,0.,0.));
#11303=DIRECTION('',(-1.,0.,5.6843418860808E-14));
#11304=DIRECTION('',(5.6843418860808E-14,0.,1.));
#11305=DIRECTION('center_axis',(-5.6843418860808E-14,0.,-1.));
#11306=DIRECTION('ref_axis',(-1.,0.,5.6843418860808E-14));
#11307=DIRECTION('',(1.,0.,-5.6843418860808E-14));
#11308=DIRECTION('',(0.,1.,0.));
#11309=DIRECTION('center_axis',(5.68434188607911E-14,0.,1.));
#11310=DIRECTION('ref_axis',(1.,0.,-5.68434188607911E-14));
#11311=DIRECTION('',(0.,-1.,0.));
#11312=DIRECTION('center_axis',(0.,-1.,0.));
#11313=DIRECTION('ref_axis',(1.,0.,0.));
#11314=DIRECTION('',(-5.6843418860808E-14,0.,-1.));
#11315=DIRECTION('center_axis',(-5.6843418860808E-14,0.,-1.));
#11316=DIRECTION('ref_axis',(-1.,0.,5.6843418860808E-14));
#11317=DIRECTION('',(0.,1.,0.));
#11318=DIRECTION('center_axis',(-1.,0.,5.6843418860808E-14));
#11319=DIRECTION('ref_axis',(5.6843418860808E-14,0.,1.));
#11320=DIRECTION('center_axis',(0.,1.,0.));
#11321=DIRECTION('ref_axis',(1.,0.,0.));
#11322=DIRECTION('center_axis',(0.,1.,0.));
#11323=DIRECTION('ref_axis',(1.,0.,0.));
#11324=DIRECTION('',(0.,1.,0.));
#11325=DIRECTION('center_axis',(0.,-1.,0.));
#11326=DIRECTION('ref_axis',(1.,0.,0.));
#11327=DIRECTION('center_axis',(0.,1.,0.));
#11328=DIRECTION('ref_axis',(1.,0.,0.));
#11329=DIRECTION('center_axis',(0.,1.,0.));
#11330=DIRECTION('ref_axis',(1.,0.,0.));
#11331=DIRECTION('',(0.,1.,0.));
#11332=DIRECTION('center_axis',(0.,-1.,0.));
#11333=DIRECTION('ref_axis',(1.,0.,0.));
#11334=DIRECTION('center_axis',(0.,1.,0.));
#11335=DIRECTION('ref_axis',(1.,0.,0.));
#11336=DIRECTION('center_axis',(0.,1.,0.));
#11337=DIRECTION('ref_axis',(1.,0.,0.));
#11338=DIRECTION('',(0.,1.,0.));
#11339=DIRECTION('center_axis',(0.,-1.,0.));
#11340=DIRECTION('ref_axis',(1.,0.,0.));
#11341=DIRECTION('center_axis',(0.,1.,0.));
#11342=DIRECTION('ref_axis',(1.,0.,0.));
#11343=DIRECTION('center_axis',(0.,1.,0.));
#11344=DIRECTION('ref_axis',(1.,0.,0.));
#11345=DIRECTION('',(0.,1.,0.));
#11346=DIRECTION('center_axis',(0.,-1.,0.));
#11347=DIRECTION('ref_axis',(1.,0.,0.));
#11348=DIRECTION('center_axis',(1.,0.,-5.6843418860808E-14));
#11349=DIRECTION('ref_axis',(-5.6843418860808E-14,0.,-1.));
#11350=DIRECTION('',(5.6843418860808E-14,0.,1.));
#11351=DIRECTION('',(0.,-1.,0.));
#11352=DIRECTION('',(-5.6843418860808E-14,0.,-1.));
#11353=DIRECTION('',(0.,1.,0.));
#11354=DIRECTION('center_axis',(-1.,0.,5.6843418860808E-14));
#11355=DIRECTION('ref_axis',(5.6843418860808E-14,0.,1.));
#11356=DIRECTION('',(5.68434188608079E-14,0.,1.));
#11357=DIRECTION('',(0.,1.,0.));
#11358=DIRECTION('',(5.6843418860808E-14,0.,1.));
#11359=DIRECTION('',(0.,1.,0.));
#11360=DIRECTION('center_axis',(-1.,0.,5.6843418860808E-14));
#11361=DIRECTION('ref_axis',(5.6843418860808E-14,0.,1.));
#11362=DIRECTION('',(5.6843418860808E-14,0.,1.));
#11363=DIRECTION('',(0.,1.,0.));
#11364=DIRECTION('',(5.6843418860808E-14,0.,1.));
#11365=DIRECTION('',(0.,1.,0.));
#11366=DIRECTION('center_axis',(-5.68434188607977E-14,0.,-1.));
#11367=DIRECTION('ref_axis',(-1.,0.,5.68434188607977E-14));
#11368=DIRECTION('',(1.,0.,-5.68434188607977E-14));
#11369=DIRECTION('',(0.,-1.,0.));
#11370=DIRECTION('',(-1.,0.,5.68434188607977E-14));
#11371=DIRECTION('center_axis',(0.,1.,0.));
#11372=DIRECTION('ref_axis',(-0.20317127171579,0.,-0.979143214422379));
#11373=DIRECTION('center_axis',(0.,-1.,0.));
#11374=DIRECTION('ref_axis',(-0.20317127171579,0.,-0.979143214422379));
#11375=DIRECTION('',(0.,1.,0.));
#11376=DIRECTION('center_axis',(0.,-1.,0.));
#11377=DIRECTION('ref_axis',(-0.20317127171579,0.,-0.979143214422379));
#11378=DIRECTION('center_axis',(0.,1.,0.));
#11379=DIRECTION('ref_axis',(-0.20317127171579,0.,-0.979143214422379));
#11380=DIRECTION('center_axis',(0.,-1.,0.));
#11381=DIRECTION('ref_axis',(-0.20317127171579,0.,-0.979143214422379));
#11382=DIRECTION('',(0.,-1.,0.));
#11383=DIRECTION('center_axis',(0.,-1.,0.));
#11384=DIRECTION('ref_axis',(-0.20317127171579,0.,-0.979143214422379));
#11385=DIRECTION('center_axis',(1.,0.,-5.6843418860808E-14));
#11386=DIRECTION('ref_axis',(-5.6843418860808E-14,0.,-1.));
#11387=DIRECTION('',(-5.6843418860808E-14,0.,-1.));
#11388=DIRECTION('',(5.6843418860808E-14,0.,1.));
#11389=DIRECTION('',(0.,1.,0.));
#11390=DIRECTION('',(-5.6843418860808E-14,0.,-1.));
#11391=DIRECTION('',(0.,1.,0.));
#11392=DIRECTION('',(-5.6843418860808E-14,0.,-1.));
#11393=DIRECTION('',(0.,1.,0.));
#11394=DIRECTION('',(-5.6843418860808E-14,0.,-1.));
#11395=DIRECTION('',(-5.6843418860808E-14,0.,-1.));
#11396=DIRECTION('center_axis',(0.,-1.,0.));
#11397=DIRECTION('ref_axis',(1.,0.,0.));
#11398=DIRECTION('',(1.,0.,-5.68434188608078E-14));
#11399=DIRECTION('center_axis',(-5.68434188608078E-14,0.,-1.));
#11400=DIRECTION('ref_axis',(-1.,0.,5.68434188608078E-14));
#11401=DIRECTION('',(-1.,0.,5.68434188608078E-14));
#11402=DIRECTION('center_axis',(0.,1.,0.));
#11403=DIRECTION('ref_axis',(0.,0.,1.));
#11404=DIRECTION('',(-1.,0.,5.68434188608078E-14));
#11405=DIRECTION('center_axis',(5.68434188608078E-14,0.,1.));
#11406=DIRECTION('ref_axis',(1.,0.,-5.68434188608078E-14));
#11407=DIRECTION('',(1.,0.,-5.68434188608078E-14));
#11408=DIRECTION('center_axis',(0.,1.,0.));
#11409=DIRECTION('ref_axis',(0.,0.,1.));
#11410=DIRECTION('',(-1.,0.,5.68434188608078E-14));
#11411=DIRECTION('center_axis',(-5.68434188608078E-14,0.,-1.));
#11412=DIRECTION('ref_axis',(-1.,0.,5.68434188608078E-14));
#11413=DIRECTION('',(-1.,0.,5.68434188608078E-14));
#11414=DIRECTION('center_axis',(0.,1.,0.));
#11415=DIRECTION('ref_axis',(0.,0.,1.));
#11416=DIRECTION('center_axis',(0.,1.,0.));
#11417=DIRECTION('ref_axis',(1.,0.,0.));
#11418=DIRECTION('center_axis',(0.,1.,0.));
#11419=DIRECTION('ref_axis',(1.,0.,0.));
#11420=DIRECTION('',(0.,1.,0.));
#11421=DIRECTION('center_axis',(0.,-1.,0.));
#11422=DIRECTION('ref_axis',(1.,0.,0.));
#11423=DIRECTION('center_axis',(0.,1.,0.));
#11424=DIRECTION('ref_axis',(1.,0.,0.));
#11425=DIRECTION('center_axis',(0.,1.,0.));
#11426=DIRECTION('ref_axis',(1.,0.,0.));
#11427=DIRECTION('',(0.,1.,0.));
#11428=DIRECTION('center_axis',(0.,-1.,0.));
#11429=DIRECTION('ref_axis',(1.,0.,0.));
#11430=DIRECTION('center_axis',(-1.,0.,5.32907051820075E-14));
#11431=DIRECTION('ref_axis',(5.32907051820075E-14,0.,1.));
#11432=DIRECTION('',(5.32907051820075E-14,0.,1.));
#11433=DIRECTION('',(0.,-1.,0.));
#11434=DIRECTION('',(5.32907051820075E-14,0.,1.));
#11435=DIRECTION('',(0.,1.,0.));
#11436=DIRECTION('center_axis',(0.,1.,0.));
#11437=DIRECTION('ref_axis',(0.,0.,1.));
#11438=DIRECTION('',(-5.6843418860808E-14,0.,-1.));
#11439=DIRECTION('',(1.,0.,-5.68857130712668E-14));
#11440=DIRECTION('',(-1.,0.,5.68720697775726E-14));
#11441=DIRECTION('center_axis',(1.,0.,-5.6843418860808E-14));
#11442=DIRECTION('ref_axis',(-5.6843418860808E-14,0.,-1.));
#11443=DIRECTION('',(-5.6843418860808E-14,0.,-1.));
#11444=DIRECTION('',(0.,-1.,0.));
#11445=DIRECTION('',(-5.6843418860808E-14,0.,-1.));
#11446=DIRECTION('',(0.,1.,0.));
#11447=DIRECTION('center_axis',(0.,1.,0.));
#11448=DIRECTION('ref_axis',(0.,0.,1.));
#11449=DIRECTION('',(-1.,0.,5.68720697775726E-14));
#11450=DIRECTION('',(1.,0.,-5.68857130712668E-14));
#11451=DIRECTION('',(5.6843418860808E-14,0.,1.));
#11452=DIRECTION('center_axis',(1.,0.,-5.6843418860808E-14));
#11453=DIRECTION('ref_axis',(-5.6843418860808E-14,0.,-1.));
#11454=DIRECTION('',(0.,1.,0.));
#11455=DIRECTION('',(-5.6843418860808E-14,0.,-1.));
#11456=DIRECTION('',(0.,1.,0.));
#11457=DIRECTION('center_axis',(5.68857130712668E-14,0.,1.));
#11458=DIRECTION('ref_axis',(1.,0.,-5.68857130712668E-14));
#11459=DIRECTION('',(1.,0.,-5.68720697775726E-14));
#11460=DIRECTION('',(0.,1.,0.));
#11461=DIRECTION('',(1.,0.,-5.68857130712668E-14));
#11462=DIRECTION('',(0.,1.,0.));
#11463=DIRECTION('',(1.,0.,-5.68720697775726E-14));
#11464=DIRECTION('',(0.,1.,0.));
#11465=DIRECTION('',(-1.,0.,5.68857130712668E-14));
#11466=DIRECTION('center_axis',(0.,1.,0.));
#11467=DIRECTION('ref_axis',(0.,0.,1.));
#11468=DIRECTION('',(-1.,0.,5.68720697775726E-14));
#11469=DIRECTION('',(-5.32907051820075E-14,0.,-1.));
#11470=DIRECTION('center_axis',(1.,0.,-5.32907051820075E-14));
#11471=DIRECTION('ref_axis',(-5.32907051820075E-14,0.,-1.));
#11472=DIRECTION('',(0.,1.,0.));
#11473=DIRECTION('',(-5.32907051820075E-14,0.,-1.));
#11474=DIRECTION('center_axis',(-1.,0.,5.6843418860808E-14));
#11475=DIRECTION('ref_axis',(5.6843418860808E-14,0.,1.));
#11476=DIRECTION('',(5.6843418860808E-14,0.,1.));
#11477=DIRECTION('',(0.,1.,0.));
#11478=DIRECTION('center_axis',(0.,1.,0.));
#11479=DIRECTION('ref_axis',(0.,0.,1.));
#11480=DIRECTION('',(-1.,0.,5.68720697775726E-14));
#11481=DIRECTION('',(5.6843418860808E-14,0.,1.));
#11482=DIRECTION('center_axis',(-1.,0.,5.6843418860808E-14));
#11483=DIRECTION('ref_axis',(5.6843418860808E-14,0.,1.));
#11484=DIRECTION('',(5.6843418860808E-14,0.,1.));
#11485=DIRECTION('',(0.,1.,0.));
#11486=DIRECTION('center_axis',(-5.68720697775726E-14,0.,-1.));
#11487=DIRECTION('ref_axis',(-1.,0.,5.68720697775726E-14));
#11488=DIRECTION('',(-1.,0.,5.68720697775726E-14));
#11489=DIRECTION('',(-1.,0.,5.68720697775726E-14));
#11490=DIRECTION('center_axis',(0.,-1.,0.));
#11491=DIRECTION('ref_axis',(1.,0.,0.));
#11492=DIRECTION('center_axis',(0.,1.,0.));
#11493=DIRECTION('ref_axis',(0.,0.,1.));
#11494=DIRECTION('center_axis',(0.,1.,0.));
#11495=DIRECTION('ref_axis',(1.,0.,0.));
#11496=DIRECTION('center_axis',(0.,1.,0.));
#11497=DIRECTION('ref_axis',(1.,0.,0.));
#11498=DIRECTION('',(0.,1.,0.));
#11499=DIRECTION('center_axis',(0.,-1.,0.));
#11500=DIRECTION('ref_axis',(1.,0.,0.));
#11501=DIRECTION('center_axis',(0.,1.,0.));
#11502=DIRECTION('ref_axis',(1.,0.,0.));
#11503=DIRECTION('center_axis',(0.,1.,0.));
#11504=DIRECTION('ref_axis',(1.,0.,0.));
#11505=DIRECTION('',(0.,1.,0.));
#11506=DIRECTION('center_axis',(0.,-1.,0.));
#11507=DIRECTION('ref_axis',(1.,0.,0.));
#11508=DIRECTION('center_axis',(0.,1.,0.));
#11509=DIRECTION('ref_axis',(-0.20317127171579,0.,-0.979143214422379));
#11510=DIRECTION('center_axis',(0.,1.,0.));
#11511=DIRECTION('ref_axis',(-0.20317127171579,0.,-0.979143214422379));
#11512=DIRECTION('',(0.,1.,0.));
#11513=DIRECTION('center_axis',(0.,-1.,0.));
#11514=DIRECTION('ref_axis',(-0.20317127171579,0.,-0.979143214422379));
#11515=DIRECTION('',(0.,-1.,0.));
#11516=DIRECTION('center_axis',(0.,1.,0.));
#11517=DIRECTION('ref_axis',(-0.20317127171579,0.,-0.979143214422379));
#11518=DIRECTION('center_axis',(0.,-1.,0.));
#11519=DIRECTION('ref_axis',(-0.20317127171579,0.,-0.979143214422379));
#11520=DIRECTION('',(0.,-1.,0.));
#11521=DIRECTION('center_axis',(0.,1.,0.));
#11522=DIRECTION('ref_axis',(-0.20317127171579,0.,-0.979143214422379));
#11523=DIRECTION('',(0.,1.,0.));
#11524=DIRECTION('center_axis',(1.,0.,-5.27831746564646E-14));
#11525=DIRECTION('ref_axis',(-5.27831746564646E-14,0.,-1.));
#11526=DIRECTION('',(-5.27831746564646E-14,0.,-1.));
#11527=DIRECTION('',(0.,1.,0.));
#11528=DIRECTION('',(-5.27831746564646E-14,0.,-1.));
#11529=DIRECTION('center_axis',(0.,-1.,0.));
#11530=DIRECTION('ref_axis',(1.,0.,0.));
#11531=DIRECTION('',(-5.32907051820075E-14,0.,-1.));
#11532=DIRECTION('center_axis',(0.,1.,0.));
#11533=DIRECTION('ref_axis',(-0.190402479273321,0.,-0.981706114825905));
#11534=DIRECTION('center_axis',(1.,0.,-5.32907051820075E-14));
#11535=DIRECTION('ref_axis',(-5.32907051820075E-14,0.,-1.));
#11536=DIRECTION('',(-5.32907051820075E-14,0.,-1.));
#11537=DIRECTION('',(0.,1.,0.));
#11538=DIRECTION('',(-5.6843418860808E-14,0.,-1.));
#11539=DIRECTION('',(0.,1.,0.));
#11540=DIRECTION('',(-5.6843418860808E-14,0.,-1.));
#11541=DIRECTION('center_axis',(0.,-1.,0.));
#11542=DIRECTION('ref_axis',(1.,0.,0.));
#11543=DIRECTION('',(5.32907051820075E-14,0.,1.));
#11544=DIRECTION('center_axis',(0.,1.,0.));
#11545=DIRECTION('ref_axis',(-0.190402479273321,0.,-0.981706114825905));
#11546=DIRECTION('center_axis',(-1.,0.,5.32907051820075E-14));
#11547=DIRECTION('ref_axis',(5.32907051820075E-14,0.,1.));
#11548=DIRECTION('',(5.32907051820075E-14,0.,1.));
#11549=DIRECTION('',(0.,-1.,0.));
#11550=DIRECTION('center_axis',(0.,1.,0.));
#11551=DIRECTION('ref_axis',(-0.20317127171579,0.,-0.979143214422379));
#11552=DIRECTION('center_axis',(0.,-1.,0.));
#11553=DIRECTION('ref_axis',(-0.20317127171579,0.,-0.979143214422379));
#11554=DIRECTION('',(0.,1.,0.));
#11555=DIRECTION('center_axis',(0.,1.,0.));
#11556=DIRECTION('ref_axis',(-0.20317127171579,0.,-0.979143214422379));
#11557=DIRECTION('',(0.,1.,0.));
#11558=DIRECTION('center_axis',(0.,1.,0.));
#11559=DIRECTION('ref_axis',(-0.20317127171579,0.,-0.979143214422379));
#11560=DIRECTION('center_axis',(0.,1.,0.));
#11561=DIRECTION('ref_axis',(-0.20317127171579,0.,-0.979143214422379));
#11562=DIRECTION('',(0.,1.,0.));
#11563=DIRECTION('center_axis',(0.,-1.,0.));
#11564=DIRECTION('ref_axis',(-0.20317127171579,0.,-0.979143214422379));
#11565=DIRECTION('',(0.,1.,0.));
#11566=DIRECTION('center_axis',(1.,0.,-5.17681136053787E-14));
#11567=DIRECTION('ref_axis',(-5.17681136053787E-14,0.,-1.));
#11568=DIRECTION('',(-5.17681136053787E-14,0.,-1.));
#11569=DIRECTION('',(0.,1.,0.));
#11570=DIRECTION('',(-5.17681136053787E-14,0.,-1.));
#11571=DIRECTION('center_axis',(0.,-1.,0.));
#11572=DIRECTION('ref_axis',(1.,0.,0.));
#11573=DIRECTION('',(5.6843418860808E-14,0.,1.));
#11574=DIRECTION('center_axis',(0.,1.,0.));
#11575=DIRECTION('ref_axis',(-0.190402479273321,0.,-0.981706114825905));
#11576=DIRECTION('center_axis',(-1.,0.,5.6843418860808E-14));
#11577=DIRECTION('ref_axis',(5.6843418860808E-14,0.,1.));
#11578=DIRECTION('',(5.6843418860808E-14,0.,1.));
#11579=DIRECTION('',(0.,1.,0.));
#11580=DIRECTION('',(-5.6843418860808E-14,0.,-1.));
#11581=DIRECTION('',(0.,1.,0.));
#11582=DIRECTION('',(5.6843418860808E-14,0.,1.));
#11583=DIRECTION('center_axis',(0.,-1.,0.));
#11584=DIRECTION('ref_axis',(1.,0.,0.));
#11585=DIRECTION('',(5.6843418860808E-14,0.,1.));
#11586=DIRECTION('center_axis',(0.,1.,0.));
#11587=DIRECTION('ref_axis',(-0.190402479273321,0.,-0.981706114825905));
#11588=DIRECTION('center_axis',(0.,1.,0.));
#11589=DIRECTION('ref_axis',(-0.190402479273321,0.,-0.981706114825905));
#11590=DIRECTION('',(0.,1.,0.));
#11591=DIRECTION('center_axis',(0.,1.,0.));
#11592=DIRECTION('ref_axis',(-0.190402479273321,0.,-0.981706114825905));
#11593=DIRECTION('center_axis',(0.,-1.,0.));
#11594=DIRECTION('ref_axis',(-0.190402479273321,0.,-0.981706114825905));
#11595=DIRECTION('center_axis',(-1.,0.,5.6843418860808E-14));
#11596=DIRECTION('ref_axis',(5.6843418860808E-14,0.,1.));
#11597=DIRECTION('',(5.6843418860808E-14,0.,1.));
#11598=DIRECTION('center_axis',(0.,1.,0.));
#11599=DIRECTION('ref_axis',(-0.198000830326119,0.,-0.98020185226828));
#11600=DIRECTION('center_axis',(0.,-1.,0.));
#11601=DIRECTION('ref_axis',(-0.198000830326119,0.,-0.98020185226828));
#11602=DIRECTION('center_axis',(0.,-1.,0.));
#11603=DIRECTION('ref_axis',(-0.198000830326119,0.,-0.98020185226828));
#11604=DIRECTION('center_axis',(0.,-1.,0.));
#11605=DIRECTION('ref_axis',(1.,0.,0.));
#11606=DIRECTION('center_axis',(0.,-1.,0.));
#11607=DIRECTION('ref_axis',(1.,0.,0.));
#11608=DIRECTION('center_axis',(-1.,0.,4.9737991503207E-14));
#11609=DIRECTION('ref_axis',(4.9737991503207E-14,0.,1.));
#11610=DIRECTION('',(-4.9737991503207E-14,0.,-1.));
#11611=DIRECTION('',(0.,-1.,0.));
#11612=DIRECTION('',(4.9737991503207E-14,0.,1.));
#11613=DIRECTION('',(0.,1.,0.));
#11614=DIRECTION('center_axis',(0.,1.,0.));
#11615=DIRECTION('ref_axis',(0.,0.,1.));
#11616=DIRECTION('',(-1.,0.,5.68857130712668E-14));
#11617=DIRECTION('',(-4.9737991503207E-14,0.,-1.));
#11618=DIRECTION('',(1.,0.,-5.68857130712668E-14));
#11619=DIRECTION('center_axis',(1.,0.,-5.6843418860808E-14));
#11620=DIRECTION('ref_axis',(-5.6843418860808E-14,0.,-1.));
#11621=DIRECTION('',(5.6843418860808E-14,0.,1.));
#11622=DIRECTION('',(0.,-1.,0.));
#11623=DIRECTION('',(-5.6843418860808E-14,0.,-1.));
#11624=DIRECTION('',(0.,1.,0.));
#11625=DIRECTION('center_axis',(0.,1.,0.));
#11626=DIRECTION('ref_axis',(0.,0.,1.));
#11627=DIRECTION('',(1.,0.,-5.68857130712668E-14));
#11628=DIRECTION('',(5.6843418860808E-14,0.,1.));
#11629=DIRECTION('',(-1.,0.,5.68857130712668E-14));
#11630=DIRECTION('center_axis',(-5.68857130712668E-14,0.,-1.));
#11631=DIRECTION('ref_axis',(-1.,0.,5.68857130712668E-14));
#11632=DIRECTION('',(-1.,0.,5.68857130712668E-14));
#11633=DIRECTION('',(0.,1.,0.));
#11634=DIRECTION('',(-1.,0.,5.6843418860808E-14));
#11635=DIRECTION('',(0.,1.,0.));
#11636=DIRECTION('',(-1.,0.,5.68857130712668E-14));
#11637=DIRECTION('',(0.,1.,0.));
#11638=DIRECTION('',(-1.,0.,4.97379915032491E-14));
#11639=DIRECTION('',(0.,1.,0.));
#11640=DIRECTION('center_axis',(1.,0.,-4.9737991503207E-14));
#11641=DIRECTION('ref_axis',(-4.9737991503207E-14,0.,-1.));
#11642=DIRECTION('',(-4.9737991503207E-14,0.,-1.));
#11643=DIRECTION('',(0.,1.,0.));
#11644=DIRECTION('center_axis',(0.,1.,0.));
#11645=DIRECTION('ref_axis',(0.,0.,1.));
#11646=DIRECTION('',(-4.9737991503207E-14,0.,-1.));
#11647=DIRECTION('',(1.,0.,-4.97379915032491E-14));
#11648=DIRECTION('center_axis',(-1.,0.,5.6843418860808E-14));
#11649=DIRECTION('ref_axis',(5.6843418860808E-14,0.,1.));
#11650=DIRECTION('',(0.,1.,0.));
#11651=DIRECTION('',(5.6843418860808E-14,0.,1.));
#11652=DIRECTION('center_axis',(0.,1.,0.));
#11653=DIRECTION('ref_axis',(0.,0.,1.));
#11654=DIRECTION('',(5.6843418860808E-14,0.,1.));
#11655=DIRECTION('',(1.,0.,-5.6843418860808E-14));
#11656=DIRECTION('center_axis',(0.,1.,0.));
#11657=DIRECTION('ref_axis',(0.,0.,1.));
#11658=DIRECTION('',(1.,0.,-5.68857130712668E-14));
#11659=DIRECTION('center_axis',(-1.,0.,5.6843418860808E-14));
#11660=DIRECTION('ref_axis',(5.6843418860808E-14,0.,1.));
#11661=DIRECTION('',(0.,1.,0.));
#11662=DIRECTION('',(5.6843418860808E-14,0.,1.));
#11663=DIRECTION('center_axis',(1.,0.,-4.9737991503207E-14));
#11664=DIRECTION('ref_axis',(-4.9737991503207E-14,0.,-1.));
#11665=DIRECTION('',(-4.9737991503207E-14,0.,-1.));
#11666=DIRECTION('',(0.,1.,0.));
#11667=DIRECTION('center_axis',(5.68857130712668E-14,0.,1.));
#11668=DIRECTION('ref_axis',(1.,0.,-5.68857130712668E-14));
#11669=DIRECTION('',(1.,0.,-5.68857130712668E-14));
#11670=DIRECTION('center_axis',(0.,1.,0.));
#11671=DIRECTION('ref_axis',(0.,0.,1.));
#11672=DIRECTION('center_axis',(-1.,0.,4.9737991503207E-14));
#11673=DIRECTION('ref_axis',(4.9737991503207E-14,0.,1.));
#11674=DIRECTION('',(0.,-1.,0.));
#11675=DIRECTION('',(-4.9737991503207E-14,0.,-1.));
#11676=DIRECTION('',(0.,1.,0.));
#11677=DIRECTION('',(4.9737991503207E-14,0.,1.));
#11678=DIRECTION('center_axis',(1.,0.,-5.6843418860808E-14));
#11679=DIRECTION('ref_axis',(-5.6843418860808E-14,0.,-1.));
#11680=DIRECTION('',(0.,1.,0.));
#11681=DIRECTION('',(5.6843418860808E-14,0.,1.));
#11682=DIRECTION('',(0.,1.,0.));
#11683=DIRECTION('',(5.6843418860808E-14,0.,1.));
#11684=DIRECTION('center_axis',(0.,1.,0.));
#11685=DIRECTION('ref_axis',(0.,0.,1.));
#11686=DIRECTION('',(-1.,0.,5.68857130712701E-14));
#11687=DIRECTION('',(5.6843418860808E-14,0.,1.));
#11688=DIRECTION('',(-1.,0.,5.68857130712668E-14));
#11689=DIRECTION('center_axis',(-5.68857130712668E-14,0.,-1.));
#11690=DIRECTION('ref_axis',(-1.,0.,5.68857130712668E-14));
#11691=DIRECTION('',(0.,1.,0.));
#11692=DIRECTION('',(-1.,0.,5.68857130712668E-14));
#11693=DIRECTION('',(0.,1.,0.));
#11694=DIRECTION('',(-1.,0.,5.6843418860808E-14));
#11695=DIRECTION('',(-1.,0.,5.68857130712668E-14));
#11696=DIRECTION('',(0.,1.,0.));
#11697=DIRECTION('',(-1.,0.,4.97379915032491E-14));
#11698=DIRECTION('',(0.,1.,0.));
#11699=DIRECTION('',(-1.,0.,5.68857130712668E-14));
#11700=DIRECTION('center_axis',(1.,0.,-5.6843418860808E-14));
#11701=DIRECTION('ref_axis',(-5.6843418860808E-14,0.,-1.));
#11702=DIRECTION('',(0.,1.,0.));
#11703=DIRECTION('',(-5.6843418860808E-14,0.,-1.));
#11704=DIRECTION('center_axis',(-1.,0.,4.9737991503207E-14));
#11705=DIRECTION('ref_axis',(4.9737991503207E-14,0.,1.));
#11706=DIRECTION('',(0.,-1.,0.));
#11707=DIRECTION('',(-4.9737991503207E-14,0.,-1.));
#11708=DIRECTION('',(-4.9737991503207E-14,0.,-1.));
#11709=DIRECTION('center_axis',(0.,1.,0.));
#11710=DIRECTION('ref_axis',(0.,0.,1.));
#11711=DIRECTION('',(-4.9737991503207E-14,0.,-1.));
#11712=DIRECTION('',(1.,0.,-5.68857130712701E-14));
#11713=DIRECTION('center_axis',(0.,1.,0.));
#11714=DIRECTION('ref_axis',(0.,0.,1.));
#11715=DIRECTION('',(1.,0.,-5.68857130712701E-14));
#11716=DIRECTION('',(5.6843418860808E-14,0.,1.));
#11717=DIRECTION('center_axis',(1.,0.,-4.9737991503207E-14));
#11718=DIRECTION('ref_axis',(-4.9737991503207E-14,0.,-1.));
#11719=DIRECTION('',(-4.9737991503207E-14,0.,-1.));
#11720=DIRECTION('',(0.,1.,0.));
#11721=DIRECTION('center_axis',(0.,1.,0.));
#11722=DIRECTION('ref_axis',(0.,0.,1.));
#11723=DIRECTION('',(1.,0.,-4.97379915032049E-14));
#11724=DIRECTION('center_axis',(-1.,0.,5.6843418860808E-14));
#11725=DIRECTION('ref_axis',(5.6843418860808E-14,0.,1.));
#11726=DIRECTION('',(0.,1.,0.));
#11727=DIRECTION('',(5.6843418860808E-14,0.,1.));
#11728=DIRECTION('center_axis',(0.,1.,0.));
#11729=DIRECTION('ref_axis',(0.,0.,1.));
#11730=DIRECTION('',(1.,0.,-5.6843418860808E-14));
#11731=DIRECTION('center_axis',(5.68857130712701E-14,0.,1.));
#11732=DIRECTION('ref_axis',(1.,0.,-5.68857130712701E-14));
#11733=DIRECTION('',(1.,0.,-5.68857130712701E-14));
#11734=DIRECTION('center_axis',(0.,1.,0.));
#11735=DIRECTION('ref_axis',(0.,0.,1.));
#11736=DIRECTION('center_axis',(-1.,0.,4.9737991503207E-14));
#11737=DIRECTION('ref_axis',(4.9737991503207E-14,0.,1.));
#11738=DIRECTION('',(-4.9737991503207E-14,0.,-1.));
#11739=DIRECTION('',(0.,-1.,0.));
#11740=DIRECTION('',(4.9737991503207E-14,0.,1.));
#11741=DIRECTION('',(0.,1.,0.));
#11742=DIRECTION('center_axis',(0.,1.,0.));
#11743=DIRECTION('ref_axis',(0.,0.,1.));
#11744=DIRECTION('',(-1.,0.,5.68857130712701E-14));
#11745=DIRECTION('',(-4.9737991503207E-14,0.,-1.));
#11746=DIRECTION('',(1.,0.,-5.68857130712701E-14));
#11747=DIRECTION('center_axis',(1.,0.,-5.6843418860808E-14));
#11748=DIRECTION('ref_axis',(-5.6843418860808E-14,0.,-1.));
#11749=DIRECTION('',(5.6843418860808E-14,0.,1.));
#11750=DIRECTION('',(0.,-1.,0.));
#11751=DIRECTION('',(-5.6843418860808E-14,0.,-1.));
#11752=DIRECTION('',(0.,1.,0.));
#11753=DIRECTION('center_axis',(0.,1.,0.));
#11754=DIRECTION('ref_axis',(0.,0.,1.));
#11755=DIRECTION('',(1.,0.,-5.68857130712701E-14));
#11756=DIRECTION('',(5.6843418860808E-14,0.,1.));
#11757=DIRECTION('',(-1.,0.,5.68857130712701E-14));
#11758=DIRECTION('center_axis',(-5.68857130712701E-14,0.,-1.));
#11759=DIRECTION('ref_axis',(-1.,0.,5.68857130712701E-14));
#11760=DIRECTION('',(-1.,0.,5.68857130712701E-14));
#11761=DIRECTION('',(0.,1.,0.));
#11762=DIRECTION('',(-1.,0.,5.6843418860808E-14));
#11763=DIRECTION('',(0.,1.,0.));
#11764=DIRECTION('',(-1.,0.,5.68857130712701E-14));
#11765=DIRECTION('',(0.,1.,0.));
#11766=DIRECTION('',(-1.,0.,4.97379915032049E-14));
#11767=DIRECTION('',(0.,1.,0.));
#11768=DIRECTION('center_axis',(1.,0.,-4.9737991503207E-14));
#11769=DIRECTION('ref_axis',(-4.9737991503207E-14,0.,-1.));
#11770=DIRECTION('',(-4.9737991503207E-14,0.,-1.));
#11771=DIRECTION('',(0.,1.,0.));
#11772=DIRECTION('center_axis',(0.,1.,0.));
#11773=DIRECTION('ref_axis',(0.,0.,1.));
#11774=DIRECTION('',(-4.9737991503207E-14,0.,-1.));
#11775=DIRECTION('',(1.,0.,-4.97379915032049E-14));
#11776=DIRECTION('center_axis',(-1.,0.,5.6843418860808E-14));
#11777=DIRECTION('ref_axis',(5.6843418860808E-14,0.,1.));
#11778=DIRECTION('',(0.,1.,0.));
#11779=DIRECTION('',(5.6843418860808E-14,0.,1.));
#11780=DIRECTION('center_axis',(0.,1.,0.));
#11781=DIRECTION('ref_axis',(0.,0.,1.));
#11782=DIRECTION('',(5.6843418860808E-14,0.,1.));
#11783=DIRECTION('',(1.,0.,-5.6843418860808E-14));
#11784=DIRECTION('center_axis',(0.,1.,0.));
#11785=DIRECTION('ref_axis',(0.,0.,1.));
#11786=DIRECTION('',(1.,0.,-5.68857130712701E-14));
#11787=DIRECTION('center_axis',(1.,0.,-4.9737991503207E-14));
#11788=DIRECTION('ref_axis',(-4.9737991503207E-14,0.,-1.));
#11789=DIRECTION('',(-4.9737991503207E-14,0.,-1.));
#11790=DIRECTION('',(0.,1.,0.));
#11791=DIRECTION('center_axis',(5.68857130712701E-14,0.,1.));
#11792=DIRECTION('ref_axis',(1.,0.,-5.68857130712701E-14));
#11793=DIRECTION('',(1.,0.,-5.68857130712701E-14));
#11794=DIRECTION('',(0.,1.,0.));
#11795=DIRECTION('center_axis',(-1.,0.,5.6843418860808E-14));
#11796=DIRECTION('ref_axis',(5.6843418860808E-14,0.,1.));
#11797=DIRECTION('',(5.6843418860808E-14,0.,1.));
#11798=DIRECTION('center_axis',(0.,1.,0.));
#11799=DIRECTION('ref_axis',(0.,0.,1.));
#11800=DIRECTION('center_axis',(-1.,0.,4.9737991503207E-14));
#11801=DIRECTION('ref_axis',(4.9737991503207E-14,0.,1.));
#11802=DIRECTION('',(-4.9737991503207E-14,0.,-1.));
#11803=DIRECTION('',(0.,-1.,0.));
#11804=DIRECTION('',(4.9737991503207E-14,0.,1.));
#11805=DIRECTION('',(0.,1.,0.));
#11806=DIRECTION('center_axis',(0.,1.,0.));
#11807=DIRECTION('ref_axis',(0.,0.,1.));
#11808=DIRECTION('',(-1.,0.,5.68857130712701E-14));
#11809=DIRECTION('',(-4.9737991503207E-14,0.,-1.));
#11810=DIRECTION('',(1.,0.,-5.20218788681504E-14));
#11811=DIRECTION('center_axis',(1.,0.,-5.6843418860808E-14));
#11812=DIRECTION('ref_axis',(-5.6843418860808E-14,0.,-1.));
#11813=DIRECTION('',(5.6843418860808E-14,0.,1.));
#11814=DIRECTION('',(0.,-1.,0.));
#11815=DIRECTION('',(-5.6843418860808E-14,0.,-1.));
#11816=DIRECTION('',(0.,1.,0.));
#11817=DIRECTION('center_axis',(0.,1.,0.));
#11818=DIRECTION('ref_axis',(0.,0.,1.));
#11819=DIRECTION('',(5.6843418860808E-14,0.,1.));
#11820=DIRECTION('',(-1.,0.,5.68857130712701E-14));
#11821=DIRECTION('',(1.,0.,-5.20218788681504E-14));
#11822=DIRECTION('center_axis',(-5.68857130712701E-14,0.,-1.));
#11823=DIRECTION('ref_axis',(-1.,0.,5.68857130712701E-14));
#11824=DIRECTION('',(-1.,0.,5.68857130712701E-14));
#11825=DIRECTION('',(0.,1.,0.));
#11826=DIRECTION('',(-1.,0.,5.6843418860808E-14));
#11827=DIRECTION('',(0.,1.,0.));
#11828=DIRECTION('',(-1.,0.,5.68857130712701E-14));
#11829=DIRECTION('',(0.,1.,0.));
#11830=DIRECTION('',(-1.,0.,4.97379915032049E-14));
#11831=DIRECTION('',(0.,1.,0.));
#11832=DIRECTION('center_axis',(-1.,0.,5.6843418860808E-14));
#11833=DIRECTION('ref_axis',(5.6843418860808E-14,0.,1.));
#11834=DIRECTION('',(0.,1.,0.));
#11835=DIRECTION('',(5.6843418860808E-14,0.,1.));
#11836=DIRECTION('center_axis',(1.,0.,-4.9737991503207E-14));
#11837=DIRECTION('ref_axis',(-4.9737991503207E-14,0.,-1.));
#11838=DIRECTION('',(-4.9737991503207E-14,0.,-1.));
#11839=DIRECTION('',(0.,1.,0.));
#11840=DIRECTION('center_axis',(0.,1.,0.));
#11841=DIRECTION('ref_axis',(0.,0.,1.));
#11842=DIRECTION('',(-4.9737991503207E-14,0.,-1.));
#11843=DIRECTION('',(1.,0.,-4.97379915032049E-14));
#11844=DIRECTION('center_axis',(0.,1.,0.));
#11845=DIRECTION('ref_axis',(0.,0.,1.));
#11846=DIRECTION('',(1.,0.,-5.6843418860808E-14));
#11847=DIRECTION('',(5.6843418860808E-14,0.,1.));
#11848=DIRECTION('center_axis',(0.,1.,0.));
#11849=DIRECTION('ref_axis',(0.,0.,1.));
#11850=DIRECTION('',(1.,0.,-5.20218788681504E-14));
#11851=DIRECTION('center_axis',(-1.,0.,5.6843418860808E-14));
#11852=DIRECTION('ref_axis',(5.6843418860808E-14,0.,1.));
#11853=DIRECTION('',(0.,1.,0.));
#11854=DIRECTION('',(5.6843418860808E-14,0.,1.));
#11855=DIRECTION('center_axis',(1.,0.,-4.9737991503207E-14));
#11856=DIRECTION('ref_axis',(-4.9737991503207E-14,0.,-1.));
#11857=DIRECTION('',(-4.9737991503207E-14,0.,-1.));
#11858=DIRECTION('',(0.,1.,0.));
#11859=DIRECTION('center_axis',(5.20218788681504E-14,0.,1.));
#11860=DIRECTION('ref_axis',(1.,0.,-5.20218788681504E-14));
#11861=DIRECTION('',(1.,0.,-5.20218788681504E-14));
#11862=DIRECTION('center_axis',(0.,1.,0.));
#11863=DIRECTION('ref_axis',(0.,0.,1.));
#11864=DIRECTION('center_axis',(1.,0.,-5.68434188608096E-14));
#11865=DIRECTION('ref_axis',(-5.68434188608096E-14,0.,-1.));
#11866=DIRECTION('',(5.68434188608096E-14,0.,1.));
#11867=DIRECTION('',(0.,-1.,0.));
#11868=DIRECTION('',(-5.68434188608096E-14,0.,-1.));
#11869=DIRECTION('',(0.,1.,0.));
#11870=DIRECTION('center_axis',(0.,1.,0.));
#11871=DIRECTION('ref_axis',(0.,0.,1.));
#11872=DIRECTION('',(1.,0.,-5.20218788681504E-14));
#11873=DIRECTION('',(5.68434188608096E-14,0.,1.));
#11874=DIRECTION('',(-1.,0.,5.20218788681504E-14));
#11875=DIRECTION('center_axis',(-1.,0.,4.9737991503207E-14));
#11876=DIRECTION('ref_axis',(4.9737991503207E-14,0.,1.));
#11877=DIRECTION('',(-4.9737991503207E-14,0.,-1.));
#11878=DIRECTION('',(0.,-1.,0.));
#11879=DIRECTION('',(4.9737991503207E-14,0.,1.));
#11880=DIRECTION('',(0.,1.,0.));
#11881=DIRECTION('center_axis',(0.,1.,0.));
#11882=DIRECTION('ref_axis',(0.,0.,1.));
#11883=DIRECTION('',(-1.,0.,5.20218788681504E-14));
#11884=DIRECTION('',(-4.9737991503207E-14,0.,-1.));
#11885=DIRECTION('',(1.,0.,-5.20218788681504E-14));
#11886=DIRECTION('center_axis',(5.20218788681504E-14,0.,1.));
#11887=DIRECTION('ref_axis',(1.,0.,-5.20218788681504E-14));
#11888=DIRECTION('',(1.,0.,-5.20218788681504E-14));
#11889=DIRECTION('',(0.,1.,0.));
#11890=DIRECTION('',(1.,0.,-4.97379915032049E-14));
#11891=DIRECTION('',(0.,1.,0.));
#11892=DIRECTION('',(1.,0.,-5.20218788681504E-14));
#11893=DIRECTION('',(0.,1.,0.));
#11894=DIRECTION('',(1.,0.,-5.6843418860808E-14));
#11895=DIRECTION('',(0.,1.,0.));
#11896=DIRECTION('center_axis',(1.,0.,-4.9737991503207E-14));
#11897=DIRECTION('ref_axis',(-4.9737991503207E-14,0.,-1.));
#11898=DIRECTION('',(0.,1.,0.));
#11899=DIRECTION('',(-4.9737991503207E-14,0.,-1.));
#11900=DIRECTION('center_axis',(0.,1.,0.));
#11901=DIRECTION('ref_axis',(0.,0.,1.));
#11902=DIRECTION('',(-4.9737991503207E-14,0.,-1.));
#11903=DIRECTION('',(-1.,0.,4.97379915032049E-14));
#11904=DIRECTION('center_axis',(-1.,0.,5.68434188608096E-14));
#11905=DIRECTION('ref_axis',(5.68434188608096E-14,0.,1.));
#11906=DIRECTION('',(5.68434188608096E-14,0.,1.));
#11907=DIRECTION('',(0.,1.,0.));
#11908=DIRECTION('center_axis',(0.,1.,0.));
#11909=DIRECTION('ref_axis',(0.,0.,1.));
#11910=DIRECTION('',(5.68434188608096E-14,0.,1.));
#11911=DIRECTION('',(-1.,0.,5.6843418860808E-14));
#11912=DIRECTION('center_axis',(0.,1.,0.));
#11913=DIRECTION('ref_axis',(0.,0.,1.));
#11914=DIRECTION('',(-1.,0.,5.20218788681504E-14));
#11915=DIRECTION('center_axis',(1.,0.,-4.9737991503207E-14));
#11916=DIRECTION('ref_axis',(-4.9737991503207E-14,0.,-1.));
#11917=DIRECTION('',(0.,1.,0.));
#11918=DIRECTION('',(-4.9737991503207E-14,0.,-1.));
#11919=DIRECTION('center_axis',(-5.20218788681504E-14,0.,-1.));
#11920=DIRECTION('ref_axis',(-1.,0.,5.20218788681504E-14));
#11921=DIRECTION('',(0.,1.,0.));
#11922=DIRECTION('',(-1.,0.,5.20218788681504E-14));
#11923=DIRECTION('center_axis',(-1.,0.,5.68434188608096E-14));
#11924=DIRECTION('ref_axis',(5.68434188608096E-14,0.,1.));
#11925=DIRECTION('',(5.68434188608096E-14,0.,1.));
#11926=DIRECTION('center_axis',(0.,1.,0.));
#11927=DIRECTION('ref_axis',(0.,0.,1.));
#11928=DIRECTION('center_axis',(-1.,0.,4.9737991503207E-14));
#11929=DIRECTION('ref_axis',(4.9737991503207E-14,0.,1.));
#11930=DIRECTION('',(-4.9737991503207E-14,0.,-1.));
#11931=DIRECTION('',(0.,-1.,0.));
#11932=DIRECTION('',(4.9737991503207E-14,0.,1.));
#11933=DIRECTION('',(0.,1.,0.));
#11934=DIRECTION('center_axis',(0.,1.,0.));
#11935=DIRECTION('ref_axis',(0.,0.,1.));
#11936=DIRECTION('',(-1.,0.,5.20218788681504E-14));
#11937=DIRECTION('',(-4.9737991503207E-14,0.,-1.));
#11938=DIRECTION('',(1.,0.,-5.20218788681504E-14));
#11939=DIRECTION('center_axis',(1.,0.,-5.6843418860808E-14));
#11940=DIRECTION('ref_axis',(-5.6843418860808E-14,0.,-1.));
#11941=DIRECTION('',(5.6843418860808E-14,0.,1.));
#11942=DIRECTION('',(0.,-1.,0.));
#11943=DIRECTION('',(-5.6843418860808E-14,0.,-1.));
#11944=DIRECTION('',(0.,1.,0.));
#11945=DIRECTION('center_axis',(0.,1.,0.));
#11946=DIRECTION('ref_axis',(0.,0.,1.));
#11947=DIRECTION('',(1.,0.,-5.20218788681504E-14));
#11948=DIRECTION('',(5.6843418860808E-14,0.,1.));
#11949=DIRECTION('',(-1.,0.,5.20218788681504E-14));
#11950=DIRECTION('center_axis',(-5.20218788681504E-14,0.,-1.));
#11951=DIRECTION('ref_axis',(-1.,0.,5.20218788681504E-14));
#11952=DIRECTION('',(-1.,0.,5.20218788681504E-14));
#11953=DIRECTION('',(0.,1.,0.));
#11954=DIRECTION('',(-1.,0.,5.6843418860808E-14));
#11955=DIRECTION('',(0.,1.,0.));
#11956=DIRECTION('',(-1.,0.,5.20218788681504E-14));
#11957=DIRECTION('',(0.,1.,0.));
#11958=DIRECTION('',(-1.,0.,4.97379915032049E-14));
#11959=DIRECTION('',(0.,1.,0.));
#11960=DIRECTION('center_axis',(1.,0.,-4.9737991503207E-14));
#11961=DIRECTION('ref_axis',(-4.9737991503207E-14,0.,-1.));
#11962=DIRECTION('',(-4.9737991503207E-14,0.,-1.));
#11963=DIRECTION('',(0.,1.,0.));
#11964=DIRECTION('center_axis',(0.,1.,0.));
#11965=DIRECTION('ref_axis',(0.,0.,1.));
#11966=DIRECTION('',(-4.9737991503207E-14,0.,-1.));
#11967=DIRECTION('',(1.,0.,-4.97379915032049E-14));
#11968=DIRECTION('center_axis',(-1.,0.,5.6843418860808E-14));
#11969=DIRECTION('ref_axis',(5.6843418860808E-14,0.,1.));
#11970=DIRECTION('',(0.,1.,0.));
#11971=DIRECTION('',(5.6843418860808E-14,0.,1.));
#11972=DIRECTION('center_axis',(0.,1.,0.));
#11973=DIRECTION('ref_axis',(0.,0.,1.));
#11974=DIRECTION('',(5.6843418860808E-14,0.,1.));
#11975=DIRECTION('',(1.,0.,-5.6843418860808E-14));
#11976=DIRECTION('center_axis',(0.,1.,0.));
#11977=DIRECTION('ref_axis',(0.,0.,1.));
#11978=DIRECTION('',(1.,0.,-5.20218788681504E-14));
#11979=DIRECTION('center_axis',(1.,0.,-4.9737991503207E-14));
#11980=DIRECTION('ref_axis',(-4.9737991503207E-14,0.,-1.));
#11981=DIRECTION('',(-4.9737991503207E-14,0.,-1.));
#11982=DIRECTION('',(0.,1.,0.));
#11983=DIRECTION('center_axis',(5.20218788681504E-14,0.,1.));
#11984=DIRECTION('ref_axis',(1.,0.,-5.20218788681504E-14));
#11985=DIRECTION('',(1.,0.,-5.20218788681504E-14));
#11986=DIRECTION('',(0.,1.,0.));
#11987=DIRECTION('center_axis',(-1.,0.,5.6843418860808E-14));
#11988=DIRECTION('ref_axis',(5.6843418860808E-14,0.,1.));
#11989=DIRECTION('',(5.6843418860808E-14,0.,1.));
#11990=DIRECTION('center_axis',(0.,1.,0.));
#11991=DIRECTION('ref_axis',(0.,0.,1.));
#11992=DIRECTION('center_axis',(-1.,0.,4.97379915032071E-14));
#11993=DIRECTION('ref_axis',(4.97379915032071E-14,0.,1.));
#11994=DIRECTION('',(-4.97379915032071E-14,0.,-1.));
#11995=DIRECTION('',(0.,-1.,0.));
#11996=DIRECTION('',(4.97379915032071E-14,0.,1.));
#11997=DIRECTION('',(0.,1.,0.));
#11998=DIRECTION('center_axis',(0.,1.,0.));
#11999=DIRECTION('ref_axis',(0.,0.,1.));
#12000=DIRECTION('',(-1.,0.,5.20218788681504E-14));
#12001=DIRECTION('',(-4.97379915032071E-14,0.,-1.));
#12002=DIRECTION('',(1.,0.,-5.20218788681505E-14));
#12003=DIRECTION('center_axis',(1.,0.,-5.68434188608081E-14));
#12004=DIRECTION('ref_axis',(-5.68434188608081E-14,0.,-1.));
#12005=DIRECTION('',(5.68434188608081E-14,0.,1.));
#12006=DIRECTION('',(0.,-1.,0.));
#12007=DIRECTION('',(-5.68434188608081E-14,0.,-1.));
#12008=DIRECTION('',(0.,1.,0.));
#12009=DIRECTION('center_axis',(0.,1.,0.));
#12010=DIRECTION('ref_axis',(0.,0.,1.));
#12011=DIRECTION('',(1.,0.,-5.20218788681505E-14));
#12012=DIRECTION('',(5.68434188608081E-14,0.,1.));
#12013=DIRECTION('',(-1.,0.,5.20218788681504E-14));
#12014=DIRECTION('center_axis',(-5.20218788681504E-14,0.,-1.));
#12015=DIRECTION('ref_axis',(-1.,0.,5.20218788681504E-14));
#12016=DIRECTION('',(-1.,0.,5.20218788681504E-14));
#12017=DIRECTION('',(0.,1.,0.));
#12018=DIRECTION('',(-1.,0.,5.6843418860808E-14));
#12019=DIRECTION('',(0.,1.,0.));
#12020=DIRECTION('',(-1.,0.,5.20218788681504E-14));
#12021=DIRECTION('',(0.,1.,0.));
#12022=DIRECTION('',(-1.,0.,4.97379915032049E-14));
#12023=DIRECTION('',(0.,1.,0.));
#12024=DIRECTION('center_axis',(1.,0.,-4.97379915032071E-14));
#12025=DIRECTION('ref_axis',(-4.97379915032071E-14,0.,-1.));
#12026=DIRECTION('',(-4.97379915032071E-14,0.,-1.));
#12027=DIRECTION('',(0.,1.,0.));
#12028=DIRECTION('center_axis',(0.,1.,0.));
#12029=DIRECTION('ref_axis',(0.,0.,1.));
#12030=DIRECTION('',(-4.97379915032071E-14,0.,-1.));
#12031=DIRECTION('',(1.,0.,-4.97379915032052E-14));
#12032=DIRECTION('center_axis',(-1.,0.,5.68434188608081E-14));
#12033=DIRECTION('ref_axis',(5.68434188608081E-14,0.,1.));
#12034=DIRECTION('',(0.,1.,0.));
#12035=DIRECTION('',(5.68434188608081E-14,0.,1.));
#12036=DIRECTION('center_axis',(0.,1.,0.));
#12037=DIRECTION('ref_axis',(0.,0.,1.));
#12038=DIRECTION('',(5.68434188608081E-14,0.,1.));
#12039=DIRECTION('',(1.,0.,-5.68434188608072E-14));
#12040=DIRECTION('center_axis',(0.,-1.,0.));
#12041=DIRECTION('ref_axis',(1.,0.,0.));
#12042=DIRECTION('',(1.,0.,-5.20218788681505E-14));
#12043=DIRECTION('center_axis',(-1.,0.,5.68434188608081E-14));
#12044=DIRECTION('ref_axis',(5.68434188608081E-14,0.,1.));
#12045=DIRECTION('',(0.,1.,0.));
#12046=DIRECTION('',(5.68434188608081E-14,0.,1.));
#12047=DIRECTION('center_axis',(1.,0.,-4.97379915032071E-14));
#12048=DIRECTION('ref_axis',(-4.97379915032071E-14,0.,-1.));
#12049=DIRECTION('',(-4.97379915032071E-14,0.,-1.));
#12050=DIRECTION('',(0.,1.,0.));
#12051=DIRECTION('center_axis',(5.20218788681505E-14,0.,1.));
#12052=DIRECTION('ref_axis',(1.,0.,-5.20218788681505E-14));
#12053=DIRECTION('',(1.,0.,-5.20218788681505E-14));
#12054=DIRECTION('center_axis',(0.,1.,0.));
#12055=DIRECTION('ref_axis',(0.,0.,1.));
#12056=DIRECTION('center_axis',(-1.,0.,4.9737991503207E-14));
#12057=DIRECTION('ref_axis',(4.9737991503207E-14,0.,1.));
#12058=DIRECTION('',(-4.9737991503207E-14,0.,-1.));
#12059=DIRECTION('',(0.,-1.,0.));
#12060=DIRECTION('',(4.9737991503207E-14,0.,1.));
#12061=DIRECTION('',(0.,1.,0.));
#12062=DIRECTION('center_axis',(0.,1.,0.));
#12063=DIRECTION('ref_axis',(0.,0.,1.));
#12064=DIRECTION('',(-1.,0.,5.20218788681505E-14));
#12065=DIRECTION('',(-4.9737991503207E-14,0.,-1.));
#12066=DIRECTION('',(1.,0.,-5.20218788681505E-14));
#12067=DIRECTION('center_axis',(1.,0.,-5.6843418860808E-14));
#12068=DIRECTION('ref_axis',(-5.6843418860808E-14,0.,-1.));
#12069=DIRECTION('',(5.6843418860808E-14,0.,1.));
#12070=DIRECTION('',(0.,-1.,0.));
#12071=DIRECTION('',(-5.6843418860808E-14,0.,-1.));
#12072=DIRECTION('',(0.,1.,0.));
#12073=DIRECTION('center_axis',(0.,1.,0.));
#12074=DIRECTION('ref_axis',(0.,0.,1.));
#12075=DIRECTION('',(5.6843418860808E-14,0.,1.));
#12076=DIRECTION('',(-1.,0.,5.20218788681505E-14));
#12077=DIRECTION('',(1.,0.,-5.20218788681505E-14));
#12078=DIRECTION('center_axis',(-5.20218788681505E-14,0.,-1.));
#12079=DIRECTION('ref_axis',(-1.,0.,5.20218788681505E-14));
#12080=DIRECTION('',(-1.,0.,5.20218788681505E-14));
#12081=DIRECTION('',(0.,1.,0.));
#12082=DIRECTION('',(-1.,0.,5.68434188608072E-14));
#12083=DIRECTION('',(0.,1.,0.));
#12084=DIRECTION('',(-1.,0.,5.20218788681505E-14));
#12085=DIRECTION('',(0.,1.,0.));
#12086=DIRECTION('',(-1.,0.,4.97379915032052E-14));
#12087=DIRECTION('',(0.,1.,0.));
#12088=DIRECTION('center_axis',(-1.,0.,5.6843418860808E-14));
#12089=DIRECTION('ref_axis',(5.6843418860808E-14,0.,1.));
#12090=DIRECTION('',(0.,1.,0.));
#12091=DIRECTION('',(5.6843418860808E-14,0.,1.));
#12092=DIRECTION('center_axis',(1.,0.,-4.9737991503207E-14));
#12093=DIRECTION('ref_axis',(-4.9737991503207E-14,0.,-1.));
#12094=DIRECTION('',(-4.9737991503207E-14,0.,-1.));
#12095=DIRECTION('',(0.,1.,0.));
#12096=DIRECTION('center_axis',(0.,1.,0.));
#12097=DIRECTION('ref_axis',(0.,0.,1.));
#12098=DIRECTION('',(-4.9737991503207E-14,0.,-1.));
#12099=DIRECTION('',(1.,0.,-4.97379915032067E-14));
#12100=DIRECTION('center_axis',(0.,1.,0.));
#12101=DIRECTION('ref_axis',(0.,0.,1.));
#12102=DIRECTION('',(1.,0.,-5.6843418860808E-14));
#12103=DIRECTION('',(5.6843418860808E-14,0.,1.));
#12104=DIRECTION('center_axis',(0.,-1.,0.));
#12105=DIRECTION('ref_axis',(1.,0.,0.));
#12106=DIRECTION('',(1.,0.,-5.20218788681505E-14));
#12107=DIRECTION('center_axis',(1.,0.,-4.9737991503207E-14));
#12108=DIRECTION('ref_axis',(-4.9737991503207E-14,0.,-1.));
#12109=DIRECTION('',(-4.9737991503207E-14,0.,-1.));
#12110=DIRECTION('',(0.,1.,0.));
#12111=DIRECTION('center_axis',(5.20218788681505E-14,0.,1.));
#12112=DIRECTION('ref_axis',(1.,0.,-5.20218788681505E-14));
#12113=DIRECTION('',(1.,0.,-5.20218788681505E-14));
#12114=DIRECTION('',(0.,1.,0.));
#12115=DIRECTION('center_axis',(-1.,0.,5.6843418860808E-14));
#12116=DIRECTION('ref_axis',(5.6843418860808E-14,0.,1.));
#12117=DIRECTION('',(5.6843418860808E-14,0.,1.));
#12118=DIRECTION('center_axis',(0.,1.,0.));
#12119=DIRECTION('ref_axis',(0.,0.,1.));
#12120=DIRECTION('center_axis',(-1.,0.,5.27831746564646E-14));
#12121=DIRECTION('ref_axis',(5.27831746564646E-14,0.,1.));
#12122=DIRECTION('',(-5.27831746564646E-14,0.,-1.));
#12123=DIRECTION('',(0.,-1.,0.));
#12124=DIRECTION('',(5.27831746564646E-14,0.,1.));
#12125=DIRECTION('',(0.,1.,0.));
#12126=DIRECTION('center_axis',(0.,-1.,0.));
#12127=DIRECTION('ref_axis',(1.,0.,0.));
#12128=DIRECTION('',(-1.,0.,5.15989367635315E-14));
#12129=DIRECTION('',(-5.07530525542928E-14,0.,-1.));
#12130=DIRECTION('center_axis',(0.,-1.,0.));
#12131=DIRECTION('ref_axis',(-0.190402479273321,0.,-0.981706114825905));
#12132=DIRECTION('center_axis',(1.,0.,-5.6843418860808E-14));
#12133=DIRECTION('ref_axis',(-5.6843418860808E-14,0.,-1.));
#12134=DIRECTION('',(5.6843418860808E-14,0.,1.));
#12135=DIRECTION('',(0.,-1.,0.));
#12136=DIRECTION('',(-5.6843418860808E-14,0.,-1.));
#12137=DIRECTION('',(0.,1.,0.));
#12138=DIRECTION('center_axis',(0.,-1.,0.));
#12139=DIRECTION('ref_axis',(1.,0.,0.));
#12140=DIRECTION('',(-1.,0.,5.15989367635315E-14));
#12141=DIRECTION('center_axis',(0.,-1.,0.));
#12142=DIRECTION('ref_axis',(-0.190402479273321,0.,-0.981706114825905));
#12143=DIRECTION('',(5.6843418860808E-14,0.,1.));
#12144=DIRECTION('center_axis',(-5.15989367635315E-14,0.,-1.));
#12145=DIRECTION('ref_axis',(-1.,0.,5.15989367635315E-14));
#12146=DIRECTION('',(-1.,0.,5.15989367635315E-14));
#12147=DIRECTION('',(0.,1.,0.));
#12148=DIRECTION('',(-1.,0.,5.68434188608078E-14));
#12149=DIRECTION('',(0.,1.,0.));
#12150=DIRECTION('',(-1.,0.,5.15989367635315E-14));
#12151=DIRECTION('',(0.,1.,0.));
#12152=DIRECTION('',(-1.,0.,4.97379915032067E-14));
#12153=DIRECTION('',(0.,1.,0.));
#12154=DIRECTION('center_axis',(-1.,0.,5.6843418860808E-14));
#12155=DIRECTION('ref_axis',(5.6843418860808E-14,0.,1.));
#12156=DIRECTION('',(0.,1.,0.));
#12157=DIRECTION('',(5.6843418860808E-14,0.,1.));
#12158=DIRECTION('center_axis',(1.,0.,-5.07530525542928E-14));
#12159=DIRECTION('ref_axis',(-5.07530525542928E-14,0.,-1.));
#12160=DIRECTION('',(-5.07530525542928E-14,0.,-1.));
#12161=DIRECTION('',(0.,1.,0.));
#12162=DIRECTION('center_axis',(0.,-1.,0.));
#12163=DIRECTION('ref_axis',(1.,0.,0.));
#12164=DIRECTION('',(-5.27831746564646E-14,0.,-1.));
#12165=DIRECTION('center_axis',(0.,-1.,0.));
#12166=DIRECTION('ref_axis',(-0.190402479273321,0.,-0.981706114825905));
#12167=DIRECTION('center_axis',(0.,-1.,0.));
#12168=DIRECTION('ref_axis',(1.,0.,0.));
#12169=DIRECTION('center_axis',(0.,-1.,0.));
#12170=DIRECTION('ref_axis',(-0.190402479273321,0.,-0.981706114825905));
#12171=DIRECTION('',(5.6843418860808E-14,0.,1.));
#12172=DIRECTION('center_axis',(0.,-1.,0.));
#12173=DIRECTION('ref_axis',(1.,0.,0.));
#12174=DIRECTION('center_axis',(0.,-1.,0.));
#12175=DIRECTION('ref_axis',(-0.190402479273321,0.,-0.981706114825905));
#12176=DIRECTION('center_axis',(1.,0.,-5.27831746564646E-14));
#12177=DIRECTION('ref_axis',(-5.27831746564646E-14,0.,-1.));
#12178=DIRECTION('',(-5.27831746564646E-14,0.,-1.));
#12179=DIRECTION('',(0.,1.,0.));
#12180=DIRECTION('center_axis',(0.,1.,0.));
#12181=DIRECTION('ref_axis',(-0.190402479273321,0.,-0.981706114825905));
#12182=DIRECTION('center_axis',(0.,-1.,0.));
#12183=DIRECTION('ref_axis',(-0.190402479273321,0.,-0.981706114825905));
#12184=DIRECTION('',(0.,1.,0.));
#12185=DIRECTION('center_axis',(-1.,0.,5.6843418860808E-14));
#12186=DIRECTION('ref_axis',(5.6843418860808E-14,0.,1.));
#12187=DIRECTION('',(5.6843418860808E-14,0.,1.));
#12188=DIRECTION('center_axis',(0.,-1.,0.));
#12189=DIRECTION('ref_axis',(1.,0.,0.));
#12190=DIRECTION('center_axis',(-1.,0.,5.2106467289074E-14));
#12191=DIRECTION('ref_axis',(5.2106467289074E-14,0.,1.));
#12192=DIRECTION('',(-5.2106467289074E-14,0.,-1.));
#12193=DIRECTION('',(0.,-1.,0.));
#12194=DIRECTION('',(5.2106467289074E-14,0.,1.));
#12195=DIRECTION('',(0.,1.,0.));
#12196=DIRECTION('center_axis',(0.,1.,0.));
#12197=DIRECTION('ref_axis',(0.,0.,1.));
#12198=DIRECTION('',(-1.,0.,5.20218788681506E-14));
#12199=DIRECTION('',(-4.9737991503207E-14,0.,-1.));
#12200=DIRECTION('',(1.,0.,-5.15989367635315E-14));
#12201=DIRECTION('center_axis',(1.,0.,-5.6843418860808E-14));
#12202=DIRECTION('ref_axis',(-5.6843418860808E-14,0.,-1.));
#12203=DIRECTION('',(5.6843418860808E-14,0.,1.));
#12204=DIRECTION('',(0.,-1.,0.));
#12205=DIRECTION('',(-5.6843418860808E-14,0.,-1.));
#12206=DIRECTION('',(0.,1.,0.));
#12207=DIRECTION('center_axis',(0.,1.,0.));
#12208=DIRECTION('ref_axis',(0.,0.,1.));
#12209=DIRECTION('',(-1.,0.,5.20218788681506E-14));
#12210=DIRECTION('',(1.,0.,-5.15989367635315E-14));
#12211=DIRECTION('',(5.6843418860808E-14,0.,1.));
#12212=DIRECTION('center_axis',(-5.20218788681506E-14,0.,-1.));
#12213=DIRECTION('ref_axis',(-1.,0.,5.20218788681506E-14));
#12214=DIRECTION('',(-1.,0.,5.20218788681506E-14));
#12215=DIRECTION('',(0.,1.,0.));
#12216=DIRECTION('',(-1.,0.,5.6843418860807E-14));
#12217=DIRECTION('',(0.,1.,0.));
#12218=DIRECTION('',(-1.,0.,5.20218788681506E-14));
#12219=DIRECTION('',(0.,1.,0.));
#12220=DIRECTION('',(-1.,0.,4.97379915032067E-14));
#12221=DIRECTION('',(0.,1.,0.));
#12222=DIRECTION('center_axis',(-1.,0.,5.6843418860808E-14));
#12223=DIRECTION('ref_axis',(5.6843418860808E-14,0.,1.));
#12224=DIRECTION('',(0.,1.,0.));
#12225=DIRECTION('',(5.6843418860808E-14,0.,1.));
#12226=DIRECTION('center_axis',(1.,0.,-4.9737991503207E-14));
#12227=DIRECTION('ref_axis',(-4.9737991503207E-14,0.,-1.));
#12228=DIRECTION('',(-4.9737991503207E-14,0.,-1.));
#12229=DIRECTION('',(0.,1.,0.));
#12230=DIRECTION('center_axis',(0.,1.,0.));
#12231=DIRECTION('ref_axis',(0.,0.,1.));
#12232=DIRECTION('',(-5.2106467289074E-14,0.,-1.));
#12233=DIRECTION('',(1.,0.,-4.97379915032067E-14));
#12234=DIRECTION('center_axis',(0.,1.,0.));
#12235=DIRECTION('ref_axis',(0.,0.,1.));
#12236=DIRECTION('',(1.,0.,-5.68434188608078E-14));
#12237=DIRECTION('',(5.6843418860808E-14,0.,1.));
#12238=DIRECTION('center_axis',(0.,-1.,0.));
#12239=DIRECTION('ref_axis',(1.,0.,0.));
#12240=DIRECTION('',(1.,0.,-5.15989367635315E-14));
#12241=DIRECTION('center_axis',(1.,0.,-5.2106467289074E-14));
#12242=DIRECTION('ref_axis',(-5.2106467289074E-14,0.,-1.));
#12243=DIRECTION('',(-5.2106467289074E-14,0.,-1.));
#12244=DIRECTION('',(0.,1.,0.));
#12245=DIRECTION('center_axis',(5.15989367635315E-14,0.,1.));
#12246=DIRECTION('ref_axis',(1.,0.,-5.15989367635315E-14));
#12247=DIRECTION('',(1.,0.,-5.15989367635315E-14));
#12248=DIRECTION('',(0.,1.,0.));
#12249=DIRECTION('center_axis',(-1.,0.,5.6843418860808E-14));
#12250=DIRECTION('ref_axis',(5.6843418860808E-14,0.,1.));
#12251=DIRECTION('',(5.6843418860808E-14,0.,1.));
#12252=DIRECTION('center_axis',(0.,1.,0.));
#12253=DIRECTION('ref_axis',(0.,0.,1.));
#12254=DIRECTION('center_axis',(-1.,0.,4.9737991503207E-14));
#12255=DIRECTION('ref_axis',(4.9737991503207E-14,0.,1.));
#12256=DIRECTION('',(-4.9737991503207E-14,0.,-1.));
#12257=DIRECTION('',(0.,-1.,0.));
#12258=DIRECTION('',(4.9737991503207E-14,0.,1.));
#12259=DIRECTION('',(0.,1.,0.));
#12260=DIRECTION('center_axis',(0.,1.,0.));
#12261=DIRECTION('ref_axis',(0.,0.,1.));
#12262=DIRECTION('',(-1.,0.,5.20218788681505E-14));
#12263=DIRECTION('',(-4.9737991503207E-14,0.,-1.));
#12264=DIRECTION('',(1.,0.,-5.20218788681506E-14));
#12265=DIRECTION('center_axis',(1.,0.,-5.6843418860808E-14));
#12266=DIRECTION('ref_axis',(-5.6843418860808E-14,0.,-1.));
#12267=DIRECTION('',(5.6843418860808E-14,0.,1.));
#12268=DIRECTION('',(0.,-1.,0.));
#12269=DIRECTION('',(-5.6843418860808E-14,0.,-1.));
#12270=DIRECTION('',(0.,1.,0.));
#12271=DIRECTION('center_axis',(0.,1.,0.));
#12272=DIRECTION('ref_axis',(0.,0.,1.));
#12273=DIRECTION('',(-1.,0.,5.20218788681505E-14));
#12274=DIRECTION('',(1.,0.,-5.20218788681506E-14));
#12275=DIRECTION('',(5.6843418860808E-14,0.,1.));
#12276=DIRECTION('center_axis',(-5.20218788681505E-14,0.,-1.));
#12277=DIRECTION('ref_axis',(-1.,0.,5.20218788681505E-14));
#12278=DIRECTION('',(-1.,0.,5.20218788681505E-14));
#12279=DIRECTION('',(0.,1.,0.));
#12280=DIRECTION('',(-1.,0.,5.6843418860808E-14));
#12281=DIRECTION('',(0.,1.,0.));
#12282=DIRECTION('',(-1.,0.,5.20218788681505E-14));
#12283=DIRECTION('',(0.,1.,0.));
#12284=DIRECTION('',(-1.,0.,4.97379915032067E-14));
#12285=DIRECTION('',(0.,1.,0.));
#12286=DIRECTION('center_axis',(-1.,0.,5.6843418860808E-14));
#12287=DIRECTION('ref_axis',(5.6843418860808E-14,0.,1.));
#12288=DIRECTION('',(0.,1.,0.));
#12289=DIRECTION('',(5.6843418860808E-14,0.,1.));
#12290=DIRECTION('center_axis',(1.,0.,-4.9737991503207E-14));
#12291=DIRECTION('ref_axis',(-4.9737991503207E-14,0.,-1.));
#12292=DIRECTION('',(-4.9737991503207E-14,0.,-1.));
#12293=DIRECTION('',(0.,1.,0.));
#12294=DIRECTION('center_axis',(0.,1.,0.));
#12295=DIRECTION('ref_axis',(0.,0.,1.));
#12296=DIRECTION('',(-4.9737991503207E-14,0.,-1.));
#12297=DIRECTION('',(1.,0.,-4.97379915032067E-14));
#12298=DIRECTION('center_axis',(0.,1.,0.));
#12299=DIRECTION('ref_axis',(0.,0.,1.));
#12300=DIRECTION('',(1.,0.,-5.6843418860807E-14));
#12301=DIRECTION('',(5.6843418860808E-14,0.,1.));
#12302=DIRECTION('center_axis',(0.,-1.,0.));
#12303=DIRECTION('ref_axis',(1.,0.,0.));
#12304=DIRECTION('',(1.,0.,-5.20218788681506E-14));
#12305=DIRECTION('center_axis',(1.,0.,-4.9737991503207E-14));
#12306=DIRECTION('ref_axis',(-4.9737991503207E-14,0.,-1.));
#12307=DIRECTION('',(-4.9737991503207E-14,0.,-1.));
#12308=DIRECTION('',(0.,1.,0.));
#12309=DIRECTION('center_axis',(5.20218788681506E-14,0.,1.));
#12310=DIRECTION('ref_axis',(1.,0.,-5.20218788681506E-14));
#12311=DIRECTION('',(1.,0.,-5.20218788681506E-14));
#12312=DIRECTION('',(0.,1.,0.));
#12313=DIRECTION('center_axis',(-1.,0.,5.6843418860808E-14));
#12314=DIRECTION('ref_axis',(5.6843418860808E-14,0.,1.));
#12315=DIRECTION('',(5.6843418860808E-14,0.,1.));
#12316=DIRECTION('center_axis',(0.,1.,0.));
#12317=DIRECTION('ref_axis',(0.,0.,1.));
#12318=DIRECTION('center_axis',(0.,1.,0.));
#12319=DIRECTION('ref_axis',(0.,0.,1.));
#12320=DIRECTION('',(-4.9737991503207E-14,0.,-1.));
#12321=DIRECTION('',(1.,0.,-5.68857130712701E-14));
#12322=DIRECTION('',(5.6843418860808E-14,0.,1.));
#12323=DIRECTION('',(-1.,0.,5.68857130712701E-14));
#12324=DIRECTION('center_axis',(5.68857130712701E-14,0.,1.));
#12325=DIRECTION('ref_axis',(1.,0.,-5.68857130712701E-14));
#12326=DIRECTION('',(0.,1.,0.));
#12327=DIRECTION('',(1.,0.,-5.68857130712701E-14));
#12328=DIRECTION('',(0.,1.,0.));
#12329=DIRECTION('',(1.,0.,-4.97379915032049E-14));
#12330=DIRECTION('',(0.,1.,0.));
#12331=DIRECTION('',(1.,0.,-5.68857130712701E-14));
#12332=DIRECTION('',(0.,1.,0.));
#12333=DIRECTION('',(1.,0.,-5.6843418860808E-14));
#12334=DIRECTION('',(0.,1.,0.));
#12335=DIRECTION('',(1.,0.,-5.68857130712701E-14));
#12336=DIRECTION('',(0.,-1.,0.));
#12337=DIRECTION('center_axis',(-1.,0.,4.9737991503207E-14));
#12338=DIRECTION('ref_axis',(4.9737991503207E-14,0.,1.));
#12339=DIRECTION('',(0.,-1.,0.));
#12340=DIRECTION('',(4.9737991503207E-14,0.,1.));
#12341=DIRECTION('center_axis',(0.,1.,0.));
#12342=DIRECTION('ref_axis',(0.,0.,1.));
#12343=DIRECTION('',(-1.,0.,5.68857130712701E-14));
#12344=DIRECTION('',(-4.9737991503207E-14,0.,-1.));
#12345=DIRECTION('center_axis',(1.,0.,-5.6843418860808E-14));
#12346=DIRECTION('ref_axis',(-5.6843418860808E-14,0.,-1.));
#12347=DIRECTION('',(-5.6843418860808E-14,0.,-1.));
#12348=DIRECTION('',(0.,1.,0.));
#12349=DIRECTION('center_axis',(0.,1.,0.));
#12350=DIRECTION('ref_axis',(0.,0.,1.));
#12351=DIRECTION('',(5.6843418860808E-14,0.,1.));
#12352=DIRECTION('',(-1.,0.,5.68857130712701E-14));
#12353=DIRECTION('center_axis',(1.,0.,-4.9737991503207E-14));
#12354=DIRECTION('ref_axis',(-4.9737991503207E-14,0.,-1.));
#12355=DIRECTION('',(0.,1.,0.));
#12356=DIRECTION('',(-4.9737991503207E-14,0.,-1.));
#12357=DIRECTION('center_axis',(0.,1.,0.));
#12358=DIRECTION('ref_axis',(0.,0.,1.));
#12359=DIRECTION('',(-4.9737991503207E-14,0.,-1.));
#12360=DIRECTION('',(-1.,0.,4.97379915032049E-14));
#12361=DIRECTION('center_axis',(-1.,0.,5.6843418860808E-14));
#12362=DIRECTION('ref_axis',(5.6843418860808E-14,0.,1.));
#12363=DIRECTION('',(5.6843418860808E-14,0.,1.));
#12364=DIRECTION('',(0.,1.,0.));
#12365=DIRECTION('center_axis',(0.,1.,0.));
#12366=DIRECTION('ref_axis',(0.,0.,1.));
#12367=DIRECTION('',(5.6843418860808E-14,0.,1.));
#12368=DIRECTION('',(-1.,0.,5.6843418860808E-14));
#12369=DIRECTION('center_axis',(-5.68857130712701E-14,0.,-1.));
#12370=DIRECTION('ref_axis',(-1.,0.,5.68857130712701E-14));
#12371=DIRECTION('',(0.,1.,0.));
#12372=DIRECTION('',(-1.,0.,5.68857130712701E-14));
#12373=DIRECTION('',(0.,1.,0.));
#12374=DIRECTION('center_axis',(1.,0.,-4.9737991503207E-14));
#12375=DIRECTION('ref_axis',(-4.9737991503207E-14,0.,-1.));
#12376=DIRECTION('',(-4.9737991503207E-14,0.,-1.));
#12377=DIRECTION('center_axis',(-1.,0.,5.6843418860808E-14));
#12378=DIRECTION('ref_axis',(5.6843418860808E-14,0.,1.));
#12379=DIRECTION('',(5.6843418860808E-14,0.,1.));
#12380=DIRECTION('center_axis',(0.,1.,0.));
#12381=DIRECTION('ref_axis',(0.,0.,1.));
#12382=DIRECTION('center_axis',(0.,1.,0.));
#12383=DIRECTION('ref_axis',(1.,0.,0.));
#12384=DIRECTION('center_axis',(0.,1.,0.));
#12385=DIRECTION('ref_axis',(1.,0.,0.));
#12386=DIRECTION('',(0.,-1.,0.));
#12387=DIRECTION('center_axis',(0.,-1.,0.));
#12388=DIRECTION('ref_axis',(1.,0.,0.));
#12389=DIRECTION('center_axis',(0.,-1.,0.));
#12390=DIRECTION('ref_axis',(1.,0.,0.));
#12391=DIRECTION('center_axis',(0.,-1.,0.));
#12392=DIRECTION('ref_axis',(1.,0.,0.));
#12393=DIRECTION('center_axis',(0.,1.,0.));
#12394=DIRECTION('ref_axis',(1.,0.,0.));
#12395=DIRECTION('center_axis',(0.,1.,0.));
#12396=DIRECTION('ref_axis',(1.,0.,0.));
#12397=DIRECTION('',(0.,-1.,0.));
#12398=DIRECTION('center_axis',(0.,-1.,0.));
#12399=DIRECTION('ref_axis',(1.,0.,0.));
#12400=DIRECTION('center_axis',(0.,-1.,0.));
#12401=DIRECTION('ref_axis',(1.,0.,0.));
#12402=DIRECTION('center_axis',(0.,-1.,0.));
#12403=DIRECTION('ref_axis',(1.,0.,0.));
#12404=DIRECTION('center_axis',(0.,1.,0.));
#12405=DIRECTION('ref_axis',(1.,0.,0.));
#12406=DIRECTION('center_axis',(0.,1.,0.));
#12407=DIRECTION('ref_axis',(1.,0.,0.));
#12408=DIRECTION('',(0.,-1.,0.));
#12409=DIRECTION('center_axis',(0.,-1.,0.));
#12410=DIRECTION('ref_axis',(1.,0.,0.));
#12411=DIRECTION('center_axis',(0.,-1.,0.));
#12412=DIRECTION('ref_axis',(1.,0.,0.));
#12413=DIRECTION('center_axis',(0.,-1.,0.));
#12414=DIRECTION('ref_axis',(1.,0.,0.));
#12415=DIRECTION('center_axis',(0.,1.,0.));
#12416=DIRECTION('ref_axis',(1.,0.,0.));
#12417=DIRECTION('center_axis',(0.,1.,0.));
#12418=DIRECTION('ref_axis',(1.,0.,0.));
#12419=DIRECTION('',(0.,-1.,0.));
#12420=DIRECTION('center_axis',(0.,-1.,0.));
#12421=DIRECTION('ref_axis',(1.,0.,0.));
#12422=DIRECTION('center_axis',(0.,-1.,0.));
#12423=DIRECTION('ref_axis',(1.,0.,0.));
#12424=DIRECTION('center_axis',(0.,-1.,0.));
#12425=DIRECTION('ref_axis',(1.,0.,0.));
#12426=DIRECTION('center_axis',(1.22464679914735E-16,-1.,0.));
#12427=DIRECTION('ref_axis',(-1.,-1.22464679914735E-16,0.));
#12428=DIRECTION('center_axis',(1.22464679914735E-16,-1.,0.));
#12429=DIRECTION('ref_axis',(-1.,-1.22464679914735E-16,0.));
#12430=DIRECTION('',(-1.22464679914735E-16,1.,0.));
#12431=DIRECTION('center_axis',(-1.22464679914735E-16,1.,0.));
#12432=DIRECTION('ref_axis',(-1.,-1.22464679914735E-16,0.));
#12433=DIRECTION('center_axis',(-1.22464679914735E-16,1.,0.));
#12434=DIRECTION('ref_axis',(-1.,-1.22464679914735E-16,0.));
#12435=DIRECTION('center_axis',(-1.22464679914735E-16,1.,0.));
#12436=DIRECTION('ref_axis',(-1.,-1.22464679914735E-16,0.));
#12437=DIRECTION('center_axis',(1.22464679914735E-16,-1.,0.));
#12438=DIRECTION('ref_axis',(-1.,-1.22464679914735E-16,0.));
#12439=DIRECTION('center_axis',(1.22464679914735E-16,-1.,0.));
#12440=DIRECTION('ref_axis',(-1.,-1.22464679914735E-16,0.));
#12441=DIRECTION('',(-1.22464679914735E-16,1.,0.));
#12442=DIRECTION('center_axis',(-1.22464679914735E-16,1.,0.));
#12443=DIRECTION('ref_axis',(-1.,-1.22464679914735E-16,0.));
#12444=DIRECTION('center_axis',(-1.22464679914735E-16,1.,0.));
#12445=DIRECTION('ref_axis',(-1.,-1.22464679914735E-16,0.));
#12446=DIRECTION('center_axis',(-1.22464679914735E-16,1.,0.));
#12447=DIRECTION('ref_axis',(-1.,-1.22464679914735E-16,0.));
#12448=DIRECTION('center_axis',(1.22464679914735E-16,-1.,0.));
#12449=DIRECTION('ref_axis',(-1.,-1.22464679914735E-16,0.));
#12450=DIRECTION('center_axis',(1.22464679914735E-16,-1.,0.));
#12451=DIRECTION('ref_axis',(-1.,-1.22464679914735E-16,0.));
#12452=DIRECTION('',(-1.22464679914735E-16,1.,0.));
#12453=DIRECTION('center_axis',(-1.22464679914735E-16,1.,0.));
#12454=DIRECTION('ref_axis',(-1.,-1.22464679914735E-16,0.));
#12455=DIRECTION('center_axis',(-1.22464679914735E-16,1.,0.));
#12456=DIRECTION('ref_axis',(-1.,-1.22464679914735E-16,0.));
#12457=DIRECTION('center_axis',(-1.22464679914735E-16,1.,0.));
#12458=DIRECTION('ref_axis',(-1.,-1.22464679914735E-16,0.));
#12459=DIRECTION('center_axis',(1.22464679914735E-16,-1.,0.));
#12460=DIRECTION('ref_axis',(-1.,-1.22464679914735E-16,0.));
#12461=DIRECTION('center_axis',(1.22464679914735E-16,-1.,0.));
#12462=DIRECTION('ref_axis',(-1.,-1.22464679914735E-16,0.));
#12463=DIRECTION('',(-1.22464679914735E-16,1.,0.));
#12464=DIRECTION('center_axis',(-1.22464679914735E-16,1.,0.));
#12465=DIRECTION('ref_axis',(-1.,-1.22464679914735E-16,0.));
#12466=DIRECTION('center_axis',(-1.22464679914735E-16,1.,0.));
#12467=DIRECTION('ref_axis',(-1.,-1.22464679914735E-16,0.));
#12468=DIRECTION('center_axis',(-1.22464679914735E-16,1.,0.));
#12469=DIRECTION('ref_axis',(-1.,-1.22464679914735E-16,0.));
#12470=DIRECTION('center_axis',(0.,-1.,0.));
#12471=DIRECTION('ref_axis',(0.,0.,-1.));
#12472=DIRECTION('',(4.9737991503207E-14,0.,-1.));
#12473=DIRECTION('',(-1.,0.,-5.68857130712701E-14));
#12474=DIRECTION('',(-5.6843418860808E-14,0.,1.));
#12475=DIRECTION('',(1.,0.,5.68857130712701E-14));
#12476=DIRECTION('center_axis',(-5.68857130712701E-14,-6.96649064299457E-30,
1.));
#12477=DIRECTION('ref_axis',(-1.,-1.22464679914735E-16,-5.68857130712701E-14));
#12478=DIRECTION('',(1.22464679914735E-16,-1.,0.));
#12479=DIRECTION('',(-1.,-1.22464679914735E-16,-5.68857130712701E-14));
#12480=DIRECTION('',(1.22464679914735E-16,-1.,0.));
#12481=DIRECTION('',(-1.,-1.22464679914735E-16,-4.97379915032049E-14));
#12482=DIRECTION('',(1.22464679914735E-16,-1.,0.));
#12483=DIRECTION('',(-1.,-1.22464679914735E-16,-5.68857130712701E-14));
#12484=DIRECTION('',(1.22464679914735E-16,-1.,0.));
#12485=DIRECTION('',(-1.,-1.22464679914735E-16,-5.6843418860808E-14));
#12486=DIRECTION('',(1.22464679914735E-16,-1.,0.));
#12487=DIRECTION('',(-1.,-1.22464679914735E-16,-5.68857130712701E-14));
#12488=DIRECTION('',(-1.22464679914735E-16,1.,0.));
#12489=DIRECTION('center_axis',(1.,1.22464679914735E-16,4.9737991503207E-14));
#12490=DIRECTION('ref_axis',(-4.9737991503207E-14,-6.09114720904207E-30,
1.));
#12491=DIRECTION('',(-1.22464679914735E-16,1.,0.));
#12492=DIRECTION('',(-4.9737991503207E-14,-6.09114720904207E-30,1.));
#12493=DIRECTION('center_axis',(1.22464679914735E-16,-1.,0.));
#12494=DIRECTION('ref_axis',(0.,0.,1.));
#12495=DIRECTION('',(1.,1.22464679914735E-16,5.68857130712701E-14));
#12496=DIRECTION('',(4.9737991503207E-14,6.09114720904207E-30,-1.));
#12497=DIRECTION('center_axis',(-1.,-1.22464679914735E-16,-5.6843418860808E-14));
#12498=DIRECTION('ref_axis',(5.6843418860808E-14,6.96131109604808E-30,-1.));
#12499=DIRECTION('',(5.6843418860808E-14,6.96131109604808E-30,-1.));
#12500=DIRECTION('',(1.22464679914735E-16,-1.,0.));
#12501=DIRECTION('center_axis',(1.22464679914735E-16,-1.,0.));
#12502=DIRECTION('ref_axis',(0.,0.,1.));
#12503=DIRECTION('',(-5.6843418860808E-14,-6.96131109604808E-30,1.));
#12504=DIRECTION('',(1.,1.22464679914735E-16,5.68857130712701E-14));
#12505=DIRECTION('center_axis',(-1.,-1.22464679914735E-16,-4.9737991503207E-14));
#12506=DIRECTION('ref_axis',(4.9737991503207E-14,6.09114720904207E-30,-1.));
#12507=DIRECTION('',(1.22464679914735E-16,-1.,0.));
#12508=DIRECTION('',(4.9737991503207E-14,6.09114720904207E-30,-1.));
#12509=DIRECTION('center_axis',(1.22464679914735E-16,-1.,0.));
#12510=DIRECTION('ref_axis',(0.,0.,1.));
#12511=DIRECTION('',(4.9737991503207E-14,6.09114720904207E-30,-1.));
#12512=DIRECTION('',(1.,1.22464679914735E-16,4.97379915032049E-14));
#12513=DIRECTION('center_axis',(1.,1.22464679914735E-16,5.6843418860808E-14));
#12514=DIRECTION('ref_axis',(-5.6843418860808E-14,-6.96131109604808E-30,
1.));
#12515=DIRECTION('',(-5.6843418860808E-14,-6.96131109604808E-30,1.));
#12516=DIRECTION('',(1.22464679914735E-16,-1.,0.));
#12517=DIRECTION('center_axis',(1.22464679914735E-16,-1.,0.));
#12518=DIRECTION('ref_axis',(0.,0.,1.));
#12519=DIRECTION('',(-5.6843418860808E-14,-6.96131109604808E-30,1.));
#12520=DIRECTION('',(1.,1.22464679914735E-16,5.6843418860808E-14));
#12521=DIRECTION('center_axis',(5.68857130712701E-14,6.96649064299457E-30,
-1.));
#12522=DIRECTION('ref_axis',(1.,1.22464679914735E-16,5.68857130712701E-14));
#12523=DIRECTION('',(1.22464679914735E-16,-1.,0.));
#12524=DIRECTION('',(1.,1.22464679914735E-16,5.68857130712701E-14));
#12525=DIRECTION('',(1.22464679914735E-16,-1.,0.));
#12526=DIRECTION('center_axis',(-1.,-1.22464679914735E-16,-4.9737991503207E-14));
#12527=DIRECTION('ref_axis',(4.9737991503207E-14,6.09114720904207E-30,-1.));
#12528=DIRECTION('',(4.9737991503207E-14,6.09114720904207E-30,-1.));
#12529=DIRECTION('center_axis',(1.,1.22464679914735E-16,5.6843418860808E-14));
#12530=DIRECTION('ref_axis',(-5.6843418860808E-14,-6.96131109604808E-30,
1.));
#12531=DIRECTION('',(-5.6843418860808E-14,-6.96131109604808E-30,1.));
#12532=DIRECTION('center_axis',(1.22464679914735E-16,-1.,0.));
#12533=DIRECTION('ref_axis',(0.,0.,1.));
#12534=DIRECTION('center_axis',(1.,1.22464679914735E-16,4.9737991503207E-14));
#12535=DIRECTION('ref_axis',(-4.9737991503207E-14,-6.09114720904207E-30,
1.));
#12536=DIRECTION('',(4.9737991503207E-14,6.09114720904207E-30,-1.));
#12537=DIRECTION('',(-1.22464679914735E-16,1.,0.));
#12538=DIRECTION('',(-4.9737991503207E-14,-6.09114720904207E-30,1.));
#12539=DIRECTION('',(1.22464679914735E-16,-1.,0.));
#12540=DIRECTION('center_axis',(1.22464679914735E-16,-1.,0.));
#12541=DIRECTION('ref_axis',(0.,0.,1.));
#12542=DIRECTION('',(1.,1.22464679914735E-16,5.20218788681505E-14));
#12543=DIRECTION('',(4.9737991503207E-14,6.09114720904207E-30,-1.));
#12544=DIRECTION('',(-1.,-1.22464679914735E-16,-5.20218788681506E-14));
#12545=DIRECTION('center_axis',(-1.,-1.22464679914735E-16,-5.6843418860808E-14));
#12546=DIRECTION('ref_axis',(5.6843418860808E-14,6.96131109604808E-30,-1.));
#12547=DIRECTION('',(-5.6843418860808E-14,-6.96131109604808E-30,1.));
#12548=DIRECTION('',(-1.22464679914735E-16,1.,0.));
#12549=DIRECTION('',(5.6843418860808E-14,6.96131109604808E-30,-1.));
#12550=DIRECTION('',(1.22464679914735E-16,-1.,0.));
#12551=DIRECTION('center_axis',(1.22464679914735E-16,-1.,0.));
#12552=DIRECTION('ref_axis',(0.,0.,1.));
#12553=DIRECTION('',(1.,1.22464679914735E-16,5.20218788681505E-14));
#12554=DIRECTION('',(-1.,-1.22464679914735E-16,-5.20218788681506E-14));
#12555=DIRECTION('',(-5.6843418860808E-14,-6.96131109604808E-30,1.));
#12556=DIRECTION('center_axis',(5.20218788681505E-14,6.37084274415119E-30,
-1.));
#12557=DIRECTION('ref_axis',(1.,1.22464679914735E-16,5.20218788681505E-14));
#12558=DIRECTION('',(1.,1.22464679914735E-16,5.20218788681505E-14));
#12559=DIRECTION('',(1.22464679914735E-16,-1.,0.));
#12560=DIRECTION('',(1.,1.22464679914735E-16,5.6843418860808E-14));
#12561=DIRECTION('',(1.22464679914735E-16,-1.,0.));
#12562=DIRECTION('',(1.,1.22464679914735E-16,5.20218788681505E-14));
#12563=DIRECTION('',(1.22464679914735E-16,-1.,0.));
#12564=DIRECTION('',(1.,1.22464679914735E-16,4.97379915032067E-14));
#12565=DIRECTION('',(1.22464679914735E-16,-1.,0.));
#12566=DIRECTION('center_axis',(1.,1.22464679914735E-16,5.6843418860808E-14));
#12567=DIRECTION('ref_axis',(-5.6843418860808E-14,-6.96131109604808E-30,
1.));
#12568=DIRECTION('',(1.22464679914735E-16,-1.,0.));
#12569=DIRECTION('',(-5.6843418860808E-14,-6.96131109604808E-30,1.));
#12570=DIRECTION('center_axis',(-1.,-1.22464679914735E-16,-4.9737991503207E-14));
#12571=DIRECTION('ref_axis',(4.9737991503207E-14,6.09114720904207E-30,-1.));
#12572=DIRECTION('',(4.9737991503207E-14,6.09114720904207E-30,-1.));
#12573=DIRECTION('',(1.22464679914735E-16,-1.,0.));
#12574=DIRECTION('center_axis',(1.22464679914735E-16,-1.,0.));
#12575=DIRECTION('ref_axis',(0.,0.,1.));
#12576=DIRECTION('',(4.9737991503207E-14,6.09114720904207E-30,-1.));
#12577=DIRECTION('',(-1.,-1.22464679914735E-16,-4.97379915032067E-14));
#12578=DIRECTION('center_axis',(1.22464679914735E-16,-1.,0.));
#12579=DIRECTION('ref_axis',(0.,0.,1.));
#12580=DIRECTION('',(-1.,-1.22464679914735E-16,-5.6843418860807E-14));
#12581=DIRECTION('',(-5.6843418860808E-14,-6.96131109604808E-30,1.));
#12582=DIRECTION('center_axis',(-1.22464679914735E-16,1.,0.));
#12583=DIRECTION('ref_axis',(-1.,-1.22464679914735E-16,0.));
#12584=DIRECTION('',(-1.,-1.22464679914735E-16,-5.20218788681506E-14));
#12585=DIRECTION('center_axis',(-1.,-1.22464679914735E-16,-4.9737991503207E-14));
#12586=DIRECTION('ref_axis',(4.9737991503207E-14,6.09114720904207E-30,-1.));
#12587=DIRECTION('',(4.9737991503207E-14,6.09114720904207E-30,-1.));
#12588=DIRECTION('',(1.22464679914735E-16,-1.,0.));
#12589=DIRECTION('center_axis',(-5.20218788681506E-14,-6.3708427441512E-30,
1.));
#12590=DIRECTION('ref_axis',(-1.,-1.22464679914735E-16,-5.20218788681506E-14));
#12591=DIRECTION('',(-1.,-1.22464679914735E-16,-5.20218788681506E-14));
#12592=DIRECTION('',(1.22464679914735E-16,-1.,0.));
#12593=DIRECTION('center_axis',(1.,1.22464679914735E-16,5.6843418860808E-14));
#12594=DIRECTION('ref_axis',(-5.6843418860808E-14,-6.96131109604808E-30,
1.));
#12595=DIRECTION('',(-5.6843418860808E-14,-6.96131109604808E-30,1.));
#12596=DIRECTION('center_axis',(1.22464679914735E-16,-1.,0.));
#12597=DIRECTION('ref_axis',(0.,0.,1.));
#12598=DIRECTION('center_axis',(1.,1.22464679914735E-16,5.27831746564646E-14));
#12599=DIRECTION('ref_axis',(-5.27831746564646E-14,-6.46407458918751E-30,
1.));
#12600=DIRECTION('',(5.27831746564646E-14,6.46407458918751E-30,-1.));
#12601=DIRECTION('',(-1.22464679914735E-16,1.,0.));
#12602=DIRECTION('',(-5.27831746564646E-14,-6.46407458918751E-30,1.));
#12603=DIRECTION('',(1.22464679914735E-16,-1.,0.));
#12604=DIRECTION('center_axis',(-1.22464679914735E-16,1.,0.));
#12605=DIRECTION('ref_axis',(-1.,-1.22464679914735E-16,0.));
#12606=DIRECTION('',(1.,1.22464679914735E-16,5.15989367635315E-14));
#12607=DIRECTION('',(5.07530525542928E-14,6.2154563357572E-30,-1.));
#12608=DIRECTION('center_axis',(-1.22464679914735E-16,1.,0.));
#12609=DIRECTION('ref_axis',(0.190402479273321,2.33175786791792E-17,-0.981706114825905));
#12610=DIRECTION('center_axis',(-1.,-1.22464679914735E-16,-5.6843418860808E-14));
#12611=DIRECTION('ref_axis',(5.6843418860808E-14,6.96131109604808E-30,-1.));
#12612=DIRECTION('',(-5.6843418860808E-14,-6.96131109604808E-30,1.));
#12613=DIRECTION('',(-1.22464679914735E-16,1.,0.));
#12614=DIRECTION('',(5.6843418860808E-14,6.96131109604808E-30,-1.));
#12615=DIRECTION('',(1.22464679914735E-16,-1.,0.));
#12616=DIRECTION('center_axis',(-1.22464679914735E-16,1.,0.));
#12617=DIRECTION('ref_axis',(-1.,-1.22464679914735E-16,0.));
#12618=DIRECTION('',(1.,1.22464679914735E-16,5.15989367635315E-14));
#12619=DIRECTION('center_axis',(-1.22464679914735E-16,1.,0.));
#12620=DIRECTION('ref_axis',(0.190402479273321,2.33175786791792E-17,-0.981706114825905));
#12621=DIRECTION('',(-5.6843418860808E-14,-6.96131109604808E-30,1.));
#12622=DIRECTION('center_axis',(5.15989367635315E-14,6.31904727468656E-30,
-1.));
#12623=DIRECTION('ref_axis',(1.,1.22464679914735E-16,5.15989367635315E-14));
#12624=DIRECTION('',(1.,1.22464679914735E-16,5.15989367635315E-14));
#12625=DIRECTION('',(1.22464679914735E-16,-1.,0.));
#12626=DIRECTION('',(1.,1.22464679914735E-16,5.68434188608078E-14));
#12627=DIRECTION('',(1.22464679914735E-16,-1.,0.));
#12628=DIRECTION('',(1.,1.22464679914735E-16,5.15989367635315E-14));
#12629=DIRECTION('',(1.22464679914735E-16,-1.,0.));
#12630=DIRECTION('',(1.,1.22464679914735E-16,4.97379915032067E-14));
#12631=DIRECTION('',(1.22464679914735E-16,-1.,0.));
#12632=DIRECTION('center_axis',(1.,1.22464679914735E-16,5.6843418860808E-14));
#12633=DIRECTION('ref_axis',(-5.6843418860808E-14,-6.96131109604808E-30,
1.));
#12634=DIRECTION('',(1.22464679914735E-16,-1.,0.));
#12635=DIRECTION('',(-5.6843418860808E-14,-6.96131109604808E-30,1.));
#12636=DIRECTION('center_axis',(-1.,-1.22464679914735E-16,-5.07530525542928E-14));
#12637=DIRECTION('ref_axis',(5.07530525542928E-14,6.2154563357572E-30,-1.));
#12638=DIRECTION('',(5.07530525542928E-14,6.2154563357572E-30,-1.));
#12639=DIRECTION('',(1.22464679914735E-16,-1.,0.));
#12640=DIRECTION('center_axis',(-1.22464679914735E-16,1.,0.));
#12641=DIRECTION('ref_axis',(-1.,-1.22464679914735E-16,0.));
#12642=DIRECTION('',(5.27831746564646E-14,6.46407458918751E-30,-1.));
#12643=DIRECTION('center_axis',(-1.22464679914735E-16,1.,0.));
#12644=DIRECTION('ref_axis',(0.190402479273321,2.33175786791792E-17,-0.981706114825905));
#12645=DIRECTION('center_axis',(-1.22464679914735E-16,1.,0.));
#12646=DIRECTION('ref_axis',(-1.,-1.22464679914735E-16,0.));
#12647=DIRECTION('center_axis',(-1.22464679914735E-16,1.,0.));
#12648=DIRECTION('ref_axis',(0.190402479273321,2.33175786791792E-17,-0.981706114825905));
#12649=DIRECTION('',(-5.6843418860808E-14,-6.96131109604808E-30,1.));
#12650=DIRECTION('center_axis',(-1.22464679914735E-16,1.,0.));
#12651=DIRECTION('ref_axis',(-1.,-1.22464679914735E-16,0.));
#12652=DIRECTION('center_axis',(-1.22464679914735E-16,1.,0.));
#12653=DIRECTION('ref_axis',(0.190402479273321,2.33175786791792E-17,-0.981706114825905));
#12654=DIRECTION('center_axis',(-1.,-1.22464679914735E-16,-5.27831746564646E-14));
#12655=DIRECTION('ref_axis',(5.27831746564646E-14,6.46407458918751E-30,
-1.));
#12656=DIRECTION('',(5.27831746564646E-14,6.46407458918751E-30,-1.));
#12657=DIRECTION('',(1.22464679914735E-16,-1.,0.));
#12658=DIRECTION('center_axis',(1.22464679914735E-16,-1.,0.));
#12659=DIRECTION('ref_axis',(0.190402479273321,2.33175786791792E-17,-0.981706114825905));
#12660=DIRECTION('center_axis',(-1.22464679914735E-16,1.,0.));
#12661=DIRECTION('ref_axis',(0.190402479273321,2.33175786791792E-17,-0.981706114825905));
#12662=DIRECTION('',(1.22464679914735E-16,-1.,0.));
#12663=DIRECTION('center_axis',(1.,1.22464679914735E-16,5.6843418860808E-14));
#12664=DIRECTION('ref_axis',(-5.6843418860808E-14,-6.96131109604808E-30,
1.));
#12665=DIRECTION('',(-5.6843418860808E-14,-6.96131109604808E-30,1.));
#12666=DIRECTION('center_axis',(-1.22464679914735E-16,1.,0.));
#12667=DIRECTION('ref_axis',(-1.,-1.22464679914735E-16,0.));
#12668=DIRECTION('center_axis',(1.,1.22464679914735E-16,4.9737991503207E-14));
#12669=DIRECTION('ref_axis',(-4.9737991503207E-14,-6.09114720904207E-30,
1.));
#12670=DIRECTION('',(4.9737991503207E-14,6.09114720904207E-30,-1.));
#12671=DIRECTION('',(-1.22464679914735E-16,1.,0.));
#12672=DIRECTION('',(-4.9737991503207E-14,-6.09114720904207E-30,1.));
#12673=DIRECTION('',(1.22464679914735E-16,-1.,0.));
#12674=DIRECTION('center_axis',(1.22464679914735E-16,-1.,0.));
#12675=DIRECTION('ref_axis',(0.,0.,1.));
#12676=DIRECTION('',(1.,1.22464679914735E-16,5.20218788681504E-14));
#12677=DIRECTION('',(4.9737991503207E-14,6.09114720904207E-30,-1.));
#12678=DIRECTION('',(-1.,-1.22464679914735E-16,-5.20218788681504E-14));
#12679=DIRECTION('center_axis',(-1.,-1.22464679914735E-16,-5.6843418860808E-14));
#12680=DIRECTION('ref_axis',(5.6843418860808E-14,6.96131109604808E-30,-1.));
#12681=DIRECTION('',(-5.6843418860808E-14,-6.96131109604808E-30,1.));
#12682=DIRECTION('',(-1.22464679914735E-16,1.,0.));
#12683=DIRECTION('',(5.6843418860808E-14,6.96131109604808E-30,-1.));
#12684=DIRECTION('',(1.22464679914735E-16,-1.,0.));
#12685=DIRECTION('center_axis',(1.22464679914735E-16,-1.,0.));
#12686=DIRECTION('ref_axis',(0.,0.,1.));
#12687=DIRECTION('',(-1.,-1.22464679914735E-16,-5.20218788681504E-14));
#12688=DIRECTION('',(-5.6843418860808E-14,-6.96131109604808E-30,1.));
#12689=DIRECTION('',(1.,1.22464679914735E-16,5.20218788681504E-14));
#12690=DIRECTION('center_axis',(5.20218788681504E-14,6.37084274415117E-30,
-1.));
#12691=DIRECTION('ref_axis',(1.,1.22464679914735E-16,5.20218788681504E-14));
#12692=DIRECTION('',(1.,1.22464679914735E-16,5.20218788681504E-14));
#12693=DIRECTION('',(1.22464679914735E-16,-1.,0.));
#12694=DIRECTION('',(1.,1.22464679914735E-16,5.6843418860808E-14));
#12695=DIRECTION('',(1.22464679914735E-16,-1.,0.));
#12696=DIRECTION('',(1.,1.22464679914735E-16,5.20218788681504E-14));
#12697=DIRECTION('',(1.22464679914735E-16,-1.,0.));
#12698=DIRECTION('',(1.,1.22464679914735E-16,4.97379915032049E-14));
#12699=DIRECTION('',(1.22464679914735E-16,-1.,0.));
#12700=DIRECTION('center_axis',(-1.,-1.22464679914735E-16,-4.9737991503207E-14));
#12701=DIRECTION('ref_axis',(4.9737991503207E-14,6.09114720904207E-30,-1.));
#12702=DIRECTION('',(4.9737991503207E-14,6.09114720904207E-30,-1.));
#12703=DIRECTION('',(1.22464679914735E-16,-1.,0.));
#12704=DIRECTION('center_axis',(1.22464679914735E-16,-1.,0.));
#12705=DIRECTION('ref_axis',(0.,0.,1.));
#12706=DIRECTION('',(4.9737991503207E-14,6.09114720904207E-30,-1.));
#12707=DIRECTION('',(-1.,-1.22464679914735E-16,-4.97379915032049E-14));
#12708=DIRECTION('center_axis',(1.,1.22464679914735E-16,5.6843418860808E-14));
#12709=DIRECTION('ref_axis',(-5.6843418860808E-14,-6.96131109604808E-30,
1.));
#12710=DIRECTION('',(1.22464679914735E-16,-1.,0.));
#12711=DIRECTION('',(-5.6843418860808E-14,-6.96131109604808E-30,1.));
#12712=DIRECTION('center_axis',(1.22464679914735E-16,-1.,0.));
#12713=DIRECTION('ref_axis',(0.,0.,1.));
#12714=DIRECTION('',(-5.6843418860808E-14,-6.96131109604808E-30,1.));
#12715=DIRECTION('',(-1.,-1.22464679914735E-16,-5.6843418860808E-14));
#12716=DIRECTION('center_axis',(1.22464679914735E-16,-1.,0.));
#12717=DIRECTION('ref_axis',(0.,0.,1.));
#12718=DIRECTION('',(-1.,-1.22464679914735E-16,-5.20218788681504E-14));
#12719=DIRECTION('center_axis',(-1.,-1.22464679914735E-16,-4.9737991503207E-14));
#12720=DIRECTION('ref_axis',(4.9737991503207E-14,6.09114720904207E-30,-1.));
#12721=DIRECTION('',(4.9737991503207E-14,6.09114720904207E-30,-1.));
#12722=DIRECTION('',(1.22464679914735E-16,-1.,0.));
#12723=DIRECTION('center_axis',(-5.20218788681504E-14,-6.37084274415117E-30,
1.));
#12724=DIRECTION('ref_axis',(-1.,-1.22464679914735E-16,-5.20218788681504E-14));
#12725=DIRECTION('',(-1.,-1.22464679914735E-16,-5.20218788681504E-14));
#12726=DIRECTION('',(1.22464679914735E-16,-1.,0.));
#12727=DIRECTION('center_axis',(1.,1.22464679914735E-16,5.6843418860808E-14));
#12728=DIRECTION('ref_axis',(-5.6843418860808E-14,-6.96131109604808E-30,
1.));
#12729=DIRECTION('',(-5.6843418860808E-14,-6.96131109604808E-30,1.));
#12730=DIRECTION('center_axis',(1.22464679914735E-16,-1.,0.));
#12731=DIRECTION('ref_axis',(0.,0.,1.));
#12732=DIRECTION('center_axis',(-1.,-1.22464679914735E-16,-5.68434188608096E-14));
#12733=DIRECTION('ref_axis',(5.68434188608096E-14,6.96131109604827E-30,
-1.));
#12734=DIRECTION('',(-5.68434188608096E-14,-6.96131109604827E-30,1.));
#12735=DIRECTION('',(-1.22464679914735E-16,1.,0.));
#12736=DIRECTION('',(5.68434188608096E-14,6.96131109604827E-30,-1.));
#12737=DIRECTION('',(1.22464679914735E-16,-1.,0.));
#12738=DIRECTION('center_axis',(1.22464679914735E-16,-1.,0.));
#12739=DIRECTION('ref_axis',(0.,0.,1.));
#12740=DIRECTION('',(-1.,-1.22464679914735E-16,-5.20218788681504E-14));
#12741=DIRECTION('',(-5.68434188608096E-14,-6.96131109604827E-30,1.));
#12742=DIRECTION('',(1.,1.22464679914735E-16,5.20218788681504E-14));
#12743=DIRECTION('center_axis',(1.,1.22464679914735E-16,4.9737991503207E-14));
#12744=DIRECTION('ref_axis',(-4.9737991503207E-14,-6.09114720904207E-30,
1.));
#12745=DIRECTION('',(4.9737991503207E-14,6.09114720904207E-30,-1.));
#12746=DIRECTION('',(-1.22464679914735E-16,1.,0.));
#12747=DIRECTION('',(-4.9737991503207E-14,-6.09114720904207E-30,1.));
#12748=DIRECTION('',(1.22464679914735E-16,-1.,0.));
#12749=DIRECTION('center_axis',(1.22464679914735E-16,-1.,0.));
#12750=DIRECTION('ref_axis',(0.,0.,1.));
#12751=DIRECTION('',(1.,1.22464679914735E-16,5.20218788681504E-14));
#12752=DIRECTION('',(4.9737991503207E-14,6.09114720904207E-30,-1.));
#12753=DIRECTION('',(-1.,-1.22464679914735E-16,-5.20218788681504E-14));
#12754=DIRECTION('center_axis',(-5.20218788681504E-14,-6.37084274415117E-30,
1.));
#12755=DIRECTION('ref_axis',(-1.,-1.22464679914735E-16,-5.20218788681504E-14));
#12756=DIRECTION('',(-1.,-1.22464679914735E-16,-5.20218788681504E-14));
#12757=DIRECTION('',(1.22464679914735E-16,-1.,0.));
#12758=DIRECTION('',(-1.,-1.22464679914735E-16,-4.97379915032049E-14));
#12759=DIRECTION('',(1.22464679914735E-16,-1.,0.));
#12760=DIRECTION('',(-1.,-1.22464679914735E-16,-5.20218788681504E-14));
#12761=DIRECTION('',(1.22464679914735E-16,-1.,0.));
#12762=DIRECTION('',(-1.,-1.22464679914735E-16,-5.6843418860808E-14));
#12763=DIRECTION('',(1.22464679914735E-16,-1.,0.));
#12764=DIRECTION('center_axis',(-1.,-1.22464679914735E-16,-4.9737991503207E-14));
#12765=DIRECTION('ref_axis',(4.9737991503207E-14,6.09114720904207E-30,-1.));
#12766=DIRECTION('',(1.22464679914735E-16,-1.,0.));
#12767=DIRECTION('',(4.9737991503207E-14,6.09114720904207E-30,-1.));
#12768=DIRECTION('center_axis',(1.22464679914735E-16,-1.,0.));
#12769=DIRECTION('ref_axis',(0.,0.,1.));
#12770=DIRECTION('',(4.9737991503207E-14,6.09114720904207E-30,-1.));
#12771=DIRECTION('',(1.,1.22464679914735E-16,4.97379915032049E-14));
#12772=DIRECTION('center_axis',(1.,1.22464679914735E-16,5.68434188608096E-14));
#12773=DIRECTION('ref_axis',(-5.68434188608096E-14,-6.96131109604827E-30,
1.));
#12774=DIRECTION('',(-5.68434188608096E-14,-6.96131109604827E-30,1.));
#12775=DIRECTION('',(1.22464679914735E-16,-1.,0.));
#12776=DIRECTION('center_axis',(1.22464679914735E-16,-1.,0.));
#12777=DIRECTION('ref_axis',(0.,0.,1.));
#12778=DIRECTION('',(-5.68434188608096E-14,-6.96131109604827E-30,1.));
#12779=DIRECTION('',(1.,1.22464679914735E-16,5.6843418860808E-14));
#12780=DIRECTION('center_axis',(1.22464679914735E-16,-1.,0.));
#12781=DIRECTION('ref_axis',(0.,0.,1.));
#12782=DIRECTION('',(1.,1.22464679914735E-16,5.20218788681504E-14));
#12783=DIRECTION('center_axis',(-1.,-1.22464679914735E-16,-4.9737991503207E-14));
#12784=DIRECTION('ref_axis',(4.9737991503207E-14,6.09114720904207E-30,-1.));
#12785=DIRECTION('',(1.22464679914735E-16,-1.,0.));
#12786=DIRECTION('',(4.9737991503207E-14,6.09114720904207E-30,-1.));
#12787=DIRECTION('center_axis',(5.20218788681504E-14,6.37084274415117E-30,
-1.));
#12788=DIRECTION('ref_axis',(1.,1.22464679914735E-16,5.20218788681504E-14));
#12789=DIRECTION('',(1.22464679914735E-16,-1.,0.));
#12790=DIRECTION('',(1.,1.22464679914735E-16,5.20218788681504E-14));
#12791=DIRECTION('center_axis',(1.,1.22464679914735E-16,5.68434188608096E-14));
#12792=DIRECTION('ref_axis',(-5.68434188608096E-14,-6.96131109604827E-30,
1.));
#12793=DIRECTION('',(-5.68434188608096E-14,-6.96131109604827E-30,1.));
#12794=DIRECTION('center_axis',(1.22464679914735E-16,-1.,0.));
#12795=DIRECTION('ref_axis',(0.,0.,1.));
#12796=DIRECTION('center_axis',(1.,1.22464679914735E-16,4.9737991503207E-14));
#12797=DIRECTION('ref_axis',(-4.9737991503207E-14,-6.09114720904207E-30,
1.));
#12798=DIRECTION('',(4.9737991503207E-14,6.09114720904207E-30,-1.));
#12799=DIRECTION('',(-1.22464679914735E-16,1.,0.));
#12800=DIRECTION('',(-4.9737991503207E-14,-6.09114720904207E-30,1.));
#12801=DIRECTION('',(1.22464679914735E-16,-1.,0.));
#12802=DIRECTION('center_axis',(1.22464679914735E-16,-1.,0.));
#12803=DIRECTION('ref_axis',(0.,0.,1.));
#12804=DIRECTION('',(1.,1.22464679914735E-16,5.68857130712701E-14));
#12805=DIRECTION('',(4.9737991503207E-14,6.09114720904207E-30,-1.));
#12806=DIRECTION('',(-1.,-1.22464679914735E-16,-5.20218788681504E-14));
#12807=DIRECTION('center_axis',(-1.,-1.22464679914735E-16,-5.6843418860808E-14));
#12808=DIRECTION('ref_axis',(5.6843418860808E-14,6.96131109604808E-30,-1.));
#12809=DIRECTION('',(-5.6843418860808E-14,-6.96131109604808E-30,1.));
#12810=DIRECTION('',(-1.22464679914735E-16,1.,0.));
#12811=DIRECTION('',(5.6843418860808E-14,6.96131109604808E-30,-1.));
#12812=DIRECTION('',(1.22464679914735E-16,-1.,0.));
#12813=DIRECTION('center_axis',(1.22464679914735E-16,-1.,0.));
#12814=DIRECTION('ref_axis',(0.,0.,1.));
#12815=DIRECTION('',(-5.6843418860808E-14,-6.96131109604808E-30,1.));
#12816=DIRECTION('',(1.,1.22464679914735E-16,5.68857130712701E-14));
#12817=DIRECTION('',(-1.,-1.22464679914735E-16,-5.20218788681504E-14));
#12818=DIRECTION('center_axis',(5.68857130712701E-14,6.96649064299457E-30,
-1.));
#12819=DIRECTION('ref_axis',(1.,1.22464679914735E-16,5.68857130712701E-14));
#12820=DIRECTION('',(1.,1.22464679914735E-16,5.68857130712701E-14));
#12821=DIRECTION('',(1.22464679914735E-16,-1.,0.));
#12822=DIRECTION('',(1.,1.22464679914735E-16,5.6843418860808E-14));
#12823=DIRECTION('',(1.22464679914735E-16,-1.,0.));
#12824=DIRECTION('',(1.,1.22464679914735E-16,5.68857130712701E-14));
#12825=DIRECTION('',(1.22464679914735E-16,-1.,0.));
#12826=DIRECTION('',(1.,1.22464679914735E-16,4.97379915032049E-14));
#12827=DIRECTION('',(1.22464679914735E-16,-1.,0.));
#12828=DIRECTION('center_axis',(1.,1.22464679914735E-16,5.6843418860808E-14));
#12829=DIRECTION('ref_axis',(-5.6843418860808E-14,-6.96131109604808E-30,
1.));
#12830=DIRECTION('',(1.22464679914735E-16,-1.,0.));
#12831=DIRECTION('',(-5.6843418860808E-14,-6.96131109604808E-30,1.));
#12832=DIRECTION('center_axis',(-1.,-1.22464679914735E-16,-4.9737991503207E-14));
#12833=DIRECTION('ref_axis',(4.9737991503207E-14,6.09114720904207E-30,-1.));
#12834=DIRECTION('',(4.9737991503207E-14,6.09114720904207E-30,-1.));
#12835=DIRECTION('',(1.22464679914735E-16,-1.,0.));
#12836=DIRECTION('center_axis',(1.22464679914735E-16,-1.,0.));
#12837=DIRECTION('ref_axis',(0.,0.,1.));
#12838=DIRECTION('',(4.9737991503207E-14,6.09114720904207E-30,-1.));
#12839=DIRECTION('',(-1.,-1.22464679914735E-16,-4.97379915032049E-14));
#12840=DIRECTION('center_axis',(1.22464679914735E-16,-1.,0.));
#12841=DIRECTION('ref_axis',(0.,0.,1.));
#12842=DIRECTION('',(-1.,-1.22464679914735E-16,-5.6843418860808E-14));
#12843=DIRECTION('',(-5.6843418860808E-14,-6.96131109604808E-30,1.));
#12844=DIRECTION('center_axis',(1.22464679914735E-16,-1.,0.));
#12845=DIRECTION('ref_axis',(0.,0.,1.));
#12846=DIRECTION('',(-1.,-1.22464679914735E-16,-5.20218788681504E-14));
#12847=DIRECTION('center_axis',(1.,1.22464679914735E-16,5.6843418860808E-14));
#12848=DIRECTION('ref_axis',(-5.6843418860808E-14,-6.96131109604808E-30,
1.));
#12849=DIRECTION('',(1.22464679914735E-16,-1.,0.));
#12850=DIRECTION('',(-5.6843418860808E-14,-6.96131109604808E-30,1.));
#12851=DIRECTION('center_axis',(-1.,-1.22464679914735E-16,-4.9737991503207E-14));
#12852=DIRECTION('ref_axis',(4.9737991503207E-14,6.09114720904207E-30,-1.));
#12853=DIRECTION('',(4.9737991503207E-14,6.09114720904207E-30,-1.));
#12854=DIRECTION('',(1.22464679914735E-16,-1.,0.));
#12855=DIRECTION('center_axis',(-5.20218788681504E-14,-6.37084274415117E-30,
1.));
#12856=DIRECTION('ref_axis',(-1.,-1.22464679914735E-16,-5.20218788681504E-14));
#12857=DIRECTION('',(-1.,-1.22464679914735E-16,-5.20218788681504E-14));
#12858=DIRECTION('center_axis',(1.22464679914735E-16,-1.,0.));
#12859=DIRECTION('ref_axis',(0.,0.,1.));
#12860=DIRECTION('center_axis',(1.,1.22464679914735E-16,4.97379915032071E-14));
#12861=DIRECTION('ref_axis',(-4.97379915032071E-14,-6.09114720904208E-30,
1.));
#12862=DIRECTION('',(4.97379915032071E-14,6.09114720904208E-30,-1.));
#12863=DIRECTION('',(-1.22464679914735E-16,1.,0.));
#12864=DIRECTION('',(-4.97379915032071E-14,-6.09114720904208E-30,1.));
#12865=DIRECTION('',(1.22464679914735E-16,-1.,0.));
#12866=DIRECTION('center_axis',(1.22464679914735E-16,-1.,0.));
#12867=DIRECTION('ref_axis',(0.,0.,1.));
#12868=DIRECTION('',(1.,1.22464679914735E-16,5.20218788681504E-14));
#12869=DIRECTION('',(4.97379915032071E-14,6.09114720904208E-30,-1.));
#12870=DIRECTION('',(-1.,-1.22464679914735E-16,-5.20218788681505E-14));
#12871=DIRECTION('center_axis',(-1.,-1.22464679914735E-16,-5.68434188608081E-14));
#12872=DIRECTION('ref_axis',(5.68434188608081E-14,6.96131109604809E-30,
-1.));
#12873=DIRECTION('',(-5.68434188608081E-14,-6.96131109604809E-30,1.));
#12874=DIRECTION('',(-1.22464679914735E-16,1.,0.));
#12875=DIRECTION('',(5.68434188608081E-14,6.96131109604809E-30,-1.));
#12876=DIRECTION('',(1.22464679914735E-16,-1.,0.));
#12877=DIRECTION('center_axis',(1.22464679914735E-16,-1.,0.));
#12878=DIRECTION('ref_axis',(0.,0.,1.));
#12879=DIRECTION('',(-1.,-1.22464679914735E-16,-5.20218788681505E-14));
#12880=DIRECTION('',(-5.68434188608081E-14,-6.96131109604809E-30,1.));
#12881=DIRECTION('',(1.,1.22464679914735E-16,5.20218788681504E-14));
#12882=DIRECTION('center_axis',(5.20218788681504E-14,6.37084274415117E-30,
-1.));
#12883=DIRECTION('ref_axis',(1.,1.22464679914735E-16,5.20218788681504E-14));
#12884=DIRECTION('',(1.,1.22464679914735E-16,5.20218788681504E-14));
#12885=DIRECTION('',(1.22464679914735E-16,-1.,0.));
#12886=DIRECTION('',(1.,1.22464679914735E-16,5.6843418860808E-14));
#12887=DIRECTION('',(1.22464679914735E-16,-1.,0.));
#12888=DIRECTION('',(1.,1.22464679914735E-16,5.20218788681504E-14));
#12889=DIRECTION('',(1.22464679914735E-16,-1.,0.));
#12890=DIRECTION('',(1.,1.22464679914735E-16,4.97379915032049E-14));
#12891=DIRECTION('',(1.22464679914735E-16,-1.,0.));
#12892=DIRECTION('center_axis',(-1.,-1.22464679914735E-16,-4.97379915032071E-14));
#12893=DIRECTION('ref_axis',(4.97379915032071E-14,6.09114720904208E-30,
-1.));
#12894=DIRECTION('',(4.97379915032071E-14,6.09114720904208E-30,-1.));
#12895=DIRECTION('',(1.22464679914735E-16,-1.,0.));
#12896=DIRECTION('center_axis',(1.22464679914735E-16,-1.,0.));
#12897=DIRECTION('ref_axis',(0.,0.,1.));
#12898=DIRECTION('',(4.97379915032071E-14,6.09114720904208E-30,-1.));
#12899=DIRECTION('',(-1.,-1.22464679914735E-16,-4.97379915032052E-14));
#12900=DIRECTION('center_axis',(1.,1.22464679914735E-16,5.68434188608081E-14));
#12901=DIRECTION('ref_axis',(-5.68434188608081E-14,-6.96131109604809E-30,
1.));
#12902=DIRECTION('',(1.22464679914735E-16,-1.,0.));
#12903=DIRECTION('',(-5.68434188608081E-14,-6.96131109604809E-30,1.));
#12904=DIRECTION('center_axis',(1.22464679914735E-16,-1.,0.));
#12905=DIRECTION('ref_axis',(0.,0.,1.));
#12906=DIRECTION('',(-5.68434188608081E-14,-6.96131109604809E-30,1.));
#12907=DIRECTION('',(-1.,-1.22464679914735E-16,-5.68434188608072E-14));
#12908=DIRECTION('center_axis',(-1.22464679914735E-16,1.,0.));
#12909=DIRECTION('ref_axis',(-1.,-1.22464679914735E-16,0.));
#12910=DIRECTION('',(-1.,-1.22464679914735E-16,-5.20218788681505E-14));
#12911=DIRECTION('center_axis',(1.,1.22464679914735E-16,5.68434188608081E-14));
#12912=DIRECTION('ref_axis',(-5.68434188608081E-14,-6.96131109604809E-30,
1.));
#12913=DIRECTION('',(1.22464679914735E-16,-1.,0.));
#12914=DIRECTION('',(-5.68434188608081E-14,-6.96131109604809E-30,1.));
#12915=DIRECTION('center_axis',(-1.,-1.22464679914735E-16,-4.97379915032071E-14));
#12916=DIRECTION('ref_axis',(4.97379915032071E-14,6.09114720904208E-30,
-1.));
#12917=DIRECTION('',(4.97379915032071E-14,6.09114720904208E-30,-1.));
#12918=DIRECTION('',(1.22464679914735E-16,-1.,0.));
#12919=DIRECTION('center_axis',(-5.20218788681505E-14,-6.37084274415119E-30,
1.));
#12920=DIRECTION('ref_axis',(-1.,-1.22464679914735E-16,-5.20218788681505E-14));
#12921=DIRECTION('',(-1.,-1.22464679914735E-16,-5.20218788681505E-14));
#12922=DIRECTION('center_axis',(1.22464679914735E-16,-1.,0.));
#12923=DIRECTION('ref_axis',(0.,0.,1.));
#12924=DIRECTION('center_axis',(1.,1.22464679914735E-16,4.9737991503207E-14));
#12925=DIRECTION('ref_axis',(-4.9737991503207E-14,-6.09114720904207E-30,
1.));
#12926=DIRECTION('',(4.9737991503207E-14,6.09114720904207E-30,-1.));
#12927=DIRECTION('',(-1.22464679914735E-16,1.,0.));
#12928=DIRECTION('',(-4.9737991503207E-14,-6.09114720904207E-30,1.));
#12929=DIRECTION('',(1.22464679914735E-16,-1.,0.));
#12930=DIRECTION('center_axis',(1.22464679914735E-16,-1.,0.));
#12931=DIRECTION('ref_axis',(0.,0.,1.));
#12932=DIRECTION('',(1.,1.22464679914735E-16,5.20218788681505E-14));
#12933=DIRECTION('',(4.9737991503207E-14,6.09114720904207E-30,-1.));
#12934=DIRECTION('',(-1.,-1.22464679914735E-16,-5.20218788681505E-14));
#12935=DIRECTION('center_axis',(-1.,-1.22464679914735E-16,-5.6843418860808E-14));
#12936=DIRECTION('ref_axis',(5.6843418860808E-14,6.96131109604808E-30,-1.));
#12937=DIRECTION('',(-5.6843418860808E-14,-6.96131109604808E-30,1.));
#12938=DIRECTION('',(-1.22464679914735E-16,1.,0.));
#12939=DIRECTION('',(5.6843418860808E-14,6.96131109604808E-30,-1.));
#12940=DIRECTION('',(1.22464679914735E-16,-1.,0.));
#12941=DIRECTION('center_axis',(1.22464679914735E-16,-1.,0.));
#12942=DIRECTION('ref_axis',(0.,0.,1.));
#12943=DIRECTION('',(-5.6843418860808E-14,-6.96131109604808E-30,1.));
#12944=DIRECTION('',(1.,1.22464679914735E-16,5.20218788681505E-14));
#12945=DIRECTION('',(-1.,-1.22464679914735E-16,-5.20218788681505E-14));
#12946=DIRECTION('center_axis',(5.20218788681505E-14,6.37084274415119E-30,
-1.));
#12947=DIRECTION('ref_axis',(1.,1.22464679914735E-16,5.20218788681505E-14));
#12948=DIRECTION('',(1.,1.22464679914735E-16,5.20218788681505E-14));
#12949=DIRECTION('',(1.22464679914735E-16,-1.,0.));
#12950=DIRECTION('',(1.,1.22464679914735E-16,5.68434188608072E-14));
#12951=DIRECTION('',(1.22464679914735E-16,-1.,0.));
#12952=DIRECTION('',(1.,1.22464679914735E-16,5.20218788681505E-14));
#12953=DIRECTION('',(1.22464679914735E-16,-1.,0.));
#12954=DIRECTION('',(1.,1.22464679914735E-16,4.97379915032052E-14));
#12955=DIRECTION('',(1.22464679914735E-16,-1.,0.));
#12956=DIRECTION('center_axis',(1.,1.22464679914735E-16,5.6843418860808E-14));
#12957=DIRECTION('ref_axis',(-5.6843418860808E-14,-6.96131109604808E-30,
1.));
#12958=DIRECTION('',(1.22464679914735E-16,-1.,0.));
#12959=DIRECTION('',(-5.6843418860808E-14,-6.96131109604808E-30,1.));
#12960=DIRECTION('center_axis',(-1.,-1.22464679914735E-16,-4.9737991503207E-14));
#12961=DIRECTION('ref_axis',(4.9737991503207E-14,6.09114720904207E-30,-1.));
#12962=DIRECTION('',(4.9737991503207E-14,6.09114720904207E-30,-1.));
#12963=DIRECTION('',(1.22464679914735E-16,-1.,0.));
#12964=DIRECTION('center_axis',(1.22464679914735E-16,-1.,0.));
#12965=DIRECTION('ref_axis',(0.,0.,1.));
#12966=DIRECTION('',(4.9737991503207E-14,6.09114720904207E-30,-1.));
#12967=DIRECTION('',(-1.,-1.22464679914735E-16,-4.97379915032067E-14));
#12968=DIRECTION('center_axis',(1.22464679914735E-16,-1.,0.));
#12969=DIRECTION('ref_axis',(0.,0.,1.));
#12970=DIRECTION('',(-1.,-1.22464679914735E-16,-5.6843418860808E-14));
#12971=DIRECTION('',(-5.6843418860808E-14,-6.96131109604808E-30,1.));
#12972=DIRECTION('center_axis',(-1.22464679914735E-16,1.,0.));
#12973=DIRECTION('ref_axis',(-1.,-1.22464679914735E-16,0.));
#12974=DIRECTION('',(-1.,-1.22464679914735E-16,-5.20218788681505E-14));
#12975=DIRECTION('center_axis',(-1.,-1.22464679914735E-16,-4.9737991503207E-14));
#12976=DIRECTION('ref_axis',(4.9737991503207E-14,6.09114720904207E-30,-1.));
#12977=DIRECTION('',(4.9737991503207E-14,6.09114720904207E-30,-1.));
#12978=DIRECTION('',(1.22464679914735E-16,-1.,0.));
#12979=DIRECTION('center_axis',(-5.20218788681505E-14,-6.37084274415119E-30,
1.));
#12980=DIRECTION('ref_axis',(-1.,-1.22464679914735E-16,-5.20218788681505E-14));
#12981=DIRECTION('',(-1.,-1.22464679914735E-16,-5.20218788681505E-14));
#12982=DIRECTION('',(1.22464679914735E-16,-1.,0.));
#12983=DIRECTION('center_axis',(1.,1.22464679914735E-16,5.6843418860808E-14));
#12984=DIRECTION('ref_axis',(-5.6843418860808E-14,-6.96131109604808E-30,
1.));
#12985=DIRECTION('',(-5.6843418860808E-14,-6.96131109604808E-30,1.));
#12986=DIRECTION('center_axis',(1.22464679914735E-16,-1.,0.));
#12987=DIRECTION('ref_axis',(0.,0.,1.));
#12988=DIRECTION('center_axis',(1.,1.22464679914735E-16,5.2106467289074E-14));
#12989=DIRECTION('ref_axis',(-5.2106467289074E-14,-6.38120183804407E-30,
1.));
#12990=DIRECTION('',(5.2106467289074E-14,6.38120183804407E-30,-1.));
#12991=DIRECTION('',(-1.22464679914735E-16,1.,0.));
#12992=DIRECTION('',(-5.2106467289074E-14,-6.38120183804407E-30,1.));
#12993=DIRECTION('',(1.22464679914735E-16,-1.,0.));
#12994=DIRECTION('center_axis',(1.22464679914735E-16,-1.,0.));
#12995=DIRECTION('ref_axis',(0.,0.,1.));
#12996=DIRECTION('',(1.,1.22464679914735E-16,5.20218788681506E-14));
#12997=DIRECTION('',(4.9737991503207E-14,6.09114720904207E-30,-1.));
#12998=DIRECTION('',(-1.,-1.22464679914735E-16,-5.15989367635315E-14));
#12999=DIRECTION('center_axis',(-1.,-1.22464679914735E-16,-5.6843418860808E-14));
#13000=DIRECTION('ref_axis',(5.6843418860808E-14,6.96131109604808E-30,-1.));
#13001=DIRECTION('',(-5.6843418860808E-14,-6.96131109604808E-30,1.));
#13002=DIRECTION('',(-1.22464679914735E-16,1.,0.));
#13003=DIRECTION('',(5.6843418860808E-14,6.96131109604808E-30,-1.));
#13004=DIRECTION('',(1.22464679914735E-16,-1.,0.));
#13005=DIRECTION('center_axis',(1.22464679914735E-16,-1.,0.));
#13006=DIRECTION('ref_axis',(0.,0.,1.));
#13007=DIRECTION('',(1.,1.22464679914735E-16,5.20218788681506E-14));
#13008=DIRECTION('',(-1.,-1.22464679914735E-16,-5.15989367635315E-14));
#13009=DIRECTION('',(-5.6843418860808E-14,-6.96131109604808E-30,1.));
#13010=DIRECTION('center_axis',(5.20218788681506E-14,6.3708427441512E-30,
-1.));
#13011=DIRECTION('ref_axis',(1.,1.22464679914735E-16,5.20218788681506E-14));
#13012=DIRECTION('',(1.,1.22464679914735E-16,5.20218788681506E-14));
#13013=DIRECTION('',(1.22464679914735E-16,-1.,0.));
#13014=DIRECTION('',(1.,1.22464679914735E-16,5.6843418860807E-14));
#13015=DIRECTION('',(1.22464679914735E-16,-1.,0.));
#13016=DIRECTION('',(1.,1.22464679914735E-16,5.20218788681506E-14));
#13017=DIRECTION('',(1.22464679914735E-16,-1.,0.));
#13018=DIRECTION('',(1.,1.22464679914735E-16,4.97379915032067E-14));
#13019=DIRECTION('',(1.22464679914735E-16,-1.,0.));
#13020=DIRECTION('center_axis',(1.,1.22464679914735E-16,5.6843418860808E-14));
#13021=DIRECTION('ref_axis',(-5.6843418860808E-14,-6.96131109604808E-30,
1.));
#13022=DIRECTION('',(1.22464679914735E-16,-1.,0.));
#13023=DIRECTION('',(-5.6843418860808E-14,-6.96131109604808E-30,1.));
#13024=DIRECTION('center_axis',(-1.,-1.22464679914735E-16,-4.9737991503207E-14));
#13025=DIRECTION('ref_axis',(4.9737991503207E-14,6.09114720904207E-30,-1.));
#13026=DIRECTION('',(4.9737991503207E-14,6.09114720904207E-30,-1.));
#13027=DIRECTION('',(1.22464679914735E-16,-1.,0.));
#13028=DIRECTION('center_axis',(1.22464679914735E-16,-1.,0.));
#13029=DIRECTION('ref_axis',(0.,0.,1.));
#13030=DIRECTION('',(5.2106467289074E-14,6.38120183804407E-30,-1.));
#13031=DIRECTION('',(-1.,-1.22464679914735E-16,-4.97379915032067E-14));
#13032=DIRECTION('center_axis',(1.22464679914735E-16,-1.,0.));
#13033=DIRECTION('ref_axis',(0.,0.,1.));
#13034=DIRECTION('',(-1.,-1.22464679914735E-16,-5.68434188608078E-14));
#13035=DIRECTION('',(-5.6843418860808E-14,-6.96131109604808E-30,1.));
#13036=DIRECTION('center_axis',(-1.22464679914735E-16,1.,0.));
#13037=DIRECTION('ref_axis',(-1.,-1.22464679914735E-16,0.));
#13038=DIRECTION('',(-1.,-1.22464679914735E-16,-5.15989367635315E-14));
#13039=DIRECTION('center_axis',(-1.,-1.22464679914735E-16,-5.2106467289074E-14));
#13040=DIRECTION('ref_axis',(5.2106467289074E-14,6.38120183804407E-30,-1.));
#13041=DIRECTION('',(5.2106467289074E-14,6.38120183804407E-30,-1.));
#13042=DIRECTION('',(1.22464679914735E-16,-1.,0.));
#13043=DIRECTION('center_axis',(-5.15989367635315E-14,-6.31904727468656E-30,
1.));
#13044=DIRECTION('ref_axis',(-1.,-1.22464679914735E-16,-5.15989367635315E-14));
#13045=DIRECTION('',(-1.,-1.22464679914735E-16,-5.15989367635315E-14));
#13046=DIRECTION('',(1.22464679914735E-16,-1.,0.));
#13047=DIRECTION('center_axis',(1.,1.22464679914735E-16,5.6843418860808E-14));
#13048=DIRECTION('ref_axis',(-5.6843418860808E-14,-6.96131109604808E-30,
1.));
#13049=DIRECTION('',(-5.6843418860808E-14,-6.96131109604808E-30,1.));
#13050=DIRECTION('center_axis',(1.22464679914735E-16,-1.,0.));
#13051=DIRECTION('ref_axis',(0.,0.,1.));
#13052=DIRECTION('center_axis',(0.,0.,1.));
#13053=DIRECTION('ref_axis',(1.,0.,0.));
#13054=DIRECTION('',(-1.,-1.22464679914735E-16,0.));
#13055=DIRECTION('',(0.,1.,0.));
#13056=DIRECTION('',(1.,1.22464679914735E-16,0.));
#13057=DIRECTION('',(1.22464679914735E-16,-1.,0.));
#13058=DIRECTION('center_axis',(0.,0.,-1.));
#13059=DIRECTION('ref_axis',(-1.,0.,0.));
#13060=DIRECTION('',(1.,1.22464679914735E-16,0.));
#13061=DIRECTION('',(-1.22464679914735E-16,1.,0.));
#13062=DIRECTION('',(-1.,-1.22464679914735E-16,0.));
#13063=DIRECTION('',(0.,1.,0.));
#13064=DIRECTION('center_axis',(1.,0.,0.));
#13065=DIRECTION('ref_axis',(0.,0.,-1.));
#13066=DIRECTION('',(0.,0.,1.));
#13067=DIRECTION('',(0.,0.,-1.));
#13068=DIRECTION('center_axis',(1.22464679914735E-16,-1.,0.));
#13069=DIRECTION('ref_axis',(0.,0.,1.));
#13070=DIRECTION('',(5.6843418860808E-14,6.96131109604808E-30,-1.));
#13071=DIRECTION('',(1.,1.22464679914735E-16,0.));
#13072=DIRECTION('',(0.,0.,-1.));
#13073=DIRECTION('',(-1.,-1.22464679914735E-16,0.));
#13074=DIRECTION('',(5.6843418860808E-14,6.96131109604808E-30,-1.));
#13075=DIRECTION('',(1.,1.22464679914735E-16,5.68434188608078E-14));
#13076=DIRECTION('',(-5.6843418860808E-14,-6.96131109604808E-30,1.));
#13077=DIRECTION('center_axis',(-1.22464679914735E-16,1.,0.));
#13078=DIRECTION('ref_axis',(0.20317127171579,2.48813047585439E-17,-0.979143214422379));
#13079=DIRECTION('',(5.6843418860808E-14,6.96131109604808E-30,-1.));
#13080=DIRECTION('center_axis',(-1.22464679914735E-16,1.,0.));
#13081=DIRECTION('ref_axis',(-1.,-1.22464679914735E-16,0.));
#13082=DIRECTION('center_axis',(-1.22464679914735E-16,1.,0.));
#13083=DIRECTION('ref_axis',(-1.,-1.22464679914735E-16,0.));
#13084=DIRECTION('center_axis',(-1.,-1.22464679914735E-16,-5.6843418860808E-14));
#13085=DIRECTION('ref_axis',(5.6843418860808E-14,6.96131109604808E-30,-1.));
#13086=DIRECTION('',(-5.6843418860808E-14,-6.96131109604808E-30,1.));
#13087=DIRECTION('',(1.22464679914735E-16,-1.,0.));
#13088=DIRECTION('center_axis',(-1.,-1.22464679914735E-16,-5.6843418860808E-14));
#13089=DIRECTION('ref_axis',(5.6843418860808E-14,6.96131109604808E-30,-1.));
#13090=DIRECTION('',(-1.22464679914735E-16,1.,0.));
#13091=DIRECTION('',(5.6843418860808E-14,6.96131109604808E-30,-1.));
#13092=DIRECTION('',(-1.22464679914735E-16,1.,0.));
#13093=DIRECTION('',(5.6843418860808E-14,6.96131109604808E-30,-1.));
#13094=DIRECTION('',(1.22464679914735E-16,-1.,0.));
#13095=DIRECTION('',(-5.6843418860808E-14,-6.96131109604808E-30,1.));
#13096=DIRECTION('center_axis',(0.,0.,-1.));
#13097=DIRECTION('ref_axis',(-1.,0.,0.));
#13098=DIRECTION('',(1.,1.22464679914735E-16,0.));
#13099=DIRECTION('',(-1.22464679914735E-16,1.,0.));
#13100=DIRECTION('',(-1.,-1.22464679914735E-16,0.));
#13101=DIRECTION('',(0.,1.,0.));
#13102=DIRECTION('center_axis',(0.,0.,-1.));
#13103=DIRECTION('ref_axis',(-1.,0.,0.));
#13104=DIRECTION('',(0.,1.,0.));
#13105=DIRECTION('',(1.,1.22464679914735E-16,0.));
#13106=DIRECTION('',(-1.22464679914735E-16,1.,0.));
#13107=DIRECTION('center_axis',(0.,0.,1.));
#13108=DIRECTION('ref_axis',(1.,0.,0.));
#13109=DIRECTION('',(-1.,-1.22464679914735E-16,0.));
#13110=DIRECTION('',(0.,1.,0.));
#13111=DIRECTION('center_axis',(1.,0.,0.));
#13112=DIRECTION('ref_axis',(0.,0.,-1.));
#13113=DIRECTION('',(0.,0.,1.));
#13114=DIRECTION('',(0.,0.,-1.));
#13115=DIRECTION('',(0.,1.,6.96131109604806E-30));
#13116=DIRECTION('',(0.,0.,1.));
#13117=DIRECTION('center_axis',(1.22464679914735E-16,-1.,0.));
#13118=DIRECTION('ref_axis',(0.,0.,1.));
#13119=DIRECTION('',(-1.,-1.22464679914735E-16,-5.68434188608078E-14));
#13120=DIRECTION('',(5.6843418860808E-14,6.96131109604808E-30,-1.));
#13121=DIRECTION('',(1.,1.22464679914735E-16,5.68434188607977E-14));
#13122=DIRECTION('center_axis',(-1.22464679914735E-16,1.,0.));
#13123=DIRECTION('ref_axis',(0.20317127171579,2.48813047585439E-17,-0.979143214422379));
#13124=DIRECTION('',(-5.6843418860808E-14,-6.96131109604808E-30,1.));
#13125=DIRECTION('',(1.,1.22464679914735E-16,5.68434188608078E-14));
#13126=DIRECTION('',(5.6843418860808E-14,6.96131109604808E-30,-1.));
#13127=DIRECTION('center_axis',(1.22464679914735E-16,-1.,0.));
#13128=DIRECTION('ref_axis',(-1.,-1.22464679914735E-16,0.));
#13129=DIRECTION('center_axis',(1.22464679914735E-16,-1.,0.));
#13130=DIRECTION('ref_axis',(-1.,-1.22464679914735E-16,0.));
#13131=DIRECTION('center_axis',(-5.68434188608078E-14,-6.96131109604806E-30,
1.));
#13132=DIRECTION('ref_axis',(-1.,-1.22464679914735E-16,-5.68434188608078E-14));
#13133=DIRECTION('',(1.,1.22464679914735E-16,5.68434188608078E-14));
#13134=DIRECTION('',(1.22464679914735E-16,-1.,0.));
#13135=DIRECTION('center_axis',(1.22464679914735E-16,-1.,0.));
#13136=DIRECTION('ref_axis',(0.,0.,1.));
#13137=DIRECTION('',(5.6843418860808E-14,6.96131109604808E-30,-1.));
#13138=DIRECTION('',(1.,1.22464679914735E-16,5.68434188608078E-14));
#13139=DIRECTION('',(-5.68434188608079E-14,-6.96131109604807E-30,1.));
#13140=DIRECTION('center_axis',(-1.22464679914735E-16,1.,0.));
#13141=DIRECTION('ref_axis',(0.20317127171579,2.48813047585439E-17,-0.979143214422379));
#13142=DIRECTION('',(-1.,-1.22464679914735E-16,-5.68434188607977E-14));
#13143=DIRECTION('',(-5.6843418860808E-14,-6.96131109604808E-30,1.));
#13144=DIRECTION('center_axis',(-1.22464679914735E-16,1.,0.));
#13145=DIRECTION('ref_axis',(-1.,-1.22464679914735E-16,0.));
#13146=DIRECTION('center_axis',(-1.22464679914735E-16,1.,0.));
#13147=DIRECTION('ref_axis',(-1.,-1.22464679914735E-16,0.));
#13148=DIRECTION('center_axis',(-1.,-1.22464679914735E-16,-5.6843418860808E-14));
#13149=DIRECTION('ref_axis',(5.6843418860808E-14,6.96131109604808E-30,-1.));
#13150=DIRECTION('',(-5.6843418860808E-14,-6.96131109604808E-30,1.));
#13151=DIRECTION('',(1.22464679914735E-16,-1.,0.));
#13152=DIRECTION('center_axis',(-1.,-1.22464679914735E-16,-5.6843418860808E-14));
#13153=DIRECTION('ref_axis',(5.6843418860808E-14,6.96131109604808E-30,-1.));
#13154=DIRECTION('',(1.22464679914735E-16,-1.,0.));
#13155=DIRECTION('center_axis',(1.22464679914735E-16,-1.,0.));
#13156=DIRECTION('ref_axis',(-1.,-1.22464679914735E-16,0.));
#13157=DIRECTION('',(1.22464679914735E-16,-1.,0.));
#13158=DIRECTION('center_axis',(1.22464679914735E-16,-1.,0.));
#13159=DIRECTION('ref_axis',(-1.,-1.22464679914735E-16,0.));
#13160=DIRECTION('center_axis',(1.22464679914735E-16,-1.,0.));
#13161=DIRECTION('ref_axis',(-1.,-1.22464679914735E-16,0.));
#13162=DIRECTION('',(1.22464679914735E-16,-1.,0.));
#13163=DIRECTION('center_axis',(1.22464679914735E-16,-1.,0.));
#13164=DIRECTION('ref_axis',(-1.,-1.22464679914735E-16,0.));
#13165=DIRECTION('',(1.22464679914735E-16,-1.,0.));
#13166=DIRECTION('center_axis',(1.22464679914735E-16,-1.,0.));
#13167=DIRECTION('ref_axis',(-1.,-1.22464679914735E-16,0.));
#13168=DIRECTION('center_axis',(1.22464679914735E-16,-1.,0.));
#13169=DIRECTION('ref_axis',(-1.,-1.22464679914735E-16,0.));
#13170=DIRECTION('',(1.22464679914735E-16,-1.,0.));
#13171=DIRECTION('center_axis',(-1.,-1.22464679914735E-16,-5.6843418860808E-14));
#13172=DIRECTION('ref_axis',(5.6843418860808E-14,6.96131109604808E-30,-1.));
#13173=DIRECTION('',(-1.22464679914735E-16,1.,0.));
#13174=DIRECTION('center_axis',(1.,1.22464679914735E-16,5.6843418860808E-14));
#13175=DIRECTION('ref_axis',(-5.6843418860808E-14,-6.96131109604808E-30,
1.));
#13176=DIRECTION('',(1.22464679914735E-16,-1.,0.));
#13177=DIRECTION('',(-5.6843418860808E-14,-6.96131109604808E-30,1.));
#13178=DIRECTION('',(1.22464679914735E-16,-1.,0.));
#13179=DIRECTION('center_axis',(1.,1.22464679914735E-16,5.6843418860808E-14));
#13180=DIRECTION('ref_axis',(-5.6843418860808E-14,-6.96131109604808E-30,
1.));
#13181=DIRECTION('',(1.22464679914735E-16,-1.,0.));
#13182=DIRECTION('',(1.22464679914735E-16,-1.,0.));
#13183=DIRECTION('center_axis',(5.68434188607977E-14,6.96131109604682E-30,
-1.));
#13184=DIRECTION('ref_axis',(1.,1.22464679914735E-16,5.68434188607977E-14));
#13185=DIRECTION('center_axis',(1.22464679914735E-16,-1.,0.));
#13186=DIRECTION('ref_axis',(0.20317127171579,2.48813047585439E-17,-0.979143214422379));
#13187=DIRECTION('center_axis',(-1.22464679914735E-16,1.,0.));
#13188=DIRECTION('ref_axis',(0.20317127171579,2.48813047585439E-17,-0.979143214422379));
#13189=DIRECTION('center_axis',(1.22464679914735E-16,-1.,0.));
#13190=DIRECTION('ref_axis',(0.20317127171579,2.48813047585439E-17,-0.979143214422379));
#13191=DIRECTION('center_axis',(-1.22464679914735E-16,1.,0.));
#13192=DIRECTION('ref_axis',(-1.,-1.22464679914735E-16,0.));
#13193=DIRECTION('',(-1.,-1.22464679914735E-16,-5.68434188608078E-14));
#13194=DIRECTION('center_axis',(5.68434188608078E-14,6.96131109604806E-30,
-1.));
#13195=DIRECTION('ref_axis',(1.,1.22464679914735E-16,5.68434188608078E-14));
#13196=DIRECTION('center_axis',(5.68434188608078E-14,6.96131109604806E-30,
-1.));
#13197=DIRECTION('ref_axis',(1.,1.22464679914735E-16,5.68434188608078E-14));
#13198=DIRECTION('center_axis',(0.,0.,-1.));
#13199=DIRECTION('ref_axis',(-1.,0.,0.));
#13200=DIRECTION('',(-1.,-1.22464679914735E-16,0.));
#13201=DIRECTION('',(0.,1.,0.));
#13202=DIRECTION('',(1.,1.22464679914735E-16,0.));
#13203=DIRECTION('',(-1.22464679914735E-16,1.,0.));
#13204=DIRECTION('center_axis',(1.,0.,0.));
#13205=DIRECTION('ref_axis',(0.,0.,-1.));
#13206=DIRECTION('',(0.,0.,-1.));
#13207=DIRECTION('',(0.,-1.,-6.96649064299416E-30));
#13208=DIRECTION('',(0.,0.,1.));
#13209=DIRECTION('center_axis',(1.22464679914735E-16,-1.,0.));
#13210=DIRECTION('ref_axis',(0.,0.,1.));
#13211=DIRECTION('',(5.6843418860808E-14,6.96131109604808E-30,-1.));
#13212=DIRECTION('',(1.,1.22464679914735E-16,5.68720697775726E-14));
#13213=DIRECTION('',(5.32907051820075E-14,6.52622915254508E-30,-1.));
#13214=DIRECTION('',(-1.,-1.22464679914735E-16,-5.68720697775726E-14));
#13215=DIRECTION('center_axis',(-1.22464679914735E-16,1.,0.));
#13216=DIRECTION('ref_axis',(-1.,-1.22464679914735E-16,0.));
#13217=DIRECTION('center_axis',(-1.,-1.22464679914735E-16,-5.6843418860808E-14));
#13218=DIRECTION('ref_axis',(5.6843418860808E-14,6.96131109604808E-30,-1.));
#13219=DIRECTION('',(5.6843418860808E-14,6.96131109604808E-30,-1.));
#13220=DIRECTION('',(1.22464679914735E-16,-1.,0.));
#13221=DIRECTION('center_axis',(1.22464679914735E-16,-1.,0.));
#13222=DIRECTION('ref_axis',(-1.,-1.22464679914735E-16,0.));
#13223=DIRECTION('center_axis',(1.22464679914735E-16,-1.,0.));
#13224=DIRECTION('ref_axis',(-1.,-1.22464679914735E-16,0.));
#13225=DIRECTION('',(1.22464679914735E-16,-1.,0.));
#13226=DIRECTION('center_axis',(-1.22464679914735E-16,1.,0.));
#13227=DIRECTION('ref_axis',(-1.,-1.22464679914735E-16,0.));
#13228=DIRECTION('center_axis',(1.22464679914735E-16,-1.,0.));
#13229=DIRECTION('ref_axis',(-1.,-1.22464679914735E-16,0.));
#13230=DIRECTION('center_axis',(1.22464679914735E-16,-1.,0.));
#13231=DIRECTION('ref_axis',(-1.,-1.22464679914735E-16,0.));
#13232=DIRECTION('',(1.22464679914735E-16,-1.,0.));
#13233=DIRECTION('center_axis',(1.,1.22464679914735E-16,5.32907051820075E-14));
#13234=DIRECTION('ref_axis',(-5.32907051820075E-14,-6.52622915254508E-30,
1.));
#13235=DIRECTION('',(-5.32907051820075E-14,-6.52622915254508E-30,1.));
#13236=DIRECTION('',(-1.22464679914735E-16,1.,0.));
#13237=DIRECTION('',(-5.32907051820075E-14,-6.52622915254508E-30,1.));
#13238=DIRECTION('',(1.22464679914735E-16,-1.,0.));
#13239=DIRECTION('center_axis',(1.22464679914735E-16,-1.,0.));
#13240=DIRECTION('ref_axis',(0.,0.,1.));
#13241=DIRECTION('',(-1.,-1.22464679914735E-16,-5.68857130712668E-14));
#13242=DIRECTION('',(1.,1.22464679914735E-16,5.68720697775726E-14));
#13243=DIRECTION('center_axis',(-1.,-1.22464679914735E-16,-5.6843418860808E-14));
#13244=DIRECTION('ref_axis',(5.6843418860808E-14,6.96131109604808E-30,-1.));
#13245=DIRECTION('',(5.6843418860808E-14,6.96131109604808E-30,-1.));
#13246=DIRECTION('',(-1.22464679914735E-16,1.,0.));
#13247=DIRECTION('',(5.6843418860808E-14,6.96131109604808E-30,-1.));
#13248=DIRECTION('',(1.22464679914735E-16,-1.,0.));
#13249=DIRECTION('center_axis',(1.22464679914735E-16,-1.,0.));
#13250=DIRECTION('ref_axis',(0.,0.,1.));
#13251=DIRECTION('',(1.,1.22464679914735E-16,5.68720697775726E-14));
#13252=DIRECTION('',(-1.,-1.22464679914735E-16,-5.68857130712668E-14));
#13253=DIRECTION('',(-5.6843418860808E-14,-6.96131109604808E-30,1.));
#13254=DIRECTION('center_axis',(-5.68857130712668E-14,-6.96649064299416E-30,
1.));
#13255=DIRECTION('ref_axis',(-1.,-1.22464679914735E-16,-5.68857130712668E-14));
#13256=DIRECTION('',(1.22464679914735E-16,-1.,0.));
#13257=DIRECTION('',(-1.,-1.22464679914735E-16,-5.68857130712668E-14));
#13258=DIRECTION('',(1.22464679914735E-16,-1.,0.));
#13259=DIRECTION('',(-1.,-1.22464679914735E-16,-5.68720697775726E-14));
#13260=DIRECTION('',(1.22464679914735E-16,-1.,0.));
#13261=DIRECTION('',(1.,1.22464679914735E-16,5.68857130712668E-14));
#13262=DIRECTION('center_axis',(-1.,-1.22464679914735E-16,-5.32907051820075E-14));
#13263=DIRECTION('ref_axis',(5.32907051820075E-14,6.52622915254508E-30,
-1.));
#13264=DIRECTION('',(1.22464679914735E-16,-1.,0.));
#13265=DIRECTION('',(5.32907051820075E-14,6.52622915254508E-30,-1.));
#13266=DIRECTION('center_axis',(1.,1.22464679914735E-16,5.6843418860808E-14));
#13267=DIRECTION('ref_axis',(-5.6843418860808E-14,-6.96131109604808E-30,
1.));
#13268=DIRECTION('',(-5.6843418860808E-14,-6.96131109604808E-30,1.));
#13269=DIRECTION('',(1.22464679914735E-16,-1.,0.));
#13270=DIRECTION('center_axis',(1.22464679914735E-16,-1.,0.));
#13271=DIRECTION('ref_axis',(0.,0.,1.));
#13272=DIRECTION('',(1.,1.22464679914735E-16,5.68720697775726E-14));
#13273=DIRECTION('',(-5.6843418860808E-14,-6.96131109604808E-30,1.));
#13274=DIRECTION('center_axis',(1.,1.22464679914735E-16,5.6843418860808E-14));
#13275=DIRECTION('ref_axis',(-5.6843418860808E-14,-6.96131109604808E-30,
1.));
#13276=DIRECTION('',(-5.6843418860808E-14,-6.96131109604808E-30,1.));
#13277=DIRECTION('',(1.22464679914735E-16,-1.,0.));
#13278=DIRECTION('center_axis',(5.68720697775726E-14,6.96481982139892E-30,
-1.));
#13279=DIRECTION('ref_axis',(1.,1.22464679914735E-16,5.68720697775726E-14));
#13280=DIRECTION('',(1.,1.22464679914735E-16,5.68720697775726E-14));
#13281=DIRECTION('',(1.,1.22464679914735E-16,5.68720697775726E-14));
#13282=DIRECTION('center_axis',(-1.22464679914735E-16,1.,0.));
#13283=DIRECTION('ref_axis',(-1.,-1.22464679914735E-16,0.));
#13284=DIRECTION('center_axis',(1.22464679914735E-16,-1.,0.));
#13285=DIRECTION('ref_axis',(0.,0.,1.));
#13286=DIRECTION('center_axis',(1.22464679914735E-16,-1.,0.));
#13287=DIRECTION('ref_axis',(-1.,-1.22464679914735E-16,0.));
#13288=DIRECTION('center_axis',(1.22464679914735E-16,-1.,0.));
#13289=DIRECTION('ref_axis',(-1.,-1.22464679914735E-16,0.));
#13290=DIRECTION('',(1.22464679914735E-16,-1.,0.));
#13291=DIRECTION('center_axis',(-1.22464679914735E-16,1.,0.));
#13292=DIRECTION('ref_axis',(-1.,-1.22464679914735E-16,0.));
#13293=DIRECTION('center_axis',(1.22464679914735E-16,-1.,0.));
#13294=DIRECTION('ref_axis',(-1.,-1.22464679914735E-16,0.));
#13295=DIRECTION('center_axis',(1.22464679914735E-16,-1.,0.));
#13296=DIRECTION('ref_axis',(-1.,-1.22464679914735E-16,0.));
#13297=DIRECTION('',(1.22464679914735E-16,-1.,0.));
#13298=DIRECTION('center_axis',(-1.22464679914735E-16,1.,0.));
#13299=DIRECTION('ref_axis',(-1.,-1.22464679914735E-16,0.));
#13300=DIRECTION('center_axis',(1.22464679914735E-16,-1.,0.));
#13301=DIRECTION('ref_axis',(0.20317127171579,2.48813047585439E-17,-0.979143214422379));
#13302=DIRECTION('center_axis',(1.22464679914735E-16,-1.,0.));
#13303=DIRECTION('ref_axis',(0.20317127171579,2.48813047585439E-17,-0.979143214422379));
#13304=DIRECTION('',(1.22464679914735E-16,-1.,0.));
#13305=DIRECTION('center_axis',(-1.22464679914735E-16,1.,0.));
#13306=DIRECTION('ref_axis',(0.20317127171579,2.48813047585439E-17,-0.979143214422379));
#13307=DIRECTION('',(-1.22464679914735E-16,1.,0.));
#13308=DIRECTION('center_axis',(1.22464679914735E-16,-1.,0.));
#13309=DIRECTION('ref_axis',(0.20317127171579,2.48813047585439E-17,-0.979143214422379));
#13310=DIRECTION('center_axis',(-1.22464679914735E-16,1.,0.));
#13311=DIRECTION('ref_axis',(0.20317127171579,2.48813047585439E-17,-0.979143214422379));
#13312=DIRECTION('',(-1.22464679914735E-16,1.,0.));
#13313=DIRECTION('center_axis',(1.22464679914735E-16,-1.,0.));
#13314=DIRECTION('ref_axis',(0.20317127171579,2.48813047585439E-17,-0.979143214422379));
#13315=DIRECTION('',(1.22464679914735E-16,-1.,0.));
#13316=DIRECTION('center_axis',(-1.,-1.22464679914735E-16,-5.27831746564646E-14));
#13317=DIRECTION('ref_axis',(5.27831746564646E-14,6.46407458918751E-30,
-1.));
#13318=DIRECTION('',(5.27831746564646E-14,6.46407458918751E-30,-1.));
#13319=DIRECTION('',(1.22464679914735E-16,-1.,0.));
#13320=DIRECTION('',(5.27831746564646E-14,6.46407458918751E-30,-1.));
#13321=DIRECTION('center_axis',(-1.22464679914735E-16,1.,0.));
#13322=DIRECTION('ref_axis',(-1.,-1.22464679914735E-16,0.));
#13323=DIRECTION('',(5.32907051820075E-14,6.52622915254508E-30,-1.));
#13324=DIRECTION('center_axis',(1.22464679914735E-16,-1.,0.));
#13325=DIRECTION('ref_axis',(0.190402479273321,2.33175786791792E-17,-0.981706114825905));
#13326=DIRECTION('center_axis',(-1.,-1.22464679914735E-16,-5.32907051820075E-14));
#13327=DIRECTION('ref_axis',(5.32907051820075E-14,6.52622915254508E-30,
-1.));
#13328=DIRECTION('',(5.32907051820075E-14,6.52622915254508E-30,-1.));
#13329=DIRECTION('',(1.22464679914735E-16,-1.,0.));
#13330=DIRECTION('',(5.6843418860808E-14,6.96131109604808E-30,-1.));
#13331=DIRECTION('',(1.22464679914735E-16,-1.,0.));
#13332=DIRECTION('',(5.6843418860808E-14,6.96131109604808E-30,-1.));
#13333=DIRECTION('center_axis',(-1.22464679914735E-16,1.,0.));
#13334=DIRECTION('ref_axis',(-1.,-1.22464679914735E-16,0.));
#13335=DIRECTION('',(-5.32907051820075E-14,-6.52622915254508E-30,1.));
#13336=DIRECTION('center_axis',(1.22464679914735E-16,-1.,0.));
#13337=DIRECTION('ref_axis',(0.190402479273321,2.33175786791792E-17,-0.981706114825905));
#13338=DIRECTION('center_axis',(1.,1.22464679914735E-16,5.32907051820075E-14));
#13339=DIRECTION('ref_axis',(-5.32907051820075E-14,-6.52622915254508E-30,
1.));
#13340=DIRECTION('',(-5.32907051820075E-14,-6.52622915254508E-30,1.));
#13341=DIRECTION('',(-1.22464679914735E-16,1.,0.));
#13342=DIRECTION('center_axis',(1.22464679914735E-16,-1.,0.));
#13343=DIRECTION('ref_axis',(0.20317127171579,2.48813047585439E-17,-0.979143214422379));
#13344=DIRECTION('center_axis',(-1.22464679914735E-16,1.,0.));
#13345=DIRECTION('ref_axis',(0.20317127171579,2.48813047585439E-17,-0.979143214422379));
#13346=DIRECTION('',(1.22464679914735E-16,-1.,0.));
#13347=DIRECTION('center_axis',(1.22464679914735E-16,-1.,0.));
#13348=DIRECTION('ref_axis',(0.20317127171579,2.48813047585439E-17,-0.979143214422379));
#13349=DIRECTION('',(1.22464679914735E-16,-1.,0.));
#13350=DIRECTION('center_axis',(1.22464679914735E-16,-1.,0.));
#13351=DIRECTION('ref_axis',(0.20317127171579,2.48813047585439E-17,-0.979143214422379));
#13352=DIRECTION('center_axis',(1.22464679914735E-16,-1.,0.));
#13353=DIRECTION('ref_axis',(0.20317127171579,2.48813047585439E-17,-0.979143214422379));
#13354=DIRECTION('',(1.22464679914735E-16,-1.,0.));
#13355=DIRECTION('center_axis',(-1.22464679914735E-16,1.,0.));
#13356=DIRECTION('ref_axis',(0.20317127171579,2.48813047585439E-17,-0.979143214422379));
#13357=DIRECTION('',(1.22464679914735E-16,-1.,0.));
#13358=DIRECTION('center_axis',(-1.,-1.22464679914735E-16,-5.17681136053787E-14));
#13359=DIRECTION('ref_axis',(5.17681136053787E-14,6.33976546247236E-30,
-1.));
#13360=DIRECTION('',(5.17681136053787E-14,6.33976546247236E-30,-1.));
#13361=DIRECTION('',(1.22464679914735E-16,-1.,0.));
#13362=DIRECTION('',(5.17681136053787E-14,6.33976546247236E-30,-1.));
#13363=DIRECTION('center_axis',(-1.22464679914735E-16,1.,0.));
#13364=DIRECTION('ref_axis',(-1.,-1.22464679914735E-16,0.));
#13365=DIRECTION('',(-5.6843418860808E-14,-6.96131109604808E-30,1.));
#13366=DIRECTION('center_axis',(1.22464679914735E-16,-1.,0.));
#13367=DIRECTION('ref_axis',(0.190402479273321,2.33175786791792E-17,-0.981706114825905));
#13368=DIRECTION('center_axis',(1.,1.22464679914735E-16,5.6843418860808E-14));
#13369=DIRECTION('ref_axis',(-5.6843418860808E-14,-6.96131109604808E-30,
1.));
#13370=DIRECTION('',(-5.6843418860808E-14,-6.96131109604808E-30,1.));
#13371=DIRECTION('',(1.22464679914735E-16,-1.,0.));
#13372=DIRECTION('',(5.6843418860808E-14,6.96131109604808E-30,-1.));
#13373=DIRECTION('',(1.22464679914735E-16,-1.,0.));
#13374=DIRECTION('',(-5.6843418860808E-14,-6.96131109604808E-30,1.));
#13375=DIRECTION('center_axis',(-1.22464679914735E-16,1.,0.));
#13376=DIRECTION('ref_axis',(-1.,-1.22464679914735E-16,0.));
#13377=DIRECTION('',(-5.6843418860808E-14,-6.96131109604808E-30,1.));
#13378=DIRECTION('center_axis',(1.22464679914735E-16,-1.,0.));
#13379=DIRECTION('ref_axis',(0.190402479273321,2.33175786791792E-17,-0.981706114825905));
#13380=DIRECTION('center_axis',(1.22464679914735E-16,-1.,0.));
#13381=DIRECTION('ref_axis',(0.190402479273321,2.33175786791792E-17,-0.981706114825905));
#13382=DIRECTION('',(1.22464679914735E-16,-1.,0.));
#13383=DIRECTION('center_axis',(1.22464679914735E-16,-1.,0.));
#13384=DIRECTION('ref_axis',(0.190402479273321,2.33175786791792E-17,-0.981706114825905));
#13385=DIRECTION('center_axis',(-1.22464679914735E-16,1.,0.));
#13386=DIRECTION('ref_axis',(0.190402479273321,2.33175786791792E-17,-0.981706114825905));
#13387=DIRECTION('center_axis',(1.,1.22464679914735E-16,5.6843418860808E-14));
#13388=DIRECTION('ref_axis',(-5.6843418860808E-14,-6.96131109604808E-30,
1.));
#13389=DIRECTION('',(-5.6843418860808E-14,-6.96131109604808E-30,1.));
#13390=DIRECTION('center_axis',(1.22464679914735E-16,-1.,0.));
#13391=DIRECTION('ref_axis',(0.198000830326119,2.424810830874E-17,-0.98020185226828));
#13392=DIRECTION('center_axis',(-1.22464679914735E-16,1.,0.));
#13393=DIRECTION('ref_axis',(0.198000830326119,2.424810830874E-17,-0.98020185226828));
#13394=DIRECTION('center_axis',(-1.22464679914735E-16,1.,0.));
#13395=DIRECTION('ref_axis',(0.198000830326119,2.424810830874E-17,-0.98020185226828));
#13396=DIRECTION('center_axis',(-1.22464679914735E-16,1.,0.));
#13397=DIRECTION('ref_axis',(-1.,-1.22464679914735E-16,0.));
#13398=DIRECTION('center_axis',(-1.22464679914735E-16,1.,0.));
#13399=DIRECTION('ref_axis',(-1.,-1.22464679914735E-16,0.));
#13400=DIRECTION('center_axis',(1.,1.22464679914735E-16,4.9737991503207E-14));
#13401=DIRECTION('ref_axis',(-4.9737991503207E-14,-6.09114720904207E-30,
1.));
#13402=DIRECTION('',(4.9737991503207E-14,6.09114720904207E-30,-1.));
#13403=DIRECTION('',(-1.22464679914735E-16,1.,0.));
#13404=DIRECTION('',(-4.9737991503207E-14,-6.09114720904207E-30,1.));
#13405=DIRECTION('',(1.22464679914735E-16,-1.,0.));
#13406=DIRECTION('center_axis',(1.22464679914735E-16,-1.,0.));
#13407=DIRECTION('ref_axis',(0.,0.,1.));
#13408=DIRECTION('',(1.,1.22464679914735E-16,5.68857130712668E-14));
#13409=DIRECTION('',(4.9737991503207E-14,6.09114720904207E-30,-1.));
#13410=DIRECTION('',(-1.,-1.22464679914735E-16,-5.68857130712668E-14));
#13411=DIRECTION('center_axis',(-1.,-1.22464679914735E-16,-5.6843418860808E-14));
#13412=DIRECTION('ref_axis',(5.6843418860808E-14,6.96131109604808E-30,-1.));
#13413=DIRECTION('',(-5.6843418860808E-14,-6.96131109604808E-30,1.));
#13414=DIRECTION('',(-1.22464679914735E-16,1.,0.));
#13415=DIRECTION('',(5.6843418860808E-14,6.96131109604808E-30,-1.));
#13416=DIRECTION('',(1.22464679914735E-16,-1.,0.));
#13417=DIRECTION('center_axis',(1.22464679914735E-16,-1.,0.));
#13418=DIRECTION('ref_axis',(0.,0.,1.));
#13419=DIRECTION('',(-1.,-1.22464679914735E-16,-5.68857130712668E-14));
#13420=DIRECTION('',(-5.6843418860808E-14,-6.96131109604808E-30,1.));
#13421=DIRECTION('',(1.,1.22464679914735E-16,5.68857130712668E-14));
#13422=DIRECTION('center_axis',(5.68857130712668E-14,6.96649064299416E-30,
-1.));
#13423=DIRECTION('ref_axis',(1.,1.22464679914735E-16,5.68857130712668E-14));
#13424=DIRECTION('',(1.,1.22464679914735E-16,5.68857130712668E-14));
#13425=DIRECTION('',(1.22464679914735E-16,-1.,0.));
#13426=DIRECTION('',(1.,1.22464679914735E-16,5.6843418860808E-14));
#13427=DIRECTION('',(1.22464679914735E-16,-1.,0.));
#13428=DIRECTION('',(1.,1.22464679914735E-16,5.68857130712668E-14));
#13429=DIRECTION('',(1.22464679914735E-16,-1.,0.));
#13430=DIRECTION('',(1.,1.22464679914735E-16,4.97379915032491E-14));
#13431=DIRECTION('',(1.22464679914735E-16,-1.,0.));
#13432=DIRECTION('center_axis',(-1.,-1.22464679914735E-16,-4.9737991503207E-14));
#13433=DIRECTION('ref_axis',(4.9737991503207E-14,6.09114720904207E-30,-1.));
#13434=DIRECTION('',(4.9737991503207E-14,6.09114720904207E-30,-1.));
#13435=DIRECTION('',(1.22464679914735E-16,-1.,0.));
#13436=DIRECTION('center_axis',(1.22464679914735E-16,-1.,0.));
#13437=DIRECTION('ref_axis',(0.,0.,1.));
#13438=DIRECTION('',(4.9737991503207E-14,6.09114720904207E-30,-1.));
#13439=DIRECTION('',(-1.,-1.22464679914735E-16,-4.97379915032491E-14));
#13440=DIRECTION('center_axis',(1.,1.22464679914735E-16,5.6843418860808E-14));
#13441=DIRECTION('ref_axis',(-5.6843418860808E-14,-6.96131109604808E-30,
1.));
#13442=DIRECTION('',(1.22464679914735E-16,-1.,0.));
#13443=DIRECTION('',(-5.6843418860808E-14,-6.96131109604808E-30,1.));
#13444=DIRECTION('center_axis',(1.22464679914735E-16,-1.,0.));
#13445=DIRECTION('ref_axis',(0.,0.,1.));
#13446=DIRECTION('',(-5.6843418860808E-14,-6.96131109604808E-30,1.));
#13447=DIRECTION('',(-1.,-1.22464679914735E-16,-5.6843418860808E-14));
#13448=DIRECTION('center_axis',(1.22464679914735E-16,-1.,0.));
#13449=DIRECTION('ref_axis',(0.,0.,1.));
#13450=DIRECTION('',(-1.,-1.22464679914735E-16,-5.68857130712668E-14));
#13451=DIRECTION('center_axis',(1.,1.22464679914735E-16,5.6843418860808E-14));
#13452=DIRECTION('ref_axis',(-5.6843418860808E-14,-6.96131109604808E-30,
1.));
#13453=DIRECTION('',(1.22464679914735E-16,-1.,0.));
#13454=DIRECTION('',(-5.6843418860808E-14,-6.96131109604808E-30,1.));
#13455=DIRECTION('center_axis',(-1.,-1.22464679914735E-16,-4.9737991503207E-14));
#13456=DIRECTION('ref_axis',(4.9737991503207E-14,6.09114720904207E-30,-1.));
#13457=DIRECTION('',(4.9737991503207E-14,6.09114720904207E-30,-1.));
#13458=DIRECTION('',(1.22464679914735E-16,-1.,0.));
#13459=DIRECTION('center_axis',(-5.68857130712668E-14,-6.96649064299416E-30,
1.));
#13460=DIRECTION('ref_axis',(-1.,-1.22464679914735E-16,-5.68857130712668E-14));
#13461=DIRECTION('',(-1.,-1.22464679914735E-16,-5.68857130712668E-14));
#13462=DIRECTION('center_axis',(1.22464679914735E-16,-1.,0.));
#13463=DIRECTION('ref_axis',(0.,0.,1.));
#13464=DIRECTION('center_axis',(1.,1.22464679914735E-16,4.9737991503207E-14));
#13465=DIRECTION('ref_axis',(-4.9737991503207E-14,-6.09114720904207E-30,
1.));
#13466=DIRECTION('',(-1.22464679914735E-16,1.,0.));
#13467=DIRECTION('',(4.9737991503207E-14,6.09114720904207E-30,-1.));
#13468=DIRECTION('',(1.22464679914735E-16,-1.,0.));
#13469=DIRECTION('',(-4.9737991503207E-14,-6.09114720904207E-30,1.));
#13470=DIRECTION('center_axis',(-1.,-1.22464679914735E-16,-5.6843418860808E-14));
#13471=DIRECTION('ref_axis',(5.6843418860808E-14,6.96131109604808E-30,-1.));
#13472=DIRECTION('',(1.22464679914735E-16,-1.,0.));
#13473=DIRECTION('',(-5.6843418860808E-14,-6.96131109604808E-30,1.));
#13474=DIRECTION('',(1.22464679914735E-16,-1.,0.));
#13475=DIRECTION('',(-5.6843418860808E-14,-6.96131109604808E-30,1.));
#13476=DIRECTION('center_axis',(1.22464679914735E-16,-1.,0.));
#13477=DIRECTION('ref_axis',(0.,0.,1.));
#13478=DIRECTION('',(1.,1.22464679914735E-16,5.68857130712701E-14));
#13479=DIRECTION('',(-5.6843418860808E-14,-6.96131109604808E-30,1.));
#13480=DIRECTION('',(1.,1.22464679914735E-16,5.68857130712668E-14));
#13481=DIRECTION('center_axis',(5.68857130712668E-14,6.96649064299416E-30,
-1.));
#13482=DIRECTION('ref_axis',(1.,1.22464679914735E-16,5.68857130712668E-14));
#13483=DIRECTION('',(1.22464679914735E-16,-1.,0.));
#13484=DIRECTION('',(1.,1.22464679914735E-16,5.68857130712668E-14));
#13485=DIRECTION('',(1.22464679914735E-16,-1.,0.));
#13486=DIRECTION('',(1.,1.22464679914735E-16,5.6843418860808E-14));
#13487=DIRECTION('',(1.,1.22464679914735E-16,5.68857130712668E-14));
#13488=DIRECTION('',(1.22464679914735E-16,-1.,0.));
#13489=DIRECTION('',(1.,1.22464679914735E-16,4.97379915032491E-14));
#13490=DIRECTION('',(1.22464679914735E-16,-1.,0.));
#13491=DIRECTION('',(1.,1.22464679914735E-16,5.68857130712668E-14));
#13492=DIRECTION('center_axis',(-1.,-1.22464679914735E-16,-5.6843418860808E-14));
#13493=DIRECTION('ref_axis',(5.6843418860808E-14,6.96131109604808E-30,-1.));
#13494=DIRECTION('',(1.22464679914735E-16,-1.,0.));
#13495=DIRECTION('',(5.6843418860808E-14,6.96131109604808E-30,-1.));
#13496=DIRECTION('center_axis',(1.,1.22464679914735E-16,4.9737991503207E-14));
#13497=DIRECTION('ref_axis',(-4.9737991503207E-14,-6.09114720904207E-30,
1.));
#13498=DIRECTION('',(-1.22464679914735E-16,1.,0.));
#13499=DIRECTION('',(4.9737991503207E-14,6.09114720904207E-30,-1.));
#13500=DIRECTION('',(4.9737991503207E-14,6.09114720904207E-30,-1.));
#13501=DIRECTION('center_axis',(1.22464679914735E-16,-1.,0.));
#13502=DIRECTION('ref_axis',(0.,0.,1.));
#13503=DIRECTION('',(4.9737991503207E-14,6.09114720904207E-30,-1.));
#13504=DIRECTION('',(-1.,-1.22464679914735E-16,-5.68857130712701E-14));
#13505=DIRECTION('center_axis',(1.22464679914735E-16,-1.,0.));
#13506=DIRECTION('ref_axis',(0.,0.,1.));
#13507=DIRECTION('',(-1.,-1.22464679914735E-16,-5.68857130712701E-14));
#13508=DIRECTION('',(-5.6843418860808E-14,-6.96131109604808E-30,1.));
#13509=DIRECTION('center_axis',(-1.,-1.22464679914735E-16,-4.9737991503207E-14));
#13510=DIRECTION('ref_axis',(4.9737991503207E-14,6.09114720904207E-30,-1.));
#13511=DIRECTION('',(4.9737991503207E-14,6.09114720904207E-30,-1.));
#13512=DIRECTION('',(1.22464679914735E-16,-1.,0.));
#13513=DIRECTION('center_axis',(1.22464679914735E-16,-1.,0.));
#13514=DIRECTION('ref_axis',(0.,0.,1.));
#13515=DIRECTION('',(-1.,-1.22464679914735E-16,-4.97379915032049E-14));
#13516=DIRECTION('center_axis',(1.,1.22464679914735E-16,5.6843418860808E-14));
#13517=DIRECTION('ref_axis',(-5.6843418860808E-14,-6.96131109604808E-30,
1.));
#13518=DIRECTION('',(1.22464679914735E-16,-1.,0.));
#13519=DIRECTION('',(-5.6843418860808E-14,-6.96131109604808E-30,1.));
#13520=DIRECTION('center_axis',(1.22464679914735E-16,-1.,0.));
#13521=DIRECTION('ref_axis',(0.,0.,1.));
#13522=DIRECTION('',(-1.,-1.22464679914735E-16,-5.6843418860808E-14));
#13523=DIRECTION('center_axis',(-5.68857130712701E-14,-6.96649064299457E-30,
1.));
#13524=DIRECTION('ref_axis',(-1.,-1.22464679914735E-16,-5.68857130712701E-14));
#13525=DIRECTION('',(-1.,-1.22464679914735E-16,-5.68857130712701E-14));
#13526=DIRECTION('center_axis',(1.22464679914735E-16,-1.,0.));
#13527=DIRECTION('ref_axis',(0.,0.,1.));
#13528=DIRECTION('center_axis',(1.,1.22464679914735E-16,4.9737991503207E-14));
#13529=DIRECTION('ref_axis',(-4.9737991503207E-14,-6.09114720904207E-30,
1.));
#13530=DIRECTION('',(4.9737991503207E-14,6.09114720904207E-30,-1.));
#13531=DIRECTION('',(-1.22464679914735E-16,1.,0.));
#13532=DIRECTION('',(-4.9737991503207E-14,-6.09114720904207E-30,1.));
#13533=DIRECTION('',(1.22464679914735E-16,-1.,0.));
#13534=DIRECTION('center_axis',(1.22464679914735E-16,-1.,0.));
#13535=DIRECTION('ref_axis',(0.,0.,1.));
#13536=DIRECTION('',(1.,1.22464679914735E-16,5.68857130712701E-14));
#13537=DIRECTION('',(4.9737991503207E-14,6.09114720904207E-30,-1.));
#13538=DIRECTION('',(-1.,-1.22464679914735E-16,-5.68857130712701E-14));
#13539=DIRECTION('center_axis',(-1.,-1.22464679914735E-16,-5.6843418860808E-14));
#13540=DIRECTION('ref_axis',(5.6843418860808E-14,6.96131109604808E-30,-1.));
#13541=DIRECTION('',(-5.6843418860808E-14,-6.96131109604808E-30,1.));
#13542=DIRECTION('',(-1.22464679914735E-16,1.,0.));
#13543=DIRECTION('',(5.6843418860808E-14,6.96131109604808E-30,-1.));
#13544=DIRECTION('',(1.22464679914735E-16,-1.,0.));
#13545=DIRECTION('center_axis',(1.22464679914735E-16,-1.,0.));
#13546=DIRECTION('ref_axis',(0.,0.,1.));
#13547=DIRECTION('',(-1.,-1.22464679914735E-16,-5.68857130712701E-14));
#13548=DIRECTION('',(-5.6843418860808E-14,-6.96131109604808E-30,1.));
#13549=DIRECTION('',(1.,1.22464679914735E-16,5.68857130712701E-14));
#13550=DIRECTION('center_axis',(5.68857130712701E-14,6.96649064299457E-30,
-1.));
#13551=DIRECTION('ref_axis',(1.,1.22464679914735E-16,5.68857130712701E-14));
#13552=DIRECTION('',(1.,1.22464679914735E-16,5.68857130712701E-14));
#13553=DIRECTION('',(1.22464679914735E-16,-1.,0.));
#13554=DIRECTION('',(1.,1.22464679914735E-16,5.6843418860808E-14));
#13555=DIRECTION('',(1.22464679914735E-16,-1.,0.));
#13556=DIRECTION('',(1.,1.22464679914735E-16,5.68857130712701E-14));
#13557=DIRECTION('',(1.22464679914735E-16,-1.,0.));
#13558=DIRECTION('',(1.,1.22464679914735E-16,4.97379915032049E-14));
#13559=DIRECTION('',(1.22464679914735E-16,-1.,0.));
#13560=DIRECTION('center_axis',(-1.,-1.22464679914735E-16,-4.9737991503207E-14));
#13561=DIRECTION('ref_axis',(4.9737991503207E-14,6.09114720904207E-30,-1.));
#13562=DIRECTION('',(4.9737991503207E-14,6.09114720904207E-30,-1.));
#13563=DIRECTION('',(1.22464679914735E-16,-1.,0.));
#13564=DIRECTION('center_axis',(1.22464679914735E-16,-1.,0.));
#13565=DIRECTION('ref_axis',(0.,0.,1.));
#13566=DIRECTION('',(4.9737991503207E-14,6.09114720904207E-30,-1.));
#13567=DIRECTION('',(-1.,-1.22464679914735E-16,-4.97379915032049E-14));
#13568=DIRECTION('center_axis',(1.,1.22464679914735E-16,5.6843418860808E-14));
#13569=DIRECTION('ref_axis',(-5.6843418860808E-14,-6.96131109604808E-30,
1.));
#13570=DIRECTION('',(1.22464679914735E-16,-1.,0.));
#13571=DIRECTION('',(-5.6843418860808E-14,-6.96131109604808E-30,1.));
#13572=DIRECTION('center_axis',(1.22464679914735E-16,-1.,0.));
#13573=DIRECTION('ref_axis',(0.,0.,1.));
#13574=DIRECTION('',(-5.6843418860808E-14,-6.96131109604808E-30,1.));
#13575=DIRECTION('',(-1.,-1.22464679914735E-16,-5.6843418860808E-14));
#13576=DIRECTION('center_axis',(1.22464679914735E-16,-1.,0.));
#13577=DIRECTION('ref_axis',(0.,0.,1.));
#13578=DIRECTION('',(-1.,-1.22464679914735E-16,-5.68857130712701E-14));
#13579=DIRECTION('center_axis',(-1.,-1.22464679914735E-16,-4.9737991503207E-14));
#13580=DIRECTION('ref_axis',(4.9737991503207E-14,6.09114720904207E-30,-1.));
#13581=DIRECTION('',(4.9737991503207E-14,6.09114720904207E-30,-1.));
#13582=DIRECTION('',(1.22464679914735E-16,-1.,0.));
#13583=DIRECTION('center_axis',(-5.68857130712701E-14,-6.96649064299457E-30,
1.));
#13584=DIRECTION('ref_axis',(-1.,-1.22464679914735E-16,-5.68857130712701E-14));
#13585=DIRECTION('',(-1.,-1.22464679914735E-16,-5.68857130712701E-14));
#13586=DIRECTION('',(1.22464679914735E-16,-1.,0.));
#13587=DIRECTION('center_axis',(1.,1.22464679914735E-16,5.6843418860808E-14));
#13588=DIRECTION('ref_axis',(-5.6843418860808E-14,-6.96131109604808E-30,
1.));
#13589=DIRECTION('',(-5.6843418860808E-14,-6.96131109604808E-30,1.));
#13590=DIRECTION('center_axis',(1.22464679914735E-16,-1.,0.));
#13591=DIRECTION('ref_axis',(0.,0.,1.));
#13592=DIRECTION('center_axis',(1.22464679914735E-16,-1.,0.));
#13593=DIRECTION('ref_axis',(-1.,-1.22464679914735E-16,0.));
#13594=DIRECTION('center_axis',(1.22464679914735E-16,-1.,0.));
#13595=DIRECTION('ref_axis',(-1.,-1.22464679914735E-16,0.));
#13596=DIRECTION('',(1.22464679914735E-16,-1.,0.));
#13597=DIRECTION('center_axis',(-1.22464679914735E-16,1.,0.));
#13598=DIRECTION('ref_axis',(-1.,-1.22464679914735E-16,0.));
#13599=DIRECTION('center_axis',(1.22464679914735E-16,-1.,0.));
#13600=DIRECTION('ref_axis',(-1.,-1.22464679914735E-16,0.));
#13601=DIRECTION('center_axis',(1.22464679914735E-16,-1.,0.));
#13602=DIRECTION('ref_axis',(-1.,-1.22464679914735E-16,0.));
#13603=DIRECTION('',(1.22464679914735E-16,-1.,0.));
#13604=DIRECTION('center_axis',(-1.22464679914735E-16,1.,0.));
#13605=DIRECTION('ref_axis',(-1.,-1.22464679914735E-16,0.));
#13606=DIRECTION('center_axis',(1.22464679914735E-16,-1.,0.));
#13607=DIRECTION('ref_axis',(-1.,-1.22464679914735E-16,0.));
#13608=DIRECTION('center_axis',(1.22464679914735E-16,-1.,0.));
#13609=DIRECTION('ref_axis',(-1.,-1.22464679914735E-16,0.));
#13610=DIRECTION('',(1.22464679914735E-16,-1.,0.));
#13611=DIRECTION('center_axis',(-1.22464679914735E-16,1.,0.));
#13612=DIRECTION('ref_axis',(-1.,-1.22464679914735E-16,0.));
#13613=DIRECTION('center_axis',(1.22464679914735E-16,-1.,0.));
#13614=DIRECTION('ref_axis',(-1.,-1.22464679914735E-16,0.));
#13615=DIRECTION('center_axis',(1.22464679914735E-16,-1.,0.));
#13616=DIRECTION('ref_axis',(-1.,-1.22464679914735E-16,0.));
#13617=DIRECTION('',(1.22464679914735E-16,-1.,0.));
#13618=DIRECTION('center_axis',(-1.22464679914735E-16,1.,0.));
#13619=DIRECTION('ref_axis',(-1.,-1.22464679914735E-16,0.));
#13620=DIRECTION('center_axis',(1.,1.22464679914735E-16,5.6843418860808E-14));
#13621=DIRECTION('ref_axis',(-5.6843418860808E-14,-6.96131109604808E-30,
1.));
#13622=DIRECTION('',(5.6843418860808E-14,6.96131109604808E-30,-1.));
#13623=DIRECTION('',(-1.22464679914735E-16,1.,0.));
#13624=DIRECTION('',(-5.6843418860808E-14,-6.96131109604808E-30,1.));
#13625=DIRECTION('',(1.22464679914735E-16,-1.,0.));
#13626=DIRECTION('center_axis',(-1.22464679914735E-16,1.,0.));
#13627=DIRECTION('ref_axis',(-1.,-1.22464679914735E-16,0.));
#13628=DIRECTION('',(-1.,-1.22464679914735E-16,-5.6843418860823E-14));
#13629=DIRECTION('',(-5.6843418860808E-14,-6.96131109604808E-30,1.));
#13630=DIRECTION('center_axis',(-1.22464679914735E-16,1.,0.));
#13631=DIRECTION('ref_axis',(0.20317127171579,2.48813047585439E-17,-0.979143214422379));
#13632=DIRECTION('',(5.6843418860808E-14,6.96131109604808E-30,-1.));
#13633=DIRECTION('',(1.,1.22464679914735E-16,5.6843418860808E-14));
#13634=DIRECTION('',(-5.6843418860808E-14,-6.96131109604808E-30,1.));
#13635=DIRECTION('',(1.,1.22464679914735E-16,5.68434188607911E-14));
#13636=DIRECTION('center_axis',(5.6843418860823E-14,6.96131109604991E-30,
-1.));
#13637=DIRECTION('ref_axis',(1.,1.22464679914735E-16,5.6843418860823E-14));
#13638=DIRECTION('',(1.,1.22464679914735E-16,5.6843418860823E-14));
#13639=DIRECTION('',(1.22464679914735E-16,-1.,0.));
#13640=DIRECTION('center_axis',(-1.,-1.22464679914735E-16,-5.6843418860808E-14));
#13641=DIRECTION('ref_axis',(5.6843418860808E-14,6.96131109604808E-30,-1.));
#13642=DIRECTION('',(5.6843418860808E-14,6.96131109604808E-30,-1.));
#13643=DIRECTION('',(1.22464679914735E-16,-1.,0.));
#13644=DIRECTION('',(5.6843418860808E-14,6.96131109604808E-30,-1.));
#13645=DIRECTION('',(-1.22464679914735E-16,1.,0.));
#13646=DIRECTION('center_axis',(1.22464679914735E-16,-1.,0.));
#13647=DIRECTION('ref_axis',(0.20317127171579,2.48813047585439E-17,-0.979143214422379));
#13648=DIRECTION('',(1.22464679914735E-16,-1.,0.));
#13649=DIRECTION('center_axis',(-1.22464679914735E-16,1.,0.));
#13650=DIRECTION('ref_axis',(0.20317127171579,2.48813047585439E-17,-0.979143214422379));
#13651=DIRECTION('',(1.22464679914735E-16,-1.,0.));
#13652=DIRECTION('center_axis',(-1.22464679914735E-16,1.,0.));
#13653=DIRECTION('ref_axis',(-1.,-1.22464679914735E-16,0.));
#13654=DIRECTION('center_axis',(-1.22464679914735E-16,1.,0.));
#13655=DIRECTION('ref_axis',(0.20317127171579,2.48813047585439E-17,-0.979143214422379));
#13656=DIRECTION('',(-5.6843418860808E-14,-6.96131109604808E-30,1.));
#13657=DIRECTION('',(-1.,-1.22464679914735E-16,-5.68434188607911E-14));
#13658=DIRECTION('',(-5.6843418860808E-14,-6.96131109604808E-30,1.));
#13659=DIRECTION('',(1.,1.22464679914735E-16,5.6843418860808E-14));
#13660=DIRECTION('center_axis',(1.22464679914735E-16,-1.,0.));
#13661=DIRECTION('ref_axis',(0.20317127171579,2.48813047585439E-17,-0.979143214422379));
#13662=DIRECTION('center_axis',(-1.22464679914735E-16,1.,0.));
#13663=DIRECTION('ref_axis',(0.20317127171579,2.48813047585439E-17,-0.979143214422379));
#13664=DIRECTION('',(1.22464679914735E-16,-1.,0.));
#13665=DIRECTION('center_axis',(-1.,-1.22464679914735E-16,-5.6843418860808E-14));
#13666=DIRECTION('ref_axis',(5.6843418860808E-14,6.96131109604808E-30,-1.));
#13667=DIRECTION('',(-5.6843418860808E-14,-6.96131109604808E-30,1.));
#13668=DIRECTION('',(1.22464679914735E-16,-1.,0.));
#13669=DIRECTION('center_axis',(-1.22464679914735E-16,1.,0.));
#13670=DIRECTION('ref_axis',(-1.,-1.22464679914735E-16,0.));
#13671=DIRECTION('',(1.,1.22464679914735E-16,5.6843418860808E-14));
#13672=DIRECTION('',(-5.6843418860808E-14,-6.96131109604808E-30,1.));
#13673=DIRECTION('center_axis',(5.6843418860808E-14,6.96131109604808E-30,
-1.));
#13674=DIRECTION('ref_axis',(1.,1.22464679914735E-16,5.6843418860808E-14));
#13675=DIRECTION('',(-1.,-1.22464679914735E-16,-5.6843418860808E-14));
#13676=DIRECTION('',(1.22464679914735E-16,-1.,0.));
#13677=DIRECTION('center_axis',(-5.68434188607911E-14,-6.961311096046E-30,
1.));
#13678=DIRECTION('ref_axis',(-1.,-1.22464679914735E-16,-5.68434188607911E-14));
#13679=DIRECTION('',(-1.22464679914735E-16,1.,0.));
#13680=DIRECTION('center_axis',(-1.22464679914735E-16,1.,0.));
#13681=DIRECTION('ref_axis',(-1.,-1.22464679914735E-16,0.));
#13682=DIRECTION('',(5.6843418860808E-14,6.96131109604808E-30,-1.));
#13683=DIRECTION('center_axis',(5.6843418860808E-14,6.96131109604808E-30,
-1.));
#13684=DIRECTION('ref_axis',(1.,1.22464679914735E-16,5.6843418860808E-14));
#13685=DIRECTION('',(1.22464679914735E-16,-1.,0.));
#13686=DIRECTION('center_axis',(1.,1.22464679914735E-16,5.6843418860808E-14));
#13687=DIRECTION('ref_axis',(-5.6843418860808E-14,-6.96131109604808E-30,
1.));
#13688=DIRECTION('center_axis',(-1.,0.,0.));
#13689=DIRECTION('ref_axis',(0.,-1.,0.));
#13690=DIRECTION('',(0.,1.,0.));
#13691=DIRECTION('',(0.,0.,1.));
#13692=DIRECTION('',(0.,-1.,0.));
#13693=DIRECTION('',(0.,0.,1.));
#13694=DIRECTION('center_axis',(0.,1.,0.));
#13695=DIRECTION('ref_axis',(-1.,0.,0.));
#13696=DIRECTION('',(-1.,0.,0.));
#13697=DIRECTION('',(-1.,0.,0.));
#13698=DIRECTION('',(0.,0.,1.));
#13699=DIRECTION('center_axis',(1.,0.,0.));
#13700=DIRECTION('ref_axis',(0.,1.,0.));
#13701=DIRECTION('',(0.,1.,0.));
#13702=DIRECTION('',(0.,1.,0.));
#13703=DIRECTION('',(0.,0.,1.));
#13704=DIRECTION('center_axis',(0.,-1.,0.));
#13705=DIRECTION('ref_axis',(1.,0.,0.));
#13706=DIRECTION('',(1.,0.,0.));
#13707=DIRECTION('',(1.,0.,0.));
#13708=DIRECTION('center_axis',(0.,0.,1.));
#13709=DIRECTION('ref_axis',(1.,0.,0.));
#13710=DIRECTION('center_axis',(0.,0.,1.));
#13711=DIRECTION('ref_axis',(-1.,0.,0.));
#13712=DIRECTION('center_axis',(0.,1.,0.));
#13713=DIRECTION('ref_axis',(0.,0.,1.));
#13714=DIRECTION('',(0.,0.,-1.));
#13715=DIRECTION('',(1.,0.,0.));
#13716=DIRECTION('',(0.,0.,1.));
#13717=DIRECTION('',(-1.,0.,0.));
#13718=DIRECTION('center_axis',(0.,0.,1.));
#13719=DIRECTION('ref_axis',(1.,0.,0.));
#13720=DIRECTION('',(0.,1.,0.));
#13721=DIRECTION('',(1.,0.,0.));
#13722=DIRECTION('',(0.,1.,0.));
#13723=DIRECTION('center_axis',(1.,0.,0.));
#13724=DIRECTION('ref_axis',(0.,0.,-1.));
#13725=DIRECTION('',(0.,1.,0.));
#13726=DIRECTION('',(0.,0.,-1.));
#13727=DIRECTION('center_axis',(-1.,0.,0.));
#13728=DIRECTION('ref_axis',(0.,0.,1.));
#13729=DIRECTION('',(0.,0.,1.));
#13730=DIRECTION('',(0.,1.,0.));
#13731=DIRECTION('center_axis',(0.,0.,-1.));
#13732=DIRECTION('ref_axis',(-1.,0.,0.));
#13733=DIRECTION('',(-1.,0.,0.));
#13734=DIRECTION('center_axis',(0.,1.,0.));
#13735=DIRECTION('ref_axis',(0.,0.,1.));
#13736=DIRECTION('center_axis',(0.,1.,0.));
#13737=DIRECTION('ref_axis',(0.,0.,1.));
#13738=DIRECTION('',(0.,0.,-1.));
#13739=DIRECTION('',(1.,0.,0.));
#13740=DIRECTION('',(0.,0.,1.));
#13741=DIRECTION('',(-1.,0.,0.));
#13742=DIRECTION('center_axis',(0.,0.,1.));
#13743=DIRECTION('ref_axis',(1.,0.,0.));
#13744=DIRECTION('',(0.,1.,0.));
#13745=DIRECTION('',(1.,0.,0.));
#13746=DIRECTION('',(0.,1.,0.));
#13747=DIRECTION('center_axis',(1.,0.,0.));
#13748=DIRECTION('ref_axis',(0.,0.,-1.));
#13749=DIRECTION('',(0.,1.,0.));
#13750=DIRECTION('',(0.,0.,-1.));
#13751=DIRECTION('center_axis',(-1.,0.,0.));
#13752=DIRECTION('ref_axis',(0.,0.,1.));
#13753=DIRECTION('',(0.,0.,1.));
#13754=DIRECTION('',(0.,1.,0.));
#13755=DIRECTION('center_axis',(0.,0.,-1.));
#13756=DIRECTION('ref_axis',(-1.,0.,0.));
#13757=DIRECTION('',(-1.,0.,0.));
#13758=DIRECTION('center_axis',(0.,1.,0.));
#13759=DIRECTION('ref_axis',(0.,0.,1.));
#13760=DIRECTION('center_axis',(0.,1.,0.));
#13761=DIRECTION('ref_axis',(0.,0.,1.));
#13762=DIRECTION('',(0.,0.,1.));
#13763=DIRECTION('',(-1.,0.,0.));
#13764=DIRECTION('',(0.,0.,-1.));
#13765=DIRECTION('',(1.,0.,0.));
#13766=DIRECTION('center_axis',(0.,0.,-1.));
#13767=DIRECTION('ref_axis',(-1.,0.,0.));
#13768=DIRECTION('',(0.,1.,0.));
#13769=DIRECTION('',(-1.,0.,0.));
#13770=DIRECTION('',(0.,1.,0.));
#13771=DIRECTION('center_axis',(-1.,0.,0.));
#13772=DIRECTION('ref_axis',(0.,0.,1.));
#13773=DIRECTION('',(0.,1.,0.));
#13774=DIRECTION('',(0.,0.,1.));
#13775=DIRECTION('center_axis',(1.,0.,0.));
#13776=DIRECTION('ref_axis',(0.,0.,-1.));
#13777=DIRECTION('',(0.,0.,-1.));
#13778=DIRECTION('',(0.,1.,0.));
#13779=DIRECTION('center_axis',(0.,0.,1.));
#13780=DIRECTION('ref_axis',(1.,0.,0.));
#13781=DIRECTION('',(1.,0.,0.));
#13782=DIRECTION('center_axis',(0.,1.,0.));
#13783=DIRECTION('ref_axis',(0.,0.,1.));
#13784=DIRECTION('center_axis',(0.,1.,0.));
#13785=DIRECTION('ref_axis',(0.,0.,1.));
#13786=DIRECTION('',(0.,0.,1.));
#13787=DIRECTION('',(-1.,0.,0.));
#13788=DIRECTION('',(0.,0.,-1.));
#13789=DIRECTION('',(1.,0.,0.));
#13790=DIRECTION('center_axis',(0.,0.,-1.));
#13791=DIRECTION('ref_axis',(-1.,0.,0.));
#13792=DIRECTION('',(0.,1.,0.));
#13793=DIRECTION('',(-1.,0.,0.));
#13794=DIRECTION('',(0.,1.,0.));
#13795=DIRECTION('center_axis',(-1.,0.,0.));
#13796=DIRECTION('ref_axis',(0.,0.,1.));
#13797=DIRECTION('',(0.,1.,0.));
#13798=DIRECTION('',(0.,0.,1.));
#13799=DIRECTION('center_axis',(1.,0.,0.));
#13800=DIRECTION('ref_axis',(0.,0.,-1.));
#13801=DIRECTION('',(0.,0.,-1.));
#13802=DIRECTION('',(0.,1.,0.));
#13803=DIRECTION('center_axis',(0.,0.,1.));
#13804=DIRECTION('ref_axis',(1.,0.,0.));
#13805=DIRECTION('',(1.,0.,0.));
#13806=DIRECTION('center_axis',(0.,1.,0.));
#13807=DIRECTION('ref_axis',(0.,0.,1.));
#13808=CARTESIAN_POINT('',(0.,0.,0.));
#13809=CARTESIAN_POINT('Origin',(1100.,0.,0.));
#13810=CARTESIAN_POINT('',(1080.,0.,1000.));
#13811=CARTESIAN_POINT('',(1100.,0.,0.));
#13812=CARTESIAN_POINT('',(1080.,0.,1000.));
#13813=CARTESIAN_POINT('',(1080.,300.,1000.));
#13814=CARTESIAN_POINT('',(1080.,0.,1000.));
#13815=CARTESIAN_POINT('',(1100.,300.,0.));
#13816=CARTESIAN_POINT('',(1080.,300.,1000.));
#13817=CARTESIAN_POINT('',(1100.,0.,0.));
#13818=CARTESIAN_POINT('Origin',(0.,0.,0.));
#13819=CARTESIAN_POINT('',(0.,0.,0.));
#13820=CARTESIAN_POINT('',(-500.,0.,0.));
#13821=CARTESIAN_POINT('',(0.,300.,0.));
#13822=CARTESIAN_POINT('',(-500.,300.,0.));
#13823=CARTESIAN_POINT('',(0.,0.,0.));
#13824=CARTESIAN_POINT('Origin',(0.,0.,2300.));
#13825=CARTESIAN_POINT('',(0.,0.,2300.));
#13826=CARTESIAN_POINT('',(0.,0.,0.));
#13827=CARTESIAN_POINT('',(0.,300.,2300.));
#13828=CARTESIAN_POINT('',(0.,300.,0.));
#13829=CARTESIAN_POINT('',(0.,0.,2300.));
#13830=CARTESIAN_POINT('Origin',(-500.,0.,2300.));
#13831=CARTESIAN_POINT('',(-500.,0.,2300.));
#13832=CARTESIAN_POINT('',(0.,0.,2300.));
#13833=CARTESIAN_POINT('',(-500.,300.,2300.));
#13834=CARTESIAN_POINT('',(0.,300.,2300.));
#13835=CARTESIAN_POINT('',(-500.,0.,2300.));
#13836=CARTESIAN_POINT('Origin',(-500.,0.,-100.));
#13837=CARTESIAN_POINT('',(-500.,0.,-100.));
#13838=CARTESIAN_POINT('',(-500.,0.,-100.));
#13839=CARTESIAN_POINT('',(-500.,300.,-100.));
#13840=CARTESIAN_POINT('',(-500.,300.,-100.));
#13841=CARTESIAN_POINT('',(-500.,0.,-100.));
#13842=CARTESIAN_POINT('Origin',(3080.,0.,-100.));
#13843=CARTESIAN_POINT('',(3080.,0.,-100.));
#13844=CARTESIAN_POINT('',(3080.,0.,-100.));
#13845=CARTESIAN_POINT('',(3080.,300.,-100.));
#13846=CARTESIAN_POINT('',(3080.,300.,-100.));
#13847=CARTESIAN_POINT('',(3080.,0.,-100.));
#13848=CARTESIAN_POINT('Origin',(3080.,0.,1000.));
#13849=CARTESIAN_POINT('',(3080.,0.,1000.));
#13850=CARTESIAN_POINT('',(3080.,0.,1000.));
#13851=CARTESIAN_POINT('',(3080.,300.,1000.));
#13852=CARTESIAN_POINT('',(3080.,300.,1000.));
#13853=CARTESIAN_POINT('',(3080.,0.,1000.));
#13854=CARTESIAN_POINT('Origin',(1080.,0.,1000.));
#13855=CARTESIAN_POINT('',(1080.,0.,1000.));
#13856=CARTESIAN_POINT('',(1080.,300.,1000.));
#13857=CARTESIAN_POINT('Origin',(1290.,300.,1100.));
#13858=CARTESIAN_POINT('Origin',(1290.,0.,1100.));
#13859=CARTESIAN_POINT('Origin',(20.,0.,510.));
#13860=CARTESIAN_POINT('',(45.,0.,1000.));
#13861=CARTESIAN_POINT('',(45.,0.,20.));
#13862=CARTESIAN_POINT('',(45.,0.,20.));
#13863=CARTESIAN_POINT('',(0.,0.,1000.));
#13864=CARTESIAN_POINT('',(40.,0.,1000.));
#13865=CARTESIAN_POINT('',(0.,0.,20.));
#13866=CARTESIAN_POINT('',(0.,0.,1000.));
#13867=CARTESIAN_POINT('',(0.,0.,20.));
#13868=CARTESIAN_POINT('Origin',(20.,180.,510.));
#13869=CARTESIAN_POINT('',(45.,180.,20.));
#13870=CARTESIAN_POINT('',(45.,180.,1000.));
#13871=CARTESIAN_POINT('',(45.,180.,20.));
#13872=CARTESIAN_POINT('',(0.,180.,20.));
#13873=CARTESIAN_POINT('',(40.,180.,20.));
#13874=CARTESIAN_POINT('',(0.,180.,1000.));
#13875=CARTESIAN_POINT('',(0.,180.,1000.));
#13876=CARTESIAN_POINT('',(40.,180.,1000.));
#13877=CARTESIAN_POINT('Origin',(45.,0.,1000.));
#13878=CARTESIAN_POINT('',(45.,0.,1000.));
#13879=CARTESIAN_POINT('',(45.,0.,20.));
#13880=CARTESIAN_POINT('Origin',(40.,0.,20.));
#13881=CARTESIAN_POINT('',(0.,0.,20.));
#13882=CARTESIAN_POINT('Origin',(0.,0.,1000.));
#13883=CARTESIAN_POINT('',(0.,0.,1000.));
#13884=CARTESIAN_POINT('Origin',(0.,0.,20.));
#13885=CARTESIAN_POINT('Origin',(1079.6,0.,510.));
#13886=CARTESIAN_POINT('',(1054.6,0.,20.));
#13887=CARTESIAN_POINT('',(1054.6,0.,1000.));
#13888=CARTESIAN_POINT('',(1054.6,0.,20.));
#13889=CARTESIAN_POINT('',(1099.6,0.,20.));
#13890=CARTESIAN_POINT('',(1099.6,0.,20.));
#13891=CARTESIAN_POINT('',(1080.,0.,1000.));
#13892=CARTESIAN_POINT('',(1080.,0.,1000.));
#13893=CARTESIAN_POINT('',(1059.6,0.,1000.));
#13894=CARTESIAN_POINT('Origin',(1079.6,180.,510.));
#13895=CARTESIAN_POINT('',(1054.6,180.,1000.));
#13896=CARTESIAN_POINT('',(1054.6,180.,20.));
#13897=CARTESIAN_POINT('',(1054.6,180.,20.));
#13898=CARTESIAN_POINT('',(1080.,180.,1000.));
#13899=CARTESIAN_POINT('',(1059.6,180.,1000.));
#13900=CARTESIAN_POINT('',(1099.6,180.,20.));
#13901=CARTESIAN_POINT('',(1080.,180.,1000.));
#13902=CARTESIAN_POINT('',(1099.6,180.,20.));
#13903=CARTESIAN_POINT('Origin',(1054.6,0.,20.));
#13904=CARTESIAN_POINT('',(1054.6,0.,1000.));
#13905=CARTESIAN_POINT('',(1054.6,0.,20.));
#13906=CARTESIAN_POINT('Origin',(1099.6,0.,20.));
#13907=CARTESIAN_POINT('',(1099.6,0.,20.));
#13908=CARTESIAN_POINT('Origin',(1080.,0.,1000.));
#13909=CARTESIAN_POINT('',(1080.,0.,1000.));
#13910=CARTESIAN_POINT('Origin',(1059.6,0.,1000.));
#13911=CARTESIAN_POINT('Origin',(592.600000000049,76.,959.595151993865));
#13912=CARTESIAN_POINT('',(586.600000000048,96.,959.595151993865));
#13913=CARTESIAN_POINT('Origin',(592.600000000049,96.,959.595151993865));
#13914=CARTESIAN_POINT('',(586.600000000048,106.,959.595151993865));
#13915=CARTESIAN_POINT('',(586.600000000048,76.,959.595151993865));
#13916=CARTESIAN_POINT('Origin',(592.600000000049,106.,959.595151993865));
#13917=CARTESIAN_POINT('Origin',(592.600000000049,76.,959.595151993865));
#13918=CARTESIAN_POINT('',(586.600000000048,76.,959.595151993865));
#13919=CARTESIAN_POINT('Origin',(592.600000000049,76.,959.595151993865));
#13920=CARTESIAN_POINT('',(586.600000000048,86.,959.595151993865));
#13921=CARTESIAN_POINT('',(586.600000000048,76.,959.595151993865));
#13922=CARTESIAN_POINT('Origin',(592.600000000049,86.,959.595151993865));
#13923=CARTESIAN_POINT('Origin',(591.960393603945,76.,140.639606396083));
#13924=CARTESIAN_POINT('',(585.960393603945,96.,140.639606396083));
#13925=CARTESIAN_POINT('Origin',(591.960393603945,96.,140.639606396083));
#13926=CARTESIAN_POINT('',(585.960393603945,106.,140.639606396083));
#13927=CARTESIAN_POINT('',(585.960393603945,76.,140.639606396083));
#13928=CARTESIAN_POINT('Origin',(591.960393603945,106.,140.639606396083));
#13929=CARTESIAN_POINT('Origin',(591.960393603945,76.,140.639606396083));
#13930=CARTESIAN_POINT('',(585.960393603945,76.,140.639606396083));
#13931=CARTESIAN_POINT('Origin',(591.960393603945,76.,140.639606396083));
#13932=CARTESIAN_POINT('',(585.960393603945,86.,140.639606396083));
#13933=CARTESIAN_POINT('',(585.960393603945,76.,140.639606396083));
#13934=CARTESIAN_POINT('Origin',(591.960393603945,86.,140.639606396083));
#13935=CARTESIAN_POINT('Origin',(612.600000000005,76.,180.000000000025));
#13936=CARTESIAN_POINT('',(612.600000000047,86.,919.595151993864));
#13937=CARTESIAN_POINT('',(612.600000000005,86.,180.000000000025));
#13938=CARTESIAN_POINT('',(612.600000000016,86.,379.486727389325));
#13939=CARTESIAN_POINT('',(612.600000000005,96.,180.000000000025));
#13940=CARTESIAN_POINT('',(612.600000000005,76.,180.000000000025));
#13941=CARTESIAN_POINT('',(612.600000000047,96.,919.595151993864));
#13942=CARTESIAN_POINT('',(612.6,96.,100.000000000025));
#13943=CARTESIAN_POINT('',(612.600000000047,76.,919.595151993864));
#13944=CARTESIAN_POINT('Origin',(592.600000000048,86.,954.595151993865));
#13945=CARTESIAN_POINT('',(552.600000000047,86.,919.595151993867));
#13946=CARTESIAN_POINT('',(612.600000000036,86.,919.595151993864));
#13947=CARTESIAN_POINT('',(552.600000000051,86.,989.595151993867));
#13948=CARTESIAN_POINT('',(552.600000000051,86.,999.595151993867));
#13949=CARTESIAN_POINT('',(632.600000000074,86.,974.418140269691));
#13950=CARTESIAN_POINT('Origin',(1036.04185165845,86.,3319.44624078991));
#13951=CARTESIAN_POINT('',(632.6,86.,100.000000000024));
#13952=CARTESIAN_POINT('',(632.600000000081,86.,1100.00000000002));
#13953=CARTESIAN_POINT('',(552.6,86.,100.000000000028));
#13954=CARTESIAN_POINT('',(552.6,86.,100.000000000028));
#13955=CARTESIAN_POINT('',(552.600000000005,86.,180.000000000028));
#13956=CARTESIAN_POINT('',(552.600000000005,86.,180.000000000028));
#13957=CARTESIAN_POINT('',(572.60000000001,86.,180.000000000027));
#13958=CARTESIAN_POINT('Origin',(632.600000000026,76.,919.595151993863));
#13959=CARTESIAN_POINT('',(552.600000000047,96.,919.595151993867));
#13960=CARTESIAN_POINT('',(632.600000000026,96.,919.595151993863));
#13961=CARTESIAN_POINT('',(552.600000000047,76.,919.595151993867));
#13962=CARTESIAN_POINT('Origin',(632.60000000005,76.,984.783049478483));
#13963=CARTESIAN_POINT('',(632.60000000005,96.,974.418140269695));
#13964=CARTESIAN_POINT('',(632.6,96.,100.000000000024));
#13965=CARTESIAN_POINT('',(632.600000000039,96.,781.878252128553));
#13966=CARTESIAN_POINT('',(632.6,106.,100.000000000024));
#13967=CARTESIAN_POINT('',(632.6,76.,100.000000000024));
#13968=CARTESIAN_POINT('',(632.60000000005,106.,974.418140269695));
#13969=CARTESIAN_POINT('',(632.6,106.,100.000000000024));
#13970=CARTESIAN_POINT('',(632.60000000005,76.,974.418140269695));
#13971=CARTESIAN_POINT('Origin',(1036.04185165845,76.,3319.44624078991));
#13972=CARTESIAN_POINT('',(552.600000000051,76.,989.595151993867));
#13973=CARTESIAN_POINT('',(552.600000000051,76.,989.595151993867));
#13974=CARTESIAN_POINT('',(632.600000000074,76.,974.418140269691));
#13975=CARTESIAN_POINT('Origin',(1036.04185165845,76.,3319.44624078991));
#13976=CARTESIAN_POINT('',(632.600000000074,76.,974.418140269691));
#13977=CARTESIAN_POINT('Origin',(592.600000000048,96.,954.595151993865));
#13978=CARTESIAN_POINT('',(552.600000000051,96.,989.595151993867));
#13979=CARTESIAN_POINT('Origin',(1036.04185165845,96.,3319.44624078991));
#13980=CARTESIAN_POINT('',(552.600000000024,96.,527.297575996948));
#13981=CARTESIAN_POINT('',(552.600000000005,96.,180.000000000028));
#13982=CARTESIAN_POINT('',(552.600000000005,96.,180.000000000028));
#13983=CARTESIAN_POINT('',(552.6,96.,100.000000000028));
#13984=CARTESIAN_POINT('',(552.600000000001,96.,120.000000000028));
#13985=CARTESIAN_POINT('',(612.600000000006,96.,100.000000000025));
#13986=CARTESIAN_POINT('Origin',(1036.04185165845,76.,3319.44624078991));
#13987=CARTESIAN_POINT('',(552.600000000051,106.,989.595151993867));
#13988=CARTESIAN_POINT('Origin',(1036.04185165845,106.,3319.44624078991));
#13989=CARTESIAN_POINT('',(552.600000000051,76.,989.595151993867));
#13990=CARTESIAN_POINT('Origin',(632.60000000005,76.,984.783049478483));
#13991=CARTESIAN_POINT('',(632.6,76.,100.000000000024));
#13992=CARTESIAN_POINT('',(632.6,76.,100.000000000024));
#13993=CARTESIAN_POINT('',(632.6,76.,100.000000000024));
#13994=CARTESIAN_POINT('Origin',(592.600000000025,106.,549.797575996946));
#13995=CARTESIAN_POINT('',(552.6,106.,100.000000000028));
#13996=CARTESIAN_POINT('',(552.6,106.,100.000000000028));
#13997=CARTESIAN_POINT('',(552.600000000051,106.,999.595151993867));
#13998=CARTESIAN_POINT('Origin',(632.6,76.,100.000000000024));
#13999=CARTESIAN_POINT('',(552.6,76.,100.000000000028));
#14000=CARTESIAN_POINT('',(552.6,76.,100.000000000028));
#14001=CARTESIAN_POINT('',(552.6,76.,100.000000000028));
#14002=CARTESIAN_POINT('Origin',(552.600000000005,76.,180.000000000028));
#14003=CARTESIAN_POINT('',(552.600000000005,76.,180.000000000028));
#14004=CARTESIAN_POINT('Origin',(592.600000000025,76.,549.797575996946));
#14005=CARTESIAN_POINT('',(552.600000000005,76.,180.000000000028));
#14006=CARTESIAN_POINT('Origin',(632.6,76.,100.000000000024));
#14007=CARTESIAN_POINT('',(552.6,76.,100.000000000028));
#14008=CARTESIAN_POINT('Origin',(552.6,76.,100.000000000028));
#14009=CARTESIAN_POINT('Origin',(1008.60000000004,76.,910.000000000002));
#14010=CARTESIAN_POINT('',(1002.60000000004,96.,910.000000000002));
#14011=CARTESIAN_POINT('Origin',(1008.60000000004,96.,910.000000000002));
#14012=CARTESIAN_POINT('',(1002.60000000004,106.,910.000000000002));
#14013=CARTESIAN_POINT('',(1002.60000000004,76.,910.000000000002));
#14014=CARTESIAN_POINT('Origin',(1008.60000000004,106.,910.000000000002));
#14015=CARTESIAN_POINT('Origin',(1008.60000000004,76.,910.000000000002));
#14016=CARTESIAN_POINT('',(1002.60000000004,76.,910.000000000002));
#14017=CARTESIAN_POINT('Origin',(1008.60000000004,76.,910.000000000002));
#14018=CARTESIAN_POINT('',(1002.60000000004,86.,910.000000000002));
#14019=CARTESIAN_POINT('',(1002.60000000004,76.,910.000000000002));
#14020=CARTESIAN_POINT('Origin',(1008.60000000004,86.,910.000000000002));
#14021=CARTESIAN_POINT('Origin',(1008.60623312525,76.,139.293875954447));
#14022=CARTESIAN_POINT('',(1002.60623312525,96.,139.293875954447));
#14023=CARTESIAN_POINT('Origin',(1008.60623312525,96.,139.293875954447));
#14024=CARTESIAN_POINT('',(1002.60623312525,106.,139.293875954447));
#14025=CARTESIAN_POINT('',(1002.60623312525,76.,139.293875954447));
#14026=CARTESIAN_POINT('Origin',(1008.60623312525,106.,139.293875954447));
#14027=CARTESIAN_POINT('Origin',(1008.60623312525,76.,139.293875954447));
#14028=CARTESIAN_POINT('',(1002.60623312525,76.,139.293875954447));
#14029=CARTESIAN_POINT('Origin',(1008.60623312525,76.,139.293875954447));
#14030=CARTESIAN_POINT('',(1002.60623312525,86.,139.293875954447));
#14031=CARTESIAN_POINT('',(1002.60623312525,76.,139.293875954447));
#14032=CARTESIAN_POINT('Origin',(1008.60623312525,86.,139.293875954447));
#14033=CARTESIAN_POINT('Origin',(988.600000000047,76.,940.439853532779));
#14034=CARTESIAN_POINT('',(988.600000000004,86.,180.000000000003));
#14035=CARTESIAN_POINT('',(988.600000000043,86.,870.000000000003));
#14036=CARTESIAN_POINT('',(988.600000000037,86.,750.4506289654));
#14037=CARTESIAN_POINT('',(988.600000000043,96.,870.000000000003));
#14038=CARTESIAN_POINT('',(988.600000000043,76.,870.000000000003));
#14039=CARTESIAN_POINT('',(988.600000000004,96.,180.000000000003));
#14040=CARTESIAN_POINT('',(988.6,96.,100.000000000003));
#14041=CARTESIAN_POINT('',(988.600000000004,76.,180.000000000003));
#14042=CARTESIAN_POINT('Origin',(968.599999999983,76.,100.000000000004));
#14043=CARTESIAN_POINT('',(968.6,86.,100.000000000004));
#14044=CARTESIAN_POINT('',(968.600000000047,86.,940.922808796041));
#14045=CARTESIAN_POINT('',(968.6,86.,100.000000000004));
#14046=CARTESIAN_POINT('',(968.6,76.,100.000000000004));
#14047=CARTESIAN_POINT('',(968.6,76.,100.000000000004));
#14048=CARTESIAN_POINT('',(968.600000000047,76.,940.922808796041));
#14049=CARTESIAN_POINT('',(968.600000000026,76.,870.000000000005));
#14050=CARTESIAN_POINT('',(968.600000000047,76.,940.922808796041));
#14051=CARTESIAN_POINT('Origin',(968.599999999983,76.,100.000000000004));
#14052=CARTESIAN_POINT('',(968.6,96.,100.000000000004));
#14053=CARTESIAN_POINT('',(968.600000000045,96.,940.922808796041));
#14054=CARTESIAN_POINT('',(968.599999999996,96.,330.230702199014));
#14055=CARTESIAN_POINT('',(968.600000000045,106.,940.922808796041));
#14056=CARTESIAN_POINT('',(968.60000000003,76.,940.922808796041));
#14057=CARTESIAN_POINT('',(968.6,106.,100.000000000004));
#14058=CARTESIAN_POINT('',(968.600000000026,106.,870.000000000005));
#14059=CARTESIAN_POINT('',(968.6,76.,100.000000000004));
#14060=CARTESIAN_POINT('Origin',(1048.60000000004,76.,870.));
#14061=CARTESIAN_POINT('',(1048.60000000004,86.,870.));
#14062=CARTESIAN_POINT('',(1028.60000000004,86.,870.000000000001));
#14063=CARTESIAN_POINT('',(1048.60000000004,96.,870.));
#14064=CARTESIAN_POINT('',(1048.60000000004,76.,870.));
#14065=CARTESIAN_POINT('',(1048.60000000004,96.,870.));
#14066=CARTESIAN_POINT('Origin',(1036.04185165845,76.,3319.44624078991));
#14067=CARTESIAN_POINT('',(1048.60000000004,76.,940.));
#14068=CARTESIAN_POINT('Origin',(1036.04185165845,76.,3319.44624078991));
#14069=CARTESIAN_POINT('',(1048.60000000004,86.,940.));
#14070=CARTESIAN_POINT('',(1048.60000000004,76.,940.));
#14071=CARTESIAN_POINT('Origin',(1036.04185165845,86.,3319.44624078991));
#14072=CARTESIAN_POINT('Origin',(1036.04185165845,76.,3319.44624078991));
#14073=CARTESIAN_POINT('',(1048.60000000004,96.,940.));
#14074=CARTESIAN_POINT('Origin',(1036.04185165845,96.,3319.44624078991));
#14075=CARTESIAN_POINT('',(1048.60000000004,106.,940.));
#14076=CARTESIAN_POINT('',(1048.60000000005,76.,940.));
#14077=CARTESIAN_POINT('Origin',(1036.04185165845,106.,3319.44624078991));
#14078=CARTESIAN_POINT('Origin',(1048.60000000005,76.,950.));
#14079=CARTESIAN_POINT('',(1048.60000000004,86.,910.));
#14080=CARTESIAN_POINT('',(1048.6,76.,100.));
#14081=CARTESIAN_POINT('',(1048.6,76.,100.));
#14082=CARTESIAN_POINT('',(1048.6,86.,100.));
#14083=CARTESIAN_POINT('',(1048.6,76.,100.));
#14084=CARTESIAN_POINT('',(1048.6,86.,180.));
#14085=CARTESIAN_POINT('',(1048.6,86.,100.));
#14086=CARTESIAN_POINT('',(1048.6,96.,180.));
#14087=CARTESIAN_POINT('',(1048.6,76.,180.));
#14088=CARTESIAN_POINT('',(1048.6,96.,100.));
#14089=CARTESIAN_POINT('',(1048.60000000003,96.,545.));
#14090=CARTESIAN_POINT('',(1048.6,106.,100.));
#14091=CARTESIAN_POINT('',(1048.6,76.,100.));
#14092=CARTESIAN_POINT('',(1048.6,106.,100.));
#14093=CARTESIAN_POINT('',(1048.60000000005,96.,927.730702199009));
#14094=CARTESIAN_POINT('Origin',(1008.60000000002,76.,525.000000000002));
#14095=CARTESIAN_POINT('',(968.6,76.,100.000000000005));
#14096=CARTESIAN_POINT('Origin',(1048.6,76.,100.));
#14097=CARTESIAN_POINT('',(968.6,86.,100.000000000005));
#14098=CARTESIAN_POINT('Origin',(1008.6,86.,140.000000000002));
#14099=CARTESIAN_POINT('',(988.600000000004,86.,180.000000000003));
#14100=CARTESIAN_POINT('Origin',(968.600000000004,76.,180.000000000005));
#14101=CARTESIAN_POINT('',(1048.6,96.,180.));
#14102=CARTESIAN_POINT('Origin',(1008.6,96.,140.000000000002));
#14103=CARTESIAN_POINT('',(1028.6,96.,100.000000000001));
#14104=CARTESIAN_POINT('Origin',(1048.6,76.,100.));
#14105=CARTESIAN_POINT('',(968.6,106.,100.000000000005));
#14106=CARTESIAN_POINT('Origin',(1008.60000000002,106.,525.000000000002));
#14107=CARTESIAN_POINT('Origin',(591.960393603945,76.,140.639606396083));
#14108=CARTESIAN_POINT('',(585.960393603945,86.,140.639606396083));
#14109=CARTESIAN_POINT('Origin',(591.960393603945,86.,140.639606396083));
#14110=CARTESIAN_POINT('',(585.960393603945,96.,140.639606396083));
#14111=CARTESIAN_POINT('',(585.960393603945,76.,140.639606396083));
#14112=CARTESIAN_POINT('Origin',(591.960393603945,96.,140.639606396083));
#14113=CARTESIAN_POINT('Origin',(1008.60623312525,76.,139.293875954447));
#14114=CARTESIAN_POINT('',(1002.60623312525,86.,139.293875954447));
#14115=CARTESIAN_POINT('Origin',(1008.60623312525,86.,139.293875954447));
#14116=CARTESIAN_POINT('',(1002.60623312525,96.,139.293875954447));
#14117=CARTESIAN_POINT('',(1002.60623312525,76.,139.293875954447));
#14118=CARTESIAN_POINT('Origin',(1008.60623312525,96.,139.293875954447));
#14119=CARTESIAN_POINT('Origin',(968.6,76.,100.000000000004));
#14120=CARTESIAN_POINT('',(968.6,76.,100.000000000004));
#14121=CARTESIAN_POINT('',(968.600000000004,76.,180.000000000004));
#14122=CARTESIAN_POINT('',(968.600000000001,76.,120.000000000005));
#14123=CARTESIAN_POINT('',(968.6,86.,100.000000000004));
#14124=CARTESIAN_POINT('',(968.6,76.,100.000000000004));
#14125=CARTESIAN_POINT('',(968.600000000004,86.,180.000000000004));
#14126=CARTESIAN_POINT('',(968.6,86.,100.000000000004));
#14127=CARTESIAN_POINT('',(968.600000000004,76.,180.000000000004));
#14128=CARTESIAN_POINT('Origin',(1008.6,86.,140.000000000002));
#14129=CARTESIAN_POINT('',(1048.6,86.,180.));
#14130=CARTESIAN_POINT('',(1048.6,86.,99.9999999999999));
#14131=CARTESIAN_POINT('',(1048.6,86.,160.));
#14132=CARTESIAN_POINT('',(820.600000000004,86.,180.000000000013));
#14133=CARTESIAN_POINT('',(988.6,86.,100.000000000003));
#14134=CARTESIAN_POINT('Origin',(632.600000000005,76.,180.000000000024));
#14135=CARTESIAN_POINT('',(632.600000000005,76.,180.000000000024));
#14136=CARTESIAN_POINT('',(632.6,76.,100.000000000024));
#14137=CARTESIAN_POINT('',(632.600000000003,76.,160.000000000024));
#14138=CARTESIAN_POINT('',(632.600000000005,86.,180.000000000024));
#14139=CARTESIAN_POINT('',(632.600000000005,76.,180.000000000024));
#14140=CARTESIAN_POINT('',(632.6,86.,100.000000000024));
#14141=CARTESIAN_POINT('',(632.6,86.,100.000000000024));
#14142=CARTESIAN_POINT('',(632.6,76.,100.000000000024));
#14143=CARTESIAN_POINT('Origin',(592.600000000002,86.,140.000000000026));
#14144=CARTESIAN_POINT('',(552.6,86.,100.000000000028));
#14145=CARTESIAN_POINT('',(780.6,86.,100.000000000015));
#14146=CARTESIAN_POINT('',(552.600000000005,86.,180.000000000028));
#14147=CARTESIAN_POINT('',(612.600000000005,86.,180.000000000025));
#14148=CARTESIAN_POINT('',(552.600000000001,86.,120.000000000028));
#14149=CARTESIAN_POINT('Origin',(1048.6,76.,180.));
#14150=CARTESIAN_POINT('',(1048.6,96.,99.9999999999999));
#14151=CARTESIAN_POINT('',(1048.6,76.,99.9999999999999));
#14152=CARTESIAN_POINT('',(1048.6,96.,180.));
#14153=CARTESIAN_POINT('',(1048.6,96.,180.));
#14154=CARTESIAN_POINT('',(1048.6,76.,180.));
#14155=CARTESIAN_POINT('Origin',(632.600000000005,76.,180.000000000024));
#14156=CARTESIAN_POINT('',(968.600000000004,96.,180.000000000004));
#14157=CARTESIAN_POINT('',(552.600000000005,96.,180.000000000028));
#14158=CARTESIAN_POINT('',(968.600000000023,106.,180.000000000004));
#14159=CARTESIAN_POINT('',(968.600000000023,76.,180.000000000004));
#14160=CARTESIAN_POINT('',(632.600000000005,106.,180.000000000024));
#14161=CARTESIAN_POINT('',(968.600000000023,106.,180.000000000004));
#14162=CARTESIAN_POINT('',(632.600000000005,96.,180.000000000024));
#14163=CARTESIAN_POINT('',(632.600000000005,76.,180.000000000024));
#14164=CARTESIAN_POINT('',(552.600000000005,96.,180.000000000028));
#14165=CARTESIAN_POINT('',(552.600000000005,96.,180.000000000028));
#14166=CARTESIAN_POINT('',(552.600000000005,76.,180.000000000028));
#14167=CARTESIAN_POINT('',(968.600000000023,76.,180.000000000004));
#14168=CARTESIAN_POINT('Origin',(1008.6,96.,140.000000000002));
#14169=CARTESIAN_POINT('',(968.6,96.,100.000000000004));
#14170=CARTESIAN_POINT('',(1048.6,96.,99.9999999999999));
#14171=CARTESIAN_POINT('',(968.600000000003,96.,160.000000000004));
#14172=CARTESIAN_POINT('Origin',(968.600000000004,76.,180.000000000004));
#14173=CARTESIAN_POINT('',(968.6,106.,100.000000000004));
#14174=CARTESIAN_POINT('',(968.6,76.,100.000000000004));
#14175=CARTESIAN_POINT('',(968.6,106.,100.000000000004));
#14176=CARTESIAN_POINT('Origin',(552.6,76.,100.000000000028));
#14177=CARTESIAN_POINT('',(552.6,96.,100.000000000028));
#14178=CARTESIAN_POINT('',(552.6,96.,100.000000000028));
#14179=CARTESIAN_POINT('',(552.6,76.,100.000000000028));
#14180=CARTESIAN_POINT('Origin',(592.600000000002,96.,140.000000000026));
#14181=CARTESIAN_POINT('',(632.6,96.,100.000000000024));
#14182=CARTESIAN_POINT('',(1048.6,96.,99.9999999999999));
#14183=CARTESIAN_POINT('',(632.600000000001,96.,120.000000000024));
#14184=CARTESIAN_POINT('Origin',(632.6,76.,100.000000000024));
#14185=CARTESIAN_POINT('',(632.6,106.,100.000000000024));
#14186=CARTESIAN_POINT('',(632.6,106.,100.000000000024));
#14187=CARTESIAN_POINT('',(632.6,76.,100.000000000024));
#14188=CARTESIAN_POINT('Origin',(968.6,76.,100.000000000004));
#14189=CARTESIAN_POINT('',(1048.6,76.,99.9999999999999));
#14190=CARTESIAN_POINT('',(1048.6,106.,99.9999999999999));
#14191=CARTESIAN_POINT('Origin',(800.600000000012,76.,140.000000000014));
#14192=CARTESIAN_POINT('Origin',(800.600000000012,106.,140.000000000014));
#14193=CARTESIAN_POINT('Origin',(1008.60000000004,76.,910.000000000002));
#14194=CARTESIAN_POINT('',(1002.60000000004,86.,910.000000000002));
#14195=CARTESIAN_POINT('Origin',(1008.60000000004,86.,910.000000000002));
#14196=CARTESIAN_POINT('',(1002.60000000004,96.,910.000000000002));
#14197=CARTESIAN_POINT('',(1002.60000000004,76.,910.000000000002));
#14198=CARTESIAN_POINT('Origin',(1008.60000000004,96.,910.000000000002));
#14199=CARTESIAN_POINT('Origin',(592.600000000049,76.,959.595151993865));
#14200=CARTESIAN_POINT('',(586.600000000048,86.,959.595151993865));
#14201=CARTESIAN_POINT('Origin',(592.600000000049,86.,959.595151993865));
#14202=CARTESIAN_POINT('',(586.600000000048,96.,959.595151993865));
#14203=CARTESIAN_POINT('',(586.600000000048,76.,959.595151993865));
#14204=CARTESIAN_POINT('Origin',(592.600000000049,96.,959.595151993865));
#14205=CARTESIAN_POINT('Origin',(1036.04185165845,76.,3319.44624078991));
#14206=CARTESIAN_POINT('',(1048.60000000004,86.,940.));
#14207=CARTESIAN_POINT('',(968.600000000047,86.,940.922808796041));
#14208=CARTESIAN_POINT('Origin',(1036.04185165845,86.,3319.44624078991));
#14209=CARTESIAN_POINT('',(1048.60000000004,76.,940.));
#14210=CARTESIAN_POINT('',(1048.60000000004,76.,940.));
#14211=CARTESIAN_POINT('',(968.600000000047,76.,940.922808796041));
#14212=CARTESIAN_POINT('Origin',(1036.04185165845,76.,3319.44624078991));
#14213=CARTESIAN_POINT('',(968.600000000045,76.,940.922808796041));
#14214=CARTESIAN_POINT('Origin',(1036.04185165845,76.,3319.44624078991));
#14215=CARTESIAN_POINT('',(968.600000000047,96.,940.922808796041));
#14216=CARTESIAN_POINT('',(1048.60000000004,96.,940.));
#14217=CARTESIAN_POINT('Origin',(1036.04185165845,96.,3319.44624078991));
#14218=CARTESIAN_POINT('',(968.600000000047,106.,940.922808796041));
#14219=CARTESIAN_POINT('',(968.600000000045,76.,940.922808796041));
#14220=CARTESIAN_POINT('',(1048.60000000004,106.,940.));
#14221=CARTESIAN_POINT('Origin',(1036.04185165845,106.,3319.44624078991));
#14222=CARTESIAN_POINT('',(1048.60000000004,76.,940.));
#14223=CARTESIAN_POINT('Origin',(968.600000000045,76.,951.277750584138));
#14224=CARTESIAN_POINT('',(968.600000000041,96.,871.798741174894));
#14225=CARTESIAN_POINT('',(968.600000000044,96.,930.958312938105));
#14226=CARTESIAN_POINT('',(968.600000000041,106.,871.798741174894));
#14227=CARTESIAN_POINT('',(968.600000000041,76.,871.798741174894));
#14228=CARTESIAN_POINT('',(968.600000000043,106.,910.000000000005));
#14229=CARTESIAN_POINT('Origin',(1008.60000000004,96.,910.638875292069));
#14230=CARTESIAN_POINT('',(1048.60000000004,96.,869.999999999999));
#14231=CARTESIAN_POINT('',(1048.60000000005,96.,950.));
#14232=CARTESIAN_POINT('Origin',(1069.63343656017,96.,3585.3949261234));
#14233=CARTESIAN_POINT('Origin',(1048.60000000005,76.,950.));
#14234=CARTESIAN_POINT('',(1048.60000000004,86.,869.999999999999));
#14235=CARTESIAN_POINT('',(1048.60000000004,86.,930.319437646033));
#14236=CARTESIAN_POINT('',(1048.60000000004,76.,869.999999999999));
#14237=CARTESIAN_POINT('',(1048.60000000005,106.,950.));
#14238=CARTESIAN_POINT('',(1048.60000000005,106.,950.));
#14239=CARTESIAN_POINT('',(1048.60000000005,76.,950.));
#14240=CARTESIAN_POINT('',(1048.60000000005,76.,950.));
#14241=CARTESIAN_POINT('',(1048.60000000005,76.,950.));
#14242=CARTESIAN_POINT('Origin',(1008.60000000004,86.,910.638875292069));
#14243=CARTESIAN_POINT('',(968.600000000041,86.,871.798741174894));
#14244=CARTESIAN_POINT('',(968.6,86.,100.000000000004));
#14245=CARTESIAN_POINT('Origin',(1069.63343656017,86.,3585.3949261234));
#14246=CARTESIAN_POINT('Origin',(968.600000000041,76.,871.798741174894));
#14247=CARTESIAN_POINT('',(968.600000000041,76.,871.798741174894));
#14248=CARTESIAN_POINT('',(968.600000000043,76.,900.044818250786));
#14249=CARTESIAN_POINT('',(968.600000000041,76.,871.798741174894));
#14250=CARTESIAN_POINT('Origin',(1036.04185165845,76.,3319.44624078991));
#14251=CARTESIAN_POINT('',(552.600000000051,96.,989.595151993867));
#14252=CARTESIAN_POINT('',(632.600000000074,96.,974.418140269691));
#14253=CARTESIAN_POINT('Origin',(1036.04185165845,96.,3319.44624078991));
#14254=CARTESIAN_POINT('',(552.600000000051,106.,989.595151993867));
#14255=CARTESIAN_POINT('',(552.600000000051,76.,989.595151993867));
#14256=CARTESIAN_POINT('',(632.600000000074,106.,974.418140269691));
#14257=CARTESIAN_POINT('Origin',(1036.04185165845,106.,3319.44624078991));
#14258=CARTESIAN_POINT('',(632.60000000005,76.,974.418140269695));
#14259=CARTESIAN_POINT('Origin',(1036.04185165845,76.,3319.44624078991));
#14260=CARTESIAN_POINT('',(632.600000000074,86.,974.418140269691));
#14261=CARTESIAN_POINT('',(552.600000000051,86.,989.595151993867));
#14262=CARTESIAN_POINT('Origin',(1036.04185165845,86.,3319.44624078991));
#14263=CARTESIAN_POINT('',(632.600000000074,76.,974.418140269691));
#14264=CARTESIAN_POINT('',(632.600000000049,76.,974.418140269695));
#14265=CARTESIAN_POINT('',(552.600000000051,76.,989.595151993867));
#14266=CARTESIAN_POINT('Origin',(1036.04185165845,76.,3319.44624078991));
#14267=CARTESIAN_POINT('',(552.600000000051,76.,989.595151993867));
#14268=CARTESIAN_POINT('Origin',(632.60000000005,76.,984.78304947848));
#14269=CARTESIAN_POINT('',(632.600000000045,86.,905.317728429519));
#14270=CARTESIAN_POINT('',(632.600000000042,86.,840.000000000022));
#14271=CARTESIAN_POINT('',(632.600000000045,76.,905.317728429519));
#14272=CARTESIAN_POINT('',(632.600000000045,76.,905.317728429519));
#14273=CARTESIAN_POINT('',(632.600000000048,76.,956.536972402587));
#14274=CARTESIAN_POINT('Origin',(592.600000000048,86.,952.456440211693));
#14275=CARTESIAN_POINT('',(552.600000000046,86.,919.595151993867));
#14276=CARTESIAN_POINT('',(552.600000000048,86.,936.025796102781));
#14277=CARTESIAN_POINT('Origin',(1069.63343656017,86.,3585.3949261234));
#14278=CARTESIAN_POINT('Origin',(552.600000000047,76.,919.595151993867));
#14279=CARTESIAN_POINT('',(552.600000000046,96.,919.595151993867));
#14280=CARTESIAN_POINT('',(552.600000000051,96.,999.595151993867));
#14281=CARTESIAN_POINT('',(552.600000000046,76.,919.595151993867));
#14282=CARTESIAN_POINT('',(552.600000000051,76.,999.595151993867));
#14283=CARTESIAN_POINT('',(552.600000000051,76.,999.595151993867));
#14284=CARTESIAN_POINT('',(552.600000000051,106.,999.595151993867));
#14285=CARTESIAN_POINT('',(552.600000000051,76.,999.595151993867));
#14286=CARTESIAN_POINT('',(552.600000000051,106.,999.595151993867));
#14287=CARTESIAN_POINT('Origin',(592.600000000048,96.,952.456440211693));
#14288=CARTESIAN_POINT('',(632.600000000045,96.,905.317728429519));
#14289=CARTESIAN_POINT('',(632.600000000047,96.,928.887084320605));
#14290=CARTESIAN_POINT('Origin',(1069.63343656017,96.,3585.3949261234));
#14291=CARTESIAN_POINT('Origin',(1069.63343656017,76.,3585.3949261234));
#14292=CARTESIAN_POINT('',(632.600000000045,106.,905.317728429519));
#14293=CARTESIAN_POINT('',(632.600000000045,76.,905.317728429519));
#14294=CARTESIAN_POINT('Origin',(1069.63343656017,106.,3585.3949261234));
#14295=CARTESIAN_POINT('Origin',(1069.63343656017,76.,3585.3949261234));
#14296=CARTESIAN_POINT('Origin',(632.600000000046,76.,905.317728429519));
#14297=CARTESIAN_POINT('',(632.6,106.,100.000000000024));
#14298=CARTESIAN_POINT('Origin',(1048.60000000019,76.,3455.03999999998));
#14299=CARTESIAN_POINT('Origin',(1048.60000000019,106.,3455.03999999998));
#14300=CARTESIAN_POINT('Origin',(1048.60000000019,76.,3455.03999999998));
#14301=CARTESIAN_POINT('Origin',(800.600000000045,76.,928.290895326687));
#14302=CARTESIAN_POINT('Origin',(800.600000000045,106.,928.290895326687));
#14303=CARTESIAN_POINT('Origin',(968.600000000024,76.,180.000000000004));
#14304=CARTESIAN_POINT('',(968.600000000027,78.,240.000000000004));
#14305=CARTESIAN_POINT('',(968.600000000024,78.,180.000000000004));
#14306=CARTESIAN_POINT('',(968.600000000026,78.,225.000000000005));
#14307=CARTESIAN_POINT('',(968.600000000024,86.,180.000000000004));
#14308=CARTESIAN_POINT('',(968.600000000024,76.,180.000000000004));
#14309=CARTESIAN_POINT('',(968.600000000027,86.,240.000000000004));
#14310=CARTESIAN_POINT('',(968.600000000024,86.,180.000000000004));
#14311=CARTESIAN_POINT('',(968.600000000027,76.,240.000000000004));
#14312=CARTESIAN_POINT('Origin',(978.600000000017,86.,210.000000000004));
#14313=CARTESIAN_POINT('',(988.600000000007,86.,180.000000000003));
#14314=CARTESIAN_POINT('',(973.600000000019,86.,180.000000000004));
#14315=CARTESIAN_POINT('',(988.60000000001,86.,240.000000000003));
#14316=CARTESIAN_POINT('',(988.600000000009,86.,225.000000000003));
#14317=CARTESIAN_POINT('',(805.600000000013,86.,240.000000000014));
#14318=CARTESIAN_POINT('Origin',(632.600000000008,76.,240.000000000024));
#14319=CARTESIAN_POINT('',(632.600000000005,78.,180.000000000024));
#14320=CARTESIAN_POINT('',(632.600000000008,78.,240.000000000024));
#14321=CARTESIAN_POINT('',(632.600000000005,78.,195.000000000024));
#14322=CARTESIAN_POINT('',(632.600000000008,86.,240.000000000024));
#14323=CARTESIAN_POINT('',(632.600000000008,76.,240.000000000024));
#14324=CARTESIAN_POINT('',(632.600000000005,86.,180.000000000024));
#14325=CARTESIAN_POINT('',(632.600000000008,86.,240.000000000024));
#14326=CARTESIAN_POINT('',(632.600000000004,76.,180.000000000024));
#14327=CARTESIAN_POINT('Origin',(622.600000000006,86.,210.000000000024));
#14328=CARTESIAN_POINT('',(612.600000000008,86.,240.000000000025));
#14329=CARTESIAN_POINT('',(627.600000000008,86.,240.000000000024));
#14330=CARTESIAN_POINT('',(612.600000000005,86.,180.000000000025));
#14331=CARTESIAN_POINT('',(612.600000000005,86.,195.000000000025));
#14332=CARTESIAN_POINT('',(795.600000000014,86.,180.000000000014));
#14333=CARTESIAN_POINT('Origin',(968.600000000023,76.,180.000000000004));
#14334=CARTESIAN_POINT('',(884.600000000019,78.,180.000000000009));
#14335=CARTESIAN_POINT('',(612.600000000005,96.,180.000000000025));
#14336=CARTESIAN_POINT('',(612.600000000005,76.,180.000000000025));
#14337=CARTESIAN_POINT('',(632.600000000005,96.,180.000000000024));
#14338=CARTESIAN_POINT('',(632.600000000005,96.,180.000000000024));
#14339=CARTESIAN_POINT('',(632.600000000005,104.,180.000000000024));
#14340=CARTESIAN_POINT('',(632.600000000005,76.,180.000000000024));
#14341=CARTESIAN_POINT('',(968.600000000024,104.,180.000000000004));
#14342=CARTESIAN_POINT('',(968.600000000023,104.,180.000000000004));
#14343=CARTESIAN_POINT('',(968.600000000024,96.,180.000000000004));
#14344=CARTESIAN_POINT('',(968.600000000024,76.,180.000000000004));
#14345=CARTESIAN_POINT('',(988.600000000007,96.,180.000000000003));
#14346=CARTESIAN_POINT('',(988.600000000007,96.,180.000000000003));
#14347=CARTESIAN_POINT('',(988.600000000007,76.,180.000000000003));
#14348=CARTESIAN_POINT('Origin',(988.60000000001,76.,240.000000000003));
#14349=CARTESIAN_POINT('',(988.60000000001,96.,240.000000000003));
#14350=CARTESIAN_POINT('',(988.60000000001,96.,240.000000000003));
#14351=CARTESIAN_POINT('',(988.60000000001,76.,240.000000000003));
#14352=CARTESIAN_POINT('Origin',(978.600000000017,96.,210.000000000004));
#14353=CARTESIAN_POINT('',(968.600000000027,96.,240.000000000004));
#14354=CARTESIAN_POINT('',(968.600000000026,96.,225.000000000004));
#14355=CARTESIAN_POINT('',(968.600000000027,96.,240.000000000004));
#14356=CARTESIAN_POINT('Origin',(612.600000000005,76.,180.000000000025));
#14357=CARTESIAN_POINT('',(612.600000000008,96.,240.000000000025));
#14358=CARTESIAN_POINT('',(612.600000000008,76.,240.000000000025));
#14359=CARTESIAN_POINT('',(612.600000000005,96.,180.000000000025));
#14360=CARTESIAN_POINT('Origin',(622.600000000006,96.,210.000000000024));
#14361=CARTESIAN_POINT('',(632.600000000008,96.,240.000000000024));
#14362=CARTESIAN_POINT('',(632.600000000005,96.,195.000000000024));
#14363=CARTESIAN_POINT('',(632.600000000008,96.,240.000000000024));
#14364=CARTESIAN_POINT('Origin',(800.600000000015,78.,210.000000000014));
#14365=CARTESIAN_POINT('',(716.600000000013,78.,240.000000000019));
#14366=CARTESIAN_POINT('Origin',(632.600000000005,76.,180.000000000024));
#14367=CARTESIAN_POINT('',(632.600000000008,104.,240.000000000024));
#14368=CARTESIAN_POINT('',(632.600000000008,76.,240.000000000024));
#14369=CARTESIAN_POINT('',(632.600000000008,104.,240.000000000024));
#14370=CARTESIAN_POINT('Origin',(968.600000000027,76.,240.000000000004));
#14371=CARTESIAN_POINT('',(968.600000000027,104.,240.000000000004));
#14372=CARTESIAN_POINT('',(968.600000000024,104.,180.000000000004));
#14373=CARTESIAN_POINT('',(968.600000000027,76.,240.000000000004));
#14374=CARTESIAN_POINT('Origin',(632.600000000008,76.,240.000000000024));
#14375=CARTESIAN_POINT('',(632.600000000008,104.,240.000000000024));
#14376=CARTESIAN_POINT('Origin',(800.600000000015,104.,210.000000000014));
#14377=CARTESIAN_POINT('Origin',(968.600000000009,76.,240.000000000004));
#14378=CARTESIAN_POINT('',(968.600000000012,86.,300.000000000004));
#14379=CARTESIAN_POINT('',(968.600000000012,78.,300.000000000004));
#14380=CARTESIAN_POINT('',(968.600000000012,76.,300.000000000004));
#14381=CARTESIAN_POINT('',(968.600000000009,78.,240.000000000004));
#14382=CARTESIAN_POINT('',(968.600000000009,78.,255.000000000005));
#14383=CARTESIAN_POINT('',(968.600000000027,86.,240.000000000004));
#14384=CARTESIAN_POINT('',(968.600000000009,76.,240.000000000004));
#14385=CARTESIAN_POINT('',(968.600000000009,86.,240.000000000004));
#14386=CARTESIAN_POINT('Origin',(632.600000000011,76.,300.000000000024));
#14387=CARTESIAN_POINT('',(632.600000000011,96.,300.000000000024));
#14388=CARTESIAN_POINT('',(632.600000000011,104.,300.000000000024));
#14389=CARTESIAN_POINT('',(632.600000000011,76.,300.000000000024));
#14390=CARTESIAN_POINT('',(632.600000000008,104.,240.000000000024));
#14391=CARTESIAN_POINT('',(632.600000000011,104.,300.000000000024));
#14392=CARTESIAN_POINT('',(632.600000000008,96.,240.000000000024));
#14393=CARTESIAN_POINT('',(632.600000000008,76.,240.000000000024));
#14394=CARTESIAN_POINT('',(632.600000000009,96.,255.000000000024));
#14395=CARTESIAN_POINT('Origin',(800.600000000017,78.,270.000000000014));
#14396=CARTESIAN_POINT('',(632.600000000011,78.,300.000000000024));
#14397=CARTESIAN_POINT('',(884.600000000015,78.,300.000000000009));
#14398=CARTESIAN_POINT('',(632.600000000008,78.,240.000000000024));
#14399=CARTESIAN_POINT('',(632.600000000009,78.,255.000000000024));
#14400=CARTESIAN_POINT('',(884.600000000012,78.,240.000000000009));
#14401=CARTESIAN_POINT('Origin',(968.600000000009,76.,240.000000000004));
#14402=CARTESIAN_POINT('',(632.600000000008,86.,240.000000000024));
#14403=CARTESIAN_POINT('',(632.600000000008,76.,240.000000000024));
#14404=CARTESIAN_POINT('',(612.600000000008,86.,240.000000000025));
#14405=CARTESIAN_POINT('',(795.600000000008,86.,240.000000000014));
#14406=CARTESIAN_POINT('',(612.600000000008,96.,240.000000000025));
#14407=CARTESIAN_POINT('',(612.600000000008,76.,240.000000000025));
#14408=CARTESIAN_POINT('',(632.600000000008,96.,240.000000000024));
#14409=CARTESIAN_POINT('',(968.600000000009,104.,240.000000000004));
#14410=CARTESIAN_POINT('',(632.600000000008,104.,240.000000000024));
#14411=CARTESIAN_POINT('',(968.600000000027,96.,240.000000000004));
#14412=CARTESIAN_POINT('',(968.600000000009,76.,240.000000000004));
#14413=CARTESIAN_POINT('',(988.60000000001,96.,240.000000000003));
#14414=CARTESIAN_POINT('',(968.600000000027,96.,240.000000000004));
#14415=CARTESIAN_POINT('',(988.60000000001,86.,240.000000000003));
#14416=CARTESIAN_POINT('',(988.60000000001,76.,240.000000000003));
#14417=CARTESIAN_POINT('',(973.600000000009,86.,240.000000000004));
#14418=CARTESIAN_POINT('Origin',(632.600000000011,76.,300.000000000024));
#14419=CARTESIAN_POINT('',(632.600000000011,86.,300.000000000024));
#14420=CARTESIAN_POINT('',(632.600000000011,76.,300.000000000024));
#14421=CARTESIAN_POINT('',(632.600000000011,86.,300.000000000024));
#14422=CARTESIAN_POINT('Origin',(968.600000000009,76.,240.000000000004));
#14423=CARTESIAN_POINT('',(968.600000000012,104.,300.000000000004));
#14424=CARTESIAN_POINT('',(968.600000000012,96.,300.000000000004));
#14425=CARTESIAN_POINT('',(968.600000000012,76.,300.000000000004));
#14426=CARTESIAN_POINT('',(968.600000000011,96.,285.000000000004));
#14427=CARTESIAN_POINT('',(968.600000000012,104.,300.000000000004));
#14428=CARTESIAN_POINT('Origin',(978.600000000011,86.,270.000000000004));
#14429=CARTESIAN_POINT('',(988.600000000013,86.,300.000000000003));
#14430=CARTESIAN_POINT('',(988.600000000012,86.,285.000000000003));
#14431=CARTESIAN_POINT('',(805.600000000012,86.,300.000000000014));
#14432=CARTESIAN_POINT('Origin',(622.60000000001,86.,270.000000000024));
#14433=CARTESIAN_POINT('',(612.600000000011,86.,300.000000000025));
#14434=CARTESIAN_POINT('',(627.600000000011,86.,300.000000000024));
#14435=CARTESIAN_POINT('',(612.600000000009,86.,255.000000000025));
#14436=CARTESIAN_POINT('Origin',(988.600000000013,76.,300.000000000003));
#14437=CARTESIAN_POINT('',(988.600000000013,96.,300.000000000003));
#14438=CARTESIAN_POINT('',(988.600000000013,96.,300.000000000003));
#14439=CARTESIAN_POINT('',(988.600000000013,76.,300.000000000003));
#14440=CARTESIAN_POINT('Origin',(978.600000000011,96.,270.000000000004));
#14441=CARTESIAN_POINT('',(968.600000000012,96.,300.000000000004));
#14442=CARTESIAN_POINT('Origin',(612.600000000008,76.,240.000000000025));
#14443=CARTESIAN_POINT('',(612.600000000011,96.,300.000000000025));
#14444=CARTESIAN_POINT('',(612.600000000011,76.,300.000000000025));
#14445=CARTESIAN_POINT('',(612.600000000008,96.,240.000000000025));
#14446=CARTESIAN_POINT('Origin',(622.60000000001,96.,270.000000000024));
#14447=CARTESIAN_POINT('',(632.600000000011,96.,300.000000000024));
#14448=CARTESIAN_POINT('Origin',(632.600000000011,76.,300.000000000024));
#14449=CARTESIAN_POINT('',(884.600000000015,104.,300.000000000009));
#14450=CARTESIAN_POINT('Origin',(800.600000000017,104.,270.000000000014));
#14451=CARTESIAN_POINT('Origin',(968.600000000015,76.,360.000000000004));
#14452=CARTESIAN_POINT('',(968.600000000018,78.,420.000000000004));
#14453=CARTESIAN_POINT('',(968.600000000015,78.,360.000000000004));
#14454=CARTESIAN_POINT('',(968.600000000018,78.,435.000000000005));
#14455=CARTESIAN_POINT('',(968.600000000015,86.,360.000000000004));
#14456=CARTESIAN_POINT('',(968.600000000015,76.,360.000000000004));
#14457=CARTESIAN_POINT('',(968.600000000018,86.,420.000000000004));
#14458=CARTESIAN_POINT('',(968.600000000015,86.,360.000000000004));
#14459=CARTESIAN_POINT('',(968.600000000018,76.,420.000000000004));
#14460=CARTESIAN_POINT('Origin',(978.600000000017,86.,390.000000000004));
#14461=CARTESIAN_POINT('',(988.600000000016,86.,360.000000000003));
#14462=CARTESIAN_POINT('',(973.600000000014,86.,360.000000000004));
#14463=CARTESIAN_POINT('',(988.600000000019,86.,420.000000000003));
#14464=CARTESIAN_POINT('',(988.600000000018,86.,405.000000000003));
#14465=CARTESIAN_POINT('',(805.600000000018,86.,420.000000000014));
#14466=CARTESIAN_POINT('Origin',(632.600000000018,76.,420.000000000024));
#14467=CARTESIAN_POINT('',(632.600000000015,78.,360.000000000024));
#14468=CARTESIAN_POINT('',(632.600000000018,78.,420.000000000024));
#14469=CARTESIAN_POINT('',(632.600000000017,78.,405.000000000023));
#14470=CARTESIAN_POINT('',(632.600000000018,86.,420.000000000024));
#14471=CARTESIAN_POINT('',(632.600000000018,76.,420.000000000024));
#14472=CARTESIAN_POINT('',(632.600000000015,86.,360.000000000024));
#14473=CARTESIAN_POINT('',(632.600000000018,86.,420.000000000024));
#14474=CARTESIAN_POINT('',(632.600000000015,76.,360.000000000024));
#14475=CARTESIAN_POINT('Origin',(622.600000000017,86.,390.000000000024));
#14476=CARTESIAN_POINT('',(612.600000000018,86.,420.000000000025));
#14477=CARTESIAN_POINT('',(627.600000000018,86.,420.000000000024));
#14478=CARTESIAN_POINT('',(612.600000000015,86.,360.000000000025));
#14479=CARTESIAN_POINT('',(612.600000000016,86.,375.000000000025));
#14480=CARTESIAN_POINT('',(795.600000000014,86.,360.000000000014));
#14481=CARTESIAN_POINT('Origin',(968.600000000014,76.,360.000000000004));
#14482=CARTESIAN_POINT('',(884.600000000014,78.,360.000000000009));
#14483=CARTESIAN_POINT('',(612.600000000015,96.,360.000000000025));
#14484=CARTESIAN_POINT('',(612.600000000015,76.,360.000000000025));
#14485=CARTESIAN_POINT('',(632.600000000015,96.,360.000000000024));
#14486=CARTESIAN_POINT('',(632.600000000015,96.,360.000000000024));
#14487=CARTESIAN_POINT('',(632.600000000015,104.,360.000000000024));
#14488=CARTESIAN_POINT('',(632.600000000015,76.,360.000000000024));
#14489=CARTESIAN_POINT('',(968.600000000015,104.,360.000000000004));
#14490=CARTESIAN_POINT('',(632.600000000015,104.,360.000000000024));
#14491=CARTESIAN_POINT('',(968.600000000015,96.,360.000000000004));
#14492=CARTESIAN_POINT('',(968.600000000015,76.,360.000000000004));
#14493=CARTESIAN_POINT('',(988.600000000016,96.,360.000000000003));
#14494=CARTESIAN_POINT('',(968.600000000015,96.,360.000000000004));
#14495=CARTESIAN_POINT('',(988.600000000016,76.,360.000000000003));
#14496=CARTESIAN_POINT('Origin',(988.600000000019,76.,420.000000000003));
#14497=CARTESIAN_POINT('',(988.600000000019,96.,420.000000000003));
#14498=CARTESIAN_POINT('',(988.600000000019,96.,420.000000000003));
#14499=CARTESIAN_POINT('',(988.600000000019,76.,420.000000000003));
#14500=CARTESIAN_POINT('Origin',(978.600000000017,96.,390.000000000004));
#14501=CARTESIAN_POINT('',(968.600000000018,96.,420.000000000004));
#14502=CARTESIAN_POINT('',(968.600000000017,96.,405.000000000005));
#14503=CARTESIAN_POINT('',(968.600000000018,96.,420.000000000004));
#14504=CARTESIAN_POINT('Origin',(612.600000000015,76.,360.000000000025));
#14505=CARTESIAN_POINT('',(612.600000000018,96.,420.000000000025));
#14506=CARTESIAN_POINT('',(612.600000000018,76.,420.000000000025));
#14507=CARTESIAN_POINT('',(612.600000000015,96.,360.000000000025));
#14508=CARTESIAN_POINT('Origin',(622.600000000017,96.,390.000000000024));
#14509=CARTESIAN_POINT('',(632.600000000018,96.,420.000000000024));
#14510=CARTESIAN_POINT('',(632.600000000016,96.,375.000000000024));
#14511=CARTESIAN_POINT('',(632.600000000018,96.,420.000000000024));
#14512=CARTESIAN_POINT('Origin',(800.600000000019,78.,450.000000000013));
#14513=CARTESIAN_POINT('',(716.600000000018,78.,420.000000000019));
#14514=CARTESIAN_POINT('Origin',(968.600000000018,76.,420.000000000004));
#14515=CARTESIAN_POINT('',(968.600000000018,104.,420.000000000004));
#14516=CARTESIAN_POINT('',(968.600000000015,104.,360.000000000004));
#14517=CARTESIAN_POINT('',(968.600000000018,76.,420.000000000004));
#14518=CARTESIAN_POINT('Origin',(632.600000000018,76.,420.000000000024));
#14519=CARTESIAN_POINT('',(632.600000000018,104.,420.000000000024));
#14520=CARTESIAN_POINT('',(968.600000000017,104.,420.000000000004));
#14521=CARTESIAN_POINT('',(632.600000000018,76.,420.000000000024));
#14522=CARTESIAN_POINT('Origin',(632.600000000015,76.,360.000000000024));
#14523=CARTESIAN_POINT('',(632.600000000018,104.,420.000000000024));
#14524=CARTESIAN_POINT('Origin',(800.600000000016,104.,390.000000000014));
#14525=CARTESIAN_POINT('Origin',(968.600000000018,76.,420.000000000004));
#14526=CARTESIAN_POINT('',(968.600000000021,78.,480.000000000004));
#14527=CARTESIAN_POINT('',(968.600000000018,78.,420.000000000004));
#14528=CARTESIAN_POINT('',(968.60000000002,78.,465.000000000005));
#14529=CARTESIAN_POINT('',(968.600000000018,86.,420.000000000004));
#14530=CARTESIAN_POINT('',(968.600000000018,76.,420.000000000004));
#14531=CARTESIAN_POINT('',(968.600000000021,86.,480.000000000004));
#14532=CARTESIAN_POINT('',(968.600000000018,86.,420.000000000004));
#14533=CARTESIAN_POINT('',(968.600000000021,76.,480.000000000004));
#14534=CARTESIAN_POINT('Origin',(978.60000000002,86.,450.000000000004));
#14535=CARTESIAN_POINT('',(988.600000000019,86.,420.000000000003));
#14536=CARTESIAN_POINT('',(973.600000000017,86.,420.000000000004));
#14537=CARTESIAN_POINT('',(988.600000000022,86.,480.000000000003));
#14538=CARTESIAN_POINT('',(988.600000000021,86.,465.000000000003));
#14539=CARTESIAN_POINT('',(805.600000000022,86.,480.000000000013));
#14540=CARTESIAN_POINT('Origin',(632.600000000022,76.,480.000000000024));
#14541=CARTESIAN_POINT('',(632.600000000018,78.,420.000000000024));
#14542=CARTESIAN_POINT('',(632.600000000022,78.,480.000000000022));
#14543=CARTESIAN_POINT('',(632.600000000019,78.,435.000000000023));
#14544=CARTESIAN_POINT('',(632.600000000022,86.,480.000000000024));
#14545=CARTESIAN_POINT('',(632.600000000022,76.,480.000000000022));
#14546=CARTESIAN_POINT('',(632.600000000018,86.,420.000000000024));
#14547=CARTESIAN_POINT('',(632.600000000022,86.,480.000000000024));
#14548=CARTESIAN_POINT('',(632.600000000018,76.,420.000000000024));
#14549=CARTESIAN_POINT('Origin',(622.60000000002,86.,450.000000000024));
#14550=CARTESIAN_POINT('',(612.600000000018,86.,420.000000000025));
#14551=CARTESIAN_POINT('',(612.600000000022,86.,480.000000000025));
#14552=CARTESIAN_POINT('',(612.600000000019,86.,435.000000000025));
#14553=CARTESIAN_POINT('',(795.600000000018,86.,420.000000000014));
#14554=CARTESIAN_POINT('',(627.600000000022,86.,480.000000000022));
#14555=CARTESIAN_POINT('Origin',(968.600000000017,76.,420.000000000004));
#14556=CARTESIAN_POINT('',(884.600000000017,78.,420.000000000009));
#14557=CARTESIAN_POINT('',(612.600000000018,96.,420.000000000025));
#14558=CARTESIAN_POINT('',(612.600000000018,76.,420.000000000025));
#14559=CARTESIAN_POINT('',(632.600000000018,96.,420.000000000024));
#14560=CARTESIAN_POINT('',(632.600000000018,96.,420.000000000024));
#14561=CARTESIAN_POINT('',(632.600000000018,104.,420.000000000024));
#14562=CARTESIAN_POINT('',(632.600000000018,76.,420.000000000024));
#14563=CARTESIAN_POINT('',(968.600000000018,104.,420.000000000004));
#14564=CARTESIAN_POINT('',(968.600000000017,104.,420.000000000004));
#14565=CARTESIAN_POINT('',(968.600000000018,96.,420.000000000004));
#14566=CARTESIAN_POINT('',(968.600000000018,76.,420.000000000004));
#14567=CARTESIAN_POINT('',(988.600000000019,96.,420.000000000003));
#14568=CARTESIAN_POINT('',(968.600000000018,96.,420.000000000004));
#14569=CARTESIAN_POINT('',(988.600000000019,76.,420.000000000003));
#14570=CARTESIAN_POINT('Origin',(612.600000000018,76.,420.000000000025));
#14571=CARTESIAN_POINT('',(612.600000000022,96.,480.000000000025));
#14572=CARTESIAN_POINT('',(612.600000000022,76.,480.000000000025));
#14573=CARTESIAN_POINT('',(612.600000000018,96.,420.000000000025));
#14574=CARTESIAN_POINT('Origin',(988.600000000022,76.,480.000000000003));
#14575=CARTESIAN_POINT('',(988.600000000022,96.,480.000000000003));
#14576=CARTESIAN_POINT('',(988.600000000022,96.,480.000000000003));
#14577=CARTESIAN_POINT('',(988.600000000022,76.,480.000000000003));
#14578=CARTESIAN_POINT('Origin',(978.60000000002,96.,450.000000000004));
#14579=CARTESIAN_POINT('',(968.600000000021,96.,480.000000000004));
#14580=CARTESIAN_POINT('',(968.60000000002,96.,465.000000000005));
#14581=CARTESIAN_POINT('',(968.600000000021,96.,480.000000000004));
#14582=CARTESIAN_POINT('Origin',(622.60000000002,96.,450.000000000024));
#14583=CARTESIAN_POINT('',(632.600000000022,96.,480.000000000024));
#14584=CARTESIAN_POINT('',(612.600000000022,96.,480.000000000025));
#14585=CARTESIAN_POINT('',(632.600000000019,96.,435.000000000024));
#14586=CARTESIAN_POINT('Origin',(800.600000000019,78.,450.000000000013));
#14587=CARTESIAN_POINT('',(716.600000000021,78.,480.000000000018));
#14588=CARTESIAN_POINT('Origin',(632.600000000018,76.,420.000000000024));
#14589=CARTESIAN_POINT('',(632.600000000022,104.,480.000000000024));
#14590=CARTESIAN_POINT('',(632.600000000022,76.,480.000000000024));
#14591=CARTESIAN_POINT('',(632.600000000022,104.,480.000000000024));
#14592=CARTESIAN_POINT('Origin',(968.600000000021,76.,480.000000000004));
#14593=CARTESIAN_POINT('',(968.600000000021,104.,480.000000000004));
#14594=CARTESIAN_POINT('',(968.600000000018,104.,420.000000000004));
#14595=CARTESIAN_POINT('',(968.600000000021,76.,480.000000000004));
#14596=CARTESIAN_POINT('Origin',(632.600000000022,76.,480.000000000022));
#14597=CARTESIAN_POINT('',(632.600000000022,104.,480.000000000022));
#14598=CARTESIAN_POINT('Origin',(800.600000000019,104.,450.000000000014));
#14599=CARTESIAN_POINT('Origin',(632.600000000025,76.,540.000000000022));
#14600=CARTESIAN_POINT('',(632.600000000022,78.,480.000000000022));
#14601=CARTESIAN_POINT('',(632.600000000025,78.,540.000000000022));
#14602=CARTESIAN_POINT('',(632.600000000021,78.,465.000000000023));
#14603=CARTESIAN_POINT('',(632.600000000025,86.,540.000000000022));
#14604=CARTESIAN_POINT('',(632.600000000025,76.,540.000000000022));
#14605=CARTESIAN_POINT('',(632.600000000022,86.,480.000000000024));
#14606=CARTESIAN_POINT('',(632.600000000022,86.,480.000000000024));
#14607=CARTESIAN_POINT('',(632.600000000022,76.,480.000000000022));
#14608=CARTESIAN_POINT('Origin',(622.600000000023,86.,510.000000000023));
#14609=CARTESIAN_POINT('',(612.600000000025,86.,540.000000000023));
#14610=CARTESIAN_POINT('',(627.600000000025,86.,540.000000000022));
#14611=CARTESIAN_POINT('',(612.600000000022,86.,480.000000000025));
#14612=CARTESIAN_POINT('',(612.600000000022,86.,495.000000000024));
#14613=CARTESIAN_POINT('',(795.600000000021,86.,480.000000000014));
#14614=CARTESIAN_POINT('Origin',(968.600000000021,76.,480.000000000004));
#14615=CARTESIAN_POINT('',(968.600000000024,78.,540.000000000004));
#14616=CARTESIAN_POINT('',(968.600000000021,78.,480.000000000004));
#14617=CARTESIAN_POINT('',(968.600000000022,78.,495.000000000005));
#14618=CARTESIAN_POINT('',(968.600000000021,86.,480.000000000004));
#14619=CARTESIAN_POINT('',(968.600000000021,76.,480.000000000004));
#14620=CARTESIAN_POINT('',(968.600000000024,86.,540.000000000004));
#14621=CARTESIAN_POINT('',(968.600000000021,86.,480.000000000004));
#14622=CARTESIAN_POINT('',(968.600000000024,76.,540.000000000004));
#14623=CARTESIAN_POINT('Origin',(978.600000000023,86.,510.000000000004));
#14624=CARTESIAN_POINT('',(988.600000000022,86.,480.000000000003));
#14625=CARTESIAN_POINT('',(973.600000000021,86.,480.000000000004));
#14626=CARTESIAN_POINT('',(988.600000000025,86.,540.000000000004));
#14627=CARTESIAN_POINT('',(988.600000000024,86.,525.000000000003));
#14628=CARTESIAN_POINT('',(805.600000000024,86.,540.000000000013));
#14629=CARTESIAN_POINT('Origin',(632.600000000025,76.,540.000000000022));
#14630=CARTESIAN_POINT('',(716.600000000024,78.,540.000000000018));
#14631=CARTESIAN_POINT('',(988.600000000025,96.,540.000000000004));
#14632=CARTESIAN_POINT('',(988.600000000025,76.,540.000000000004));
#14633=CARTESIAN_POINT('',(968.600000000024,96.,540.000000000004));
#14634=CARTESIAN_POINT('',(968.600000000024,96.,540.000000000004));
#14635=CARTESIAN_POINT('',(968.600000000024,104.,540.000000000004));
#14636=CARTESIAN_POINT('',(968.600000000024,76.,540.000000000004));
#14637=CARTESIAN_POINT('',(632.600000000025,104.,540.000000000022));
#14638=CARTESIAN_POINT('',(968.600000000024,104.,540.000000000004));
#14639=CARTESIAN_POINT('',(632.600000000025,96.,540.000000000022));
#14640=CARTESIAN_POINT('',(632.600000000025,76.,540.000000000022));
#14641=CARTESIAN_POINT('',(612.600000000025,96.,540.000000000023));
#14642=CARTESIAN_POINT('',(632.600000000025,96.,540.000000000022));
#14643=CARTESIAN_POINT('',(612.600000000025,76.,540.000000000023));
#14644=CARTESIAN_POINT('Origin',(988.600000000025,76.,540.000000000004));
#14645=CARTESIAN_POINT('',(988.600000000022,96.,480.000000000003));
#14646=CARTESIAN_POINT('',(988.600000000022,76.,480.000000000003));
#14647=CARTESIAN_POINT('',(988.600000000025,96.,540.000000000004));
#14648=CARTESIAN_POINT('Origin',(978.600000000023,96.,510.000000000004));
#14649=CARTESIAN_POINT('',(968.600000000021,96.,480.000000000004));
#14650=CARTESIAN_POINT('',(968.600000000023,96.,525.000000000005));
#14651=CARTESIAN_POINT('',(968.600000000021,96.,480.000000000004));
#14652=CARTESIAN_POINT('Origin',(612.600000000022,76.,480.000000000025));
#14653=CARTESIAN_POINT('',(612.600000000022,96.,480.000000000025));
#14654=CARTESIAN_POINT('',(612.600000000025,96.,540.000000000023));
#14655=CARTESIAN_POINT('',(612.600000000022,76.,480.000000000025));
#14656=CARTESIAN_POINT('Origin',(622.600000000023,96.,510.000000000023));
#14657=CARTESIAN_POINT('',(632.600000000022,96.,480.000000000024));
#14658=CARTESIAN_POINT('',(632.600000000022,96.,495.000000000023));
#14659=CARTESIAN_POINT('',(612.600000000022,96.,480.000000000025));
#14660=CARTESIAN_POINT('Origin',(800.600000000019,78.,450.000000000013));
#14661=CARTESIAN_POINT('',(884.60000000002,78.,480.000000000009));
#14662=CARTESIAN_POINT('Origin',(968.600000000024,76.,540.000000000004));
#14663=CARTESIAN_POINT('',(968.600000000021,104.,480.000000000004));
#14664=CARTESIAN_POINT('',(968.600000000021,76.,480.000000000004));
#14665=CARTESIAN_POINT('',(968.600000000021,104.,480.000000000004));
#14666=CARTESIAN_POINT('Origin',(968.60000000002,76.,480.000000000004));
#14667=CARTESIAN_POINT('',(632.600000000022,104.,480.000000000024));
#14668=CARTESIAN_POINT('',(632.600000000022,76.,480.000000000024));
#14669=CARTESIAN_POINT('',(632.600000000022,104.,480.000000000022));
#14670=CARTESIAN_POINT('Origin',(632.600000000022,76.,480.000000000024));
#14671=CARTESIAN_POINT('',(632.600000000022,104.,480.000000000024));
#14672=CARTESIAN_POINT('Origin',(800.600000000023,104.,510.000000000013));
#14673=CARTESIAN_POINT('Origin',(968.600000000024,76.,540.000000000004));
#14674=CARTESIAN_POINT('',(968.600000000027,78.,600.000000000004));
#14675=CARTESIAN_POINT('',(968.600000000024,78.,540.000000000004));
#14676=CARTESIAN_POINT('',(968.600000000023,78.,525.000000000005));
#14677=CARTESIAN_POINT('',(968.600000000024,86.,540.000000000004));
#14678=CARTESIAN_POINT('',(968.600000000024,76.,540.000000000004));
#14679=CARTESIAN_POINT('',(968.600000000027,86.,600.000000000004));
#14680=CARTESIAN_POINT('',(968.600000000024,86.,540.000000000004));
#14681=CARTESIAN_POINT('',(968.600000000027,76.,600.000000000004));
#14682=CARTESIAN_POINT('Origin',(978.600000000026,86.,570.000000000004));
#14683=CARTESIAN_POINT('',(988.600000000025,86.,540.000000000004));
#14684=CARTESIAN_POINT('',(973.600000000024,86.,540.000000000004));
#14685=CARTESIAN_POINT('',(988.600000000028,86.,600.000000000004));
#14686=CARTESIAN_POINT('',(988.600000000027,86.,585.000000000003));
#14687=CARTESIAN_POINT('',(805.600000000028,86.,600.000000000013));
#14688=CARTESIAN_POINT('Origin',(632.600000000028,76.,600.000000000022));
#14689=CARTESIAN_POINT('',(632.600000000025,78.,540.000000000022));
#14690=CARTESIAN_POINT('',(632.600000000028,78.,600.000000000022));
#14691=CARTESIAN_POINT('',(632.600000000022,78.,495.000000000022));
#14692=CARTESIAN_POINT('',(632.600000000028,86.,600.000000000022));
#14693=CARTESIAN_POINT('',(632.600000000028,76.,600.000000000022));
#14694=CARTESIAN_POINT('',(632.600000000025,86.,540.000000000022));
#14695=CARTESIAN_POINT('',(632.600000000028,86.,600.000000000022));
#14696=CARTESIAN_POINT('',(632.600000000025,76.,540.000000000022));
#14697=CARTESIAN_POINT('Origin',(622.600000000027,86.,570.000000000023));
#14698=CARTESIAN_POINT('',(612.600000000028,86.,600.000000000023));
#14699=CARTESIAN_POINT('',(627.600000000028,86.,600.000000000022));
#14700=CARTESIAN_POINT('',(612.600000000025,86.,540.000000000023));
#14701=CARTESIAN_POINT('',(612.600000000026,86.,555.000000000023));
#14702=CARTESIAN_POINT('',(795.600000000024,86.,540.000000000014));
#14703=CARTESIAN_POINT('Origin',(968.600000000024,76.,540.000000000004));
#14704=CARTESIAN_POINT('',(884.600000000024,78.,540.000000000009));
#14705=CARTESIAN_POINT('',(612.600000000025,96.,540.000000000023));
#14706=CARTESIAN_POINT('',(612.600000000025,76.,540.000000000023));
#14707=CARTESIAN_POINT('',(632.600000000025,96.,540.000000000022));
#14708=CARTESIAN_POINT('',(632.600000000025,96.,540.000000000022));
#14709=CARTESIAN_POINT('',(632.600000000025,104.,540.000000000022));
#14710=CARTESIAN_POINT('',(632.600000000025,76.,540.000000000022));
#14711=CARTESIAN_POINT('',(968.600000000024,104.,540.000000000004));
#14712=CARTESIAN_POINT('',(968.600000000024,104.,540.000000000004));
#14713=CARTESIAN_POINT('',(968.600000000024,96.,540.000000000004));
#14714=CARTESIAN_POINT('',(968.600000000024,76.,540.000000000004));
#14715=CARTESIAN_POINT('',(988.600000000025,96.,540.000000000004));
#14716=CARTESIAN_POINT('',(968.600000000024,96.,540.000000000004));
#14717=CARTESIAN_POINT('',(988.600000000025,76.,540.000000000004));
#14718=CARTESIAN_POINT('Origin',(988.600000000028,76.,600.000000000004));
#14719=CARTESIAN_POINT('',(988.600000000028,96.,600.000000000004));
#14720=CARTESIAN_POINT('',(988.600000000028,96.,600.000000000004));
#14721=CARTESIAN_POINT('',(988.600000000028,76.,600.000000000004));
#14722=CARTESIAN_POINT('Origin',(978.600000000026,96.,570.000000000004));
#14723=CARTESIAN_POINT('',(968.600000000027,96.,600.000000000004));
#14724=CARTESIAN_POINT('',(968.600000000026,96.,585.000000000005));
#14725=CARTESIAN_POINT('',(968.600000000027,96.,600.000000000004));
#14726=CARTESIAN_POINT('Origin',(612.600000000025,76.,540.000000000023));
#14727=CARTESIAN_POINT('',(612.600000000028,96.,600.000000000023));
#14728=CARTESIAN_POINT('',(612.600000000028,76.,600.000000000023));
#14729=CARTESIAN_POINT('',(612.600000000025,96.,540.000000000023));
#14730=CARTESIAN_POINT('Origin',(622.600000000027,96.,570.000000000023));
#14731=CARTESIAN_POINT('',(632.600000000028,96.,600.000000000022));
#14732=CARTESIAN_POINT('',(632.600000000026,96.,555.000000000022));
#14733=CARTESIAN_POINT('',(632.600000000028,96.,600.000000000022));
#14734=CARTESIAN_POINT('Origin',(800.600000000019,78.,450.000000000013));
#14735=CARTESIAN_POINT('',(716.600000000028,78.,600.000000000018));
#14736=CARTESIAN_POINT('Origin',(968.600000000027,76.,600.000000000004));
#14737=CARTESIAN_POINT('',(968.600000000027,104.,600.000000000004));
#14738=CARTESIAN_POINT('',(968.600000000024,104.,540.000000000004));
#14739=CARTESIAN_POINT('',(968.600000000027,76.,600.000000000004));
#14740=CARTESIAN_POINT('Origin',(632.600000000028,76.,600.000000000022));
#14741=CARTESIAN_POINT('',(632.600000000028,104.,600.000000000022));
#14742=CARTESIAN_POINT('',(968.600000000027,104.,600.000000000004));
#14743=CARTESIAN_POINT('',(632.600000000028,76.,600.000000000022));
#14744=CARTESIAN_POINT('Origin',(632.600000000025,76.,540.000000000022));
#14745=CARTESIAN_POINT('',(632.600000000028,104.,600.000000000022));
#14746=CARTESIAN_POINT('Origin',(800.600000000026,104.,570.000000000013));
#14747=CARTESIAN_POINT('Origin',(968.600000000027,76.,600.000000000004));
#14748=CARTESIAN_POINT('',(968.60000000003,78.,660.000000000004));
#14749=CARTESIAN_POINT('',(968.600000000027,78.,600.000000000004));
#14750=CARTESIAN_POINT('',(968.600000000028,78.,631.329432107379));
#14751=CARTESIAN_POINT('',(968.600000000027,86.,600.000000000004));
#14752=CARTESIAN_POINT('',(968.600000000027,76.,600.000000000004));
#14753=CARTESIAN_POINT('',(968.60000000003,86.,660.000000000004));
#14754=CARTESIAN_POINT('',(968.600000000027,86.,600.000000000004));
#14755=CARTESIAN_POINT('',(968.60000000003,76.,660.000000000004));
#14756=CARTESIAN_POINT('Origin',(978.600000000029,86.,630.000000000004));
#14757=CARTESIAN_POINT('',(988.600000000028,86.,600.000000000004));
#14758=CARTESIAN_POINT('',(973.600000000027,86.,600.000000000004));
#14759=CARTESIAN_POINT('',(988.600000000031,86.,660.000000000003));
#14760=CARTESIAN_POINT('',(988.60000000003,86.,645.000000000003));
#14761=CARTESIAN_POINT('',(805.600000000031,86.,660.000000000013));
#14762=CARTESIAN_POINT('Origin',(632.600000000032,76.,660.000000000022));
#14763=CARTESIAN_POINT('',(632.600000000028,78.,600.000000000022));
#14764=CARTESIAN_POINT('',(632.600000000032,78.,660.000000000022));
#14765=CARTESIAN_POINT('',(632.600000000028,78.,601.329432107397));
#14766=CARTESIAN_POINT('',(632.600000000032,86.,660.000000000022));
#14767=CARTESIAN_POINT('',(632.600000000032,76.,660.000000000022));
#14768=CARTESIAN_POINT('',(632.600000000028,86.,600.000000000022));
#14769=CARTESIAN_POINT('',(632.600000000032,86.,660.000000000022));
#14770=CARTESIAN_POINT('',(632.600000000028,76.,600.000000000022));
#14771=CARTESIAN_POINT('Origin',(622.60000000003,86.,630.000000000023));
#14772=CARTESIAN_POINT('',(612.600000000032,86.,660.000000000023));
#14773=CARTESIAN_POINT('',(627.600000000032,86.,660.000000000022));
#14774=CARTESIAN_POINT('',(612.600000000028,86.,600.000000000023));
#14775=CARTESIAN_POINT('',(612.600000000029,86.,615.000000000023));
#14776=CARTESIAN_POINT('',(795.600000000028,86.,600.000000000014));
#14777=CARTESIAN_POINT('Origin',(968.600000000027,76.,600.000000000004));
#14778=CARTESIAN_POINT('',(884.600000000027,78.,600.000000000009));
#14779=CARTESIAN_POINT('',(612.600000000028,96.,600.000000000023));
#14780=CARTESIAN_POINT('',(612.600000000028,76.,600.000000000023));
#14781=CARTESIAN_POINT('',(632.600000000028,96.,600.000000000022));
#14782=CARTESIAN_POINT('',(632.600000000028,96.,600.000000000022));
#14783=CARTESIAN_POINT('',(632.600000000028,104.,600.000000000022));
#14784=CARTESIAN_POINT('',(632.600000000028,76.,600.000000000022));
#14785=CARTESIAN_POINT('',(968.600000000027,104.,600.000000000004));
#14786=CARTESIAN_POINT('',(968.600000000027,104.,600.000000000004));
#14787=CARTESIAN_POINT('',(968.600000000027,96.,600.000000000004));
#14788=CARTESIAN_POINT('',(968.600000000027,76.,600.000000000004));
#14789=CARTESIAN_POINT('',(988.600000000028,96.,600.000000000004));
#14790=CARTESIAN_POINT('',(968.600000000027,96.,600.000000000004));
#14791=CARTESIAN_POINT('',(988.600000000028,76.,600.000000000004));
#14792=CARTESIAN_POINT('Origin',(988.600000000031,76.,660.000000000003));
#14793=CARTESIAN_POINT('',(988.600000000031,96.,660.000000000003));
#14794=CARTESIAN_POINT('',(988.600000000031,96.,660.000000000003));
#14795=CARTESIAN_POINT('',(988.600000000031,76.,660.000000000003));
#14796=CARTESIAN_POINT('Origin',(978.600000000029,96.,630.000000000004));
#14797=CARTESIAN_POINT('',(968.60000000003,96.,660.000000000004));
#14798=CARTESIAN_POINT('',(968.600000000029,96.,645.000000000005));
#14799=CARTESIAN_POINT('',(968.60000000003,96.,660.000000000004));
#14800=CARTESIAN_POINT('Origin',(612.600000000028,76.,600.000000000023));
#14801=CARTESIAN_POINT('',(612.600000000032,96.,660.000000000023));
#14802=CARTESIAN_POINT('',(612.600000000032,76.,660.000000000023));
#14803=CARTESIAN_POINT('',(612.600000000028,96.,600.000000000023));
#14804=CARTESIAN_POINT('Origin',(622.60000000003,96.,630.000000000023));
#14805=CARTESIAN_POINT('',(632.600000000032,96.,660.000000000022));
#14806=CARTESIAN_POINT('',(632.600000000029,96.,615.000000000022));
#14807=CARTESIAN_POINT('',(632.600000000032,96.,660.000000000022));
#14808=CARTESIAN_POINT('Origin',(800.600000000026,78.,602.658864214762));
#14809=CARTESIAN_POINT('',(716.60000000003,78.,660.000000000018));
#14810=CARTESIAN_POINT('Origin',(632.600000000028,76.,600.000000000022));
#14811=CARTESIAN_POINT('',(632.600000000032,104.,660.000000000022));
#14812=CARTESIAN_POINT('',(632.600000000032,76.,660.000000000022));
#14813=CARTESIAN_POINT('',(632.600000000032,104.,660.000000000022));
#14814=CARTESIAN_POINT('Origin',(968.60000000003,76.,660.000000000004));
#14815=CARTESIAN_POINT('',(968.60000000003,104.,660.000000000004));
#14816=CARTESIAN_POINT('',(968.600000000027,104.,600.000000000004));
#14817=CARTESIAN_POINT('',(968.60000000003,76.,660.000000000004));
#14818=CARTESIAN_POINT('Origin',(632.600000000032,76.,660.000000000022));
#14819=CARTESIAN_POINT('',(632.600000000032,104.,660.000000000022));
#14820=CARTESIAN_POINT('Origin',(800.600000000029,104.,630.000000000013));
#14821=CARTESIAN_POINT('Origin',(968.60000000003,76.,660.000000000004));
#14822=CARTESIAN_POINT('',(968.600000000033,78.,720.000000000004));
#14823=CARTESIAN_POINT('',(968.60000000003,78.,660.000000000004));
#14824=CARTESIAN_POINT('',(968.600000000031,78.,661.329432107379));
#14825=CARTESIAN_POINT('',(968.60000000003,86.,660.000000000004));
#14826=CARTESIAN_POINT('',(968.60000000003,76.,660.000000000004));
#14827=CARTESIAN_POINT('',(968.600000000033,86.,720.000000000004));
#14828=CARTESIAN_POINT('',(968.60000000003,86.,660.000000000004));
#14829=CARTESIAN_POINT('',(968.600000000033,76.,720.000000000004));
#14830=CARTESIAN_POINT('Origin',(978.600000000032,86.,690.000000000004));
#14831=CARTESIAN_POINT('',(988.600000000031,86.,660.000000000003));
#14832=CARTESIAN_POINT('',(973.60000000003,86.,660.000000000004));
#14833=CARTESIAN_POINT('',(988.600000000034,86.,720.000000000003));
#14834=CARTESIAN_POINT('',(988.600000000033,86.,705.000000000003));
#14835=CARTESIAN_POINT('',(805.600000000034,86.,720.000000000013));
#14836=CARTESIAN_POINT('Origin',(632.600000000035,76.,720.000000000022));
#14837=CARTESIAN_POINT('',(632.600000000032,78.,660.000000000022));
#14838=CARTESIAN_POINT('',(632.600000000035,78.,720.000000000022));
#14839=CARTESIAN_POINT('',(632.60000000003,78.,631.329432107397));
#14840=CARTESIAN_POINT('',(632.600000000035,86.,720.000000000022));
#14841=CARTESIAN_POINT('',(632.600000000035,76.,720.000000000022));
#14842=CARTESIAN_POINT('',(632.600000000032,86.,660.000000000022));
#14843=CARTESIAN_POINT('',(632.600000000035,86.,720.000000000022));
#14844=CARTESIAN_POINT('',(632.600000000032,76.,660.000000000022));
#14845=CARTESIAN_POINT('Origin',(622.600000000034,86.,690.000000000023));
#14846=CARTESIAN_POINT('',(612.600000000032,86.,660.000000000023));
#14847=CARTESIAN_POINT('',(612.600000000035,86.,720.000000000023));
#14848=CARTESIAN_POINT('',(612.600000000033,86.,675.000000000023));
#14849=CARTESIAN_POINT('',(795.600000000031,86.,660.000000000013));
#14850=CARTESIAN_POINT('',(627.600000000035,86.,720.000000000022));
#14851=CARTESIAN_POINT('Origin',(968.60000000003,76.,660.000000000004));
#14852=CARTESIAN_POINT('',(884.600000000029,78.,660.000000000009));
#14853=CARTESIAN_POINT('',(612.600000000032,96.,660.000000000023));
#14854=CARTESIAN_POINT('',(612.600000000032,76.,660.000000000023));
#14855=CARTESIAN_POINT('',(632.600000000032,96.,660.000000000022));
#14856=CARTESIAN_POINT('',(632.600000000032,96.,660.000000000022));
#14857=CARTESIAN_POINT('',(632.600000000032,104.,660.000000000022));
#14858=CARTESIAN_POINT('',(632.600000000032,76.,660.000000000022));
#14859=CARTESIAN_POINT('',(968.60000000003,104.,660.000000000004));
#14860=CARTESIAN_POINT('',(632.600000000032,104.,660.000000000022));
#14861=CARTESIAN_POINT('',(968.60000000003,96.,660.000000000004));
#14862=CARTESIAN_POINT('',(968.60000000003,76.,660.000000000004));
#14863=CARTESIAN_POINT('',(988.600000000031,96.,660.000000000003));
#14864=CARTESIAN_POINT('',(968.60000000003,96.,660.000000000004));
#14865=CARTESIAN_POINT('',(988.600000000031,76.,660.000000000003));
#14866=CARTESIAN_POINT('Origin',(612.600000000032,76.,660.000000000023));
#14867=CARTESIAN_POINT('',(612.600000000035,96.,720.000000000023));
#14868=CARTESIAN_POINT('',(612.600000000035,76.,720.000000000023));
#14869=CARTESIAN_POINT('',(612.600000000032,96.,660.000000000023));
#14870=CARTESIAN_POINT('Origin',(988.600000000034,76.,720.000000000003));
#14871=CARTESIAN_POINT('',(988.600000000034,96.,720.000000000003));
#14872=CARTESIAN_POINT('',(988.600000000034,96.,720.000000000003));
#14873=CARTESIAN_POINT('',(988.600000000034,76.,720.000000000003));
#14874=CARTESIAN_POINT('Origin',(978.600000000032,96.,690.000000000004));
#14875=CARTESIAN_POINT('',(968.600000000033,96.,720.000000000004));
#14876=CARTESIAN_POINT('',(968.600000000033,96.,705.000000000005));
#14877=CARTESIAN_POINT('',(968.600000000033,96.,720.000000000004));
#14878=CARTESIAN_POINT('Origin',(622.600000000034,96.,690.000000000023));
#14879=CARTESIAN_POINT('',(632.600000000035,96.,720.000000000022));
#14880=CARTESIAN_POINT('',(612.600000000035,96.,720.000000000023));
#14881=CARTESIAN_POINT('',(632.600000000033,96.,675.000000000022));
#14882=CARTESIAN_POINT('Origin',(800.600000000026,78.,602.658864214762));
#14883=CARTESIAN_POINT('',(716.600000000034,78.,720.000000000018));
#14884=CARTESIAN_POINT('Origin',(968.600000000033,76.,720.000000000004));
#14885=CARTESIAN_POINT('',(968.600000000033,104.,720.000000000004));
#14886=CARTESIAN_POINT('',(968.60000000003,104.,660.000000000004));
#14887=CARTESIAN_POINT('',(968.600000000033,76.,720.000000000004));
#14888=CARTESIAN_POINT('Origin',(632.600000000035,76.,720.000000000022));
#14889=CARTESIAN_POINT('',(632.600000000035,104.,720.000000000022));
#14890=CARTESIAN_POINT('',(968.600000000033,104.,720.000000000004));
#14891=CARTESIAN_POINT('',(632.600000000035,76.,720.000000000022));
#14892=CARTESIAN_POINT('Origin',(632.600000000032,76.,660.000000000022));
#14893=CARTESIAN_POINT('',(632.600000000035,104.,720.000000000022));
#14894=CARTESIAN_POINT('Origin',(800.600000000033,104.,690.000000000013));
#14895=CARTESIAN_POINT('Origin',(968.600000000039,76.,840.000000000005));
#14896=CARTESIAN_POINT('',(968.600000000041,78.,871.798741174894));
#14897=CARTESIAN_POINT('',(968.600000000039,78.,840.000000000005));
#14898=CARTESIAN_POINT('',(968.600000000034,78.,737.228802694823));
#14899=CARTESIAN_POINT('',(968.600000000039,86.,840.000000000004));
#14900=CARTESIAN_POINT('',(968.600000000039,76.,840.000000000005));
#14901=CARTESIAN_POINT('',(968.600000000041,86.,871.798741174894));
#14902=CARTESIAN_POINT('',(968.600000000043,86.,910.000000000005));
#14903=CARTESIAN_POINT('',(968.600000000041,76.,871.798741174894));
#14904=CARTESIAN_POINT('Origin',(978.60000000004,86.,855.899370587449));
#14905=CARTESIAN_POINT('',(988.600000000039,86.,840.000000000003));
#14906=CARTESIAN_POINT('',(973.600000000039,86.,840.000000000004));
#14907=CARTESIAN_POINT('',(988.600000000041,86.,871.12788096563));
#14908=CARTESIAN_POINT('',(988.600000000041,86.,863.513625776539));
#14909=CARTESIAN_POINT('Origin',(1069.63343656017,86.,3585.3949261234));
#14910=CARTESIAN_POINT('Origin',(632.600000000046,76.,905.317728429519));
#14911=CARTESIAN_POINT('',(632.600000000042,78.,840.000000000022));
#14912=CARTESIAN_POINT('',(632.600000000046,78.,905.317728429519));
#14913=CARTESIAN_POINT('',(632.600000000035,78.,721.329432107397));
#14914=CARTESIAN_POINT('',(632.600000000046,86.,905.317728429519));
#14915=CARTESIAN_POINT('',(632.600000000046,76.,905.317728429519));
#14916=CARTESIAN_POINT('',(632.600000000042,86.,840.000000000022));
#14917=CARTESIAN_POINT('',(632.600000000042,86.,840.000000000022));
#14918=CARTESIAN_POINT('',(632.600000000042,76.,840.000000000022));
#14919=CARTESIAN_POINT('Origin',(622.600000000044,86.,874.327890770832));
#14920=CARTESIAN_POINT('',(612.600000000042,86.,840.000000000023));
#14921=CARTESIAN_POINT('',(795.600000000041,86.,840.000000000014));
#14922=CARTESIAN_POINT('',(612.600000000046,86.,908.655781541642));
#14923=CARTESIAN_POINT('Origin',(1069.63343656017,86.,3585.3949261234));
#14924=CARTESIAN_POINT('',(612.600000000043,86.,857.163945385428));
#14925=CARTESIAN_POINT('Origin',(968.600000000039,76.,840.000000000005));
#14926=CARTESIAN_POINT('',(884.600000000039,78.,840.000000000009));
#14927=CARTESIAN_POINT('',(612.600000000042,96.,840.000000000023));
#14928=CARTESIAN_POINT('',(612.600000000042,76.,840.000000000023));
#14929=CARTESIAN_POINT('',(632.600000000042,96.,840.000000000022));
#14930=CARTESIAN_POINT('',(612.600000000042,96.,840.000000000023));
#14931=CARTESIAN_POINT('',(632.600000000042,104.,840.000000000022));
#14932=CARTESIAN_POINT('',(632.600000000042,76.,840.000000000022));
#14933=CARTESIAN_POINT('',(968.600000000039,104.,840.000000000005));
#14934=CARTESIAN_POINT('',(968.600000000039,104.,840.000000000005));
#14935=CARTESIAN_POINT('',(968.600000000039,96.,840.000000000004));
#14936=CARTESIAN_POINT('',(968.600000000039,76.,840.000000000005));
#14937=CARTESIAN_POINT('',(988.600000000039,96.,840.000000000003));
#14938=CARTESIAN_POINT('',(988.600000000039,96.,840.000000000003));
#14939=CARTESIAN_POINT('',(988.600000000039,76.,840.000000000003));
#14940=CARTESIAN_POINT('Origin',(612.600000000042,76.,840.000000000023));
#14941=CARTESIAN_POINT('',(612.600000000046,96.,908.655781541642));
#14942=CARTESIAN_POINT('',(612.600000000046,76.,908.655781541642));
#14943=CARTESIAN_POINT('',(612.600000000046,96.,910.000000000023));
#14944=CARTESIAN_POINT('Origin',(988.600000000041,76.,871.12788096563));
#14945=CARTESIAN_POINT('',(988.600000000041,96.,871.12788096563));
#14946=CARTESIAN_POINT('',(988.600000000043,96.,910.000000000004));
#14947=CARTESIAN_POINT('',(988.600000000041,76.,871.12788096563));
#14948=CARTESIAN_POINT('Origin',(978.60000000004,96.,855.899370587449));
#14949=CARTESIAN_POINT('',(968.600000000041,96.,871.798741174894));
#14950=CARTESIAN_POINT('',(968.600000000041,96.,863.849055881171));
#14951=CARTESIAN_POINT('Origin',(1069.63343656017,96.,3585.3949261234));
#14952=CARTESIAN_POINT('Origin',(622.600000000044,96.,874.327890770832));
#14953=CARTESIAN_POINT('',(632.600000000046,96.,905.317728429519));
#14954=CARTESIAN_POINT('Origin',(1069.63343656017,96.,3585.3949261234));
#14955=CARTESIAN_POINT('',(632.600000000043,96.,857.163945385427));
#14956=CARTESIAN_POINT('Origin',(800.600000000026,78.,602.658864214762));
#14957=CARTESIAN_POINT('Origin',(1069.63343656017,78.,3585.3949261234));
#14958=CARTESIAN_POINT('Origin',(968.600000000041,76.,871.798741174894));
#14959=CARTESIAN_POINT('',(968.600000000041,104.,871.798741174894));
#14960=CARTESIAN_POINT('',(968.600000000043,104.,910.000000000005));
#14961=CARTESIAN_POINT('',(968.600000000041,76.,871.798741174894));
#14962=CARTESIAN_POINT('Origin',(1069.63343656017,76.,3585.3949261234));
#14963=CARTESIAN_POINT('',(632.600000000046,104.,905.317728429519));
#14964=CARTESIAN_POINT('Origin',(1069.63343656017,104.,3585.3949261234));
#14965=CARTESIAN_POINT('',(632.600000000046,76.,905.317728429519));
#14966=CARTESIAN_POINT('Origin',(632.600000000042,76.,840.000000000022));
#14967=CARTESIAN_POINT('',(632.600000000042,104.,840.000000000022));
#14968=CARTESIAN_POINT('Origin',(800.600000000042,104.,872.658864214762));
#14969=CARTESIAN_POINT('Origin',(968.600000000036,76.,780.000000000004));
#14970=CARTESIAN_POINT('',(968.600000000039,78.,840.000000000005));
#14971=CARTESIAN_POINT('',(968.600000000036,78.,780.000000000004));
#14972=CARTESIAN_POINT('',(968.600000000033,78.,721.329432107379));
#14973=CARTESIAN_POINT('',(968.600000000036,86.,780.000000000004));
#14974=CARTESIAN_POINT('',(968.600000000036,76.,780.000000000004));
#14975=CARTESIAN_POINT('',(968.600000000039,86.,840.000000000004));
#14976=CARTESIAN_POINT('',(968.600000000036,86.,780.000000000004));
#14977=CARTESIAN_POINT('',(968.600000000039,76.,840.000000000005));
#14978=CARTESIAN_POINT('Origin',(978.600000000038,86.,810.000000000004));
#14979=CARTESIAN_POINT('',(988.600000000037,86.,780.000000000003));
#14980=CARTESIAN_POINT('',(973.600000000036,86.,780.000000000004));
#14981=CARTESIAN_POINT('',(988.600000000039,86.,840.000000000003));
#14982=CARTESIAN_POINT('',(988.600000000039,86.,825.000000000003));
#14983=CARTESIAN_POINT('',(805.600000000041,86.,840.000000000013));
#14984=CARTESIAN_POINT('Origin',(632.600000000042,76.,840.000000000022));
#14985=CARTESIAN_POINT('',(632.600000000039,78.,780.000000000022));
#14986=CARTESIAN_POINT('',(632.600000000042,78.,840.000000000022));
#14987=CARTESIAN_POINT('',(632.600000000034,78.,691.329432107397));
#14988=CARTESIAN_POINT('',(632.600000000042,86.,840.000000000022));
#14989=CARTESIAN_POINT('',(632.600000000042,76.,840.000000000022));
#14990=CARTESIAN_POINT('',(632.600000000039,86.,780.000000000022));
#14991=CARTESIAN_POINT('',(632.600000000039,86.,780.000000000022));
#14992=CARTESIAN_POINT('',(632.600000000039,76.,780.000000000022));
#14993=CARTESIAN_POINT('Origin',(622.600000000041,86.,810.000000000023));
#14994=CARTESIAN_POINT('',(612.600000000039,86.,780.000000000023));
#14995=CARTESIAN_POINT('',(795.600000000038,86.,780.000000000013));
#14996=CARTESIAN_POINT('',(612.600000000042,86.,840.000000000023));
#14997=CARTESIAN_POINT('',(627.600000000042,86.,840.000000000022));
#14998=CARTESIAN_POINT('',(612.600000000039,86.,795.000000000023));
#14999=CARTESIAN_POINT('Origin',(968.600000000036,76.,780.000000000004));
#15000=CARTESIAN_POINT('',(884.600000000036,78.,780.000000000009));
#15001=CARTESIAN_POINT('',(612.600000000039,96.,780.000000000023));
#15002=CARTESIAN_POINT('',(612.600000000039,76.,780.000000000023));
#15003=CARTESIAN_POINT('',(632.600000000039,96.,780.000000000022));
#15004=CARTESIAN_POINT('',(612.600000000039,96.,780.000000000023));
#15005=CARTESIAN_POINT('',(632.600000000039,104.,780.000000000022));
#15006=CARTESIAN_POINT('',(632.600000000039,76.,780.000000000022));
#15007=CARTESIAN_POINT('',(968.600000000036,104.,780.000000000004));
#15008=CARTESIAN_POINT('',(632.600000000039,104.,780.000000000022));
#15009=CARTESIAN_POINT('',(968.600000000036,96.,780.000000000004));
#15010=CARTESIAN_POINT('',(968.600000000036,76.,780.000000000004));
#15011=CARTESIAN_POINT('',(988.600000000037,96.,780.000000000003));
#15012=CARTESIAN_POINT('',(968.600000000036,96.,780.000000000004));
#15013=CARTESIAN_POINT('',(988.600000000037,76.,780.000000000003));
#15014=CARTESIAN_POINT('Origin',(612.600000000039,76.,780.000000000023));
#15015=CARTESIAN_POINT('',(612.600000000042,96.,840.000000000023));
#15016=CARTESIAN_POINT('',(612.600000000042,76.,840.000000000023));
#15017=CARTESIAN_POINT('',(612.600000000042,96.,840.000000000023));
#15018=CARTESIAN_POINT('Origin',(988.600000000039,76.,840.000000000003));
#15019=CARTESIAN_POINT('',(988.600000000039,96.,840.000000000003));
#15020=CARTESIAN_POINT('',(988.600000000037,96.,780.000000000003));
#15021=CARTESIAN_POINT('',(988.600000000039,76.,840.000000000003));
#15022=CARTESIAN_POINT('Origin',(978.600000000038,96.,810.000000000004));
#15023=CARTESIAN_POINT('',(968.600000000039,96.,840.000000000004));
#15024=CARTESIAN_POINT('',(968.600000000039,96.,825.000000000005));
#15025=CARTESIAN_POINT('',(988.600000000039,96.,840.000000000003));
#15026=CARTESIAN_POINT('Origin',(622.600000000041,96.,810.000000000023));
#15027=CARTESIAN_POINT('',(632.600000000042,96.,840.000000000022));
#15028=CARTESIAN_POINT('',(612.600000000042,96.,840.000000000023));
#15029=CARTESIAN_POINT('',(632.60000000004,96.,795.000000000022));
#15030=CARTESIAN_POINT('Origin',(800.600000000026,78.,602.658864214762));
#15031=CARTESIAN_POINT('',(716.60000000004,78.,840.000000000018));
#15032=CARTESIAN_POINT('Origin',(968.600000000039,76.,840.000000000004));
#15033=CARTESIAN_POINT('',(968.600000000039,104.,840.000000000005));
#15034=CARTESIAN_POINT('',(968.600000000036,104.,780.000000000004));
#15035=CARTESIAN_POINT('',(968.600000000039,76.,840.000000000005));
#15036=CARTESIAN_POINT('Origin',(632.600000000042,76.,840.000000000022));
#15037=CARTESIAN_POINT('',(632.600000000042,104.,840.000000000022));
#15038=CARTESIAN_POINT('',(968.600000000039,104.,840.000000000005));
#15039=CARTESIAN_POINT('',(632.600000000042,76.,840.000000000022));
#15040=CARTESIAN_POINT('Origin',(632.600000000039,76.,780.000000000022));
#15041=CARTESIAN_POINT('',(632.600000000039,104.,780.000000000022));
#15042=CARTESIAN_POINT('Origin',(800.600000000039,104.,810.000000000013));
#15043=CARTESIAN_POINT('Origin',(968.600000000033,76.,720.000000000004));
#15044=CARTESIAN_POINT('',(968.600000000036,78.,780.000000000004));
#15045=CARTESIAN_POINT('',(968.600000000033,78.,720.000000000004));
#15046=CARTESIAN_POINT('',(968.600000000032,78.,691.329432107379));
#15047=CARTESIAN_POINT('',(968.600000000033,86.,720.000000000004));
#15048=CARTESIAN_POINT('',(968.600000000033,76.,720.000000000004));
#15049=CARTESIAN_POINT('',(968.600000000036,86.,780.000000000004));
#15050=CARTESIAN_POINT('',(968.600000000033,86.,720.000000000004));
#15051=CARTESIAN_POINT('',(968.600000000036,76.,780.000000000004));
#15052=CARTESIAN_POINT('Origin',(978.600000000035,86.,750.000000000004));
#15053=CARTESIAN_POINT('',(988.600000000034,86.,720.000000000003));
#15054=CARTESIAN_POINT('',(973.600000000033,86.,720.000000000004));
#15055=CARTESIAN_POINT('',(988.600000000037,86.,780.000000000003));
#15056=CARTESIAN_POINT('',(988.600000000036,86.,765.000000000003));
#15057=CARTESIAN_POINT('',(805.600000000038,86.,780.000000000013));
#15058=CARTESIAN_POINT('Origin',(632.600000000039,76.,780.000000000022));
#15059=CARTESIAN_POINT('',(632.600000000035,78.,720.000000000022));
#15060=CARTESIAN_POINT('',(632.600000000039,78.,780.000000000022));
#15061=CARTESIAN_POINT('',(632.600000000032,78.,661.329432107397));
#15062=CARTESIAN_POINT('',(632.600000000039,86.,780.000000000022));
#15063=CARTESIAN_POINT('',(632.600000000039,76.,780.000000000022));
#15064=CARTESIAN_POINT('',(632.600000000035,86.,720.000000000022));
#15065=CARTESIAN_POINT('',(632.600000000035,86.,720.000000000022));
#15066=CARTESIAN_POINT('',(632.600000000035,76.,720.000000000022));
#15067=CARTESIAN_POINT('Origin',(622.600000000037,86.,750.000000000023));
#15068=CARTESIAN_POINT('',(612.600000000035,86.,720.000000000023));
#15069=CARTESIAN_POINT('',(795.600000000034,86.,720.000000000013));
#15070=CARTESIAN_POINT('',(612.600000000039,86.,780.000000000023));
#15071=CARTESIAN_POINT('',(627.600000000039,86.,780.000000000022));
#15072=CARTESIAN_POINT('',(612.600000000036,86.,735.000000000023));
#15073=CARTESIAN_POINT('Origin',(968.600000000033,76.,720.000000000004));
#15074=CARTESIAN_POINT('',(884.600000000033,78.,720.000000000009));
#15075=CARTESIAN_POINT('',(612.600000000035,96.,720.000000000023));
#15076=CARTESIAN_POINT('',(612.600000000035,76.,720.000000000023));
#15077=CARTESIAN_POINT('',(632.600000000035,96.,720.000000000022));
#15078=CARTESIAN_POINT('',(612.600000000035,96.,720.000000000023));
#15079=CARTESIAN_POINT('',(632.600000000035,104.,720.000000000022));
#15080=CARTESIAN_POINT('',(632.600000000035,76.,720.000000000022));
#15081=CARTESIAN_POINT('',(968.600000000033,104.,720.000000000004));
#15082=CARTESIAN_POINT('',(968.600000000033,104.,720.000000000004));
#15083=CARTESIAN_POINT('',(968.600000000033,96.,720.000000000004));
#15084=CARTESIAN_POINT('',(968.600000000033,76.,720.000000000004));
#15085=CARTESIAN_POINT('',(988.600000000034,96.,720.000000000003));
#15086=CARTESIAN_POINT('',(968.600000000033,96.,720.000000000004));
#15087=CARTESIAN_POINT('',(988.600000000034,76.,720.000000000003));
#15088=CARTESIAN_POINT('Origin',(612.600000000035,76.,720.000000000023));
#15089=CARTESIAN_POINT('',(612.600000000039,96.,780.000000000023));
#15090=CARTESIAN_POINT('',(612.600000000039,76.,780.000000000023));
#15091=CARTESIAN_POINT('',(612.600000000039,96.,780.000000000023));
#15092=CARTESIAN_POINT('Origin',(988.600000000037,76.,780.000000000003));
#15093=CARTESIAN_POINT('',(988.600000000037,96.,780.000000000003));
#15094=CARTESIAN_POINT('',(988.600000000037,96.,780.000000000003));
#15095=CARTESIAN_POINT('',(988.600000000037,76.,780.000000000003));
#15096=CARTESIAN_POINT('Origin',(978.600000000035,96.,750.000000000004));
#15097=CARTESIAN_POINT('',(968.600000000036,96.,780.000000000004));
#15098=CARTESIAN_POINT('',(968.600000000036,96.,765.000000000005));
#15099=CARTESIAN_POINT('',(968.600000000036,96.,780.000000000004));
#15100=CARTESIAN_POINT('Origin',(622.600000000037,96.,750.000000000023));
#15101=CARTESIAN_POINT('',(632.600000000039,96.,780.000000000022));
#15102=CARTESIAN_POINT('',(612.600000000039,96.,780.000000000023));
#15103=CARTESIAN_POINT('',(632.600000000036,96.,735.000000000022));
#15104=CARTESIAN_POINT('Origin',(800.600000000026,78.,602.658864214762));
#15105=CARTESIAN_POINT('',(716.600000000037,78.,780.000000000018));
#15106=CARTESIAN_POINT('Origin',(968.600000000036,76.,780.000000000004));
#15107=CARTESIAN_POINT('',(968.600000000036,104.,780.000000000004));
#15108=CARTESIAN_POINT('',(968.600000000033,104.,720.000000000004));
#15109=CARTESIAN_POINT('',(968.600000000036,76.,780.000000000004));
#15110=CARTESIAN_POINT('Origin',(632.600000000039,76.,780.000000000022));
#15111=CARTESIAN_POINT('',(632.600000000039,104.,780.000000000022));
#15112=CARTESIAN_POINT('',(632.600000000039,104.,780.000000000022));
#15113=CARTESIAN_POINT('',(632.600000000039,76.,780.000000000022));
#15114=CARTESIAN_POINT('Origin',(632.600000000035,76.,720.000000000022));
#15115=CARTESIAN_POINT('',(632.600000000035,104.,720.000000000022));
#15116=CARTESIAN_POINT('Origin',(800.600000000036,104.,750.000000000013));
#15117=CARTESIAN_POINT('Origin',(800.600000000013,78.,330.000000000014));
#15118=CARTESIAN_POINT('',(968.600000000015,78.,360.000000000004));
#15119=CARTESIAN_POINT('',(968.600000000012,78.,300.000000000004));
#15120=CARTESIAN_POINT('',(968.600000000013,78.,315.000000000005));
#15121=CARTESIAN_POINT('',(632.600000000015,78.,360.000000000024));
#15122=CARTESIAN_POINT('',(716.600000000015,78.,360.000000000019));
#15123=CARTESIAN_POINT('',(632.600000000011,78.,300.000000000024));
#15124=CARTESIAN_POINT('',(632.600000000014,78.,345.000000000024));
#15125=CARTESIAN_POINT('',(884.600000000011,78.,300.000000000009));
#15126=CARTESIAN_POINT('Origin',(632.600000000015,76.,360.000000000024));
#15127=CARTESIAN_POINT('',(968.600000000015,86.,360.000000000004));
#15128=CARTESIAN_POINT('',(968.600000000015,76.,360.000000000004));
#15129=CARTESIAN_POINT('',(988.600000000016,86.,360.000000000003));
#15130=CARTESIAN_POINT('',(805.600000000015,86.,360.000000000014));
#15131=CARTESIAN_POINT('',(988.600000000016,96.,360.000000000003));
#15132=CARTESIAN_POINT('',(988.600000000016,76.,360.000000000003));
#15133=CARTESIAN_POINT('',(968.600000000015,96.,360.000000000004));
#15134=CARTESIAN_POINT('',(968.600000000015,96.,360.000000000004));
#15135=CARTESIAN_POINT('',(968.600000000015,104.,360.000000000004));
#15136=CARTESIAN_POINT('',(968.600000000015,76.,360.000000000004));
#15137=CARTESIAN_POINT('',(632.600000000015,104.,360.000000000024));
#15138=CARTESIAN_POINT('',(632.600000000015,104.,360.000000000024));
#15139=CARTESIAN_POINT('',(632.600000000015,96.,360.000000000024));
#15140=CARTESIAN_POINT('',(632.600000000015,76.,360.000000000024));
#15141=CARTESIAN_POINT('',(612.600000000015,96.,360.000000000025));
#15142=CARTESIAN_POINT('',(632.600000000015,96.,360.000000000024));
#15143=CARTESIAN_POINT('',(612.600000000015,86.,360.000000000025));
#15144=CARTESIAN_POINT('',(612.600000000015,76.,360.000000000025));
#15145=CARTESIAN_POINT('',(632.600000000015,86.,360.000000000024));
#15146=CARTESIAN_POINT('',(627.600000000015,86.,360.000000000024));
#15147=CARTESIAN_POINT('',(632.600000000015,76.,360.000000000024));
#15148=CARTESIAN_POINT('Origin',(968.600000000012,76.,300.000000000004));
#15149=CARTESIAN_POINT('',(968.600000000012,86.,300.000000000004));
#15150=CARTESIAN_POINT('',(968.600000000012,76.,300.000000000004));
#15151=CARTESIAN_POINT('',(968.600000000012,86.,300.000000000004));
#15152=CARTESIAN_POINT('Origin',(978.600000000014,86.,330.000000000004));
#15153=CARTESIAN_POINT('',(988.600000000013,86.,300.000000000003));
#15154=CARTESIAN_POINT('',(973.600000000011,86.,300.000000000004));
#15155=CARTESIAN_POINT('',(988.600000000015,86.,345.000000000003));
#15156=CARTESIAN_POINT('Origin',(632.600000000015,76.,360.000000000024));
#15157=CARTESIAN_POINT('',(632.600000000011,86.,300.000000000024));
#15158=CARTESIAN_POINT('',(632.600000000015,86.,360.000000000024));
#15159=CARTESIAN_POINT('',(632.600000000011,76.,300.000000000024));
#15160=CARTESIAN_POINT('Origin',(622.600000000013,86.,330.000000000024));
#15161=CARTESIAN_POINT('',(612.600000000011,86.,300.000000000025));
#15162=CARTESIAN_POINT('',(612.600000000012,86.,315.000000000025));
#15163=CARTESIAN_POINT('',(795.600000000011,86.,300.000000000014));
#15164=CARTESIAN_POINT('Origin',(988.600000000016,76.,360.000000000003));
#15165=CARTESIAN_POINT('',(988.600000000013,96.,300.000000000003));
#15166=CARTESIAN_POINT('',(988.600000000013,76.,300.000000000003));
#15167=CARTESIAN_POINT('',(988.600000000016,96.,360.000000000003));
#15168=CARTESIAN_POINT('Origin',(978.600000000014,96.,330.000000000004));
#15169=CARTESIAN_POINT('',(968.600000000012,96.,300.000000000004));
#15170=CARTESIAN_POINT('',(968.600000000014,96.,345.000000000005));
#15171=CARTESIAN_POINT('',(968.600000000012,96.,300.000000000004));
#15172=CARTESIAN_POINT('Origin',(612.600000000011,76.,300.000000000025));
#15173=CARTESIAN_POINT('',(612.600000000011,96.,300.000000000025));
#15174=CARTESIAN_POINT('',(612.600000000011,96.,300.000000000025));
#15175=CARTESIAN_POINT('',(612.600000000011,76.,300.000000000025));
#15176=CARTESIAN_POINT('Origin',(622.600000000013,96.,330.000000000024));
#15177=CARTESIAN_POINT('',(632.600000000011,96.,300.000000000024));
#15178=CARTESIAN_POINT('',(632.600000000012,96.,315.000000000024));
#15179=CARTESIAN_POINT('',(632.600000000011,96.,300.000000000024));
#15180=CARTESIAN_POINT('Origin',(968.60000000001,76.,300.000000000004));
#15181=CARTESIAN_POINT('',(632.600000000011,104.,300.000000000024));
#15182=CARTESIAN_POINT('',(632.600000000011,76.,300.000000000024));
#15183=CARTESIAN_POINT('',(968.600000000012,104.,300.000000000004));
#15184=CARTESIAN_POINT('',(968.60000000001,104.,300.000000000004));
#15185=CARTESIAN_POINT('',(968.600000000012,76.,300.000000000004));
#15186=CARTESIAN_POINT('Origin',(968.600000000015,76.,360.000000000004));
#15187=CARTESIAN_POINT('',(968.600000000012,104.,300.000000000004));
#15188=CARTESIAN_POINT('Origin',(632.600000000011,76.,300.000000000024));
#15189=CARTESIAN_POINT('',(632.600000000015,104.,360.000000000024));
#15190=CARTESIAN_POINT('Origin',(800.600000000013,104.,330.000000000014));
#15191=CARTESIAN_POINT('Origin',(1008.60623312525,76.,139.293875954447));
#15192=CARTESIAN_POINT('',(1002.60623312525,106.,139.293875954447));
#15193=CARTESIAN_POINT('Origin',(1008.60623312525,106.,139.293875954447));
#15194=CARTESIAN_POINT('',(1002.60623312525,76.,139.293875954447));
#15195=CARTESIAN_POINT('',(1002.60623312525,76.,139.293875954447));
#15196=CARTESIAN_POINT('Origin',(1008.60623312525,76.,139.293875954447));
#15197=CARTESIAN_POINT('Origin',(1008.60623312525,76.,139.293875954447));
#15198=CARTESIAN_POINT('Origin',(1008.60623312525,106.,139.293875954447));
#15199=CARTESIAN_POINT('Origin',(591.960393603945,76.,140.639606396083));
#15200=CARTESIAN_POINT('',(585.960393603945,106.,140.639606396083));
#15201=CARTESIAN_POINT('Origin',(591.960393603945,106.,140.639606396083));
#15202=CARTESIAN_POINT('',(585.960393603945,76.,140.639606396083));
#15203=CARTESIAN_POINT('',(585.960393603945,76.,140.639606396083));
#15204=CARTESIAN_POINT('Origin',(591.960393603945,76.,140.639606396083));
#15205=CARTESIAN_POINT('Origin',(591.960393603945,76.,140.639606396083));
#15206=CARTESIAN_POINT('Origin',(591.960393603945,106.,140.639606396083));
#15207=CARTESIAN_POINT('Origin',(592.600000000049,76.,959.595151993865));
#15208=CARTESIAN_POINT('',(586.600000000048,106.,959.595151993865));
#15209=CARTESIAN_POINT('Origin',(592.600000000049,106.,959.595151993865));
#15210=CARTESIAN_POINT('',(586.600000000048,76.,959.595151993865));
#15211=CARTESIAN_POINT('',(586.600000000048,76.,959.595151993865));
#15212=CARTESIAN_POINT('Origin',(592.600000000049,76.,959.595151993865));
#15213=CARTESIAN_POINT('Origin',(592.600000000049,76.,959.595151993865));
#15214=CARTESIAN_POINT('Origin',(592.600000000049,106.,959.595151993865));
#15215=CARTESIAN_POINT('Origin',(1008.60000000004,76.,910.000000000002));
#15216=CARTESIAN_POINT('',(1002.60000000004,106.,910.000000000002));
#15217=CARTESIAN_POINT('Origin',(1008.60000000004,106.,910.000000000002));
#15218=CARTESIAN_POINT('',(1002.60000000004,76.,910.000000000002));
#15219=CARTESIAN_POINT('',(1002.60000000004,76.,910.000000000002));
#15220=CARTESIAN_POINT('Origin',(1008.60000000004,76.,910.000000000002));
#15221=CARTESIAN_POINT('Origin',(1008.60000000004,76.,910.000000000002));
#15222=CARTESIAN_POINT('Origin',(1008.60000000004,106.,910.000000000002));
#15223=CARTESIAN_POINT('Origin',(90.6000000000424,106.,910.000000000002));
#15224=CARTESIAN_POINT('',(96.6000000000424,76.,910.000000000002));
#15225=CARTESIAN_POINT('Origin',(90.6000000000424,76.,910.000000000002));
#15226=CARTESIAN_POINT('',(96.6000000000424,106.,910.000000000002));
#15227=CARTESIAN_POINT('',(96.6000000000424,106.,910.000000000002));
#15228=CARTESIAN_POINT('Origin',(90.6000000000424,106.,910.000000000002));
#15229=CARTESIAN_POINT('Origin',(90.6000000000424,106.,910.000000000002));
#15230=CARTESIAN_POINT('Origin',(90.6000000000424,76.,910.000000000002));
#15231=CARTESIAN_POINT('Origin',(506.600000000036,106.,959.595151993865));
#15232=CARTESIAN_POINT('',(512.600000000036,76.,959.595151993865));
#15233=CARTESIAN_POINT('Origin',(506.600000000036,76.,959.595151993865));
#15234=CARTESIAN_POINT('',(512.600000000036,106.,959.595151993865));
#15235=CARTESIAN_POINT('',(512.600000000036,106.,959.595151993865));
#15236=CARTESIAN_POINT('Origin',(506.600000000036,106.,959.595151993865));
#15237=CARTESIAN_POINT('Origin',(506.600000000036,106.,959.595151993865));
#15238=CARTESIAN_POINT('Origin',(506.600000000036,76.,959.595151993865));
#15239=CARTESIAN_POINT('Origin',(507.239606396139,106.,140.639606396083));
#15240=CARTESIAN_POINT('',(513.239606396139,76.,140.639606396083));
#15241=CARTESIAN_POINT('Origin',(507.239606396139,76.,140.639606396083));
#15242=CARTESIAN_POINT('',(513.239606396139,106.,140.639606396083));
#15243=CARTESIAN_POINT('',(513.239606396139,106.,140.639606396083));
#15244=CARTESIAN_POINT('Origin',(507.239606396139,106.,140.639606396083));
#15245=CARTESIAN_POINT('Origin',(507.239606396139,106.,140.639606396083));
#15246=CARTESIAN_POINT('Origin',(507.239606396139,76.,140.639606396083));
#15247=CARTESIAN_POINT('Origin',(90.593766874838,106.,139.293875954447));
#15248=CARTESIAN_POINT('',(96.5937668748379,76.,139.293875954447));
#15249=CARTESIAN_POINT('Origin',(90.593766874838,76.,139.293875954447));
#15250=CARTESIAN_POINT('',(96.5937668748379,106.,139.293875954447));
#15251=CARTESIAN_POINT('',(96.5937668748379,106.,139.293875954447));
#15252=CARTESIAN_POINT('Origin',(90.593766874838,106.,139.293875954447));
#15253=CARTESIAN_POINT('Origin',(90.593766874838,106.,139.293875954447));
#15254=CARTESIAN_POINT('Origin',(90.593766874838,76.,139.293875954447));
#15255=CARTESIAN_POINT('Origin',(298.600000000072,104.,330.000000000014));
#15256=CARTESIAN_POINT('',(130.60000000007,104.,360.000000000004));
#15257=CARTESIAN_POINT('',(130.600000000073,104.,300.000000000004));
#15258=CARTESIAN_POINT('',(130.600000000072,104.,315.000000000005));
#15259=CARTESIAN_POINT('',(466.60000000007,104.,360.000000000024));
#15260=CARTESIAN_POINT('',(382.60000000007,104.,360.000000000019));
#15261=CARTESIAN_POINT('',(466.600000000073,104.,300.000000000024));
#15262=CARTESIAN_POINT('',(466.600000000071,104.,345.000000000024));
#15263=CARTESIAN_POINT('',(214.600000000074,104.,300.000000000009));
#15264=CARTESIAN_POINT('Origin',(466.60000000007,106.,360.000000000024));
#15265=CARTESIAN_POINT('',(130.60000000007,96.,360.000000000004));
#15266=CARTESIAN_POINT('',(130.60000000007,106.,360.000000000004));
#15267=CARTESIAN_POINT('',(110.600000000069,96.,360.000000000003));
#15268=CARTESIAN_POINT('',(293.60000000007,96.,360.000000000014));
#15269=CARTESIAN_POINT('',(110.600000000069,86.,360.000000000003));
#15270=CARTESIAN_POINT('',(110.600000000069,106.,360.000000000003));
#15271=CARTESIAN_POINT('',(130.60000000007,86.,360.000000000004));
#15272=CARTESIAN_POINT('',(130.60000000007,86.,360.000000000004));
#15273=CARTESIAN_POINT('',(130.60000000007,78.,360.000000000004));
#15274=CARTESIAN_POINT('',(130.60000000007,106.,360.000000000004));
#15275=CARTESIAN_POINT('',(466.60000000007,78.,360.000000000024));
#15276=CARTESIAN_POINT('',(466.60000000007,78.,360.000000000024));
#15277=CARTESIAN_POINT('',(466.60000000007,86.,360.000000000024));
#15278=CARTESIAN_POINT('',(466.60000000007,106.,360.000000000024));
#15279=CARTESIAN_POINT('',(486.60000000007,86.,360.000000000025));
#15280=CARTESIAN_POINT('',(466.60000000007,86.,360.000000000024));
#15281=CARTESIAN_POINT('',(486.60000000007,96.,360.000000000025));
#15282=CARTESIAN_POINT('',(486.60000000007,106.,360.000000000025));
#15283=CARTESIAN_POINT('',(466.60000000007,96.,360.000000000024));
#15284=CARTESIAN_POINT('',(471.60000000007,96.,360.000000000024));
#15285=CARTESIAN_POINT('',(466.60000000007,106.,360.000000000024));
#15286=CARTESIAN_POINT('Origin',(130.600000000073,106.,300.000000000004));
#15287=CARTESIAN_POINT('',(130.600000000073,96.,300.000000000004));
#15288=CARTESIAN_POINT('',(130.600000000073,106.,300.000000000004));
#15289=CARTESIAN_POINT('',(130.600000000073,96.,300.000000000004));
#15290=CARTESIAN_POINT('Origin',(120.600000000071,96.,330.000000000004));
#15291=CARTESIAN_POINT('',(110.600000000072,96.,300.000000000003));
#15292=CARTESIAN_POINT('',(125.600000000074,96.,300.000000000004));
#15293=CARTESIAN_POINT('',(110.60000000007,96.,345.000000000003));
#15294=CARTESIAN_POINT('Origin',(466.60000000007,106.,360.000000000024));
#15295=CARTESIAN_POINT('',(466.600000000073,96.,300.000000000024));
#15296=CARTESIAN_POINT('',(466.60000000007,96.,360.000000000024));
#15297=CARTESIAN_POINT('',(466.600000000074,106.,300.000000000024));
#15298=CARTESIAN_POINT('Origin',(476.600000000072,96.,330.000000000024));
#15299=CARTESIAN_POINT('',(486.600000000073,96.,300.000000000025));
#15300=CARTESIAN_POINT('',(486.600000000073,96.,315.000000000025));
#15301=CARTESIAN_POINT('',(303.600000000074,96.,300.000000000014));
#15302=CARTESIAN_POINT('Origin',(110.600000000069,106.,360.000000000003));
#15303=CARTESIAN_POINT('',(110.600000000072,86.,300.000000000003));
#15304=CARTESIAN_POINT('',(110.600000000072,106.,300.000000000003));
#15305=CARTESIAN_POINT('',(110.600000000069,86.,360.000000000003));
#15306=CARTESIAN_POINT('Origin',(120.600000000071,86.,330.000000000004));
#15307=CARTESIAN_POINT('',(130.600000000073,86.,300.000000000004));
#15308=CARTESIAN_POINT('',(130.600000000071,86.,345.000000000005));
#15309=CARTESIAN_POINT('',(130.600000000073,86.,300.000000000004));
#15310=CARTESIAN_POINT('Origin',(486.600000000073,106.,300.000000000025));
#15311=CARTESIAN_POINT('',(486.600000000073,86.,300.000000000025));
#15312=CARTESIAN_POINT('',(486.600000000073,86.,300.000000000025));
#15313=CARTESIAN_POINT('',(486.600000000073,106.,300.000000000025));
#15314=CARTESIAN_POINT('Origin',(476.600000000072,86.,330.000000000024));
#15315=CARTESIAN_POINT('',(466.600000000073,86.,300.000000000024));
#15316=CARTESIAN_POINT('',(466.600000000073,86.,315.000000000024));
#15317=CARTESIAN_POINT('',(466.600000000073,86.,300.000000000024));
#15318=CARTESIAN_POINT('Origin',(130.600000000074,106.,300.000000000004));
#15319=CARTESIAN_POINT('',(466.600000000073,78.,300.000000000024));
#15320=CARTESIAN_POINT('',(466.600000000073,106.,300.000000000024));
#15321=CARTESIAN_POINT('',(130.600000000073,78.,300.000000000004));
#15322=CARTESIAN_POINT('',(130.600000000074,78.,300.000000000004));
#15323=CARTESIAN_POINT('',(130.600000000073,106.,300.000000000004));
#15324=CARTESIAN_POINT('Origin',(130.60000000007,106.,360.000000000004));
#15325=CARTESIAN_POINT('',(130.600000000073,78.,300.000000000004));
#15326=CARTESIAN_POINT('Origin',(466.600000000073,106.,300.000000000024));
#15327=CARTESIAN_POINT('',(466.60000000007,78.,360.000000000024));
#15328=CARTESIAN_POINT('Origin',(298.600000000072,78.,330.000000000014));
#15329=CARTESIAN_POINT('Origin',(130.600000000051,106.,720.000000000004));
#15330=CARTESIAN_POINT('',(130.600000000049,104.,780.000000000004));
#15331=CARTESIAN_POINT('',(130.600000000052,104.,720.000000000004));
#15332=CARTESIAN_POINT('',(130.600000000053,104.,691.329432107379));
#15333=CARTESIAN_POINT('',(130.600000000051,96.,720.000000000004));
#15334=CARTESIAN_POINT('',(130.600000000051,106.,720.000000000004));
#15335=CARTESIAN_POINT('',(130.600000000048,96.,780.000000000004));
#15336=CARTESIAN_POINT('',(130.600000000051,96.,720.000000000004));
#15337=CARTESIAN_POINT('',(130.600000000049,106.,780.000000000004));
#15338=CARTESIAN_POINT('Origin',(120.60000000005,96.,750.000000000004));
#15339=CARTESIAN_POINT('',(110.600000000051,96.,720.000000000003));
#15340=CARTESIAN_POINT('',(125.600000000052,96.,720.000000000004));
#15341=CARTESIAN_POINT('',(110.600000000048,96.,780.000000000003));
#15342=CARTESIAN_POINT('',(110.600000000049,96.,765.000000000003));
#15343=CARTESIAN_POINT('',(293.600000000047,96.,780.000000000013));
#15344=CARTESIAN_POINT('Origin',(466.600000000046,106.,780.000000000022));
#15345=CARTESIAN_POINT('',(466.600000000049,104.,720.000000000022));
#15346=CARTESIAN_POINT('',(466.600000000046,104.,780.000000000022));
#15347=CARTESIAN_POINT('',(466.600000000053,104.,661.329432107397));
#15348=CARTESIAN_POINT('',(466.600000000046,96.,780.000000000022));
#15349=CARTESIAN_POINT('',(466.600000000046,106.,780.000000000022));
#15350=CARTESIAN_POINT('',(466.60000000005,96.,720.000000000022));
#15351=CARTESIAN_POINT('',(466.60000000005,96.,720.000000000022));
#15352=CARTESIAN_POINT('',(466.60000000005,106.,720.000000000022));
#15353=CARTESIAN_POINT('Origin',(476.600000000048,96.,750.000000000023));
#15354=CARTESIAN_POINT('',(486.60000000005,96.,720.000000000023));
#15355=CARTESIAN_POINT('',(303.60000000005,96.,720.000000000013));
#15356=CARTESIAN_POINT('',(486.600000000046,96.,780.000000000023));
#15357=CARTESIAN_POINT('',(471.600000000046,96.,780.000000000022));
#15358=CARTESIAN_POINT('',(486.600000000049,96.,735.000000000023));
#15359=CARTESIAN_POINT('Origin',(130.600000000052,106.,720.000000000004));
#15360=CARTESIAN_POINT('',(214.600000000052,104.,720.000000000009));
#15361=CARTESIAN_POINT('',(486.60000000005,86.,720.000000000023));
#15362=CARTESIAN_POINT('',(486.60000000005,106.,720.000000000023));
#15363=CARTESIAN_POINT('',(466.60000000005,86.,720.000000000022));
#15364=CARTESIAN_POINT('',(486.60000000005,86.,720.000000000023));
#15365=CARTESIAN_POINT('',(466.60000000005,78.,720.000000000022));
#15366=CARTESIAN_POINT('',(466.60000000005,106.,720.000000000022));
#15367=CARTESIAN_POINT('',(130.600000000051,78.,720.000000000004));
#15368=CARTESIAN_POINT('',(130.600000000052,78.,720.000000000004));
#15369=CARTESIAN_POINT('',(130.600000000051,86.,720.000000000004));
#15370=CARTESIAN_POINT('',(130.600000000051,106.,720.000000000004));
#15371=CARTESIAN_POINT('',(110.600000000051,86.,720.000000000003));
#15372=CARTESIAN_POINT('',(130.600000000051,86.,720.000000000004));
#15373=CARTESIAN_POINT('',(110.600000000051,106.,720.000000000003));
#15374=CARTESIAN_POINT('Origin',(486.60000000005,106.,720.000000000023));
#15375=CARTESIAN_POINT('',(486.600000000046,86.,780.000000000023));
#15376=CARTESIAN_POINT('',(486.600000000046,106.,780.000000000023));
#15377=CARTESIAN_POINT('',(486.600000000046,86.,780.000000000023));
#15378=CARTESIAN_POINT('Origin',(110.600000000048,106.,780.000000000003));
#15379=CARTESIAN_POINT('',(110.600000000048,86.,780.000000000003));
#15380=CARTESIAN_POINT('',(110.600000000048,86.,780.000000000003));
#15381=CARTESIAN_POINT('',(110.600000000048,106.,780.000000000003));
#15382=CARTESIAN_POINT('Origin',(120.60000000005,86.,750.000000000004));
#15383=CARTESIAN_POINT('',(130.600000000048,86.,780.000000000004));
#15384=CARTESIAN_POINT('',(130.600000000049,86.,765.000000000005));
#15385=CARTESIAN_POINT('',(130.600000000048,86.,780.000000000004));
#15386=CARTESIAN_POINT('Origin',(476.600000000048,86.,750.000000000023));
#15387=CARTESIAN_POINT('',(466.600000000046,86.,780.000000000022));
#15388=CARTESIAN_POINT('',(486.600000000046,86.,780.000000000023));
#15389=CARTESIAN_POINT('',(466.600000000049,86.,735.000000000022));
#15390=CARTESIAN_POINT('Origin',(298.600000000059,104.,602.658864214762));
#15391=CARTESIAN_POINT('',(382.600000000048,104.,780.000000000018));
#15392=CARTESIAN_POINT('Origin',(130.600000000048,106.,780.000000000004));
#15393=CARTESIAN_POINT('',(130.600000000048,78.,780.000000000004));
#15394=CARTESIAN_POINT('',(130.600000000051,78.,720.000000000004));
#15395=CARTESIAN_POINT('',(130.600000000048,106.,780.000000000004));
#15396=CARTESIAN_POINT('Origin',(466.600000000046,106.,780.000000000022));
#15397=CARTESIAN_POINT('',(466.600000000046,78.,780.000000000022));
#15398=CARTESIAN_POINT('',(466.600000000046,78.,780.000000000022));
#15399=CARTESIAN_POINT('',(466.600000000046,106.,780.000000000022));
#15400=CARTESIAN_POINT('Origin',(466.60000000005,106.,720.000000000022));
#15401=CARTESIAN_POINT('',(466.60000000005,78.,720.000000000022));
#15402=CARTESIAN_POINT('Origin',(298.600000000049,78.,750.000000000013));
#15403=CARTESIAN_POINT('Origin',(130.600000000045,106.,840.000000000005));
#15404=CARTESIAN_POINT('',(130.600000000044,104.,871.798741174894));
#15405=CARTESIAN_POINT('',(130.600000000046,104.,840.000000000005));
#15406=CARTESIAN_POINT('',(130.600000000051,104.,737.228802694823));
#15407=CARTESIAN_POINT('',(130.600000000045,96.,840.000000000004));
#15408=CARTESIAN_POINT('',(130.600000000045,106.,840.000000000005));
#15409=CARTESIAN_POINT('',(130.600000000044,96.,871.798741174894));
#15410=CARTESIAN_POINT('',(130.600000000042,96.,910.000000000005));
#15411=CARTESIAN_POINT('',(130.600000000044,106.,871.798741174894));
#15412=CARTESIAN_POINT('Origin',(120.600000000045,96.,855.899370587449));
#15413=CARTESIAN_POINT('',(110.600000000045,96.,840.000000000003));
#15414=CARTESIAN_POINT('',(125.600000000045,96.,840.000000000004));
#15415=CARTESIAN_POINT('',(110.600000000044,96.,871.12788096563));
#15416=CARTESIAN_POINT('',(110.600000000044,96.,863.513625776539));
#15417=CARTESIAN_POINT('Origin',(29.5665634399193,96.,3585.3949261234));
#15418=CARTESIAN_POINT('Origin',(466.600000000039,106.,905.317728429519));
#15419=CARTESIAN_POINT('',(466.600000000043,104.,840.000000000022));
#15420=CARTESIAN_POINT('',(466.600000000039,104.,905.317728429519));
#15421=CARTESIAN_POINT('',(466.600000000049,104.,721.329432107397));
#15422=CARTESIAN_POINT('',(466.600000000039,96.,905.317728429519));
#15423=CARTESIAN_POINT('',(466.600000000039,106.,905.317728429519));
#15424=CARTESIAN_POINT('',(466.600000000043,96.,840.000000000022));
#15425=CARTESIAN_POINT('',(466.600000000043,96.,840.000000000022));
#15426=CARTESIAN_POINT('',(466.600000000043,106.,840.000000000022));
#15427=CARTESIAN_POINT('Origin',(476.600000000041,96.,874.327890770832));
#15428=CARTESIAN_POINT('',(486.600000000043,96.,840.000000000023));
#15429=CARTESIAN_POINT('',(303.600000000044,96.,840.000000000014));
#15430=CARTESIAN_POINT('',(486.600000000039,96.,908.655781541642));
#15431=CARTESIAN_POINT('Origin',(29.5665634399193,96.,3585.3949261234));
#15432=CARTESIAN_POINT('',(486.600000000042,96.,857.163945385428));
#15433=CARTESIAN_POINT('Origin',(130.600000000045,106.,840.000000000005));
#15434=CARTESIAN_POINT('',(214.600000000046,104.,840.000000000009));
#15435=CARTESIAN_POINT('',(486.600000000043,86.,840.000000000023));
#15436=CARTESIAN_POINT('',(486.600000000043,106.,840.000000000023));
#15437=CARTESIAN_POINT('',(466.600000000043,86.,840.000000000022));
#15438=CARTESIAN_POINT('',(486.600000000043,86.,840.000000000023));
#15439=CARTESIAN_POINT('',(466.600000000043,78.,840.000000000022));
#15440=CARTESIAN_POINT('',(466.600000000043,106.,840.000000000022));
#15441=CARTESIAN_POINT('',(130.600000000045,78.,840.000000000005));
#15442=CARTESIAN_POINT('',(130.600000000045,78.,840.000000000005));
#15443=CARTESIAN_POINT('',(130.600000000045,86.,840.000000000004));
#15444=CARTESIAN_POINT('',(130.600000000045,106.,840.000000000005));
#15445=CARTESIAN_POINT('',(110.600000000045,86.,840.000000000003));
#15446=CARTESIAN_POINT('',(110.600000000045,86.,840.000000000003));
#15447=CARTESIAN_POINT('',(110.600000000045,106.,840.000000000003));
#15448=CARTESIAN_POINT('Origin',(486.600000000043,106.,840.000000000023));
#15449=CARTESIAN_POINT('',(486.600000000039,86.,908.655781541642));
#15450=CARTESIAN_POINT('',(486.600000000039,106.,908.655781541642));
#15451=CARTESIAN_POINT('',(486.600000000039,86.,910.000000000023));
#15452=CARTESIAN_POINT('Origin',(110.600000000044,106.,871.12788096563));
#15453=CARTESIAN_POINT('',(110.600000000044,86.,871.12788096563));
#15454=CARTESIAN_POINT('',(110.600000000042,86.,910.000000000004));
#15455=CARTESIAN_POINT('',(110.600000000044,106.,871.12788096563));
#15456=CARTESIAN_POINT('Origin',(120.600000000045,86.,855.899370587449));
#15457=CARTESIAN_POINT('',(130.600000000044,86.,871.798741174894));
#15458=CARTESIAN_POINT('',(130.600000000044,86.,863.849055881171));
#15459=CARTESIAN_POINT('Origin',(29.5665634399193,86.,3585.3949261234));
#15460=CARTESIAN_POINT('Origin',(476.600000000041,86.,874.327890770832));
#15461=CARTESIAN_POINT('',(466.600000000039,86.,905.317728429519));
#15462=CARTESIAN_POINT('Origin',(29.5665634399193,86.,3585.3949261234));
#15463=CARTESIAN_POINT('',(466.600000000042,86.,857.163945385427));
#15464=CARTESIAN_POINT('Origin',(298.600000000059,104.,602.658864214762));
#15465=CARTESIAN_POINT('Origin',(29.5665634399193,104.,3585.3949261234));
#15466=CARTESIAN_POINT('Origin',(130.600000000044,106.,871.798741174894));
#15467=CARTESIAN_POINT('',(130.600000000044,78.,871.798741174894));
#15468=CARTESIAN_POINT('',(130.600000000042,78.,910.000000000005));
#15469=CARTESIAN_POINT('',(130.600000000044,106.,871.798741174894));
#15470=CARTESIAN_POINT('Origin',(29.5665634399193,106.,3585.3949261234));
#15471=CARTESIAN_POINT('',(466.600000000039,78.,905.317728429519));
#15472=CARTESIAN_POINT('Origin',(29.5665634399193,78.,3585.3949261234));
#15473=CARTESIAN_POINT('',(466.600000000039,106.,905.317728429519));
#15474=CARTESIAN_POINT('Origin',(466.600000000043,106.,840.000000000022));
#15475=CARTESIAN_POINT('',(466.600000000043,78.,840.000000000022));
#15476=CARTESIAN_POINT('Origin',(298.600000000043,78.,872.658864214762));
#15477=CARTESIAN_POINT('Origin',(130.600000000061,106.,540.000000000004));
#15478=CARTESIAN_POINT('',(130.600000000058,104.,600.000000000004));
#15479=CARTESIAN_POINT('',(130.600000000061,104.,540.000000000004));
#15480=CARTESIAN_POINT('',(130.600000000062,104.,525.000000000005));
#15481=CARTESIAN_POINT('',(130.600000000061,96.,540.000000000004));
#15482=CARTESIAN_POINT('',(130.600000000061,106.,540.000000000004));
#15483=CARTESIAN_POINT('',(130.600000000058,96.,600.000000000004));
#15484=CARTESIAN_POINT('',(130.600000000061,96.,540.000000000004));
#15485=CARTESIAN_POINT('',(130.600000000058,106.,600.000000000004));
#15486=CARTESIAN_POINT('Origin',(120.600000000059,96.,570.000000000004));
#15487=CARTESIAN_POINT('',(110.60000000006,96.,540.000000000004));
#15488=CARTESIAN_POINT('',(125.600000000061,96.,540.000000000004));
#15489=CARTESIAN_POINT('',(110.600000000057,96.,600.000000000004));
#15490=CARTESIAN_POINT('',(110.600000000058,96.,585.000000000003));
#15491=CARTESIAN_POINT('',(293.600000000057,96.,600.000000000013));
#15492=CARTESIAN_POINT('Origin',(466.600000000056,106.,600.000000000022));
#15493=CARTESIAN_POINT('',(466.60000000006,104.,540.000000000022));
#15494=CARTESIAN_POINT('',(466.600000000056,104.,600.000000000022));
#15495=CARTESIAN_POINT('',(466.600000000062,104.,495.000000000022));
#15496=CARTESIAN_POINT('',(466.600000000056,96.,600.000000000022));
#15497=CARTESIAN_POINT('',(466.600000000056,106.,600.000000000022));
#15498=CARTESIAN_POINT('',(466.60000000006,96.,540.000000000022));
#15499=CARTESIAN_POINT('',(466.600000000056,96.,600.000000000022));
#15500=CARTESIAN_POINT('',(466.60000000006,106.,540.000000000022));
#15501=CARTESIAN_POINT('Origin',(476.600000000058,96.,570.000000000023));
#15502=CARTESIAN_POINT('',(486.600000000056,96.,600.000000000023));
#15503=CARTESIAN_POINT('',(471.600000000056,96.,600.000000000022));
#15504=CARTESIAN_POINT('',(486.60000000006,96.,540.000000000023));
#15505=CARTESIAN_POINT('',(486.600000000059,96.,555.000000000023));
#15506=CARTESIAN_POINT('',(303.60000000006,96.,540.000000000014));
#15507=CARTESIAN_POINT('Origin',(130.600000000061,106.,540.000000000004));
#15508=CARTESIAN_POINT('',(214.600000000061,104.,540.000000000009));
#15509=CARTESIAN_POINT('',(486.60000000006,86.,540.000000000023));
#15510=CARTESIAN_POINT('',(486.60000000006,106.,540.000000000023));
#15511=CARTESIAN_POINT('',(466.60000000006,86.,540.000000000022));
#15512=CARTESIAN_POINT('',(466.60000000006,86.,540.000000000022));
#15513=CARTESIAN_POINT('',(466.60000000006,78.,540.000000000022));
#15514=CARTESIAN_POINT('',(466.60000000006,106.,540.000000000022));
#15515=CARTESIAN_POINT('',(130.600000000061,78.,540.000000000004));
#15516=CARTESIAN_POINT('',(130.600000000061,78.,540.000000000004));
#15517=CARTESIAN_POINT('',(130.600000000061,86.,540.000000000004));
#15518=CARTESIAN_POINT('',(130.600000000061,106.,540.000000000004));
#15519=CARTESIAN_POINT('',(110.60000000006,86.,540.000000000004));
#15520=CARTESIAN_POINT('',(130.600000000061,86.,540.000000000004));
#15521=CARTESIAN_POINT('',(110.60000000006,106.,540.000000000004));
#15522=CARTESIAN_POINT('Origin',(110.600000000057,106.,600.000000000004));
#15523=CARTESIAN_POINT('',(110.600000000057,86.,600.000000000004));
#15524=CARTESIAN_POINT('',(110.600000000057,86.,600.000000000004));
#15525=CARTESIAN_POINT('',(110.600000000057,106.,600.000000000004));
#15526=CARTESIAN_POINT('Origin',(120.600000000059,86.,570.000000000004));
#15527=CARTESIAN_POINT('',(130.600000000058,86.,600.000000000004));
#15528=CARTESIAN_POINT('',(130.600000000059,86.,585.000000000005));
#15529=CARTESIAN_POINT('',(130.600000000058,86.,600.000000000004));
#15530=CARTESIAN_POINT('Origin',(486.60000000006,106.,540.000000000023));
#15531=CARTESIAN_POINT('',(486.600000000056,86.,600.000000000023));
#15532=CARTESIAN_POINT('',(486.600000000056,106.,600.000000000023));
#15533=CARTESIAN_POINT('',(486.60000000006,86.,540.000000000023));
#15534=CARTESIAN_POINT('Origin',(476.600000000058,86.,570.000000000023));
#15535=CARTESIAN_POINT('',(466.600000000056,86.,600.000000000022));
#15536=CARTESIAN_POINT('',(466.600000000059,86.,555.000000000022));
#15537=CARTESIAN_POINT('',(466.600000000056,86.,600.000000000022));
#15538=CARTESIAN_POINT('Origin',(298.600000000066,104.,450.000000000013));
#15539=CARTESIAN_POINT('',(382.600000000057,104.,600.000000000018));
#15540=CARTESIAN_POINT('Origin',(130.600000000058,106.,600.000000000004));
#15541=CARTESIAN_POINT('',(130.600000000058,78.,600.000000000004));
#15542=CARTESIAN_POINT('',(130.600000000061,78.,540.000000000004));
#15543=CARTESIAN_POINT('',(130.600000000058,106.,600.000000000004));
#15544=CARTESIAN_POINT('Origin',(466.600000000056,106.,600.000000000022));
#15545=CARTESIAN_POINT('',(466.600000000056,78.,600.000000000022));
#15546=CARTESIAN_POINT('',(130.600000000058,78.,600.000000000004));
#15547=CARTESIAN_POINT('',(466.600000000056,106.,600.000000000022));
#15548=CARTESIAN_POINT('Origin',(466.60000000006,106.,540.000000000022));
#15549=CARTESIAN_POINT('',(466.600000000056,78.,600.000000000022));
#15550=CARTESIAN_POINT('Origin',(298.600000000059,78.,570.000000000013));
#15551=CARTESIAN_POINT('Origin',(466.60000000006,106.,540.000000000022));
#15552=CARTESIAN_POINT('',(466.600000000063,104.,480.000000000022));
#15553=CARTESIAN_POINT('',(466.60000000006,104.,540.000000000022));
#15554=CARTESIAN_POINT('',(466.600000000064,104.,465.000000000023));
#15555=CARTESIAN_POINT('',(466.60000000006,96.,540.000000000022));
#15556=CARTESIAN_POINT('',(466.60000000006,106.,540.000000000022));
#15557=CARTESIAN_POINT('',(466.600000000063,96.,480.000000000024));
#15558=CARTESIAN_POINT('',(466.600000000063,96.,480.000000000024));
#15559=CARTESIAN_POINT('',(466.600000000063,106.,480.000000000022));
#15560=CARTESIAN_POINT('Origin',(476.600000000062,96.,510.000000000023));
#15561=CARTESIAN_POINT('',(486.60000000006,96.,540.000000000023));
#15562=CARTESIAN_POINT('',(471.60000000006,96.,540.000000000022));
#15563=CARTESIAN_POINT('',(486.600000000063,96.,480.000000000025));
#15564=CARTESIAN_POINT('',(486.600000000062,96.,495.000000000024));
#15565=CARTESIAN_POINT('',(303.600000000064,96.,480.000000000014));
#15566=CARTESIAN_POINT('Origin',(130.600000000064,106.,480.000000000004));
#15567=CARTESIAN_POINT('',(130.600000000061,104.,540.000000000004));
#15568=CARTESIAN_POINT('',(130.600000000064,104.,480.000000000004));
#15569=CARTESIAN_POINT('',(130.600000000063,104.,495.000000000005));
#15570=CARTESIAN_POINT('',(130.600000000064,96.,480.000000000004));
#15571=CARTESIAN_POINT('',(130.600000000064,106.,480.000000000004));
#15572=CARTESIAN_POINT('',(130.600000000061,96.,540.000000000004));
#15573=CARTESIAN_POINT('',(130.600000000064,96.,480.000000000004));
#15574=CARTESIAN_POINT('',(130.600000000061,106.,540.000000000004));
#15575=CARTESIAN_POINT('Origin',(120.600000000062,96.,510.000000000004));
#15576=CARTESIAN_POINT('',(110.600000000063,96.,480.000000000003));
#15577=CARTESIAN_POINT('',(125.600000000064,96.,480.000000000004));
#15578=CARTESIAN_POINT('',(110.60000000006,96.,540.000000000004));
#15579=CARTESIAN_POINT('',(110.600000000061,96.,525.000000000003));
#15580=CARTESIAN_POINT('',(293.60000000006,96.,540.000000000013));
#15581=CARTESIAN_POINT('Origin',(466.60000000006,106.,540.000000000022));
#15582=CARTESIAN_POINT('',(382.600000000061,104.,540.000000000018));
#15583=CARTESIAN_POINT('',(110.60000000006,86.,540.000000000004));
#15584=CARTESIAN_POINT('',(110.60000000006,106.,540.000000000004));
#15585=CARTESIAN_POINT('',(130.600000000061,86.,540.000000000004));
#15586=CARTESIAN_POINT('',(130.600000000061,86.,540.000000000004));
#15587=CARTESIAN_POINT('',(130.600000000061,78.,540.000000000004));
#15588=CARTESIAN_POINT('',(130.600000000061,106.,540.000000000004));
#15589=CARTESIAN_POINT('',(466.60000000006,78.,540.000000000022));
#15590=CARTESIAN_POINT('',(130.600000000061,78.,540.000000000004));
#15591=CARTESIAN_POINT('',(466.60000000006,86.,540.000000000022));
#15592=CARTESIAN_POINT('',(466.60000000006,106.,540.000000000022));
#15593=CARTESIAN_POINT('',(486.60000000006,86.,540.000000000023));
#15594=CARTESIAN_POINT('',(466.60000000006,86.,540.000000000022));
#15595=CARTESIAN_POINT('',(486.60000000006,106.,540.000000000023));
#15596=CARTESIAN_POINT('Origin',(110.60000000006,106.,540.000000000004));
#15597=CARTESIAN_POINT('',(110.600000000063,86.,480.000000000003));
#15598=CARTESIAN_POINT('',(110.600000000063,106.,480.000000000003));
#15599=CARTESIAN_POINT('',(110.60000000006,86.,540.000000000004));
#15600=CARTESIAN_POINT('Origin',(120.600000000062,86.,510.000000000004));
#15601=CARTESIAN_POINT('',(130.600000000064,86.,480.000000000004));
#15602=CARTESIAN_POINT('',(130.600000000062,86.,525.000000000005));
#15603=CARTESIAN_POINT('',(130.600000000064,86.,480.000000000004));
#15604=CARTESIAN_POINT('Origin',(486.600000000063,106.,480.000000000025));
#15605=CARTESIAN_POINT('',(486.600000000063,86.,480.000000000025));
#15606=CARTESIAN_POINT('',(486.60000000006,86.,540.000000000023));
#15607=CARTESIAN_POINT('',(486.600000000063,106.,480.000000000025));
#15608=CARTESIAN_POINT('Origin',(476.600000000062,86.,510.000000000023));
#15609=CARTESIAN_POINT('',(466.600000000063,86.,480.000000000024));
#15610=CARTESIAN_POINT('',(466.600000000062,86.,495.000000000023));
#15611=CARTESIAN_POINT('',(486.600000000063,86.,480.000000000025));
#15612=CARTESIAN_POINT('Origin',(298.600000000066,104.,450.000000000013));
#15613=CARTESIAN_POINT('',(214.600000000064,104.,480.000000000009));
#15614=CARTESIAN_POINT('Origin',(130.600000000061,106.,540.000000000004));
#15615=CARTESIAN_POINT('',(130.600000000064,78.,480.000000000004));
#15616=CARTESIAN_POINT('',(130.600000000064,106.,480.000000000004));
#15617=CARTESIAN_POINT('',(130.600000000064,78.,480.000000000004));
#15618=CARTESIAN_POINT('Origin',(130.600000000064,106.,480.000000000004));
#15619=CARTESIAN_POINT('',(466.600000000063,78.,480.000000000024));
#15620=CARTESIAN_POINT('',(466.600000000063,106.,480.000000000024));
#15621=CARTESIAN_POINT('',(466.600000000063,78.,480.000000000022));
#15622=CARTESIAN_POINT('Origin',(466.600000000063,106.,480.000000000024));
#15623=CARTESIAN_POINT('',(466.600000000063,78.,480.000000000024));
#15624=CARTESIAN_POINT('Origin',(298.600000000062,78.,510.000000000013));
#15625=CARTESIAN_POINT('Origin',(130.600000000067,106.,420.000000000004));
#15626=CARTESIAN_POINT('',(130.600000000064,104.,480.000000000004));
#15627=CARTESIAN_POINT('',(130.600000000067,104.,420.000000000004));
#15628=CARTESIAN_POINT('',(130.600000000065,104.,465.000000000005));
#15629=CARTESIAN_POINT('',(130.600000000067,96.,420.000000000004));
#15630=CARTESIAN_POINT('',(130.600000000067,106.,420.000000000004));
#15631=CARTESIAN_POINT('',(130.600000000064,96.,480.000000000004));
#15632=CARTESIAN_POINT('',(130.600000000067,96.,420.000000000004));
#15633=CARTESIAN_POINT('',(130.600000000064,106.,480.000000000004));
#15634=CARTESIAN_POINT('Origin',(120.600000000065,96.,450.000000000004));
#15635=CARTESIAN_POINT('',(110.600000000066,96.,420.000000000003));
#15636=CARTESIAN_POINT('',(125.600000000067,96.,420.000000000004));
#15637=CARTESIAN_POINT('',(110.600000000063,96.,480.000000000003));
#15638=CARTESIAN_POINT('',(110.600000000064,96.,465.000000000003));
#15639=CARTESIAN_POINT('',(293.600000000063,96.,480.000000000013));
#15640=CARTESIAN_POINT('Origin',(466.600000000063,106.,480.000000000024));
#15641=CARTESIAN_POINT('',(466.600000000067,104.,420.000000000024));
#15642=CARTESIAN_POINT('',(466.600000000063,104.,480.000000000022));
#15643=CARTESIAN_POINT('',(466.600000000066,104.,435.000000000023));
#15644=CARTESIAN_POINT('',(466.600000000063,96.,480.000000000024));
#15645=CARTESIAN_POINT('',(466.600000000063,106.,480.000000000022));
#15646=CARTESIAN_POINT('',(466.600000000067,96.,420.000000000024));
#15647=CARTESIAN_POINT('',(466.600000000063,96.,480.000000000024));
#15648=CARTESIAN_POINT('',(466.600000000067,106.,420.000000000024));
#15649=CARTESIAN_POINT('Origin',(476.600000000065,96.,450.000000000024));
#15650=CARTESIAN_POINT('',(486.600000000067,96.,420.000000000025));
#15651=CARTESIAN_POINT('',(486.600000000063,96.,480.000000000025));
#15652=CARTESIAN_POINT('',(486.600000000066,96.,435.000000000025));
#15653=CARTESIAN_POINT('',(303.600000000067,96.,420.000000000014));
#15654=CARTESIAN_POINT('',(471.600000000063,96.,480.000000000022));
#15655=CARTESIAN_POINT('Origin',(130.600000000068,106.,420.000000000004));
#15656=CARTESIAN_POINT('',(214.600000000068,104.,420.000000000009));
#15657=CARTESIAN_POINT('',(486.600000000067,86.,420.000000000025));
#15658=CARTESIAN_POINT('',(486.600000000067,106.,420.000000000025));
#15659=CARTESIAN_POINT('',(466.600000000067,86.,420.000000000024));
#15660=CARTESIAN_POINT('',(466.600000000067,86.,420.000000000024));
#15661=CARTESIAN_POINT('',(466.600000000067,78.,420.000000000024));
#15662=CARTESIAN_POINT('',(466.600000000067,106.,420.000000000024));
#15663=CARTESIAN_POINT('',(130.600000000067,78.,420.000000000004));
#15664=CARTESIAN_POINT('',(130.600000000068,78.,420.000000000004));
#15665=CARTESIAN_POINT('',(130.600000000067,86.,420.000000000004));
#15666=CARTESIAN_POINT('',(130.600000000067,106.,420.000000000004));
#15667=CARTESIAN_POINT('',(110.600000000066,86.,420.000000000003));
#15668=CARTESIAN_POINT('',(130.600000000067,86.,420.000000000004));
#15669=CARTESIAN_POINT('',(110.600000000066,106.,420.000000000003));
#15670=CARTESIAN_POINT('Origin',(486.600000000067,106.,420.000000000025));
#15671=CARTESIAN_POINT('',(486.600000000063,86.,480.000000000025));
#15672=CARTESIAN_POINT('',(486.600000000063,106.,480.000000000025));
#15673=CARTESIAN_POINT('',(486.600000000067,86.,420.000000000025));
#15674=CARTESIAN_POINT('Origin',(110.600000000063,106.,480.000000000003));
#15675=CARTESIAN_POINT('',(110.600000000063,86.,480.000000000003));
#15676=CARTESIAN_POINT('',(110.600000000063,86.,480.000000000003));
#15677=CARTESIAN_POINT('',(110.600000000063,106.,480.000000000003));
#15678=CARTESIAN_POINT('Origin',(120.600000000065,86.,450.000000000004));
#15679=CARTESIAN_POINT('',(130.600000000064,86.,480.000000000004));
#15680=CARTESIAN_POINT('',(130.600000000065,86.,465.000000000005));
#15681=CARTESIAN_POINT('',(130.600000000064,86.,480.000000000004));
#15682=CARTESIAN_POINT('Origin',(476.600000000065,86.,450.000000000024));
#15683=CARTESIAN_POINT('',(466.600000000063,86.,480.000000000024));
#15684=CARTESIAN_POINT('',(486.600000000063,86.,480.000000000025));
#15685=CARTESIAN_POINT('',(466.600000000066,86.,435.000000000024));
#15686=CARTESIAN_POINT('Origin',(298.600000000066,104.,450.000000000013));
#15687=CARTESIAN_POINT('',(382.600000000064,104.,480.000000000018));
#15688=CARTESIAN_POINT('Origin',(466.600000000067,106.,420.000000000024));
#15689=CARTESIAN_POINT('',(466.600000000063,78.,480.000000000024));
#15690=CARTESIAN_POINT('',(466.600000000063,106.,480.000000000024));
#15691=CARTESIAN_POINT('',(466.600000000063,78.,480.000000000024));
#15692=CARTESIAN_POINT('Origin',(130.600000000064,106.,480.000000000004));
#15693=CARTESIAN_POINT('',(130.600000000064,78.,480.000000000004));
#15694=CARTESIAN_POINT('',(130.600000000067,78.,420.000000000004));
#15695=CARTESIAN_POINT('',(130.600000000064,106.,480.000000000004));
#15696=CARTESIAN_POINT('Origin',(466.600000000063,106.,480.000000000022));
#15697=CARTESIAN_POINT('',(466.600000000063,78.,480.000000000022));
#15698=CARTESIAN_POINT('Origin',(298.600000000065,78.,450.000000000014));
#15699=CARTESIAN_POINT('Origin',(130.600000000058,106.,600.000000000004));
#15700=CARTESIAN_POINT('',(130.600000000055,104.,660.000000000004));
#15701=CARTESIAN_POINT('',(130.600000000058,104.,600.000000000004));
#15702=CARTESIAN_POINT('',(130.600000000056,104.,631.329432107379));
#15703=CARTESIAN_POINT('',(130.600000000058,96.,600.000000000004));
#15704=CARTESIAN_POINT('',(130.600000000058,106.,600.000000000004));
#15705=CARTESIAN_POINT('',(130.600000000055,96.,660.000000000004));
#15706=CARTESIAN_POINT('',(130.600000000058,96.,600.000000000004));
#15707=CARTESIAN_POINT('',(130.600000000055,106.,660.000000000004));
#15708=CARTESIAN_POINT('Origin',(120.600000000056,96.,630.000000000004));
#15709=CARTESIAN_POINT('',(110.600000000057,96.,600.000000000004));
#15710=CARTESIAN_POINT('',(125.600000000058,96.,600.000000000004));
#15711=CARTESIAN_POINT('',(110.600000000054,96.,660.000000000003));
#15712=CARTESIAN_POINT('',(110.600000000055,96.,645.000000000003));
#15713=CARTESIAN_POINT('',(293.600000000054,96.,660.000000000013));
#15714=CARTESIAN_POINT('Origin',(466.600000000053,106.,660.000000000022));
#15715=CARTESIAN_POINT('',(466.600000000056,104.,600.000000000022));
#15716=CARTESIAN_POINT('',(466.600000000053,104.,660.000000000022));
#15717=CARTESIAN_POINT('',(466.600000000056,104.,601.329432107397));
#15718=CARTESIAN_POINT('',(466.600000000053,96.,660.000000000022));
#15719=CARTESIAN_POINT('',(466.600000000053,106.,660.000000000022));
#15720=CARTESIAN_POINT('',(466.600000000056,96.,600.000000000022));
#15721=CARTESIAN_POINT('',(466.600000000053,96.,660.000000000022));
#15722=CARTESIAN_POINT('',(466.600000000056,106.,600.000000000022));
#15723=CARTESIAN_POINT('Origin',(476.600000000055,96.,630.000000000023));
#15724=CARTESIAN_POINT('',(486.600000000053,96.,660.000000000023));
#15725=CARTESIAN_POINT('',(471.600000000053,96.,660.000000000022));
#15726=CARTESIAN_POINT('',(486.600000000056,96.,600.000000000023));
#15727=CARTESIAN_POINT('',(486.600000000056,96.,615.000000000023));
#15728=CARTESIAN_POINT('',(303.600000000057,96.,600.000000000014));
#15729=CARTESIAN_POINT('Origin',(130.600000000058,106.,600.000000000004));
#15730=CARTESIAN_POINT('',(214.600000000058,104.,600.000000000009));
#15731=CARTESIAN_POINT('',(486.600000000056,86.,600.000000000023));
#15732=CARTESIAN_POINT('',(486.600000000056,106.,600.000000000023));
#15733=CARTESIAN_POINT('',(466.600000000056,86.,600.000000000022));
#15734=CARTESIAN_POINT('',(466.600000000056,86.,600.000000000022));
#15735=CARTESIAN_POINT('',(466.600000000056,78.,600.000000000022));
#15736=CARTESIAN_POINT('',(466.600000000056,106.,600.000000000022));
#15737=CARTESIAN_POINT('',(130.600000000058,78.,600.000000000004));
#15738=CARTESIAN_POINT('',(130.600000000058,78.,600.000000000004));
#15739=CARTESIAN_POINT('',(130.600000000058,86.,600.000000000004));
#15740=CARTESIAN_POINT('',(130.600000000058,106.,600.000000000004));
#15741=CARTESIAN_POINT('',(110.600000000057,86.,600.000000000004));
#15742=CARTESIAN_POINT('',(130.600000000058,86.,600.000000000004));
#15743=CARTESIAN_POINT('',(110.600000000057,106.,600.000000000004));
#15744=CARTESIAN_POINT('Origin',(110.600000000054,106.,660.000000000003));
#15745=CARTESIAN_POINT('',(110.600000000054,86.,660.000000000003));
#15746=CARTESIAN_POINT('',(110.600000000054,86.,660.000000000003));
#15747=CARTESIAN_POINT('',(110.600000000054,106.,660.000000000003));
#15748=CARTESIAN_POINT('Origin',(120.600000000056,86.,630.000000000004));
#15749=CARTESIAN_POINT('',(130.600000000055,86.,660.000000000004));
#15750=CARTESIAN_POINT('',(130.600000000056,86.,645.000000000005));
#15751=CARTESIAN_POINT('',(130.600000000055,86.,660.000000000004));
#15752=CARTESIAN_POINT('Origin',(486.600000000056,106.,600.000000000023));
#15753=CARTESIAN_POINT('',(486.600000000053,86.,660.000000000023));
#15754=CARTESIAN_POINT('',(486.600000000053,106.,660.000000000023));
#15755=CARTESIAN_POINT('',(486.600000000056,86.,600.000000000023));
#15756=CARTESIAN_POINT('Origin',(476.600000000055,86.,630.000000000023));
#15757=CARTESIAN_POINT('',(466.600000000053,86.,660.000000000022));
#15758=CARTESIAN_POINT('',(466.600000000056,86.,615.000000000022));
#15759=CARTESIAN_POINT('',(466.600000000053,86.,660.000000000022));
#15760=CARTESIAN_POINT('Origin',(298.600000000059,104.,602.658864214762));
#15761=CARTESIAN_POINT('',(382.600000000054,104.,660.000000000018));
#15762=CARTESIAN_POINT('Origin',(466.600000000056,106.,600.000000000022));
#15763=CARTESIAN_POINT('',(466.600000000053,78.,660.000000000022));
#15764=CARTESIAN_POINT('',(466.600000000053,106.,660.000000000022));
#15765=CARTESIAN_POINT('',(466.600000000053,78.,660.000000000022));
#15766=CARTESIAN_POINT('Origin',(130.600000000055,106.,660.000000000004));
#15767=CARTESIAN_POINT('',(130.600000000055,78.,660.000000000004));
#15768=CARTESIAN_POINT('',(130.600000000058,78.,600.000000000004));
#15769=CARTESIAN_POINT('',(130.600000000055,106.,660.000000000004));
#15770=CARTESIAN_POINT('Origin',(466.600000000053,106.,660.000000000022));
#15771=CARTESIAN_POINT('',(466.600000000053,78.,660.000000000022));
#15772=CARTESIAN_POINT('Origin',(298.600000000056,78.,630.000000000013));
#15773=CARTESIAN_POINT('Origin',(130.600000000054,106.,660.000000000004));
#15774=CARTESIAN_POINT('',(130.600000000052,104.,720.000000000004));
#15775=CARTESIAN_POINT('',(130.600000000055,104.,660.000000000004));
#15776=CARTESIAN_POINT('',(130.600000000054,104.,661.329432107379));
#15777=CARTESIAN_POINT('',(130.600000000055,96.,660.000000000004));
#15778=CARTESIAN_POINT('',(130.600000000054,106.,660.000000000004));
#15779=CARTESIAN_POINT('',(130.600000000051,96.,720.000000000004));
#15780=CARTESIAN_POINT('',(130.600000000054,96.,660.000000000004));
#15781=CARTESIAN_POINT('',(130.600000000051,106.,720.000000000004));
#15782=CARTESIAN_POINT('Origin',(120.600000000053,96.,690.000000000004));
#15783=CARTESIAN_POINT('',(110.600000000054,96.,660.000000000003));
#15784=CARTESIAN_POINT('',(125.600000000055,96.,660.000000000004));
#15785=CARTESIAN_POINT('',(110.600000000051,96.,720.000000000003));
#15786=CARTESIAN_POINT('',(110.600000000052,96.,705.000000000003));
#15787=CARTESIAN_POINT('',(293.60000000005,96.,720.000000000013));
#15788=CARTESIAN_POINT('Origin',(466.600000000049,106.,720.000000000022));
#15789=CARTESIAN_POINT('',(466.600000000053,104.,660.000000000022));
#15790=CARTESIAN_POINT('',(466.600000000049,104.,720.000000000022));
#15791=CARTESIAN_POINT('',(466.600000000054,104.,631.329432107397));
#15792=CARTESIAN_POINT('',(466.60000000005,96.,720.000000000022));
#15793=CARTESIAN_POINT('',(466.600000000049,106.,720.000000000022));
#15794=CARTESIAN_POINT('',(466.600000000053,96.,660.000000000022));
#15795=CARTESIAN_POINT('',(466.600000000049,96.,720.000000000022));
#15796=CARTESIAN_POINT('',(466.600000000053,106.,660.000000000022));
#15797=CARTESIAN_POINT('Origin',(476.600000000051,96.,690.000000000023));
#15798=CARTESIAN_POINT('',(486.600000000053,96.,660.000000000023));
#15799=CARTESIAN_POINT('',(486.60000000005,96.,720.000000000023));
#15800=CARTESIAN_POINT('',(486.600000000052,96.,675.000000000023));
#15801=CARTESIAN_POINT('',(303.600000000054,96.,660.000000000013));
#15802=CARTESIAN_POINT('',(471.600000000049,96.,720.000000000022));
#15803=CARTESIAN_POINT('Origin',(130.600000000055,106.,660.000000000004));
#15804=CARTESIAN_POINT('',(214.600000000055,104.,660.000000000009));
#15805=CARTESIAN_POINT('',(486.600000000053,86.,660.000000000023));
#15806=CARTESIAN_POINT('',(486.600000000053,106.,660.000000000023));
#15807=CARTESIAN_POINT('',(466.600000000053,86.,660.000000000022));
#15808=CARTESIAN_POINT('',(466.600000000053,86.,660.000000000022));
#15809=CARTESIAN_POINT('',(466.600000000053,78.,660.000000000022));
#15810=CARTESIAN_POINT('',(466.600000000053,106.,660.000000000022));
#15811=CARTESIAN_POINT('',(130.600000000054,78.,660.000000000004));
#15812=CARTESIAN_POINT('',(466.600000000053,78.,660.000000000022));
#15813=CARTESIAN_POINT('',(130.600000000055,86.,660.000000000004));
#15814=CARTESIAN_POINT('',(130.600000000054,106.,660.000000000004));
#15815=CARTESIAN_POINT('',(110.600000000054,86.,660.000000000003));
#15816=CARTESIAN_POINT('',(130.600000000055,86.,660.000000000004));
#15817=CARTESIAN_POINT('',(110.600000000054,106.,660.000000000003));
#15818=CARTESIAN_POINT('Origin',(486.600000000053,106.,660.000000000023));
#15819=CARTESIAN_POINT('',(486.60000000005,86.,720.000000000023));
#15820=CARTESIAN_POINT('',(486.60000000005,106.,720.000000000023));
#15821=CARTESIAN_POINT('',(486.600000000053,86.,660.000000000023));
#15822=CARTESIAN_POINT('Origin',(110.600000000051,106.,720.000000000003));
#15823=CARTESIAN_POINT('',(110.600000000051,86.,720.000000000003));
#15824=CARTESIAN_POINT('',(110.600000000051,86.,720.000000000003));
#15825=CARTESIAN_POINT('',(110.600000000051,106.,720.000000000003));
#15826=CARTESIAN_POINT('Origin',(120.600000000053,86.,690.000000000004));
#15827=CARTESIAN_POINT('',(130.600000000051,86.,720.000000000004));
#15828=CARTESIAN_POINT('',(130.600000000052,86.,705.000000000005));
#15829=CARTESIAN_POINT('',(130.600000000051,86.,720.000000000004));
#15830=CARTESIAN_POINT('Origin',(476.600000000051,86.,690.000000000023));
#15831=CARTESIAN_POINT('',(466.60000000005,86.,720.000000000022));
#15832=CARTESIAN_POINT('',(486.60000000005,86.,720.000000000023));
#15833=CARTESIAN_POINT('',(466.600000000052,86.,675.000000000022));
#15834=CARTESIAN_POINT('Origin',(298.600000000059,104.,602.658864214762));
#15835=CARTESIAN_POINT('',(382.600000000051,104.,720.000000000018));
#15836=CARTESIAN_POINT('Origin',(130.600000000051,106.,720.000000000004));
#15837=CARTESIAN_POINT('',(130.600000000051,78.,720.000000000004));
#15838=CARTESIAN_POINT('',(130.600000000054,78.,660.000000000004));
#15839=CARTESIAN_POINT('',(130.600000000051,106.,720.000000000004));
#15840=CARTESIAN_POINT('Origin',(466.600000000049,106.,720.000000000022));
#15841=CARTESIAN_POINT('',(466.600000000049,78.,720.000000000022));
#15842=CARTESIAN_POINT('',(130.600000000052,78.,720.000000000004));
#15843=CARTESIAN_POINT('',(466.600000000049,106.,720.000000000022));
#15844=CARTESIAN_POINT('Origin',(466.600000000053,106.,660.000000000022));
#15845=CARTESIAN_POINT('',(466.600000000049,78.,720.000000000022));
#15846=CARTESIAN_POINT('Origin',(298.600000000052,78.,690.000000000013));
#15847=CARTESIAN_POINT('Origin',(130.600000000049,106.,780.000000000004));
#15848=CARTESIAN_POINT('',(130.600000000046,104.,840.000000000005));
#15849=CARTESIAN_POINT('',(130.600000000049,104.,780.000000000004));
#15850=CARTESIAN_POINT('',(130.600000000052,104.,721.329432107379));
#15851=CARTESIAN_POINT('',(130.600000000048,96.,780.000000000004));
#15852=CARTESIAN_POINT('',(130.600000000049,106.,780.000000000004));
#15853=CARTESIAN_POINT('',(130.600000000045,96.,840.000000000004));
#15854=CARTESIAN_POINT('',(130.600000000049,96.,780.000000000004));
#15855=CARTESIAN_POINT('',(130.600000000046,106.,840.000000000005));
#15856=CARTESIAN_POINT('Origin',(120.600000000047,96.,810.000000000004));
#15857=CARTESIAN_POINT('',(110.600000000048,96.,780.000000000003));
#15858=CARTESIAN_POINT('',(125.600000000048,96.,780.000000000004));
#15859=CARTESIAN_POINT('',(110.600000000045,96.,840.000000000003));
#15860=CARTESIAN_POINT('',(110.600000000046,96.,825.000000000003));
#15861=CARTESIAN_POINT('',(293.600000000044,96.,840.000000000013));
#15862=CARTESIAN_POINT('Origin',(466.600000000042,106.,840.000000000022));
#15863=CARTESIAN_POINT('',(466.600000000046,104.,780.000000000022));
#15864=CARTESIAN_POINT('',(466.600000000043,104.,840.000000000022));
#15865=CARTESIAN_POINT('',(466.600000000051,104.,691.329432107397));
#15866=CARTESIAN_POINT('',(466.600000000043,96.,840.000000000022));
#15867=CARTESIAN_POINT('',(466.600000000042,106.,840.000000000022));
#15868=CARTESIAN_POINT('',(466.600000000046,96.,780.000000000022));
#15869=CARTESIAN_POINT('',(466.600000000046,96.,780.000000000022));
#15870=CARTESIAN_POINT('',(466.600000000046,106.,780.000000000022));
#15871=CARTESIAN_POINT('Origin',(476.600000000044,96.,810.000000000023));
#15872=CARTESIAN_POINT('',(486.600000000046,96.,780.000000000023));
#15873=CARTESIAN_POINT('',(303.600000000047,96.,780.000000000013));
#15874=CARTESIAN_POINT('',(486.600000000043,96.,840.000000000023));
#15875=CARTESIAN_POINT('',(471.600000000043,96.,840.000000000022));
#15876=CARTESIAN_POINT('',(486.600000000045,96.,795.000000000023));
#15877=CARTESIAN_POINT('Origin',(130.600000000049,106.,780.000000000004));
#15878=CARTESIAN_POINT('',(214.600000000049,104.,780.000000000009));
#15879=CARTESIAN_POINT('',(486.600000000046,86.,780.000000000023));
#15880=CARTESIAN_POINT('',(486.600000000046,106.,780.000000000023));
#15881=CARTESIAN_POINT('',(466.600000000046,86.,780.000000000022));
#15882=CARTESIAN_POINT('',(486.600000000046,86.,780.000000000023));
#15883=CARTESIAN_POINT('',(466.600000000046,78.,780.000000000022));
#15884=CARTESIAN_POINT('',(466.600000000046,106.,780.000000000022));
#15885=CARTESIAN_POINT('',(130.600000000049,78.,780.000000000004));
#15886=CARTESIAN_POINT('',(466.600000000046,78.,780.000000000022));
#15887=CARTESIAN_POINT('',(130.600000000048,86.,780.000000000004));
#15888=CARTESIAN_POINT('',(130.600000000049,106.,780.000000000004));
#15889=CARTESIAN_POINT('',(110.600000000048,86.,780.000000000003));
#15890=CARTESIAN_POINT('',(130.600000000048,86.,780.000000000004));
#15891=CARTESIAN_POINT('',(110.600000000048,106.,780.000000000003));
#15892=CARTESIAN_POINT('Origin',(486.600000000046,106.,780.000000000023));
#15893=CARTESIAN_POINT('',(486.600000000043,86.,840.000000000023));
#15894=CARTESIAN_POINT('',(486.600000000043,106.,840.000000000023));
#15895=CARTESIAN_POINT('',(486.600000000043,86.,840.000000000023));
#15896=CARTESIAN_POINT('Origin',(110.600000000045,106.,840.000000000003));
#15897=CARTESIAN_POINT('',(110.600000000045,86.,840.000000000003));
#15898=CARTESIAN_POINT('',(110.600000000048,86.,780.000000000003));
#15899=CARTESIAN_POINT('',(110.600000000045,106.,840.000000000003));
#15900=CARTESIAN_POINT('Origin',(120.600000000047,86.,810.000000000004));
#15901=CARTESIAN_POINT('',(130.600000000045,86.,840.000000000004));
#15902=CARTESIAN_POINT('',(130.600000000046,86.,825.000000000005));
#15903=CARTESIAN_POINT('',(110.600000000045,86.,840.000000000003));
#15904=CARTESIAN_POINT('Origin',(476.600000000044,86.,810.000000000023));
#15905=CARTESIAN_POINT('',(466.600000000043,86.,840.000000000022));
#15906=CARTESIAN_POINT('',(486.600000000043,86.,840.000000000023));
#15907=CARTESIAN_POINT('',(466.600000000045,86.,795.000000000022));
#15908=CARTESIAN_POINT('Origin',(298.600000000059,104.,602.658864214762));
#15909=CARTESIAN_POINT('',(382.600000000044,104.,840.000000000018));
#15910=CARTESIAN_POINT('Origin',(130.600000000045,106.,840.000000000004));
#15911=CARTESIAN_POINT('',(130.600000000045,78.,840.000000000005));
#15912=CARTESIAN_POINT('',(130.600000000049,78.,780.000000000004));
#15913=CARTESIAN_POINT('',(130.600000000045,106.,840.000000000005));
#15914=CARTESIAN_POINT('Origin',(466.600000000042,106.,840.000000000022));
#15915=CARTESIAN_POINT('',(466.600000000042,78.,840.000000000022));
#15916=CARTESIAN_POINT('',(130.600000000045,78.,840.000000000005));
#15917=CARTESIAN_POINT('',(466.600000000042,106.,840.000000000022));
#15918=CARTESIAN_POINT('Origin',(466.600000000046,106.,780.000000000022));
#15919=CARTESIAN_POINT('',(466.600000000046,78.,780.000000000022));
#15920=CARTESIAN_POINT('Origin',(298.600000000046,78.,810.000000000013));
#15921=CARTESIAN_POINT('Origin',(45.0000006705523,0.,850.000012665987));
#15922=CARTESIAN_POINT('',(51.0000007599592,106.,850.000012665987));
#15923=CARTESIAN_POINT('',(50.6000000000422,106.,850.000012665987));
#15924=CARTESIAN_POINT('',(67.8000003353072,106.,850.000012665987));
#15925=CARTESIAN_POINT('',(51.0000007599592,76.,850.000012665987));
#15926=CARTESIAN_POINT('',(51.0000007599592,0.,850.000012665987));
#15927=CARTESIAN_POINT('',(50.6000000000422,76.,850.000012665987));
#15928=CARTESIAN_POINT('',(67.8000003353072,76.,850.000012665987));
#15929=CARTESIAN_POINT('',(50.6000000000422,53.,850.000012665987));
#15930=CARTESIAN_POINT('Origin',(51.0000007599592,0.,750.000011175871));
#15931=CARTESIAN_POINT('',(50.6000000000478,106.,750.000011175871));
#15932=CARTESIAN_POINT('',(51.0000007599592,106.,750.000011175871));
#15933=CARTESIAN_POINT('',(70.8000003800107,106.,750.000011175871));
#15934=CARTESIAN_POINT('',(50.6000000000478,76.,750.000011175871));
#15935=CARTESIAN_POINT('',(50.6000000000478,53.,750.000011175871));
#15936=CARTESIAN_POINT('',(51.0000007599592,76.,750.000011175871));
#15937=CARTESIAN_POINT('',(70.8000003800107,76.,750.000011175871));
#15938=CARTESIAN_POINT('',(51.0000007599592,0.,750.000011175871));
#15939=CARTESIAN_POINT('Origin',(51.0000007599592,0.,850.000012665987));
#15940=CARTESIAN_POINT('',(51.0000007599592,106.,687.500006332995));
#15941=CARTESIAN_POINT('',(51.0000007599592,76.,687.500006332995));
#15942=CARTESIAN_POINT('Origin',(90.6000000000622,76.,525.000000000002));
#15943=CARTESIAN_POINT('',(50.6000000000751,76.,270.));
#15944=CARTESIAN_POINT('',(50.6000000000848,76.,100.));
#15945=CARTESIAN_POINT('',(51.,76.,270.));
#15946=CARTESIAN_POINT('',(67.8000000000311,76.,270.));
#15947=CARTESIAN_POINT('',(51.,76.,170.));
#15948=CARTESIAN_POINT('',(51.,76.,397.500000000001));
#15949=CARTESIAN_POINT('',(50.6000000000808,76.,170.));
#15950=CARTESIAN_POINT('',(70.8000000000311,76.,170.));
#15951=CARTESIAN_POINT('',(50.6000000000848,76.,100.));
#15952=CARTESIAN_POINT('',(50.6000000000848,76.,100.));
#15953=CARTESIAN_POINT('',(130.600000000085,76.,100.000000000004));
#15954=CARTESIAN_POINT('',(130.600000000085,76.,100.000000000005));
#15955=CARTESIAN_POINT('',(130.60000000004,76.,940.922808796041));
#15956=CARTESIAN_POINT('',(130.600000000059,76.,870.000000000005));
#15957=CARTESIAN_POINT('',(50.6000000000407,76.,940.));
#15958=CARTESIAN_POINT('Origin',(63.1581483416382,76.,3319.44624078991));
#15959=CARTESIAN_POINT('',(50.6000000000848,76.,100.));
#15960=CARTESIAN_POINT('',(96.5937668748379,76.,139.293875954447));
#15961=CARTESIAN_POINT('Origin',(90.593766874838,76.,139.293875954447));
#15962=CARTESIAN_POINT('',(96.6000000000424,76.,910.000000000002));
#15963=CARTESIAN_POINT('Origin',(90.6000000000424,76.,910.000000000002));
#15964=CARTESIAN_POINT('Origin',(50.6000000000365,106.,950.));
#15965=CARTESIAN_POINT('',(50.6000000000751,106.,270.));
#15966=CARTESIAN_POINT('',(50.6000000000848,106.,100.));
#15967=CARTESIAN_POINT('',(50.6000000000751,53.,270.));
#15968=CARTESIAN_POINT('Origin',(50.6000000000365,106.,950.));
#15969=CARTESIAN_POINT('',(50.6000000000407,86.,940.));
#15970=CARTESIAN_POINT('',(50.600000000037,106.,940.));
#15971=CARTESIAN_POINT('',(50.600000000044,86.,870.));
#15972=CARTESIAN_POINT('',(50.6000000000378,86.,927.730702199009));
#15973=CARTESIAN_POINT('',(50.600000000044,96.,870.));
#15974=CARTESIAN_POINT('',(50.600000000041,106.,870.));
#15975=CARTESIAN_POINT('',(50.6000000000407,96.,940.));
#15976=CARTESIAN_POINT('',(50.6000000000417,96.,910.));
#15977=CARTESIAN_POINT('',(50.6000000000407,106.,940.));
#15978=CARTESIAN_POINT('',(50.6000000000407,106.,940.));
#15979=CARTESIAN_POINT('',(50.6000000000848,106.,100.));
#15980=CARTESIAN_POINT('Origin',(51.,0.,170.));
#15981=CARTESIAN_POINT('',(50.6000000000808,106.,170.));
#15982=CARTESIAN_POINT('',(51.,106.,170.));
#15983=CARTESIAN_POINT('',(70.8000000000311,106.,170.));
#15984=CARTESIAN_POINT('',(50.6000000000808,96.,170.));
#15985=CARTESIAN_POINT('',(50.6000000000808,53.,170.));
#15986=CARTESIAN_POINT('',(51.,96.,170.));
#15987=CARTESIAN_POINT('',(70.8000000000413,96.,170.));
#15988=CARTESIAN_POINT('',(51.,0.,170.));
#15989=CARTESIAN_POINT('Origin',(51.,0.,170.));
#15990=CARTESIAN_POINT('',(51.,86.,170.));
#15991=CARTESIAN_POINT('',(51.,0.,170.));
#15992=CARTESIAN_POINT('',(50.6000000000808,86.,170.));
#15993=CARTESIAN_POINT('',(70.8000000000413,86.,170.));
#15994=CARTESIAN_POINT('',(50.6000000000808,53.,170.));
#15995=CARTESIAN_POINT('Origin',(45.,0.,270.));
#15996=CARTESIAN_POINT('',(51.,106.,270.));
#15997=CARTESIAN_POINT('',(67.8000000000311,106.,270.));
#15998=CARTESIAN_POINT('',(51.,0.,270.));
#15999=CARTESIAN_POINT('Origin',(51.,0.,270.));
#16000=CARTESIAN_POINT('',(51.,106.,397.500000000001));
#16001=CARTESIAN_POINT('',(51.,96.,180.));
#16002=CARTESIAN_POINT('',(51.,96.,205.000000000001));
#16003=CARTESIAN_POINT('',(51.,86.,180.));
#16004=CARTESIAN_POINT('',(51.,53.,180.));
#16005=CARTESIAN_POINT('',(51.,86.,205.000000000001));
#16006=CARTESIAN_POINT('Origin',(90.6000000000827,86.,140.000000000002));
#16007=CARTESIAN_POINT('',(110.600000000081,86.,180.000000000003));
#16008=CARTESIAN_POINT('',(50.6000000000802,86.,180.));
#16009=CARTESIAN_POINT('',(110.600000000041,86.,870.000000000003));
#16010=CARTESIAN_POINT('',(110.600000000085,86.,100.000000000003));
#16011=CARTESIAN_POINT('',(50.600000000044,86.,870.));
#16012=CARTESIAN_POINT('',(130.60000000004,86.,940.922808796041));
#16013=CARTESIAN_POINT('Origin',(63.1581483416382,86.,3319.44624078991));
#16014=CARTESIAN_POINT('',(130.600000000085,86.,100.000000000004));
#16015=CARTESIAN_POINT('',(130.600000000089,86.,330.230702199014));
#16016=CARTESIAN_POINT('',(50.6000000000848,86.,100.));
#16017=CARTESIAN_POINT('',(70.6000000000849,86.,100.000000000001));
#16018=CARTESIAN_POINT('',(50.6000000000595,86.,545.));
#16019=CARTESIAN_POINT('',(96.5937668748379,86.,139.293875954447));
#16020=CARTESIAN_POINT('Origin',(90.593766874838,86.,139.293875954447));
#16021=CARTESIAN_POINT('',(96.6000000000424,86.,910.000000000002));
#16022=CARTESIAN_POINT('Origin',(90.6000000000424,86.,910.000000000002));
#16023=CARTESIAN_POINT('Origin',(130.600000000081,106.,180.000000000005));
#16024=CARTESIAN_POINT('',(110.600000000081,96.,180.000000000003));
#16025=CARTESIAN_POINT('',(110.60000000008,96.,180.000000000003));
#16026=CARTESIAN_POINT('',(110.600000000081,106.,180.000000000003));
#16027=CARTESIAN_POINT('Origin',(90.6000000000827,96.,140.000000000002));
#16028=CARTESIAN_POINT('',(50.6000000000848,96.,100.));
#16029=CARTESIAN_POINT('',(50.6000000000848,96.,100.));
#16030=CARTESIAN_POINT('',(130.600000000085,96.,100.000000000004));
#16031=CARTESIAN_POINT('',(130.600000000085,96.,100.000000000005));
#16032=CARTESIAN_POINT('',(130.600000000037,96.,940.922808796041));
#16033=CARTESIAN_POINT('',(130.600000000085,96.,100.000000000004));
#16034=CARTESIAN_POINT('Origin',(63.1581483416382,96.,3319.44624078991));
#16035=CARTESIAN_POINT('',(110.600000000041,96.,870.000000000003));
#16036=CARTESIAN_POINT('',(70.6000000000476,96.,870.000000000001));
#16037=CARTESIAN_POINT('',(110.600000000048,96.,750.4506289654));
#16038=CARTESIAN_POINT('',(96.5937668748379,96.,139.293875954447));
#16039=CARTESIAN_POINT('Origin',(90.593766874838,96.,139.293875954447));
#16040=CARTESIAN_POINT('',(96.6000000000424,96.,910.000000000002));
#16041=CARTESIAN_POINT('Origin',(90.6000000000424,96.,910.000000000002));
#16042=CARTESIAN_POINT('Origin',(50.6000000000365,106.,950.));
#16043=CARTESIAN_POINT('',(50.6000000000848,106.,100.));
#16044=CARTESIAN_POINT('',(50.6000000000848,106.,100.));
#16045=CARTESIAN_POINT('',(50.6000000000848,106.,100.));
#16046=CARTESIAN_POINT('Origin',(50.6000000000365,106.,950.));
#16047=CARTESIAN_POINT('',(50.6000000000848,106.,100.));
#16048=CARTESIAN_POINT('Origin',(90.6000000000424,106.,910.000000000002));
#16049=CARTESIAN_POINT('',(96.6000000000424,106.,910.000000000002));
#16050=CARTESIAN_POINT('Origin',(90.6000000000424,106.,910.000000000002));
#16051=CARTESIAN_POINT('',(96.6000000000424,106.,910.000000000002));
#16052=CARTESIAN_POINT('Origin',(90.6000000000424,106.,910.000000000002));
#16053=CARTESIAN_POINT('',(96.6000000000424,106.,910.000000000002));
#16054=CARTESIAN_POINT('Origin',(90.593766874838,106.,139.293875954447));
#16055=CARTESIAN_POINT('',(96.5937668748379,106.,139.293875954447));
#16056=CARTESIAN_POINT('Origin',(90.593766874838,106.,139.293875954447));
#16057=CARTESIAN_POINT('',(96.5937668748379,106.,139.293875954447));
#16058=CARTESIAN_POINT('Origin',(90.593766874838,106.,139.293875954447));
#16059=CARTESIAN_POINT('',(96.5937668748379,106.,139.293875954447));
#16060=CARTESIAN_POINT('Origin',(110.600000000037,106.,940.439853532779));
#16061=CARTESIAN_POINT('',(110.600000000041,106.,870.000000000003));
#16062=CARTESIAN_POINT('Origin',(130.600000000102,106.,100.000000000004));
#16063=CARTESIAN_POINT('',(130.600000000085,106.,100.000000000004));
#16064=CARTESIAN_POINT('',(130.600000000085,106.,100.000000000004));
#16065=CARTESIAN_POINT('',(130.600000000037,106.,940.922808796041));
#16066=CARTESIAN_POINT('',(130.600000000059,106.,870.000000000005));
#16067=CARTESIAN_POINT('',(130.600000000037,106.,940.922808796041));
#16068=CARTESIAN_POINT('Origin',(130.600000000102,106.,100.000000000004));
#16069=CARTESIAN_POINT('',(130.600000000054,106.,940.922808796041));
#16070=CARTESIAN_POINT('',(130.600000000085,106.,100.000000000004));
#16071=CARTESIAN_POINT('Origin',(50.600000000044,106.,870.));
#16072=CARTESIAN_POINT('Origin',(63.1581483416382,106.,3319.44624078991));
#16073=CARTESIAN_POINT('Origin',(63.1581483416382,106.,3319.44624078991));
#16074=CARTESIAN_POINT('Origin',(63.1581483416382,106.,3319.44624078991));
#16075=CARTESIAN_POINT('Origin',(90.6000000000622,106.,525.000000000002));
#16076=CARTESIAN_POINT('',(130.600000000085,106.,100.000000000005));
#16077=CARTESIAN_POINT('Origin',(50.6000000000848,106.,100.));
#16078=CARTESIAN_POINT('Origin',(50.6000000000848,106.,100.));
#16079=CARTESIAN_POINT('Origin',(51.,0.,170.));
#16080=CARTESIAN_POINT('',(51.,86.,170.));
#16081=CARTESIAN_POINT('',(50.6000000000811,86.,170.));
#16082=CARTESIAN_POINT('',(70.8000000000413,86.,170.));
#16083=CARTESIAN_POINT('',(51.,96.,170.));
#16084=CARTESIAN_POINT('',(51.,0.,170.));
#16085=CARTESIAN_POINT('',(50.6000000000811,96.,170.));
#16086=CARTESIAN_POINT('',(70.8000000000413,96.,170.));
#16087=CARTESIAN_POINT('',(50.6000000000811,53.,170.));
#16088=CARTESIAN_POINT('Origin',(51.,0.,270.));
#16089=CARTESIAN_POINT('',(51.,86.,180.));
#16090=CARTESIAN_POINT('',(51.,86.,205.000000000001));
#16091=CARTESIAN_POINT('',(51.,96.,180.));
#16092=CARTESIAN_POINT('',(51.,53.,180.));
#16093=CARTESIAN_POINT('',(51.,96.,205.000000000001));
#16094=CARTESIAN_POINT('Origin',(90.6000000000827,86.,140.000000000002));
#16095=CARTESIAN_POINT('',(50.6000000000851,86.,99.9999999999999));
#16096=CARTESIAN_POINT('',(50.6000000000805,86.,180.));
#16097=CARTESIAN_POINT('',(130.600000000085,86.,100.000000000004));
#16098=CARTESIAN_POINT('',(50.6000000000851,86.,99.9999999999999));
#16099=CARTESIAN_POINT('',(130.600000000081,86.,180.000000000004));
#16100=CARTESIAN_POINT('',(130.600000000082,86.,160.000000000004));
#16101=CARTESIAN_POINT('',(546.60000000008,86.0000000000001,180.000000000028));
#16102=CARTESIAN_POINT('',(96.5937668748379,86.,139.293875954447));
#16103=CARTESIAN_POINT('Origin',(90.593766874838,86.,139.293875954447));
#16104=CARTESIAN_POINT('Origin',(50.6000000000805,106.,180.));
#16105=CARTESIAN_POINT('',(50.6000000000851,96.,99.9999999999999));
#16106=CARTESIAN_POINT('',(50.6000000000817,96.,160.));
#16107=CARTESIAN_POINT('',(50.6000000000851,106.,99.9999999999999));
#16108=CARTESIAN_POINT('Origin',(507.239606396139,106.,140.639606396083));
#16109=CARTESIAN_POINT('',(513.239606396139,96.,140.639606396083));
#16110=CARTESIAN_POINT('Origin',(507.239606396139,96.,140.639606396083));
#16111=CARTESIAN_POINT('',(513.239606396139,86.,140.639606396083));
#16112=CARTESIAN_POINT('',(513.239606396139,106.,140.639606396083));
#16113=CARTESIAN_POINT('Origin',(507.239606396139,86.,140.639606396083));
#16114=CARTESIAN_POINT('Origin',(90.593766874838,106.,139.293875954447));
#16115=CARTESIAN_POINT('',(96.5937668748379,96.,139.293875954447));
#16116=CARTESIAN_POINT('Origin',(90.593766874838,96.,139.293875954447));
#16117=CARTESIAN_POINT('',(96.5937668748379,106.,139.293875954447));
#16118=CARTESIAN_POINT('Origin',(130.600000000085,106.,100.000000000004));
#16119=CARTESIAN_POINT('',(130.600000000085,106.,100.000000000004));
#16120=CARTESIAN_POINT('',(130.600000000081,106.,180.000000000004));
#16121=CARTESIAN_POINT('',(130.600000000084,106.,120.000000000005));
#16122=CARTESIAN_POINT('',(130.600000000085,96.,100.000000000004));
#16123=CARTESIAN_POINT('',(130.600000000085,106.,100.000000000004));
#16124=CARTESIAN_POINT('',(130.600000000081,96.,180.000000000004));
#16125=CARTESIAN_POINT('',(130.600000000085,96.,100.000000000004));
#16126=CARTESIAN_POINT('',(130.600000000081,106.,180.000000000004));
#16127=CARTESIAN_POINT('Origin',(90.6000000000827,96.,140.000000000002));
#16128=CARTESIAN_POINT('',(278.60000000008,96.,180.000000000013));
#16129=CARTESIAN_POINT('',(110.600000000085,96.,100.000000000003));
#16130=CARTESIAN_POINT('Origin',(466.60000000008,106.,180.000000000024));
#16131=CARTESIAN_POINT('',(466.60000000008,106.,180.000000000024));
#16132=CARTESIAN_POINT('',(466.600000000085,106.,100.000000000024));
#16133=CARTESIAN_POINT('',(466.600000000081,106.,160.000000000024));
#16134=CARTESIAN_POINT('',(466.60000000008,96.,180.000000000024));
#16135=CARTESIAN_POINT('',(466.60000000008,106.,180.000000000024));
#16136=CARTESIAN_POINT('',(466.600000000085,96.,100.000000000024));
#16137=CARTESIAN_POINT('',(466.600000000085,96.,100.000000000024));
#16138=CARTESIAN_POINT('',(466.600000000085,106.,100.000000000024));
#16139=CARTESIAN_POINT('Origin',(506.600000000083,96.,140.000000000026));
#16140=CARTESIAN_POINT('',(546.600000000085,96.0000000000001,100.000000000028));
#16141=CARTESIAN_POINT('',(318.600000000085,96.,100.000000000015));
#16142=CARTESIAN_POINT('',(546.60000000008,96.0000000000001,180.000000000028));
#16143=CARTESIAN_POINT('',(486.60000000008,96.,180.000000000025));
#16144=CARTESIAN_POINT('',(546.600000000084,96.0000000000001,120.000000000028));
#16145=CARTESIAN_POINT('Origin',(466.60000000008,106.,180.000000000024));
#16146=CARTESIAN_POINT('',(130.600000000062,76.,180.000000000004));
#16147=CARTESIAN_POINT('',(130.600000000062,106.,180.000000000004));
#16148=CARTESIAN_POINT('',(466.60000000008,76.,180.000000000024));
#16149=CARTESIAN_POINT('',(130.600000000062,76.,180.000000000004));
#16150=CARTESIAN_POINT('',(466.60000000008,86.,180.000000000024));
#16151=CARTESIAN_POINT('',(466.60000000008,106.,180.000000000024));
#16152=CARTESIAN_POINT('',(546.60000000008,86.0000000000001,180.000000000028));
#16153=CARTESIAN_POINT('',(546.60000000008,86.0000000000001,180.000000000028));
#16154=CARTESIAN_POINT('',(546.60000000008,106.,180.000000000028));
#16155=CARTESIAN_POINT('',(130.600000000062,106.,180.000000000004));
#16156=CARTESIAN_POINT('Origin',(130.600000000081,106.,180.000000000004));
#16157=CARTESIAN_POINT('',(130.600000000085,76.,100.000000000004));
#16158=CARTESIAN_POINT('',(130.600000000085,106.,100.000000000004));
#16159=CARTESIAN_POINT('',(130.600000000085,76.,100.000000000004));
#16160=CARTESIAN_POINT('Origin',(546.600000000085,106.,100.000000000028));
#16161=CARTESIAN_POINT('',(546.600000000085,86.0000000000001,100.000000000028));
#16162=CARTESIAN_POINT('',(546.600000000085,86.0000000000001,100.000000000028));
#16163=CARTESIAN_POINT('',(546.600000000085,106.,100.000000000028));
#16164=CARTESIAN_POINT('Origin',(506.600000000083,86.,140.000000000026));
#16165=CARTESIAN_POINT('',(466.600000000085,86.,100.000000000024));
#16166=CARTESIAN_POINT('',(50.6000000000851,86.,99.9999999999999));
#16167=CARTESIAN_POINT('',(466.600000000084,86.,120.000000000024));
#16168=CARTESIAN_POINT('Origin',(466.600000000085,106.,100.000000000024));
#16169=CARTESIAN_POINT('',(466.600000000085,76.,100.000000000024));
#16170=CARTESIAN_POINT('',(466.600000000085,76.,100.000000000024));
#16171=CARTESIAN_POINT('',(466.600000000085,106.,100.000000000024));
#16172=CARTESIAN_POINT('Origin',(130.600000000085,106.,100.000000000004));
#16173=CARTESIAN_POINT('',(50.6000000000851,106.,99.9999999999999));
#16174=CARTESIAN_POINT('',(50.6000000000851,76.,99.9999999999999));
#16175=CARTESIAN_POINT('Origin',(298.600000000073,106.,140.000000000014));
#16176=CARTESIAN_POINT('Origin',(298.600000000073,76.,140.000000000014));
#16177=CARTESIAN_POINT('Origin',(90.6000000000424,106.,910.000000000002));
#16178=CARTESIAN_POINT('',(96.6000000000424,96.,910.000000000002));
#16179=CARTESIAN_POINT('Origin',(90.6000000000424,96.,910.000000000002));
#16180=CARTESIAN_POINT('',(96.6000000000424,86.,910.000000000002));
#16181=CARTESIAN_POINT('',(96.6000000000424,106.,910.000000000002));
#16182=CARTESIAN_POINT('Origin',(90.6000000000424,86.,910.000000000002));
#16183=CARTESIAN_POINT('Origin',(506.600000000036,106.,959.595151993865));
#16184=CARTESIAN_POINT('',(512.600000000036,96.,959.595151993865));
#16185=CARTESIAN_POINT('Origin',(506.600000000036,96.,959.595151993865));
#16186=CARTESIAN_POINT('',(512.600000000036,86.,959.595151993865));
#16187=CARTESIAN_POINT('',(512.600000000036,106.,959.595151993865));
#16188=CARTESIAN_POINT('Origin',(506.600000000036,86.,959.595151993865));
#16189=CARTESIAN_POINT('Origin',(63.1581483416382,106.,3319.44624078991));
#16190=CARTESIAN_POINT('',(50.6000000000407,96.,940.));
#16191=CARTESIAN_POINT('',(130.600000000037,96.,940.922808796041));
#16192=CARTESIAN_POINT('Origin',(63.1581483416382,96.,3319.44624078991));
#16193=CARTESIAN_POINT('',(50.6000000000407,106.,940.));
#16194=CARTESIAN_POINT('',(50.6000000000407,106.,940.));
#16195=CARTESIAN_POINT('',(130.600000000037,106.,940.922808796041));
#16196=CARTESIAN_POINT('Origin',(63.1581483416382,106.,3319.44624078991));
#16197=CARTESIAN_POINT('',(130.60000000004,106.,940.922808796041));
#16198=CARTESIAN_POINT('Origin',(63.1581483416382,106.,3319.44624078991));
#16199=CARTESIAN_POINT('',(130.600000000037,86.,940.922808796041));
#16200=CARTESIAN_POINT('',(50.6000000000407,86.,940.));
#16201=CARTESIAN_POINT('Origin',(63.1581483416382,86.,3319.44624078991));
#16202=CARTESIAN_POINT('',(130.600000000037,76.,940.922808796041));
#16203=CARTESIAN_POINT('',(130.60000000004,106.,940.922808796041));
#16204=CARTESIAN_POINT('',(50.6000000000407,76.,940.));
#16205=CARTESIAN_POINT('Origin',(63.1581483416382,76.,3319.44624078991));
#16206=CARTESIAN_POINT('',(50.6000000000407,106.,940.));
#16207=CARTESIAN_POINT('Origin',(130.60000000004,106.,951.277750584138));
#16208=CARTESIAN_POINT('',(130.600000000044,86.,871.798741174894));
#16209=CARTESIAN_POINT('',(130.600000000041,86.,930.958312938105));
#16210=CARTESIAN_POINT('',(130.600000000044,76.,871.798741174894));
#16211=CARTESIAN_POINT('',(130.600000000044,106.,871.798741174894));
#16212=CARTESIAN_POINT('',(130.600000000042,76.,910.000000000005));
#16213=CARTESIAN_POINT('Origin',(90.6000000000416,86.,910.638875292069));
#16214=CARTESIAN_POINT('',(50.6000000000432,86.,869.999999999999));
#16215=CARTESIAN_POINT('',(50.6000000000395,86.,950.));
#16216=CARTESIAN_POINT('Origin',(29.5665634399193,86.,3585.3949261234));
#16217=CARTESIAN_POINT('Origin',(50.6000000000395,106.,950.));
#16218=CARTESIAN_POINT('',(50.6000000000432,96.,869.999999999999));
#16219=CARTESIAN_POINT('',(50.6000000000405,96.,930.319437646033));
#16220=CARTESIAN_POINT('',(50.6000000000432,106.,869.999999999999));
#16221=CARTESIAN_POINT('',(50.6000000000395,76.,950.));
#16222=CARTESIAN_POINT('',(50.6000000000395,76.,950.));
#16223=CARTESIAN_POINT('',(50.6000000000395,106.,950.));
#16224=CARTESIAN_POINT('',(50.6000000000395,106.,950.));
#16225=CARTESIAN_POINT('',(50.6000000000395,106.,950.));
#16226=CARTESIAN_POINT('Origin',(90.6000000000416,96.,910.638875292069));
#16227=CARTESIAN_POINT('',(130.600000000044,96.,871.798741174894));
#16228=CARTESIAN_POINT('',(130.600000000085,96.,100.000000000004));
#16229=CARTESIAN_POINT('Origin',(29.5665634399193,96.,3585.3949261234));
#16230=CARTESIAN_POINT('Origin',(130.600000000044,106.,871.798741174894));
#16231=CARTESIAN_POINT('',(130.600000000044,106.,871.798741174894));
#16232=CARTESIAN_POINT('',(130.600000000042,106.,900.044818250786));
#16233=CARTESIAN_POINT('',(130.600000000044,106.,871.798741174894));
#16234=CARTESIAN_POINT('Origin',(63.1581483416382,106.,3319.44624078991));
#16235=CARTESIAN_POINT('',(546.600000000034,86.0000000000001,989.595151993867));
#16236=CARTESIAN_POINT('',(466.600000000011,86.,974.418140269691));
#16237=CARTESIAN_POINT('Origin',(63.1581483416382,86.,3319.44624078991));
#16238=CARTESIAN_POINT('',(546.600000000034,76.0000000000001,989.595151993867));
#16239=CARTESIAN_POINT('',(546.600000000034,106.,989.595151993867));
#16240=CARTESIAN_POINT('',(466.600000000011,76.,974.418140269691));
#16241=CARTESIAN_POINT('Origin',(63.1581483416382,76.,3319.44624078991));
#16242=CARTESIAN_POINT('',(466.600000000035,106.,974.418140269695));
#16243=CARTESIAN_POINT('Origin',(63.1581483416382,106.,3319.44624078991));
#16244=CARTESIAN_POINT('',(466.600000000011,96.,974.418140269691));
#16245=CARTESIAN_POINT('',(546.600000000034,96.0000000000001,989.595151993867));
#16246=CARTESIAN_POINT('Origin',(63.1581483416382,96.,3319.44624078991));
#16247=CARTESIAN_POINT('',(466.600000000011,106.,974.418140269691));
#16248=CARTESIAN_POINT('',(466.600000000036,106.,974.418140269695));
#16249=CARTESIAN_POINT('',(546.600000000034,106.,989.595151993867));
#16250=CARTESIAN_POINT('Origin',(63.1581483416382,106.,3319.44624078991));
#16251=CARTESIAN_POINT('',(546.600000000034,106.,989.595151993867));
#16252=CARTESIAN_POINT('Origin',(466.600000000035,106.,984.78304947848));
#16253=CARTESIAN_POINT('',(466.600000000039,96.,905.317728429519));
#16254=CARTESIAN_POINT('',(466.600000000043,96.,840.000000000022));
#16255=CARTESIAN_POINT('',(466.600000000039,106.,905.317728429519));
#16256=CARTESIAN_POINT('',(466.600000000039,106.,905.317728429519));
#16257=CARTESIAN_POINT('',(466.600000000037,106.,956.536972402587));
#16258=CARTESIAN_POINT('Origin',(506.600000000036,96.,952.456440211693));
#16259=CARTESIAN_POINT('',(546.600000000038,96.0000000000001,919.595151993867));
#16260=CARTESIAN_POINT('',(546.600000000037,96.0000000000001,936.025796102781));
#16261=CARTESIAN_POINT('Origin',(29.5665634399193,96.,3585.3949261234));
#16262=CARTESIAN_POINT('Origin',(546.600000000038,106.,919.595151993867));
#16263=CARTESIAN_POINT('',(546.600000000038,86.0000000000001,919.595151993867));
#16264=CARTESIAN_POINT('',(546.600000000034,86.0000000000001,999.595151993867));
#16265=CARTESIAN_POINT('',(546.600000000038,106.,919.595151993867));
#16266=CARTESIAN_POINT('',(546.600000000034,106.,999.595151993867));
#16267=CARTESIAN_POINT('',(546.600000000034,106.,999.595151993867));
#16268=CARTESIAN_POINT('',(546.600000000034,76.0000000000001,999.595151993867));
#16269=CARTESIAN_POINT('',(546.600000000034,106.,999.595151993867));
#16270=CARTESIAN_POINT('',(546.600000000034,76.0000000000001,999.595151993867));
#16271=CARTESIAN_POINT('Origin',(506.600000000036,86.,952.456440211693));
#16272=CARTESIAN_POINT('',(466.600000000039,86.,905.317728429519));
#16273=CARTESIAN_POINT('',(466.600000000038,86.,928.887084320605));
#16274=CARTESIAN_POINT('Origin',(29.5665634399193,86.,3585.3949261234));
#16275=CARTESIAN_POINT('Origin',(29.5665634399193,106.,3585.3949261234));
#16276=CARTESIAN_POINT('',(466.600000000039,76.,905.317728429519));
#16277=CARTESIAN_POINT('',(466.600000000039,106.,905.317728429519));
#16278=CARTESIAN_POINT('Origin',(29.5665634399193,76.,3585.3949261234));
#16279=CARTESIAN_POINT('Origin',(29.5665634399193,106.,3585.3949261234));
#16280=CARTESIAN_POINT('Origin',(466.600000000039,106.,905.317728429519));
#16281=CARTESIAN_POINT('',(466.600000000085,76.,100.000000000024));
#16282=CARTESIAN_POINT('Origin',(50.5999999998966,106.,3455.03999999998));
#16283=CARTESIAN_POINT('Origin',(50.5999999998966,76.,3455.03999999998));
#16284=CARTESIAN_POINT('Origin',(50.5999999998966,106.,3455.03999999998));
#16285=CARTESIAN_POINT('Origin',(298.600000000039,106.,928.290895326687));
#16286=CARTESIAN_POINT('Origin',(298.600000000039,76.,928.290895326687));
#16287=CARTESIAN_POINT('Origin',(130.600000000061,106.,180.000000000004));
#16288=CARTESIAN_POINT('',(130.600000000058,104.,240.000000000004));
#16289=CARTESIAN_POINT('',(130.600000000061,104.,180.000000000004));
#16290=CARTESIAN_POINT('',(130.600000000059,104.,225.000000000005));
#16291=CARTESIAN_POINT('',(130.600000000061,96.,180.000000000004));
#16292=CARTESIAN_POINT('',(130.600000000061,106.,180.000000000004));
#16293=CARTESIAN_POINT('',(130.600000000058,96.,240.000000000004));
#16294=CARTESIAN_POINT('',(130.600000000061,96.,180.000000000004));
#16295=CARTESIAN_POINT('',(130.600000000058,106.,240.000000000004));
#16296=CARTESIAN_POINT('Origin',(120.600000000068,96.,210.000000000004));
#16297=CARTESIAN_POINT('',(110.600000000078,96.,180.000000000003));
#16298=CARTESIAN_POINT('',(125.600000000066,96.,180.000000000004));
#16299=CARTESIAN_POINT('',(110.600000000075,96.,240.000000000003));
#16300=CARTESIAN_POINT('',(110.600000000076,96.,225.000000000003));
#16301=CARTESIAN_POINT('',(293.600000000072,96.,240.000000000014));
#16302=CARTESIAN_POINT('Origin',(466.600000000077,106.,240.000000000024));
#16303=CARTESIAN_POINT('',(466.60000000008,104.,180.000000000024));
#16304=CARTESIAN_POINT('',(466.600000000077,104.,240.000000000024));
#16305=CARTESIAN_POINT('',(466.600000000079,104.,195.000000000024));
#16306=CARTESIAN_POINT('',(466.600000000077,96.,240.000000000024));
#16307=CARTESIAN_POINT('',(466.600000000077,106.,240.000000000024));
#16308=CARTESIAN_POINT('',(466.60000000008,96.,180.000000000024));
#16309=CARTESIAN_POINT('',(466.600000000077,96.,240.000000000024));
#16310=CARTESIAN_POINT('',(466.60000000008,106.,180.000000000024));
#16311=CARTESIAN_POINT('Origin',(476.600000000079,96.,210.000000000024));
#16312=CARTESIAN_POINT('',(486.600000000077,96.,240.000000000025));
#16313=CARTESIAN_POINT('',(471.600000000077,96.,240.000000000024));
#16314=CARTESIAN_POINT('',(486.60000000008,96.,180.000000000025));
#16315=CARTESIAN_POINT('',(486.600000000079,96.,195.000000000025));
#16316=CARTESIAN_POINT('',(303.600000000071,96.,180.000000000014));
#16317=CARTESIAN_POINT('Origin',(130.600000000062,106.,180.000000000004));
#16318=CARTESIAN_POINT('',(214.600000000066,104.,180.000000000009));
#16319=CARTESIAN_POINT('',(486.60000000008,86.,180.000000000025));
#16320=CARTESIAN_POINT('',(486.60000000008,106.,180.000000000025));
#16321=CARTESIAN_POINT('',(466.60000000008,86.,180.000000000024));
#16322=CARTESIAN_POINT('',(466.60000000008,86.,180.000000000024));
#16323=CARTESIAN_POINT('',(466.60000000008,78.,180.000000000024));
#16324=CARTESIAN_POINT('',(466.60000000008,106.,180.000000000024));
#16325=CARTESIAN_POINT('',(130.600000000061,78.,180.000000000004));
#16326=CARTESIAN_POINT('',(130.600000000062,78.,180.000000000004));
#16327=CARTESIAN_POINT('',(130.600000000061,86.,180.000000000004));
#16328=CARTESIAN_POINT('',(130.600000000061,106.,180.000000000004));
#16329=CARTESIAN_POINT('',(110.600000000078,86.,180.000000000003));
#16330=CARTESIAN_POINT('',(110.600000000078,86.,180.000000000003));
#16331=CARTESIAN_POINT('',(110.600000000078,106.,180.000000000003));
#16332=CARTESIAN_POINT('Origin',(110.600000000075,106.,240.000000000003));
#16333=CARTESIAN_POINT('',(110.600000000075,86.,240.000000000003));
#16334=CARTESIAN_POINT('',(110.600000000075,86.,240.000000000003));
#16335=CARTESIAN_POINT('',(110.600000000075,106.,240.000000000003));
#16336=CARTESIAN_POINT('Origin',(120.600000000068,86.,210.000000000004));
#16337=CARTESIAN_POINT('',(130.600000000058,86.,240.000000000004));
#16338=CARTESIAN_POINT('',(130.600000000059,86.,225.000000000004));
#16339=CARTESIAN_POINT('',(130.600000000058,86.,240.000000000004));
#16340=CARTESIAN_POINT('Origin',(486.60000000008,106.,180.000000000025));
#16341=CARTESIAN_POINT('',(486.600000000077,86.,240.000000000025));
#16342=CARTESIAN_POINT('',(486.600000000077,106.,240.000000000025));
#16343=CARTESIAN_POINT('',(486.60000000008,86.,180.000000000025));
#16344=CARTESIAN_POINT('Origin',(476.600000000079,86.,210.000000000024));
#16345=CARTESIAN_POINT('',(466.600000000077,86.,240.000000000024));
#16346=CARTESIAN_POINT('',(466.600000000079,86.,195.000000000024));
#16347=CARTESIAN_POINT('',(466.600000000077,86.,240.000000000024));
#16348=CARTESIAN_POINT('Origin',(298.600000000069,104.,210.000000000014));
#16349=CARTESIAN_POINT('',(382.600000000072,104.,240.000000000019));
#16350=CARTESIAN_POINT('Origin',(466.60000000008,106.,180.000000000024));
#16351=CARTESIAN_POINT('',(466.600000000077,78.,240.000000000024));
#16352=CARTESIAN_POINT('',(466.600000000077,106.,240.000000000024));
#16353=CARTESIAN_POINT('',(466.600000000077,78.,240.000000000024));
#16354=CARTESIAN_POINT('Origin',(130.600000000058,106.,240.000000000004));
#16355=CARTESIAN_POINT('',(130.600000000058,78.,240.000000000004));
#16356=CARTESIAN_POINT('',(130.600000000061,78.,180.000000000004));
#16357=CARTESIAN_POINT('',(130.600000000058,106.,240.000000000004));
#16358=CARTESIAN_POINT('Origin',(466.600000000077,106.,240.000000000024));
#16359=CARTESIAN_POINT('',(466.600000000077,78.,240.000000000024));
#16360=CARTESIAN_POINT('Origin',(298.600000000069,78.,210.000000000014));
#16361=CARTESIAN_POINT('Origin',(130.600000000076,106.,240.000000000004));
#16362=CARTESIAN_POINT('',(130.600000000073,96.,300.000000000004));
#16363=CARTESIAN_POINT('',(130.600000000073,104.,300.000000000004));
#16364=CARTESIAN_POINT('',(130.600000000073,106.,300.000000000004));
#16365=CARTESIAN_POINT('',(130.600000000076,104.,240.000000000004));
#16366=CARTESIAN_POINT('',(130.600000000075,104.,255.000000000005));
#16367=CARTESIAN_POINT('',(130.600000000058,96.,240.000000000004));
#16368=CARTESIAN_POINT('',(130.600000000076,106.,240.000000000004));
#16369=CARTESIAN_POINT('',(130.600000000076,96.,240.000000000004));
#16370=CARTESIAN_POINT('Origin',(466.600000000073,106.,300.000000000024));
#16371=CARTESIAN_POINT('',(466.600000000073,86.,300.000000000024));
#16372=CARTESIAN_POINT('',(466.600000000073,78.,300.000000000024));
#16373=CARTESIAN_POINT('',(466.600000000073,106.,300.000000000024));
#16374=CARTESIAN_POINT('',(466.600000000077,78.,240.000000000024));
#16375=CARTESIAN_POINT('',(466.600000000073,78.,300.000000000024));
#16376=CARTESIAN_POINT('',(466.600000000077,86.,240.000000000024));
#16377=CARTESIAN_POINT('',(466.600000000077,106.,240.000000000024));
#16378=CARTESIAN_POINT('',(466.600000000076,86.,255.000000000024));
#16379=CARTESIAN_POINT('Origin',(298.600000000068,104.,270.000000000014));
#16380=CARTESIAN_POINT('',(466.600000000073,104.,300.000000000024));
#16381=CARTESIAN_POINT('',(214.60000000007,104.,300.000000000009));
#16382=CARTESIAN_POINT('',(466.600000000077,104.,240.000000000024));
#16383=CARTESIAN_POINT('',(466.600000000076,104.,255.000000000024));
#16384=CARTESIAN_POINT('',(214.600000000073,104.,240.000000000009));
#16385=CARTESIAN_POINT('Origin',(130.600000000076,106.,240.000000000004));
#16386=CARTESIAN_POINT('',(466.600000000077,96.,240.000000000024));
#16387=CARTESIAN_POINT('',(466.600000000077,106.,240.000000000024));
#16388=CARTESIAN_POINT('',(486.600000000077,96.,240.000000000025));
#16389=CARTESIAN_POINT('',(303.600000000076,96.,240.000000000014));
#16390=CARTESIAN_POINT('',(486.600000000077,86.,240.000000000025));
#16391=CARTESIAN_POINT('',(486.600000000077,106.,240.000000000025));
#16392=CARTESIAN_POINT('',(466.600000000077,86.,240.000000000024));
#16393=CARTESIAN_POINT('',(130.600000000076,78.,240.000000000004));
#16394=CARTESIAN_POINT('',(466.600000000077,78.,240.000000000024));
#16395=CARTESIAN_POINT('',(130.600000000058,86.,240.000000000004));
#16396=CARTESIAN_POINT('',(130.600000000076,106.,240.000000000004));
#16397=CARTESIAN_POINT('',(110.600000000075,86.,240.000000000003));
#16398=CARTESIAN_POINT('',(130.600000000058,86.,240.000000000004));
#16399=CARTESIAN_POINT('',(110.600000000075,96.,240.000000000003));
#16400=CARTESIAN_POINT('',(110.600000000075,106.,240.000000000003));
#16401=CARTESIAN_POINT('',(125.600000000076,96.,240.000000000004));
#16402=CARTESIAN_POINT('Origin',(466.600000000073,106.,300.000000000024));
#16403=CARTESIAN_POINT('',(466.600000000073,96.,300.000000000024));
#16404=CARTESIAN_POINT('',(466.600000000073,106.,300.000000000024));
#16405=CARTESIAN_POINT('',(466.600000000073,96.,300.000000000024));
#16406=CARTESIAN_POINT('Origin',(130.600000000076,106.,240.000000000004));
#16407=CARTESIAN_POINT('',(130.600000000073,78.,300.000000000004));
#16408=CARTESIAN_POINT('',(130.600000000073,86.,300.000000000004));
#16409=CARTESIAN_POINT('',(130.600000000073,106.,300.000000000004));
#16410=CARTESIAN_POINT('',(130.600000000074,86.,285.000000000004));
#16411=CARTESIAN_POINT('',(130.600000000073,78.,300.000000000004));
#16412=CARTESIAN_POINT('Origin',(120.600000000074,96.,270.000000000004));
#16413=CARTESIAN_POINT('',(110.600000000072,96.,300.000000000003));
#16414=CARTESIAN_POINT('',(110.600000000073,96.,285.000000000003));
#16415=CARTESIAN_POINT('',(293.600000000073,96.,300.000000000014));
#16416=CARTESIAN_POINT('Origin',(476.600000000075,96.,270.000000000024));
#16417=CARTESIAN_POINT('',(486.600000000073,96.,300.000000000025));
#16418=CARTESIAN_POINT('',(471.600000000073,96.,300.000000000024));
#16419=CARTESIAN_POINT('',(486.600000000076,96.,255.000000000025));
#16420=CARTESIAN_POINT('Origin',(110.600000000072,106.,300.000000000003));
#16421=CARTESIAN_POINT('',(110.600000000072,86.,300.000000000003));
#16422=CARTESIAN_POINT('',(110.600000000072,86.,300.000000000003));
#16423=CARTESIAN_POINT('',(110.600000000072,106.,300.000000000003));
#16424=CARTESIAN_POINT('Origin',(120.600000000074,86.,270.000000000004));
#16425=CARTESIAN_POINT('',(130.600000000073,86.,300.000000000004));
#16426=CARTESIAN_POINT('Origin',(486.600000000077,106.,240.000000000025));
#16427=CARTESIAN_POINT('',(486.600000000073,86.,300.000000000025));
#16428=CARTESIAN_POINT('',(486.600000000073,106.,300.000000000025));
#16429=CARTESIAN_POINT('',(486.600000000077,86.,240.000000000025));
#16430=CARTESIAN_POINT('Origin',(476.600000000075,86.,270.000000000024));
#16431=CARTESIAN_POINT('',(466.600000000073,86.,300.000000000024));
#16432=CARTESIAN_POINT('Origin',(466.600000000073,106.,300.000000000024));
#16433=CARTESIAN_POINT('',(214.60000000007,78.,300.000000000009));
#16434=CARTESIAN_POINT('Origin',(298.600000000068,78.,270.000000000014));
#16435=CARTESIAN_POINT('Origin',(130.60000000007,106.,360.000000000004));
#16436=CARTESIAN_POINT('',(130.600000000067,104.,420.000000000004));
#16437=CARTESIAN_POINT('',(130.60000000007,104.,360.000000000004));
#16438=CARTESIAN_POINT('',(130.600000000066,104.,435.000000000005));
#16439=CARTESIAN_POINT('',(130.60000000007,96.,360.000000000004));
#16440=CARTESIAN_POINT('',(130.60000000007,106.,360.000000000004));
#16441=CARTESIAN_POINT('',(130.600000000067,96.,420.000000000004));
#16442=CARTESIAN_POINT('',(130.60000000007,96.,360.000000000004));
#16443=CARTESIAN_POINT('',(130.600000000067,106.,420.000000000004));
#16444=CARTESIAN_POINT('Origin',(120.600000000068,96.,390.000000000004));
#16445=CARTESIAN_POINT('',(110.600000000069,96.,360.000000000003));
#16446=CARTESIAN_POINT('',(125.60000000007,96.,360.000000000004));
#16447=CARTESIAN_POINT('',(110.600000000066,96.,420.000000000003));
#16448=CARTESIAN_POINT('',(110.600000000067,96.,405.000000000003));
#16449=CARTESIAN_POINT('',(293.600000000067,96.,420.000000000014));
#16450=CARTESIAN_POINT('Origin',(466.600000000067,106.,420.000000000024));
#16451=CARTESIAN_POINT('',(466.60000000007,104.,360.000000000024));
#16452=CARTESIAN_POINT('',(466.600000000067,104.,420.000000000024));
#16453=CARTESIAN_POINT('',(466.600000000067,104.,405.000000000023));
#16454=CARTESIAN_POINT('',(466.600000000067,96.,420.000000000024));
#16455=CARTESIAN_POINT('',(466.600000000067,106.,420.000000000024));
#16456=CARTESIAN_POINT('',(466.60000000007,96.,360.000000000024));
#16457=CARTESIAN_POINT('',(466.600000000067,96.,420.000000000024));
#16458=CARTESIAN_POINT('',(466.60000000007,106.,360.000000000024));
#16459=CARTESIAN_POINT('Origin',(476.600000000068,96.,390.000000000024));
#16460=CARTESIAN_POINT('',(486.600000000067,96.,420.000000000025));
#16461=CARTESIAN_POINT('',(471.600000000067,96.,420.000000000024));
#16462=CARTESIAN_POINT('',(486.60000000007,96.,360.000000000025));
#16463=CARTESIAN_POINT('',(486.600000000069,96.,375.000000000025));
#16464=CARTESIAN_POINT('',(303.600000000071,96.,360.000000000014));
#16465=CARTESIAN_POINT('Origin',(130.600000000071,106.,360.000000000004));
#16466=CARTESIAN_POINT('',(214.600000000071,104.,360.000000000009));
#16467=CARTESIAN_POINT('',(486.60000000007,86.,360.000000000025));
#16468=CARTESIAN_POINT('',(486.60000000007,106.,360.000000000025));
#16469=CARTESIAN_POINT('',(466.60000000007,86.,360.000000000024));
#16470=CARTESIAN_POINT('',(466.60000000007,86.,360.000000000024));
#16471=CARTESIAN_POINT('',(466.60000000007,78.,360.000000000024));
#16472=CARTESIAN_POINT('',(466.60000000007,106.,360.000000000024));
#16473=CARTESIAN_POINT('',(130.60000000007,78.,360.000000000004));
#16474=CARTESIAN_POINT('',(466.60000000007,78.,360.000000000024));
#16475=CARTESIAN_POINT('',(130.60000000007,86.,360.000000000004));
#16476=CARTESIAN_POINT('',(130.60000000007,106.,360.000000000004));
#16477=CARTESIAN_POINT('',(110.600000000069,86.,360.000000000003));
#16478=CARTESIAN_POINT('',(130.60000000007,86.,360.000000000004));
#16479=CARTESIAN_POINT('',(110.600000000069,106.,360.000000000003));
#16480=CARTESIAN_POINT('Origin',(110.600000000066,106.,420.000000000003));
#16481=CARTESIAN_POINT('',(110.600000000066,86.,420.000000000003));
#16482=CARTESIAN_POINT('',(110.600000000066,86.,420.000000000003));
#16483=CARTESIAN_POINT('',(110.600000000066,106.,420.000000000003));
#16484=CARTESIAN_POINT('Origin',(120.600000000068,86.,390.000000000004));
#16485=CARTESIAN_POINT('',(130.600000000067,86.,420.000000000004));
#16486=CARTESIAN_POINT('',(130.600000000068,86.,405.000000000005));
#16487=CARTESIAN_POINT('',(130.600000000067,86.,420.000000000004));
#16488=CARTESIAN_POINT('Origin',(486.60000000007,106.,360.000000000025));
#16489=CARTESIAN_POINT('',(486.600000000067,86.,420.000000000025));
#16490=CARTESIAN_POINT('',(486.600000000067,106.,420.000000000025));
#16491=CARTESIAN_POINT('',(486.60000000007,86.,360.000000000025));
#16492=CARTESIAN_POINT('Origin',(476.600000000068,86.,390.000000000024));
#16493=CARTESIAN_POINT('',(466.600000000067,86.,420.000000000024));
#16494=CARTESIAN_POINT('',(466.600000000069,86.,375.000000000024));
#16495=CARTESIAN_POINT('',(466.600000000067,86.,420.000000000024));
#16496=CARTESIAN_POINT('Origin',(298.600000000066,104.,450.000000000013));
#16497=CARTESIAN_POINT('',(382.600000000067,104.,420.000000000019));
#16498=CARTESIAN_POINT('Origin',(130.600000000067,106.,420.000000000004));
#16499=CARTESIAN_POINT('',(130.600000000067,78.,420.000000000004));
#16500=CARTESIAN_POINT('',(130.60000000007,78.,360.000000000004));
#16501=CARTESIAN_POINT('',(130.600000000067,106.,420.000000000004));
#16502=CARTESIAN_POINT('Origin',(466.600000000067,106.,420.000000000024));
#16503=CARTESIAN_POINT('',(466.600000000067,78.,420.000000000024));
#16504=CARTESIAN_POINT('',(130.600000000068,78.,420.000000000004));
#16505=CARTESIAN_POINT('',(466.600000000067,106.,420.000000000024));
#16506=CARTESIAN_POINT('Origin',(466.60000000007,106.,360.000000000024));
#16507=CARTESIAN_POINT('',(466.600000000067,78.,420.000000000024));
#16508=CARTESIAN_POINT('Origin',(298.600000000069,78.,390.000000000014));
#16509=CARTESIAN_POINT('Origin',(506.600000000036,106.,959.595151993865));
#16510=CARTESIAN_POINT('',(512.600000000036,86.,959.595151993865));
#16511=CARTESIAN_POINT('Origin',(506.600000000036,86.,959.595151993865));
#16512=CARTESIAN_POINT('',(512.600000000036,76.,959.595151993865));
#16513=CARTESIAN_POINT('',(512.600000000036,106.,959.595151993865));
#16514=CARTESIAN_POINT('Origin',(506.600000000036,76.,959.595151993865));
#16515=CARTESIAN_POINT('Origin',(506.600000000036,106.,959.595151993865));
#16516=CARTESIAN_POINT('',(512.600000000036,106.,959.595151993865));
#16517=CARTESIAN_POINT('Origin',(506.600000000036,106.,959.595151993865));
#16518=CARTESIAN_POINT('',(512.600000000036,96.,959.595151993865));
#16519=CARTESIAN_POINT('',(512.600000000036,106.,959.595151993865));
#16520=CARTESIAN_POINT('Origin',(506.600000000036,96.,959.595151993865));
#16521=CARTESIAN_POINT('Origin',(507.239606396139,106.,140.639606396083));
#16522=CARTESIAN_POINT('',(513.239606396139,86.,140.639606396083));
#16523=CARTESIAN_POINT('Origin',(507.239606396139,86.,140.639606396083));
#16524=CARTESIAN_POINT('',(513.239606396139,76.,140.639606396083));
#16525=CARTESIAN_POINT('',(513.239606396139,106.,140.639606396083));
#16526=CARTESIAN_POINT('Origin',(507.239606396139,76.,140.639606396083));
#16527=CARTESIAN_POINT('Origin',(507.239606396139,106.,140.639606396083));
#16528=CARTESIAN_POINT('',(513.239606396139,106.,140.639606396083));
#16529=CARTESIAN_POINT('Origin',(507.239606396139,106.,140.639606396083));
#16530=CARTESIAN_POINT('',(513.239606396139,96.,140.639606396083));
#16531=CARTESIAN_POINT('',(513.239606396139,106.,140.639606396083));
#16532=CARTESIAN_POINT('Origin',(507.239606396139,96.,140.639606396083));
#16533=CARTESIAN_POINT('Origin',(486.60000000008,106.,180.000000000025));
#16534=CARTESIAN_POINT('',(486.600000000038,96.,919.595151993864));
#16535=CARTESIAN_POINT('',(486.60000000008,96.,180.000000000025));
#16536=CARTESIAN_POINT('',(486.600000000069,96.,379.486727389325));
#16537=CARTESIAN_POINT('',(486.60000000008,86.,180.000000000025));
#16538=CARTESIAN_POINT('',(486.60000000008,106.,180.000000000025));
#16539=CARTESIAN_POINT('',(486.600000000038,86.,919.595151993864));
#16540=CARTESIAN_POINT('',(486.600000000085,86.,100.000000000025));
#16541=CARTESIAN_POINT('',(486.600000000038,106.,919.595151993864));
#16542=CARTESIAN_POINT('Origin',(506.600000000037,96.,954.595151993865));
#16543=CARTESIAN_POINT('',(546.600000000038,96.0000000000001,919.595151993867));
#16544=CARTESIAN_POINT('',(486.600000000049,96.,919.595151993864));
#16545=CARTESIAN_POINT('',(546.600000000034,96.0000000000001,989.595151993867));
#16546=CARTESIAN_POINT('',(546.600000000034,96.0000000000001,999.595151993867));
#16547=CARTESIAN_POINT('',(466.600000000011,96.,974.418140269691));
#16548=CARTESIAN_POINT('Origin',(63.1581483416382,96.,3319.44624078991));
#16549=CARTESIAN_POINT('',(466.600000000085,96.,100.000000000024));
#16550=CARTESIAN_POINT('',(466.600000000004,96.,1100.00000000002));
#16551=CARTESIAN_POINT('',(546.600000000085,96.0000000000001,100.000000000028));
#16552=CARTESIAN_POINT('',(546.600000000085,96.0000000000001,100.000000000028));
#16553=CARTESIAN_POINT('',(546.60000000008,96.0000000000001,180.000000000028));
#16554=CARTESIAN_POINT('',(546.60000000008,96.0000000000001,180.000000000028));
#16555=CARTESIAN_POINT('',(526.600000000074,96.,180.000000000027));
#16556=CARTESIAN_POINT('Origin',(466.600000000059,106.,919.595151993863));
#16557=CARTESIAN_POINT('',(546.600000000038,86.0000000000001,919.595151993867));
#16558=CARTESIAN_POINT('',(466.600000000059,86.,919.595151993863));
#16559=CARTESIAN_POINT('',(546.600000000038,106.,919.595151993867));
#16560=CARTESIAN_POINT('Origin',(466.600000000034,106.,984.783049478483));
#16561=CARTESIAN_POINT('',(466.600000000035,86.,974.418140269695));
#16562=CARTESIAN_POINT('',(466.600000000085,86.,100.000000000024));
#16563=CARTESIAN_POINT('',(466.600000000046,86.,781.878252128553));
#16564=CARTESIAN_POINT('',(466.600000000085,76.,100.000000000024));
#16565=CARTESIAN_POINT('',(466.600000000085,106.,100.000000000024));
#16566=CARTESIAN_POINT('',(466.600000000035,76.,974.418140269695));
#16567=CARTESIAN_POINT('',(466.600000000085,76.,100.000000000024));
#16568=CARTESIAN_POINT('',(466.600000000035,106.,974.418140269695));
#16569=CARTESIAN_POINT('Origin',(63.1581483416382,106.,3319.44624078991));
#16570=CARTESIAN_POINT('',(546.600000000034,106.,989.595151993867));
#16571=CARTESIAN_POINT('',(546.600000000034,106.,989.595151993867));
#16572=CARTESIAN_POINT('',(466.600000000011,106.,974.418140269691));
#16573=CARTESIAN_POINT('Origin',(63.1581483416382,106.,3319.44624078991));
#16574=CARTESIAN_POINT('',(466.600000000011,106.,974.418140269691));
#16575=CARTESIAN_POINT('Origin',(506.600000000037,86.,954.595151993865));
#16576=CARTESIAN_POINT('',(546.600000000034,86.0000000000001,989.595151993867));
#16577=CARTESIAN_POINT('Origin',(63.1581483416382,86.,3319.44624078991));
#16578=CARTESIAN_POINT('',(546.600000000061,86.0000000000001,527.297575996948));
#16579=CARTESIAN_POINT('',(546.60000000008,86.0000000000001,180.000000000028));
#16580=CARTESIAN_POINT('',(546.60000000008,86.0000000000001,180.000000000028));
#16581=CARTESIAN_POINT('',(546.600000000085,86.0000000000001,100.000000000028));
#16582=CARTESIAN_POINT('',(546.600000000084,86.0000000000001,120.000000000028));
#16583=CARTESIAN_POINT('',(486.600000000079,86.,100.000000000025));
#16584=CARTESIAN_POINT('Origin',(63.1581483416382,106.,3319.44624078991));
#16585=CARTESIAN_POINT('',(546.600000000034,76.0000000000001,989.595151993867));
#16586=CARTESIAN_POINT('Origin',(63.1581483416382,76.,3319.44624078991));
#16587=CARTESIAN_POINT('',(546.600000000034,106.,989.595151993867));
#16588=CARTESIAN_POINT('Origin',(466.600000000034,106.,984.783049478483));
#16589=CARTESIAN_POINT('',(466.600000000085,106.,100.000000000024));
#16590=CARTESIAN_POINT('',(466.600000000085,106.,100.000000000024));
#16591=CARTESIAN_POINT('',(466.600000000085,106.,100.000000000024));
#16592=CARTESIAN_POINT('Origin',(506.60000000006,76.,549.797575996946));
#16593=CARTESIAN_POINT('',(546.600000000085,76.0000000000001,100.000000000028));
#16594=CARTESIAN_POINT('',(546.600000000085,76.0000000000001,100.000000000028));
#16595=CARTESIAN_POINT('',(546.600000000034,76.0000000000001,999.595151993867));
#16596=CARTESIAN_POINT('Origin',(466.600000000085,106.,100.000000000024));
#16597=CARTESIAN_POINT('',(546.600000000085,106.,100.000000000028));
#16598=CARTESIAN_POINT('',(546.600000000085,106.,100.000000000028));
#16599=CARTESIAN_POINT('',(546.600000000085,106.,100.000000000028));
#16600=CARTESIAN_POINT('Origin',(546.60000000008,106.,180.000000000028));
#16601=CARTESIAN_POINT('',(546.60000000008,106.,180.000000000028));
#16602=CARTESIAN_POINT('Origin',(506.60000000006,106.,549.797575996946));
#16603=CARTESIAN_POINT('',(546.60000000008,106.,180.000000000028));
#16604=CARTESIAN_POINT('Origin',(466.600000000085,106.,100.000000000024));
#16605=CARTESIAN_POINT('',(546.600000000085,106.,100.000000000028));
#16606=CARTESIAN_POINT('Origin',(546.600000000085,106.,100.000000000028));
#16607=CARTESIAN_POINT('Origin',(1050.,400.,1000.));
#16608=CARTESIAN_POINT('',(1050.,-100.,1000.));
#16609=CARTESIAN_POINT('',(1050.,400.,1000.));
#16610=CARTESIAN_POINT('',(1050.,-100.,1000.));
#16611=CARTESIAN_POINT('',(1050.,-100.,1050.));
#16612=CARTESIAN_POINT('',(1050.,-100.,1000.));
#16613=CARTESIAN_POINT('',(1050.,400.,1050.));
#16614=CARTESIAN_POINT('',(1050.,-100.,1050.));
#16615=CARTESIAN_POINT('',(1050.,400.,1000.));
#16616=CARTESIAN_POINT('Origin',(3080.,400.,1000.));
#16617=CARTESIAN_POINT('',(3080.,400.,1000.));
#16618=CARTESIAN_POINT('',(3080.,400.,1000.));
#16619=CARTESIAN_POINT('',(3080.,400.,1050.));
#16620=CARTESIAN_POINT('',(3080.,400.,1050.));
#16621=CARTESIAN_POINT('',(3080.,400.,1000.));
#16622=CARTESIAN_POINT('Origin',(3080.,-100.,1000.));
#16623=CARTESIAN_POINT('',(3080.,-100.,1000.));
#16624=CARTESIAN_POINT('',(3080.,-100.,1000.));
#16625=CARTESIAN_POINT('',(3080.,-100.,1050.));
#16626=CARTESIAN_POINT('',(3080.,-100.,1050.));
#16627=CARTESIAN_POINT('',(3080.,-100.,1000.));
#16628=CARTESIAN_POINT('Origin',(1050.,-100.,1000.));
#16629=CARTESIAN_POINT('',(1060.,-100.,1000.));
#16630=CARTESIAN_POINT('',(1060.,-100.,1050.));
#16631=CARTESIAN_POINT('Origin',(2065.,150.,1050.));
#16632=CARTESIAN_POINT('Origin',(2065.,150.,1000.));
#16633=CARTESIAN_POINT('Origin',(48.,76.,220.));
#16634=CARTESIAN_POINT('',(51.,76.,270.));
#16635=CARTESIAN_POINT('',(51.,76.,170.));
#16636=CARTESIAN_POINT('',(51.,76.,245.));
#16637=CARTESIAN_POINT('',(45.,76.,270.));
#16638=CARTESIAN_POINT('',(46.5,76.,270.));
#16639=CARTESIAN_POINT('',(45.,76.,170.));
#16640=CARTESIAN_POINT('',(45.,76.,195.));
#16641=CARTESIAN_POINT('',(49.5,76.,170.));
#16642=CARTESIAN_POINT('Origin',(45.,0.,270.));
#16643=CARTESIAN_POINT('',(51.,106.,270.));
#16644=CARTESIAN_POINT('',(51.,0.,270.));
#16645=CARTESIAN_POINT('',(45.,106.,270.));
#16646=CARTESIAN_POINT('',(51.,106.,270.));
#16647=CARTESIAN_POINT('',(45.,0.,270.));
#16648=CARTESIAN_POINT('Origin',(51.,0.,270.));
#16649=CARTESIAN_POINT('',(51.,106.,170.));
#16650=CARTESIAN_POINT('',(51.,0.,170.));
#16651=CARTESIAN_POINT('',(51.,106.,170.));
#16652=CARTESIAN_POINT('Origin',(45.,0.,170.));
#16653=CARTESIAN_POINT('',(45.,106.,170.));
#16654=CARTESIAN_POINT('',(45.,106.,270.));
#16655=CARTESIAN_POINT('',(45.,0.,170.));
#16656=CARTESIAN_POINT('Origin',(51.,0.,170.));
#16657=CARTESIAN_POINT('',(45.,106.,170.));
#16658=CARTESIAN_POINT('Origin',(48.,106.,220.));
#16659=CARTESIAN_POINT('Origin',(48.0000007152557,76.,800.000011920929));
#16660=CARTESIAN_POINT('',(51.0000007599592,76.,850.000012665987));
#16661=CARTESIAN_POINT('',(51.0000007599592,76.,750.000011175871));
#16662=CARTESIAN_POINT('',(51.0000007599592,76.,825.000012293458));
#16663=CARTESIAN_POINT('',(45.0000006705523,76.,850.000012665987));
#16664=CARTESIAN_POINT('',(46.500000692904,76.,850.000012665987));
#16665=CARTESIAN_POINT('',(45.0000006705523,76.,750.000011175871));
#16666=CARTESIAN_POINT('',(45.0000006705523,76.,775.0000115484));
#16667=CARTESIAN_POINT('',(49.5000007376075,76.,750.000011175871));
#16668=CARTESIAN_POINT('Origin',(45.0000006705523,0.,850.000012665987));
#16669=CARTESIAN_POINT('',(51.0000007599592,106.,850.000012665987));
#16670=CARTESIAN_POINT('',(51.0000007599592,0.,850.000012665987));
#16671=CARTESIAN_POINT('',(45.0000006705523,106.,850.000012665987));
#16672=CARTESIAN_POINT('',(51.0000007599592,106.,850.000012665987));
#16673=CARTESIAN_POINT('',(45.0000006705523,0.,850.000012665987));
#16674=CARTESIAN_POINT('Origin',(51.0000007599592,0.,850.000012665987));
#16675=CARTESIAN_POINT('',(51.0000007599592,106.,750.000011175871));
#16676=CARTESIAN_POINT('',(51.0000007599592,0.,750.000011175871));
#16677=CARTESIAN_POINT('',(51.0000007599592,106.,750.000011175871));
#16678=CARTESIAN_POINT('Origin',(45.0000006705523,0.,750.000011175871));
#16679=CARTESIAN_POINT('',(45.0000006705523,106.,750.000011175871));
#16680=CARTESIAN_POINT('',(45.0000006705523,106.,850.000012665987));
#16681=CARTESIAN_POINT('',(45.0000006705523,0.,750.000011175871));
#16682=CARTESIAN_POINT('Origin',(51.0000007599592,0.,750.000011175871));
#16683=CARTESIAN_POINT('',(45.0000006705523,106.,750.000011175871));
#16684=CARTESIAN_POINT('Origin',(48.0000007152557,106.,800.000011920929));
#16685=CARTESIAN_POINT('Origin',(1051.6,76.,220.));
#16686=CARTESIAN_POINT('',(1048.6,76.,170.));
#16687=CARTESIAN_POINT('',(1048.6,76.,270.));
#16688=CARTESIAN_POINT('',(1048.6,76.,195.));
#16689=CARTESIAN_POINT('',(1054.6,76.,170.));
#16690=CARTESIAN_POINT('',(1053.1,76.,170.));
#16691=CARTESIAN_POINT('',(1054.6,76.,270.));
#16692=CARTESIAN_POINT('',(1054.6,76.,245.));
#16693=CARTESIAN_POINT('',(1050.1,76.,270.));
#16694=CARTESIAN_POINT('Origin',(1054.6,0.,170.));
#16695=CARTESIAN_POINT('',(1048.6,106.,170.));
#16696=CARTESIAN_POINT('',(1048.6,0.,170.));
#16697=CARTESIAN_POINT('',(1054.6,106.,170.));
#16698=CARTESIAN_POINT('',(1048.6,106.,170.));
#16699=CARTESIAN_POINT('',(1054.6,0.,170.));
#16700=CARTESIAN_POINT('Origin',(1048.6,0.,170.));
#16701=CARTESIAN_POINT('',(1048.6,106.,270.));
#16702=CARTESIAN_POINT('',(1048.6,0.,270.));
#16703=CARTESIAN_POINT('',(1048.6,106.,270.));
#16704=CARTESIAN_POINT('Origin',(1054.6,0.,270.));
#16705=CARTESIAN_POINT('',(1054.6,106.,270.));
#16706=CARTESIAN_POINT('',(1054.6,106.,170.));
#16707=CARTESIAN_POINT('',(1054.6,0.,270.));
#16708=CARTESIAN_POINT('Origin',(1048.6,0.,270.));
#16709=CARTESIAN_POINT('',(1054.6,106.,270.));
#16710=CARTESIAN_POINT('Origin',(1051.6,106.,220.));
#16711=CARTESIAN_POINT('Origin',(1051.6,76.,800.));
#16712=CARTESIAN_POINT('',(1048.6,76.,750.));
#16713=CARTESIAN_POINT('',(1048.6,76.,850.));
#16714=CARTESIAN_POINT('',(1048.6,76.,775.));
#16715=CARTESIAN_POINT('',(1054.6,76.,750.));
#16716=CARTESIAN_POINT('',(1053.1,76.,750.));
#16717=CARTESIAN_POINT('',(1054.6,76.,850.));
#16718=CARTESIAN_POINT('',(1054.6,76.,825.));
#16719=CARTESIAN_POINT('',(1050.1,76.,850.));
#16720=CARTESIAN_POINT('Origin',(1054.6,0.,750.));
#16721=CARTESIAN_POINT('',(1048.6,106.,750.));
#16722=CARTESIAN_POINT('',(1048.6,0.,750.));
#16723=CARTESIAN_POINT('',(1054.6,106.,750.));
#16724=CARTESIAN_POINT('',(1048.6,106.,750.));
#16725=CARTESIAN_POINT('',(1054.6,0.,750.));
#16726=CARTESIAN_POINT('Origin',(1048.6,0.,750.));
#16727=CARTESIAN_POINT('',(1048.6,106.,850.));
#16728=CARTESIAN_POINT('',(1048.6,0.,850.));
#16729=CARTESIAN_POINT('',(1048.6,106.,850.));
#16730=CARTESIAN_POINT('Origin',(1054.6,0.,850.));
#16731=CARTESIAN_POINT('',(1054.6,106.,850.));
#16732=CARTESIAN_POINT('',(1054.6,106.,750.));
#16733=CARTESIAN_POINT('',(1054.6,0.,850.));
#16734=CARTESIAN_POINT('Origin',(1048.6,0.,850.));
#16735=CARTESIAN_POINT('',(1054.6,106.,850.));
#16736=CARTESIAN_POINT('Origin',(1051.6,106.,800.));
#16737=UNCERTAINTY_MEASURE_WITH_UNIT(LENGTH_MEASURE(0.01),#16741,
'DISTANCE_ACCURACY_VALUE',
'Maximum model space distance between geometric entities at asserted c
onnectivities');
#16738=UNCERTAINTY_MEASURE_WITH_UNIT(LENGTH_MEASURE(0.01),#16741,
'DISTANCE_ACCURACY_VALUE',
'Maximum model space distance between geometric entities at asserted c
onnectivities');
#16739=(
GEOMETRIC_REPRESENTATION_CONTEXT(3)
GLOBAL_UNCERTAINTY_ASSIGNED_CONTEXT((#16737))
GLOBAL_UNIT_ASSIGNED_CONTEXT((#16741,#16743,#16744))
REPRESENTATION_CONTEXT('','3D')
);
#16740=(
GEOMETRIC_REPRESENTATION_CONTEXT(3)
GLOBAL_UNCERTAINTY_ASSIGNED_CONTEXT((#16738))
GLOBAL_UNIT_ASSIGNED_CONTEXT((#16741,#16743,#16744))
REPRESENTATION_CONTEXT('','3D')
);
#16741=(
LENGTH_UNIT()
NAMED_UNIT(*)
SI_UNIT(.MILLI.,.METRE.)
);
#16742=(
LENGTH_UNIT()
NAMED_UNIT(*)
SI_UNIT($,.METRE.)
);
#16743=(
NAMED_UNIT(*)
PLANE_ANGLE_UNIT()
SI_UNIT($,.RADIAN.)
);
#16744=(
NAMED_UNIT(*)
SI_UNIT($,.STERADIAN.)
SOLID_ANGLE_UNIT()
);
#16745=SHAPE_DEFINITION_REPRESENTATION(#16746,#16747);
#16746=PRODUCT_DEFINITION_SHAPE('',$,#16749);
#16747=SHAPE_REPRESENTATION('',(#10437),#16739);
#16748=PRODUCT_DEFINITION_CONTEXT('part definition',#16753,'design');
#16749=PRODUCT_DEFINITION('portilllon western','portilllon western v3',
#16750,#16748);
#16750=PRODUCT_DEFINITION_FORMATION('',$,#16755);
#16751=PRODUCT_RELATED_PRODUCT_CATEGORY('portilllon western v3',
'portilllon western v3',(#16755));
#16752=APPLICATION_PROTOCOL_DEFINITION('international standard',
'automotive_design',2009,#16753);
#16753=APPLICATION_CONTEXT(
'Core Data for Automotive Mechanical Design Process');
#16754=PRODUCT_CONTEXT('part definition',#16753,'mechanical');
#16755=PRODUCT('portilllon western','portilllon western v3',$,(#16754));
#16756=PRESENTATION_STYLE_ASSIGNMENT((#16760));
#16757=PRESENTATION_STYLE_ASSIGNMENT((#16761));
#16758=PRESENTATION_STYLE_ASSIGNMENT((#16762));
#16759=PRESENTATION_STYLE_ASSIGNMENT((#16763));
#16760=SURFACE_STYLE_USAGE(.BOTH.,#16764);
#16761=SURFACE_STYLE_USAGE(.BOTH.,#16765);
#16762=SURFACE_STYLE_USAGE(.BOTH.,#16766);
#16763=SURFACE_STYLE_USAGE(.BOTH.,#16767);
#16764=SURFACE_SIDE_STYLE('',(#16768));
#16765=SURFACE_SIDE_STYLE('',(#16769));
#16766=SURFACE_SIDE_STYLE('',(#16770));
#16767=SURFACE_SIDE_STYLE('',(#16771));
#16768=SURFACE_STYLE_FILL_AREA(#16772);
#16769=SURFACE_STYLE_FILL_AREA(#16773);
#16770=SURFACE_STYLE_FILL_AREA(#16774);
#16771=SURFACE_STYLE_FILL_AREA(#16775);
#16772=FILL_AREA_STYLE('Acier - Satin\X\E9',(#16776));
#16773=FILL_AREA_STYLE('B\X\E9ton',(#16777));
#16774=FILL_AREA_STYLE('Ch\X\EAne 3D - Brut',(#16778));
#16775=FILL_AREA_STYLE('Granit - Noir et blanc',(#16779));
#16776=FILL_AREA_STYLE_COLOUR('Acier - Satin\X\E9',#16780);
#16777=FILL_AREA_STYLE_COLOUR('B\X\E9ton',#16781);
#16778=FILL_AREA_STYLE_COLOUR('Ch\X\EAne 3D - Brut',#16782);
#16779=FILL_AREA_STYLE_COLOUR('Granit - Noir et blanc',#16783);
#16780=COLOUR_RGB('Acier - Satin\X\E9',0.627450980392157,0.627450980392157,
0.627450980392157);
#16781=COLOUR_RGB('B\X\E9ton',0.,0.,0.);
#16782=COLOUR_RGB('Ch\X\EAne 3D - Brut',0.894117647058824,0.803921568627451,
0.690196078431373);
#16783=COLOUR_RGB('Granit - Noir et blanc',0.,0.,0.);
ENDSEC;
END-ISO-10303-21;
